iso2,country,region,factor,label,availability,scored,value_kind,value_label,value_raw,source_provider,source_url,licence,effective_at,retrieved_at,source_candidates,limitation
DZ,Algeria,Africa,organised-crime,Organised crime,unavailable,false,,,,,,,,,United Nations Office on Drugs and Crime|https://dataunodc.un.org/|candidate-not-ingested,No reviewed country-level organised-crime dataset is currently checked in; no risk value is inferred.
DZ,Algeria,Africa,fraud-cybercrime,Fraud and cybercrime,unavailable,false,,,,,,,,,International Telecommunication Union|https://www.itu.int/en/ITU-D/Cybersecurity/Pages/global-cybersecurity-index.aspx|candidate-not-ingested,No reviewed country-level fraud or cybercrime dataset is currently checked in; no risk value is inferred.
DZ,Algeria,Africa,terrorism-proliferation,Terrorism and proliferation financing,unavailable,false,,,,,,,,,Financial Action Task Force|https://www.fatf-gafi.org/en/publications/mutualevaluations.html|candidate-not-ingested,No reviewed country-comparable terrorism/proliferation threat dataset is currently checked in; FATF listing status remains a separate overlay.
DZ,Algeria,Africa,trafficking,Trafficking,unavailable,false,,,,,,,,,United Nations Office on Drugs and Crime|https://dataunodc.un.org/|candidate-not-ingested,No reviewed country-level trafficking dataset is currently checked in; no risk value is inferred.
DZ,Algeria,Africa,financial-secrecy-offshore,Financial secrecy and offshore exposure,unavailable,false,,,,,,,,,OECD Global Forum on Transparency and Exchange of Information for Tax Purposes|https://www.oecd.org/tax/transparency/|candidate-not-ingested,"No reviewed, licence-clean financial-secrecy index is currently checked in; jurisdiction type alone is not used as a proxy."
DZ,Algeria,Africa,tax-cooperation,Tax cooperation,available,false,categorical,Not listed in EU Annex I,not-listed,Council of the European Union,https://www.consilium.europa.eu/en/policies/eu-list-of-non-cooperative-jurisdictions/,,2026-02-17,2026-02-17,"Council of the European Union|https://www.consilium.europa.eu/en/policies/eu-list-of-non-cooperative-jurisdictions/|checked-in-snapshot,OECD Global Forum on Transparency and Exchange of Information for Tax Purposes|https://www.oecd.org/tax/transparency/|candidate-not-ingested","Annex I is a political/legal tax-cooperation list, not a general AML, corruption, or country-risk score."
DZ,Algeria,Africa,political-stability-conflict,Political stability and conflict,available,false,percentile,54/100 WGI percentile,54,World Bank Worldwide Governance Indicators,https://www.worldbank.org/en/publication/worldwide-governance-indicators,CC BY 4.0 — World Bank WGI,2024,2026-08-13T11:45:25.085Z,World Bank Worldwide Governance Indicators|https://www.worldbank.org/en/publication/worldwide-governance-indicators|checked-in-snapshot,"WGI is an institutional perception indicator, not a conflict event feed or a prediction of future violence."
DZ,Algeria,Africa,beneficial-ownership,Beneficial ownership,available,false,register,Register accessible for due diligence,cdd-accessible,Open Ownership,https://www.openownership.org/en/map/,CC BY 4.0 (Open Ownership),2026-08-23T10:55:05.203Z,2026-08-23T10:55:05.203Z,Open Ownership|https://www.openownership.org/en/map/|checked-in-snapshot,"The Open Ownership map is a live-register snapshot and absence means no register was identified in that snapshot, not that no register exists."
AO,Angola,Africa,organised-crime,Organised crime,unavailable,false,,,,,,,,,United Nations Office on Drugs and Crime|https://dataunodc.un.org/|candidate-not-ingested,No reviewed country-level organised-crime dataset is currently checked in; no risk value is inferred.
AO,Angola,Africa,fraud-cybercrime,Fraud and cybercrime,unavailable,false,,,,,,,,,International Telecommunication Union|https://www.itu.int/en/ITU-D/Cybersecurity/Pages/global-cybersecurity-index.aspx|candidate-not-ingested,No reviewed country-level fraud or cybercrime dataset is currently checked in; no risk value is inferred.
AO,Angola,Africa,terrorism-proliferation,Terrorism and proliferation financing,unavailable,false,,,,,,,,,Financial Action Task Force|https://www.fatf-gafi.org/en/publications/mutualevaluations.html|candidate-not-ingested,No reviewed country-comparable terrorism/proliferation threat dataset is currently checked in; FATF listing status remains a separate overlay.
AO,Angola,Africa,trafficking,Trafficking,unavailable,false,,,,,,,,,United Nations Office on Drugs and Crime|https://dataunodc.un.org/|candidate-not-ingested,No reviewed country-level trafficking dataset is currently checked in; no risk value is inferred.
AO,Angola,Africa,financial-secrecy-offshore,Financial secrecy and offshore exposure,unavailable,false,,,,,,,,,OECD Global Forum on Transparency and Exchange of Information for Tax Purposes|https://www.oecd.org/tax/transparency/|candidate-not-ingested,"No reviewed, licence-clean financial-secrecy index is currently checked in; jurisdiction type alone is not used as a proxy."
AO,Angola,Africa,tax-cooperation,Tax cooperation,available,false,categorical,Not listed in EU Annex I,not-listed,Council of the European Union,https://www.consilium.europa.eu/en/policies/eu-list-of-non-cooperative-jurisdictions/,,2026-02-17,2026-02-17,"Council of the European Union|https://www.consilium.europa.eu/en/policies/eu-list-of-non-cooperative-jurisdictions/|checked-in-snapshot,OECD Global Forum on Transparency and Exchange of Information for Tax Purposes|https://www.oecd.org/tax/transparency/|candidate-not-ingested","Annex I is a political/legal tax-cooperation list, not a general AML, corruption, or country-risk score."
AO,Angola,Africa,political-stability-conflict,Political stability and conflict,available,false,percentile,56/100 WGI percentile,56,World Bank Worldwide Governance Indicators,https://www.worldbank.org/en/publication/worldwide-governance-indicators,CC BY 4.0 — World Bank WGI,2024,2026-08-13T11:45:25.085Z,World Bank Worldwide Governance Indicators|https://www.worldbank.org/en/publication/worldwide-governance-indicators|checked-in-snapshot,"WGI is an institutional perception indicator, not a conflict event feed or a prediction of future violence."
AO,Angola,Africa,beneficial-ownership,Beneficial ownership,unavailable,false,,,,,,,,,Open Ownership|https://www.openownership.org/en/map/|checked-in-snapshot,"The Open Ownership map is a live-register snapshot and absence means no register was identified in that snapshot, not that no register exists."
BJ,Benin,Africa,organised-crime,Organised crime,unavailable,false,,,,,,,,,United Nations Office on Drugs and Crime|https://dataunodc.un.org/|candidate-not-ingested,No reviewed country-level organised-crime dataset is currently checked in; no risk value is inferred.
BJ,Benin,Africa,fraud-cybercrime,Fraud and cybercrime,unavailable,false,,,,,,,,,International Telecommunication Union|https://www.itu.int/en/ITU-D/Cybersecurity/Pages/global-cybersecurity-index.aspx|candidate-not-ingested,No reviewed country-level fraud or cybercrime dataset is currently checked in; no risk value is inferred.
BJ,Benin,Africa,terrorism-proliferation,Terrorism and proliferation financing,unavailable,false,,,,,,,,,Financial Action Task Force|https://www.fatf-gafi.org/en/publications/mutualevaluations.html|candidate-not-ingested,No reviewed country-comparable terrorism/proliferation threat dataset is currently checked in; FATF listing status remains a separate overlay.
BJ,Benin,Africa,trafficking,Trafficking,unavailable,false,,,,,,,,,United Nations Office on Drugs and Crime|https://dataunodc.un.org/|candidate-not-ingested,No reviewed country-level trafficking dataset is currently checked in; no risk value is inferred.
BJ,Benin,Africa,financial-secrecy-offshore,Financial secrecy and offshore exposure,unavailable,false,,,,,,,,,OECD Global Forum on Transparency and Exchange of Information for Tax Purposes|https://www.oecd.org/tax/transparency/|candidate-not-ingested,"No reviewed, licence-clean financial-secrecy index is currently checked in; jurisdiction type alone is not used as a proxy."
BJ,Benin,Africa,tax-cooperation,Tax cooperation,available,false,categorical,Not listed in EU Annex I,not-listed,Council of the European Union,https://www.consilium.europa.eu/en/policies/eu-list-of-non-cooperative-jurisdictions/,,2026-02-17,2026-02-17,"Council of the European Union|https://www.consilium.europa.eu/en/policies/eu-list-of-non-cooperative-jurisdictions/|checked-in-snapshot,OECD Global Forum on Transparency and Exchange of Information for Tax Purposes|https://www.oecd.org/tax/transparency/|candidate-not-ingested","Annex I is a political/legal tax-cooperation list, not a general AML, corruption, or country-risk score."
BJ,Benin,Africa,political-stability-conflict,Political stability and conflict,available,false,percentile,59/100 WGI percentile,59,World Bank Worldwide Governance Indicators,https://www.worldbank.org/en/publication/worldwide-governance-indicators,CC BY 4.0 — World Bank WGI,2024,2026-08-13T11:45:25.085Z,World Bank Worldwide Governance Indicators|https://www.worldbank.org/en/publication/worldwide-governance-indicators|checked-in-snapshot,"WGI is an institutional perception indicator, not a conflict event feed or a prediction of future violence."
BJ,Benin,Africa,beneficial-ownership,Beneficial ownership,unavailable,false,,,,,,,,,Open Ownership|https://www.openownership.org/en/map/|checked-in-snapshot,"The Open Ownership map is a live-register snapshot and absence means no register was identified in that snapshot, not that no register exists."
BW,Botswana,Africa,organised-crime,Organised crime,unavailable,false,,,,,,,,,United Nations Office on Drugs and Crime|https://dataunodc.un.org/|candidate-not-ingested,No reviewed country-level organised-crime dataset is currently checked in; no risk value is inferred.
BW,Botswana,Africa,fraud-cybercrime,Fraud and cybercrime,unavailable,false,,,,,,,,,International Telecommunication Union|https://www.itu.int/en/ITU-D/Cybersecurity/Pages/global-cybersecurity-index.aspx|candidate-not-ingested,No reviewed country-level fraud or cybercrime dataset is currently checked in; no risk value is inferred.
BW,Botswana,Africa,terrorism-proliferation,Terrorism and proliferation financing,unavailable,false,,,,,,,,,Financial Action Task Force|https://www.fatf-gafi.org/en/publications/mutualevaluations.html|candidate-not-ingested,No reviewed country-comparable terrorism/proliferation threat dataset is currently checked in; FATF listing status remains a separate overlay.
BW,Botswana,Africa,trafficking,Trafficking,unavailable,false,,,,,,,,,United Nations Office on Drugs and Crime|https://dataunodc.un.org/|candidate-not-ingested,No reviewed country-level trafficking dataset is currently checked in; no risk value is inferred.
BW,Botswana,Africa,financial-secrecy-offshore,Financial secrecy and offshore exposure,unavailable,false,,,,,,,,,OECD Global Forum on Transparency and Exchange of Information for Tax Purposes|https://www.oecd.org/tax/transparency/|candidate-not-ingested,"No reviewed, licence-clean financial-secrecy index is currently checked in; jurisdiction type alone is not used as a proxy."
BW,Botswana,Africa,tax-cooperation,Tax cooperation,available,false,categorical,Not listed in EU Annex I,not-listed,Council of the European Union,https://www.consilium.europa.eu/en/policies/eu-list-of-non-cooperative-jurisdictions/,,2026-02-17,2026-02-17,"Council of the European Union|https://www.consilium.europa.eu/en/policies/eu-list-of-non-cooperative-jurisdictions/|checked-in-snapshot,OECD Global Forum on Transparency and Exchange of Information for Tax Purposes|https://www.oecd.org/tax/transparency/|candidate-not-ingested","Annex I is a political/legal tax-cooperation list, not a general AML, corruption, or country-risk score."
BW,Botswana,Africa,political-stability-conflict,Political stability and conflict,available,false,percentile,84/100 WGI percentile,84,World Bank Worldwide Governance Indicators,https://www.worldbank.org/en/publication/worldwide-governance-indicators,CC BY 4.0 — World Bank WGI,2024,2026-08-13T11:45:25.085Z,World Bank Worldwide Governance Indicators|https://www.worldbank.org/en/publication/worldwide-governance-indicators|checked-in-snapshot,"WGI is an institutional perception indicator, not a conflict event feed or a prediction of future violence."
BW,Botswana,Africa,beneficial-ownership,Beneficial ownership,available,false,register,Register accessible for due diligence,cdd-accessible,Open Ownership,https://www.openownership.org/en/map/,CC BY 4.0 (Open Ownership),2026-08-23T10:55:05.203Z,2026-08-23T10:55:05.203Z,Open Ownership|https://www.openownership.org/en/map/|checked-in-snapshot,"The Open Ownership map is a live-register snapshot and absence means no register was identified in that snapshot, not that no register exists."
BF,Burkina Faso,Africa,organised-crime,Organised crime,unavailable,false,,,,,,,,,United Nations Office on Drugs and Crime|https://dataunodc.un.org/|candidate-not-ingested,No reviewed country-level organised-crime dataset is currently checked in; no risk value is inferred.
BF,Burkina Faso,Africa,fraud-cybercrime,Fraud and cybercrime,unavailable,false,,,,,,,,,International Telecommunication Union|https://www.itu.int/en/ITU-D/Cybersecurity/Pages/global-cybersecurity-index.aspx|candidate-not-ingested,No reviewed country-level fraud or cybercrime dataset is currently checked in; no risk value is inferred.
BF,Burkina Faso,Africa,terrorism-proliferation,Terrorism and proliferation financing,unavailable,false,,,,,,,,,Financial Action Task Force|https://www.fatf-gafi.org/en/publications/mutualevaluations.html|candidate-not-ingested,No reviewed country-comparable terrorism/proliferation threat dataset is currently checked in; FATF listing status remains a separate overlay.
BF,Burkina Faso,Africa,trafficking,Trafficking,unavailable,false,,,,,,,,,United Nations Office on Drugs and Crime|https://dataunodc.un.org/|candidate-not-ingested,No reviewed country-level trafficking dataset is currently checked in; no risk value is inferred.
BF,Burkina Faso,Africa,financial-secrecy-offshore,Financial secrecy and offshore exposure,unavailable,false,,,,,,,,,OECD Global Forum on Transparency and Exchange of Information for Tax Purposes|https://www.oecd.org/tax/transparency/|candidate-not-ingested,"No reviewed, licence-clean financial-secrecy index is currently checked in; jurisdiction type alone is not used as a proxy."
BF,Burkina Faso,Africa,tax-cooperation,Tax cooperation,available,false,categorical,Not listed in EU Annex I,not-listed,Council of the European Union,https://www.consilium.europa.eu/en/policies/eu-list-of-non-cooperative-jurisdictions/,,2026-02-17,2026-02-17,"Council of the European Union|https://www.consilium.europa.eu/en/policies/eu-list-of-non-cooperative-jurisdictions/|checked-in-snapshot,OECD Global Forum on Transparency and Exchange of Information for Tax Purposes|https://www.oecd.org/tax/transparency/|candidate-not-ingested","Annex I is a political/legal tax-cooperation list, not a general AML, corruption, or country-risk score."
BF,Burkina Faso,Africa,political-stability-conflict,Political stability and conflict,available,false,percentile,33/100 WGI percentile,33,World Bank Worldwide Governance Indicators,https://www.worldbank.org/en/publication/worldwide-governance-indicators,CC BY 4.0 — World Bank WGI,2024,2026-08-13T11:45:25.085Z,World Bank Worldwide Governance Indicators|https://www.worldbank.org/en/publication/worldwide-governance-indicators|checked-in-snapshot,"WGI is an institutional perception indicator, not a conflict event feed or a prediction of future violence."
BF,Burkina Faso,Africa,beneficial-ownership,Beneficial ownership,unavailable,false,,,,,,,,,Open Ownership|https://www.openownership.org/en/map/|checked-in-snapshot,"The Open Ownership map is a live-register snapshot and absence means no register was identified in that snapshot, not that no register exists."
BI,Burundi,Africa,organised-crime,Organised crime,unavailable,false,,,,,,,,,United Nations Office on Drugs and Crime|https://dataunodc.un.org/|candidate-not-ingested,No reviewed country-level organised-crime dataset is currently checked in; no risk value is inferred.
BI,Burundi,Africa,fraud-cybercrime,Fraud and cybercrime,unavailable,false,,,,,,,,,International Telecommunication Union|https://www.itu.int/en/ITU-D/Cybersecurity/Pages/global-cybersecurity-index.aspx|candidate-not-ingested,No reviewed country-level fraud or cybercrime dataset is currently checked in; no risk value is inferred.
BI,Burundi,Africa,terrorism-proliferation,Terrorism and proliferation financing,unavailable,false,,,,,,,,,Financial Action Task Force|https://www.fatf-gafi.org/en/publications/mutualevaluations.html|candidate-not-ingested,No reviewed country-comparable terrorism/proliferation threat dataset is currently checked in; FATF listing status remains a separate overlay.
BI,Burundi,Africa,trafficking,Trafficking,unavailable,false,,,,,,,,,United Nations Office on Drugs and Crime|https://dataunodc.un.org/|candidate-not-ingested,No reviewed country-level trafficking dataset is currently checked in; no risk value is inferred.
BI,Burundi,Africa,financial-secrecy-offshore,Financial secrecy and offshore exposure,unavailable,false,,,,,,,,,OECD Global Forum on Transparency and Exchange of Information for Tax Purposes|https://www.oecd.org/tax/transparency/|candidate-not-ingested,"No reviewed, licence-clean financial-secrecy index is currently checked in; jurisdiction type alone is not used as a proxy."
BI,Burundi,Africa,tax-cooperation,Tax cooperation,available,false,categorical,Not listed in EU Annex I,not-listed,Council of the European Union,https://www.consilium.europa.eu/en/policies/eu-list-of-non-cooperative-jurisdictions/,,2026-02-17,2026-02-17,"Council of the European Union|https://www.consilium.europa.eu/en/policies/eu-list-of-non-cooperative-jurisdictions/|checked-in-snapshot,OECD Global Forum on Transparency and Exchange of Information for Tax Purposes|https://www.oecd.org/tax/transparency/|candidate-not-ingested","Annex I is a political/legal tax-cooperation list, not a general AML, corruption, or country-risk score."
BI,Burundi,Africa,political-stability-conflict,Political stability and conflict,available,false,percentile,42/100 WGI percentile,42,World Bank Worldwide Governance Indicators,https://www.worldbank.org/en/publication/worldwide-governance-indicators,CC BY 4.0 — World Bank WGI,2024,2026-08-13T11:45:25.085Z,World Bank Worldwide Governance Indicators|https://www.worldbank.org/en/publication/worldwide-governance-indicators|checked-in-snapshot,"WGI is an institutional perception indicator, not a conflict event feed or a prediction of future violence."
BI,Burundi,Africa,beneficial-ownership,Beneficial ownership,unavailable,false,,,,,,,,,Open Ownership|https://www.openownership.org/en/map/|checked-in-snapshot,"The Open Ownership map is a live-register snapshot and absence means no register was identified in that snapshot, not that no register exists."
CV,Cabo Verde,Africa,organised-crime,Organised crime,unavailable,false,,,,,,,,,United Nations Office on Drugs and Crime|https://dataunodc.un.org/|candidate-not-ingested,No reviewed country-level organised-crime dataset is currently checked in; no risk value is inferred.
CV,Cabo Verde,Africa,fraud-cybercrime,Fraud and cybercrime,unavailable,false,,,,,,,,,International Telecommunication Union|https://www.itu.int/en/ITU-D/Cybersecurity/Pages/global-cybersecurity-index.aspx|candidate-not-ingested,No reviewed country-level fraud or cybercrime dataset is currently checked in; no risk value is inferred.
CV,Cabo Verde,Africa,terrorism-proliferation,Terrorism and proliferation financing,unavailable,false,,,,,,,,,Financial Action Task Force|https://www.fatf-gafi.org/en/publications/mutualevaluations.html|candidate-not-ingested,No reviewed country-comparable terrorism/proliferation threat dataset is currently checked in; FATF listing status remains a separate overlay.
CV,Cabo Verde,Africa,trafficking,Trafficking,unavailable,false,,,,,,,,,United Nations Office on Drugs and Crime|https://dataunodc.un.org/|candidate-not-ingested,No reviewed country-level trafficking dataset is currently checked in; no risk value is inferred.
CV,Cabo Verde,Africa,financial-secrecy-offshore,Financial secrecy and offshore exposure,unavailable,false,,,,,,,,,OECD Global Forum on Transparency and Exchange of Information for Tax Purposes|https://www.oecd.org/tax/transparency/|candidate-not-ingested,"No reviewed, licence-clean financial-secrecy index is currently checked in; jurisdiction type alone is not used as a proxy."
CV,Cabo Verde,Africa,tax-cooperation,Tax cooperation,available,false,categorical,Not listed in EU Annex I,not-listed,Council of the European Union,https://www.consilium.europa.eu/en/policies/eu-list-of-non-cooperative-jurisdictions/,,2026-02-17,2026-02-17,"Council of the European Union|https://www.consilium.europa.eu/en/policies/eu-list-of-non-cooperative-jurisdictions/|checked-in-snapshot,OECD Global Forum on Transparency and Exchange of Information for Tax Purposes|https://www.oecd.org/tax/transparency/|candidate-not-ingested","Annex I is a political/legal tax-cooperation list, not a general AML, corruption, or country-risk score."
CV,Cabo Verde,Africa,political-stability-conflict,Political stability and conflict,available,false,percentile,79/100 WGI percentile,79,World Bank Worldwide Governance Indicators,https://www.worldbank.org/en/publication/worldwide-governance-indicators,CC BY 4.0 — World Bank WGI,2024,2026-08-13T11:45:25.085Z,World Bank Worldwide Governance Indicators|https://www.worldbank.org/en/publication/worldwide-governance-indicators|checked-in-snapshot,"WGI is an institutional perception indicator, not a conflict event feed or a prediction of future violence."
CV,Cabo Verde,Africa,beneficial-ownership,Beneficial ownership,unavailable,false,,,,,,,,,Open Ownership|https://www.openownership.org/en/map/|checked-in-snapshot,"The Open Ownership map is a live-register snapshot and absence means no register was identified in that snapshot, not that no register exists."
CM,Cameroon,Africa,organised-crime,Organised crime,unavailable,false,,,,,,,,,United Nations Office on Drugs and Crime|https://dataunodc.un.org/|candidate-not-ingested,No reviewed country-level organised-crime dataset is currently checked in; no risk value is inferred.
CM,Cameroon,Africa,fraud-cybercrime,Fraud and cybercrime,unavailable,false,,,,,,,,,International Telecommunication Union|https://www.itu.int/en/ITU-D/Cybersecurity/Pages/global-cybersecurity-index.aspx|candidate-not-ingested,No reviewed country-level fraud or cybercrime dataset is currently checked in; no risk value is inferred.
CM,Cameroon,Africa,terrorism-proliferation,Terrorism and proliferation financing,unavailable,false,,,,,,,,,Financial Action Task Force|https://www.fatf-gafi.org/en/publications/mutualevaluations.html|candidate-not-ingested,No reviewed country-comparable terrorism/proliferation threat dataset is currently checked in; FATF listing status remains a separate overlay.
CM,Cameroon,Africa,trafficking,Trafficking,unavailable,false,,,,,,,,,United Nations Office on Drugs and Crime|https://dataunodc.un.org/|candidate-not-ingested,No reviewed country-level trafficking dataset is currently checked in; no risk value is inferred.
CM,Cameroon,Africa,financial-secrecy-offshore,Financial secrecy and offshore exposure,unavailable,false,,,,,,,,,OECD Global Forum on Transparency and Exchange of Information for Tax Purposes|https://www.oecd.org/tax/transparency/|candidate-not-ingested,"No reviewed, licence-clean financial-secrecy index is currently checked in; jurisdiction type alone is not used as a proxy."
CM,Cameroon,Africa,tax-cooperation,Tax cooperation,available,false,categorical,Not listed in EU Annex I,not-listed,Council of the European Union,https://www.consilium.europa.eu/en/policies/eu-list-of-non-cooperative-jurisdictions/,,2026-02-17,2026-02-17,"Council of the European Union|https://www.consilium.europa.eu/en/policies/eu-list-of-non-cooperative-jurisdictions/|checked-in-snapshot,OECD Global Forum on Transparency and Exchange of Information for Tax Purposes|https://www.oecd.org/tax/transparency/|candidate-not-ingested","Annex I is a political/legal tax-cooperation list, not a general AML, corruption, or country-risk score."
CM,Cameroon,Africa,political-stability-conflict,Political stability and conflict,available,false,percentile,39/100 WGI percentile,39,World Bank Worldwide Governance Indicators,https://www.worldbank.org/en/publication/worldwide-governance-indicators,CC BY 4.0 — World Bank WGI,2024,2026-08-13T11:45:25.085Z,World Bank Worldwide Governance Indicators|https://www.worldbank.org/en/publication/worldwide-governance-indicators|checked-in-snapshot,"WGI is an institutional perception indicator, not a conflict event feed or a prediction of future violence."
CM,Cameroon,Africa,beneficial-ownership,Beneficial ownership,unavailable,false,,,,,,,,,Open Ownership|https://www.openownership.org/en/map/|checked-in-snapshot,"The Open Ownership map is a live-register snapshot and absence means no register was identified in that snapshot, not that no register exists."
CF,Central African Republic,Africa,organised-crime,Organised crime,unavailable,false,,,,,,,,,United Nations Office on Drugs and Crime|https://dataunodc.un.org/|candidate-not-ingested,No reviewed country-level organised-crime dataset is currently checked in; no risk value is inferred.
CF,Central African Republic,Africa,fraud-cybercrime,Fraud and cybercrime,unavailable,false,,,,,,,,,International Telecommunication Union|https://www.itu.int/en/ITU-D/Cybersecurity/Pages/global-cybersecurity-index.aspx|candidate-not-ingested,No reviewed country-level fraud or cybercrime dataset is currently checked in; no risk value is inferred.
CF,Central African Republic,Africa,terrorism-proliferation,Terrorism and proliferation financing,unavailable,false,,,,,,,,,Financial Action Task Force|https://www.fatf-gafi.org/en/publications/mutualevaluations.html|candidate-not-ingested,No reviewed country-comparable terrorism/proliferation threat dataset is currently checked in; FATF listing status remains a separate overlay.
CF,Central African Republic,Africa,trafficking,Trafficking,unavailable,false,,,,,,,,,United Nations Office on Drugs and Crime|https://dataunodc.un.org/|candidate-not-ingested,No reviewed country-level trafficking dataset is currently checked in; no risk value is inferred.
CF,Central African Republic,Africa,financial-secrecy-offshore,Financial secrecy and offshore exposure,unavailable,false,,,,,,,,,OECD Global Forum on Transparency and Exchange of Information for Tax Purposes|https://www.oecd.org/tax/transparency/|candidate-not-ingested,"No reviewed, licence-clean financial-secrecy index is currently checked in; jurisdiction type alone is not used as a proxy."
CF,Central African Republic,Africa,tax-cooperation,Tax cooperation,available,false,categorical,Not listed in EU Annex I,not-listed,Council of the European Union,https://www.consilium.europa.eu/en/policies/eu-list-of-non-cooperative-jurisdictions/,,2026-02-17,2026-02-17,"Council of the European Union|https://www.consilium.europa.eu/en/policies/eu-list-of-non-cooperative-jurisdictions/|checked-in-snapshot,OECD Global Forum on Transparency and Exchange of Information for Tax Purposes|https://www.oecd.org/tax/transparency/|candidate-not-ingested","Annex I is a political/legal tax-cooperation list, not a general AML, corruption, or country-risk score."
CF,Central African Republic,Africa,political-stability-conflict,Political stability and conflict,available,false,percentile,35/100 WGI percentile,35,World Bank Worldwide Governance Indicators,https://www.worldbank.org/en/publication/worldwide-governance-indicators,CC BY 4.0 — World Bank WGI,2024,2026-08-13T11:45:25.085Z,World Bank Worldwide Governance Indicators|https://www.worldbank.org/en/publication/worldwide-governance-indicators|checked-in-snapshot,"WGI is an institutional perception indicator, not a conflict event feed or a prediction of future violence."
CF,Central African Republic,Africa,beneficial-ownership,Beneficial ownership,unavailable,false,,,,,,,,,Open Ownership|https://www.openownership.org/en/map/|checked-in-snapshot,"The Open Ownership map is a live-register snapshot and absence means no register was identified in that snapshot, not that no register exists."
TD,Chad,Africa,organised-crime,Organised crime,unavailable,false,,,,,,,,,United Nations Office on Drugs and Crime|https://dataunodc.un.org/|candidate-not-ingested,No reviewed country-level organised-crime dataset is currently checked in; no risk value is inferred.
TD,Chad,Africa,fraud-cybercrime,Fraud and cybercrime,unavailable,false,,,,,,,,,International Telecommunication Union|https://www.itu.int/en/ITU-D/Cybersecurity/Pages/global-cybersecurity-index.aspx|candidate-not-ingested,No reviewed country-level fraud or cybercrime dataset is currently checked in; no risk value is inferred.
TD,Chad,Africa,terrorism-proliferation,Terrorism and proliferation financing,unavailable,false,,,,,,,,,Financial Action Task Force|https://www.fatf-gafi.org/en/publications/mutualevaluations.html|candidate-not-ingested,No reviewed country-comparable terrorism/proliferation threat dataset is currently checked in; FATF listing status remains a separate overlay.
TD,Chad,Africa,trafficking,Trafficking,unavailable,false,,,,,,,,,United Nations Office on Drugs and Crime|https://dataunodc.un.org/|candidate-not-ingested,No reviewed country-level trafficking dataset is currently checked in; no risk value is inferred.
TD,Chad,Africa,financial-secrecy-offshore,Financial secrecy and offshore exposure,unavailable,false,,,,,,,,,OECD Global Forum on Transparency and Exchange of Information for Tax Purposes|https://www.oecd.org/tax/transparency/|candidate-not-ingested,"No reviewed, licence-clean financial-secrecy index is currently checked in; jurisdiction type alone is not used as a proxy."
TD,Chad,Africa,tax-cooperation,Tax cooperation,available,false,categorical,Not listed in EU Annex I,not-listed,Council of the European Union,https://www.consilium.europa.eu/en/policies/eu-list-of-non-cooperative-jurisdictions/,,2026-02-17,2026-02-17,"Council of the European Union|https://www.consilium.europa.eu/en/policies/eu-list-of-non-cooperative-jurisdictions/|checked-in-snapshot,OECD Global Forum on Transparency and Exchange of Information for Tax Purposes|https://www.oecd.org/tax/transparency/|candidate-not-ingested","Annex I is a political/legal tax-cooperation list, not a general AML, corruption, or country-risk score."
TD,Chad,Africa,political-stability-conflict,Political stability and conflict,available,false,percentile,36/100 WGI percentile,36,World Bank Worldwide Governance Indicators,https://www.worldbank.org/en/publication/worldwide-governance-indicators,CC BY 4.0 — World Bank WGI,2024,2026-08-13T11:45:25.085Z,World Bank Worldwide Governance Indicators|https://www.worldbank.org/en/publication/worldwide-governance-indicators|checked-in-snapshot,"WGI is an institutional perception indicator, not a conflict event feed or a prediction of future violence."
TD,Chad,Africa,beneficial-ownership,Beneficial ownership,unavailable,false,,,,,,,,,Open Ownership|https://www.openownership.org/en/map/|checked-in-snapshot,"The Open Ownership map is a live-register snapshot and absence means no register was identified in that snapshot, not that no register exists."
KM,Comoros,Africa,organised-crime,Organised crime,unavailable,false,,,,,,,,,United Nations Office on Drugs and Crime|https://dataunodc.un.org/|candidate-not-ingested,No reviewed country-level organised-crime dataset is currently checked in; no risk value is inferred.
KM,Comoros,Africa,fraud-cybercrime,Fraud and cybercrime,unavailable,false,,,,,,,,,International Telecommunication Union|https://www.itu.int/en/ITU-D/Cybersecurity/Pages/global-cybersecurity-index.aspx|candidate-not-ingested,No reviewed country-level fraud or cybercrime dataset is currently checked in; no risk value is inferred.
KM,Comoros,Africa,terrorism-proliferation,Terrorism and proliferation financing,unavailable,false,,,,,,,,,Financial Action Task Force|https://www.fatf-gafi.org/en/publications/mutualevaluations.html|candidate-not-ingested,No reviewed country-comparable terrorism/proliferation threat dataset is currently checked in; FATF listing status remains a separate overlay.
KM,Comoros,Africa,trafficking,Trafficking,unavailable,false,,,,,,,,,United Nations Office on Drugs and Crime|https://dataunodc.un.org/|candidate-not-ingested,No reviewed country-level trafficking dataset is currently checked in; no risk value is inferred.
KM,Comoros,Africa,financial-secrecy-offshore,Financial secrecy and offshore exposure,unavailable,false,,,,,,,,,OECD Global Forum on Transparency and Exchange of Information for Tax Purposes|https://www.oecd.org/tax/transparency/|candidate-not-ingested,"No reviewed, licence-clean financial-secrecy index is currently checked in; jurisdiction type alone is not used as a proxy."
KM,Comoros,Africa,tax-cooperation,Tax cooperation,available,false,categorical,Not listed in EU Annex I,not-listed,Council of the European Union,https://www.consilium.europa.eu/en/policies/eu-list-of-non-cooperative-jurisdictions/,,2026-02-17,2026-02-17,"Council of the European Union|https://www.consilium.europa.eu/en/policies/eu-list-of-non-cooperative-jurisdictions/|checked-in-snapshot,OECD Global Forum on Transparency and Exchange of Information for Tax Purposes|https://www.oecd.org/tax/transparency/|candidate-not-ingested","Annex I is a political/legal tax-cooperation list, not a general AML, corruption, or country-risk score."
KM,Comoros,Africa,political-stability-conflict,Political stability and conflict,available,false,percentile,62/100 WGI percentile,62,World Bank Worldwide Governance Indicators,https://www.worldbank.org/en/publication/worldwide-governance-indicators,CC BY 4.0 — World Bank WGI,2024,2026-08-13T11:45:25.085Z,World Bank Worldwide Governance Indicators|https://www.worldbank.org/en/publication/worldwide-governance-indicators|checked-in-snapshot,"WGI is an institutional perception indicator, not a conflict event feed or a prediction of future violence."
KM,Comoros,Africa,beneficial-ownership,Beneficial ownership,unavailable,false,,,,,,,,,Open Ownership|https://www.openownership.org/en/map/|checked-in-snapshot,"The Open Ownership map is a live-register snapshot and absence means no register was identified in that snapshot, not that no register exists."
CG,Republic of the Congo,Africa,organised-crime,Organised crime,unavailable,false,,,,,,,,,United Nations Office on Drugs and Crime|https://dataunodc.un.org/|candidate-not-ingested,No reviewed country-level organised-crime dataset is currently checked in; no risk value is inferred.
CG,Republic of the Congo,Africa,fraud-cybercrime,Fraud and cybercrime,unavailable,false,,,,,,,,,International Telecommunication Union|https://www.itu.int/en/ITU-D/Cybersecurity/Pages/global-cybersecurity-index.aspx|candidate-not-ingested,No reviewed country-level fraud or cybercrime dataset is currently checked in; no risk value is inferred.
CG,Republic of the Congo,Africa,terrorism-proliferation,Terrorism and proliferation financing,unavailable,false,,,,,,,,,Financial Action Task Force|https://www.fatf-gafi.org/en/publications/mutualevaluations.html|candidate-not-ingested,No reviewed country-comparable terrorism/proliferation threat dataset is currently checked in; FATF listing status remains a separate overlay.
CG,Republic of the Congo,Africa,trafficking,Trafficking,unavailable,false,,,,,,,,,United Nations Office on Drugs and Crime|https://dataunodc.un.org/|candidate-not-ingested,No reviewed country-level trafficking dataset is currently checked in; no risk value is inferred.
CG,Republic of the Congo,Africa,financial-secrecy-offshore,Financial secrecy and offshore exposure,unavailable,false,,,,,,,,,OECD Global Forum on Transparency and Exchange of Information for Tax Purposes|https://www.oecd.org/tax/transparency/|candidate-not-ingested,"No reviewed, licence-clean financial-secrecy index is currently checked in; jurisdiction type alone is not used as a proxy."
CG,Republic of the Congo,Africa,tax-cooperation,Tax cooperation,available,false,categorical,Not listed in EU Annex I,not-listed,Council of the European Union,https://www.consilium.europa.eu/en/policies/eu-list-of-non-cooperative-jurisdictions/,,2026-02-17,2026-02-17,"Council of the European Union|https://www.consilium.europa.eu/en/policies/eu-list-of-non-cooperative-jurisdictions/|checked-in-snapshot,OECD Global Forum on Transparency and Exchange of Information for Tax Purposes|https://www.oecd.org/tax/transparency/|candidate-not-ingested","Annex I is a political/legal tax-cooperation list, not a general AML, corruption, or country-risk score."
CG,Republic of the Congo,Africa,political-stability-conflict,Political stability and conflict,available,false,percentile,61/100 WGI percentile,61,World Bank Worldwide Governance Indicators,https://www.worldbank.org/en/publication/worldwide-governance-indicators,CC BY 4.0 — World Bank WGI,2024,2026-08-13T11:45:25.085Z,World Bank Worldwide Governance Indicators|https://www.worldbank.org/en/publication/worldwide-governance-indicators|checked-in-snapshot,"WGI is an institutional perception indicator, not a conflict event feed or a prediction of future violence."
CG,Republic of the Congo,Africa,beneficial-ownership,Beneficial ownership,unavailable,false,,,,,,,,,Open Ownership|https://www.openownership.org/en/map/|checked-in-snapshot,"The Open Ownership map is a live-register snapshot and absence means no register was identified in that snapshot, not that no register exists."
CD,Democratic Republic of the Congo,Africa,organised-crime,Organised crime,unavailable,false,,,,,,,,,United Nations Office on Drugs and Crime|https://dataunodc.un.org/|candidate-not-ingested,No reviewed country-level organised-crime dataset is currently checked in; no risk value is inferred.
CD,Democratic Republic of the Congo,Africa,fraud-cybercrime,Fraud and cybercrime,unavailable,false,,,,,,,,,International Telecommunication Union|https://www.itu.int/en/ITU-D/Cybersecurity/Pages/global-cybersecurity-index.aspx|candidate-not-ingested,No reviewed country-level fraud or cybercrime dataset is currently checked in; no risk value is inferred.
CD,Democratic Republic of the Congo,Africa,terrorism-proliferation,Terrorism and proliferation financing,unavailable,false,,,,,,,,,Financial Action Task Force|https://www.fatf-gafi.org/en/publications/mutualevaluations.html|candidate-not-ingested,No reviewed country-comparable terrorism/proliferation threat dataset is currently checked in; FATF listing status remains a separate overlay.
CD,Democratic Republic of the Congo,Africa,trafficking,Trafficking,unavailable,false,,,,,,,,,United Nations Office on Drugs and Crime|https://dataunodc.un.org/|candidate-not-ingested,No reviewed country-level trafficking dataset is currently checked in; no risk value is inferred.
CD,Democratic Republic of the Congo,Africa,financial-secrecy-offshore,Financial secrecy and offshore exposure,unavailable,false,,,,,,,,,OECD Global Forum on Transparency and Exchange of Information for Tax Purposes|https://www.oecd.org/tax/transparency/|candidate-not-ingested,"No reviewed, licence-clean financial-secrecy index is currently checked in; jurisdiction type alone is not used as a proxy."
CD,Democratic Republic of the Congo,Africa,tax-cooperation,Tax cooperation,available,false,categorical,Not listed in EU Annex I,not-listed,Council of the European Union,https://www.consilium.europa.eu/en/policies/eu-list-of-non-cooperative-jurisdictions/,,2026-02-17,2026-02-17,"Council of the European Union|https://www.consilium.europa.eu/en/policies/eu-list-of-non-cooperative-jurisdictions/|checked-in-snapshot,OECD Global Forum on Transparency and Exchange of Information for Tax Purposes|https://www.oecd.org/tax/transparency/|candidate-not-ingested","Annex I is a political/legal tax-cooperation list, not a general AML, corruption, or country-risk score."
CD,Democratic Republic of the Congo,Africa,political-stability-conflict,Political stability and conflict,available,false,percentile,30/100 WGI percentile,30,World Bank Worldwide Governance Indicators,https://www.worldbank.org/en/publication/worldwide-governance-indicators,CC BY 4.0 — World Bank WGI,2024,2026-08-13T11:45:25.085Z,World Bank Worldwide Governance Indicators|https://www.worldbank.org/en/publication/worldwide-governance-indicators|checked-in-snapshot,"WGI is an institutional perception indicator, not a conflict event feed or a prediction of future violence."
CD,Democratic Republic of the Congo,Africa,beneficial-ownership,Beneficial ownership,available,false,register,Register accessible for due diligence,cdd-accessible,Open Ownership,https://www.openownership.org/en/map/,CC BY 4.0 (Open Ownership),2026-08-23T10:55:05.203Z,2026-08-23T10:55:05.203Z,Open Ownership|https://www.openownership.org/en/map/|checked-in-snapshot,"The Open Ownership map is a live-register snapshot and absence means no register was identified in that snapshot, not that no register exists."
CI,Côte d'Ivoire,Africa,organised-crime,Organised crime,unavailable,false,,,,,,,,,United Nations Office on Drugs and Crime|https://dataunodc.un.org/|candidate-not-ingested,No reviewed country-level organised-crime dataset is currently checked in; no risk value is inferred.
CI,Côte d'Ivoire,Africa,fraud-cybercrime,Fraud and cybercrime,unavailable,false,,,,,,,,,International Telecommunication Union|https://www.itu.int/en/ITU-D/Cybersecurity/Pages/global-cybersecurity-index.aspx|candidate-not-ingested,No reviewed country-level fraud or cybercrime dataset is currently checked in; no risk value is inferred.
CI,Côte d'Ivoire,Africa,terrorism-proliferation,Terrorism and proliferation financing,unavailable,false,,,,,,,,,Financial Action Task Force|https://www.fatf-gafi.org/en/publications/mutualevaluations.html|candidate-not-ingested,No reviewed country-comparable terrorism/proliferation threat dataset is currently checked in; FATF listing status remains a separate overlay.
CI,Côte d'Ivoire,Africa,trafficking,Trafficking,unavailable,false,,,,,,,,,United Nations Office on Drugs and Crime|https://dataunodc.un.org/|candidate-not-ingested,No reviewed country-level trafficking dataset is currently checked in; no risk value is inferred.
CI,Côte d'Ivoire,Africa,financial-secrecy-offshore,Financial secrecy and offshore exposure,unavailable,false,,,,,,,,,OECD Global Forum on Transparency and Exchange of Information for Tax Purposes|https://www.oecd.org/tax/transparency/|candidate-not-ingested,"No reviewed, licence-clean financial-secrecy index is currently checked in; jurisdiction type alone is not used as a proxy."
CI,Côte d'Ivoire,Africa,tax-cooperation,Tax cooperation,available,false,categorical,Not listed in EU Annex I,not-listed,Council of the European Union,https://www.consilium.europa.eu/en/policies/eu-list-of-non-cooperative-jurisdictions/,,2026-02-17,2026-02-17,"Council of the European Union|https://www.consilium.europa.eu/en/policies/eu-list-of-non-cooperative-jurisdictions/|checked-in-snapshot,OECD Global Forum on Transparency and Exchange of Information for Tax Purposes|https://www.oecd.org/tax/transparency/|candidate-not-ingested","Annex I is a political/legal tax-cooperation list, not a general AML, corruption, or country-risk score."
CI,Côte d'Ivoire,Africa,political-stability-conflict,Political stability and conflict,available,false,percentile,51/100 WGI percentile,51,World Bank Worldwide Governance Indicators,https://www.worldbank.org/en/publication/worldwide-governance-indicators,CC BY 4.0 — World Bank WGI,2024,2026-08-13T11:45:25.085Z,World Bank Worldwide Governance Indicators|https://www.worldbank.org/en/publication/worldwide-governance-indicators|checked-in-snapshot,"WGI is an institutional perception indicator, not a conflict event feed or a prediction of future violence."
CI,Côte d'Ivoire,Africa,beneficial-ownership,Beneficial ownership,unavailable,false,,,,,,,,,Open Ownership|https://www.openownership.org/en/map/|checked-in-snapshot,"The Open Ownership map is a live-register snapshot and absence means no register was identified in that snapshot, not that no register exists."
DJ,Djibouti,Africa,organised-crime,Organised crime,unavailable,false,,,,,,,,,United Nations Office on Drugs and Crime|https://dataunodc.un.org/|candidate-not-ingested,No reviewed country-level organised-crime dataset is currently checked in; no risk value is inferred.
DJ,Djibouti,Africa,fraud-cybercrime,Fraud and cybercrime,unavailable,false,,,,,,,,,International Telecommunication Union|https://www.itu.int/en/ITU-D/Cybersecurity/Pages/global-cybersecurity-index.aspx|candidate-not-ingested,No reviewed country-level fraud or cybercrime dataset is currently checked in; no risk value is inferred.
DJ,Djibouti,Africa,terrorism-proliferation,Terrorism and proliferation financing,unavailable,false,,,,,,,,,Financial Action Task Force|https://www.fatf-gafi.org/en/publications/mutualevaluations.html|candidate-not-ingested,No reviewed country-comparable terrorism/proliferation threat dataset is currently checked in; FATF listing status remains a separate overlay.
DJ,Djibouti,Africa,trafficking,Trafficking,unavailable,false,,,,,,,,,United Nations Office on Drugs and Crime|https://dataunodc.un.org/|candidate-not-ingested,No reviewed country-level trafficking dataset is currently checked in; no risk value is inferred.
DJ,Djibouti,Africa,financial-secrecy-offshore,Financial secrecy and offshore exposure,unavailable,false,,,,,,,,,OECD Global Forum on Transparency and Exchange of Information for Tax Purposes|https://www.oecd.org/tax/transparency/|candidate-not-ingested,"No reviewed, licence-clean financial-secrecy index is currently checked in; jurisdiction type alone is not used as a proxy."
DJ,Djibouti,Africa,tax-cooperation,Tax cooperation,available,false,categorical,Not listed in EU Annex I,not-listed,Council of the European Union,https://www.consilium.europa.eu/en/policies/eu-list-of-non-cooperative-jurisdictions/,,2026-02-17,2026-02-17,"Council of the European Union|https://www.consilium.europa.eu/en/policies/eu-list-of-non-cooperative-jurisdictions/|checked-in-snapshot,OECD Global Forum on Transparency and Exchange of Information for Tax Purposes|https://www.oecd.org/tax/transparency/|candidate-not-ingested","Annex I is a political/legal tax-cooperation list, not a general AML, corruption, or country-risk score."
DJ,Djibouti,Africa,political-stability-conflict,Political stability and conflict,available,false,percentile,56/100 WGI percentile,56,World Bank Worldwide Governance Indicators,https://www.worldbank.org/en/publication/worldwide-governance-indicators,CC BY 4.0 — World Bank WGI,2024,2026-08-13T11:45:25.085Z,World Bank Worldwide Governance Indicators|https://www.worldbank.org/en/publication/worldwide-governance-indicators|checked-in-snapshot,"WGI is an institutional perception indicator, not a conflict event feed or a prediction of future violence."
DJ,Djibouti,Africa,beneficial-ownership,Beneficial ownership,unavailable,false,,,,,,,,,Open Ownership|https://www.openownership.org/en/map/|checked-in-snapshot,"The Open Ownership map is a live-register snapshot and absence means no register was identified in that snapshot, not that no register exists."
EG,Egypt,Africa,organised-crime,Organised crime,unavailable,false,,,,,,,,,United Nations Office on Drugs and Crime|https://dataunodc.un.org/|candidate-not-ingested,No reviewed country-level organised-crime dataset is currently checked in; no risk value is inferred.
EG,Egypt,Africa,fraud-cybercrime,Fraud and cybercrime,unavailable,false,,,,,,,,,International Telecommunication Union|https://www.itu.int/en/ITU-D/Cybersecurity/Pages/global-cybersecurity-index.aspx|candidate-not-ingested,No reviewed country-level fraud or cybercrime dataset is currently checked in; no risk value is inferred.
EG,Egypt,Africa,terrorism-proliferation,Terrorism and proliferation financing,unavailable,false,,,,,,,,,Financial Action Task Force|https://www.fatf-gafi.org/en/publications/mutualevaluations.html|candidate-not-ingested,No reviewed country-comparable terrorism/proliferation threat dataset is currently checked in; FATF listing status remains a separate overlay.
EG,Egypt,Africa,trafficking,Trafficking,unavailable,false,,,,,,,,,United Nations Office on Drugs and Crime|https://dataunodc.un.org/|candidate-not-ingested,No reviewed country-level trafficking dataset is currently checked in; no risk value is inferred.
EG,Egypt,Africa,financial-secrecy-offshore,Financial secrecy and offshore exposure,unavailable,false,,,,,,,,,OECD Global Forum on Transparency and Exchange of Information for Tax Purposes|https://www.oecd.org/tax/transparency/|candidate-not-ingested,"No reviewed, licence-clean financial-secrecy index is currently checked in; jurisdiction type alone is not used as a proxy."
EG,Egypt,Africa,tax-cooperation,Tax cooperation,available,false,categorical,Not listed in EU Annex I,not-listed,Council of the European Union,https://www.consilium.europa.eu/en/policies/eu-list-of-non-cooperative-jurisdictions/,,2026-02-17,2026-02-17,"Council of the European Union|https://www.consilium.europa.eu/en/policies/eu-list-of-non-cooperative-jurisdictions/|checked-in-snapshot,OECD Global Forum on Transparency and Exchange of Information for Tax Purposes|https://www.oecd.org/tax/transparency/|candidate-not-ingested","Annex I is a political/legal tax-cooperation list, not a general AML, corruption, or country-risk score."
EG,Egypt,Africa,political-stability-conflict,Political stability and conflict,available,false,percentile,49/100 WGI percentile,49,World Bank Worldwide Governance Indicators,https://www.worldbank.org/en/publication/worldwide-governance-indicators,CC BY 4.0 — World Bank WGI,2024,2026-08-13T11:45:25.085Z,World Bank Worldwide Governance Indicators|https://www.worldbank.org/en/publication/worldwide-governance-indicators|checked-in-snapshot,"WGI is an institutional perception indicator, not a conflict event feed or a prediction of future violence."
EG,Egypt,Africa,beneficial-ownership,Beneficial ownership,available,false,register,Register held by the registrar only,registrar-only,Open Ownership,https://www.openownership.org/en/map/,CC BY 4.0 (Open Ownership),2026-08-23T10:55:05.203Z,2026-08-23T10:55:05.203Z,Open Ownership|https://www.openownership.org/en/map/|checked-in-snapshot,"The Open Ownership map is a live-register snapshot and absence means no register was identified in that snapshot, not that no register exists."
GQ,Equatorial Guinea,Africa,organised-crime,Organised crime,unavailable,false,,,,,,,,,United Nations Office on Drugs and Crime|https://dataunodc.un.org/|candidate-not-ingested,No reviewed country-level organised-crime dataset is currently checked in; no risk value is inferred.
GQ,Equatorial Guinea,Africa,fraud-cybercrime,Fraud and cybercrime,unavailable,false,,,,,,,,,International Telecommunication Union|https://www.itu.int/en/ITU-D/Cybersecurity/Pages/global-cybersecurity-index.aspx|candidate-not-ingested,No reviewed country-level fraud or cybercrime dataset is currently checked in; no risk value is inferred.
GQ,Equatorial Guinea,Africa,terrorism-proliferation,Terrorism and proliferation financing,unavailable,false,,,,,,,,,Financial Action Task Force|https://www.fatf-gafi.org/en/publications/mutualevaluations.html|candidate-not-ingested,No reviewed country-comparable terrorism/proliferation threat dataset is currently checked in; FATF listing status remains a separate overlay.
GQ,Equatorial Guinea,Africa,trafficking,Trafficking,unavailable,false,,,,,,,,,United Nations Office on Drugs and Crime|https://dataunodc.un.org/|candidate-not-ingested,No reviewed country-level trafficking dataset is currently checked in; no risk value is inferred.
GQ,Equatorial Guinea,Africa,financial-secrecy-offshore,Financial secrecy and offshore exposure,unavailable,false,,,,,,,,,OECD Global Forum on Transparency and Exchange of Information for Tax Purposes|https://www.oecd.org/tax/transparency/|candidate-not-ingested,"No reviewed, licence-clean financial-secrecy index is currently checked in; jurisdiction type alone is not used as a proxy."
GQ,Equatorial Guinea,Africa,tax-cooperation,Tax cooperation,available,false,categorical,Not listed in EU Annex I,not-listed,Council of the European Union,https://www.consilium.europa.eu/en/policies/eu-list-of-non-cooperative-jurisdictions/,,2026-02-17,2026-02-17,"Council of the European Union|https://www.consilium.europa.eu/en/policies/eu-list-of-non-cooperative-jurisdictions/|checked-in-snapshot,OECD Global Forum on Transparency and Exchange of Information for Tax Purposes|https://www.oecd.org/tax/transparency/|candidate-not-ingested","Annex I is a political/legal tax-cooperation list, not a general AML, corruption, or country-risk score."
GQ,Equatorial Guinea,Africa,political-stability-conflict,Political stability and conflict,available,false,percentile,63/100 WGI percentile,63,World Bank Worldwide Governance Indicators,https://www.worldbank.org/en/publication/worldwide-governance-indicators,CC BY 4.0 — World Bank WGI,2024,2026-08-13T11:45:25.085Z,World Bank Worldwide Governance Indicators|https://www.worldbank.org/en/publication/worldwide-governance-indicators|checked-in-snapshot,"WGI is an institutional perception indicator, not a conflict event feed or a prediction of future violence."
GQ,Equatorial Guinea,Africa,beneficial-ownership,Beneficial ownership,unavailable,false,,,,,,,,,Open Ownership|https://www.openownership.org/en/map/|checked-in-snapshot,"The Open Ownership map is a live-register snapshot and absence means no register was identified in that snapshot, not that no register exists."
ER,Eritrea,Africa,organised-crime,Organised crime,unavailable,false,,,,,,,,,United Nations Office on Drugs and Crime|https://dataunodc.un.org/|candidate-not-ingested,No reviewed country-level organised-crime dataset is currently checked in; no risk value is inferred.
ER,Eritrea,Africa,fraud-cybercrime,Fraud and cybercrime,unavailable,false,,,,,,,,,International Telecommunication Union|https://www.itu.int/en/ITU-D/Cybersecurity/Pages/global-cybersecurity-index.aspx|candidate-not-ingested,No reviewed country-level fraud or cybercrime dataset is currently checked in; no risk value is inferred.
ER,Eritrea,Africa,terrorism-proliferation,Terrorism and proliferation financing,unavailable,false,,,,,,,,,Financial Action Task Force|https://www.fatf-gafi.org/en/publications/mutualevaluations.html|candidate-not-ingested,No reviewed country-comparable terrorism/proliferation threat dataset is currently checked in; FATF listing status remains a separate overlay.
ER,Eritrea,Africa,trafficking,Trafficking,unavailable,false,,,,,,,,,United Nations Office on Drugs and Crime|https://dataunodc.un.org/|candidate-not-ingested,No reviewed country-level trafficking dataset is currently checked in; no risk value is inferred.
ER,Eritrea,Africa,financial-secrecy-offshore,Financial secrecy and offshore exposure,unavailable,false,,,,,,,,,OECD Global Forum on Transparency and Exchange of Information for Tax Purposes|https://www.oecd.org/tax/transparency/|candidate-not-ingested,"No reviewed, licence-clean financial-secrecy index is currently checked in; jurisdiction type alone is not used as a proxy."
ER,Eritrea,Africa,tax-cooperation,Tax cooperation,available,false,categorical,Not listed in EU Annex I,not-listed,Council of the European Union,https://www.consilium.europa.eu/en/policies/eu-list-of-non-cooperative-jurisdictions/,,2026-02-17,2026-02-17,"Council of the European Union|https://www.consilium.europa.eu/en/policies/eu-list-of-non-cooperative-jurisdictions/|checked-in-snapshot,OECD Global Forum on Transparency and Exchange of Information for Tax Purposes|https://www.oecd.org/tax/transparency/|candidate-not-ingested","Annex I is a political/legal tax-cooperation list, not a general AML, corruption, or country-risk score."
ER,Eritrea,Africa,political-stability-conflict,Political stability and conflict,available,false,percentile,54/100 WGI percentile,54,World Bank Worldwide Governance Indicators,https://www.worldbank.org/en/publication/worldwide-governance-indicators,CC BY 4.0 — World Bank WGI,2024,2026-08-13T11:45:25.085Z,World Bank Worldwide Governance Indicators|https://www.worldbank.org/en/publication/worldwide-governance-indicators|checked-in-snapshot,"WGI is an institutional perception indicator, not a conflict event feed or a prediction of future violence."
ER,Eritrea,Africa,beneficial-ownership,Beneficial ownership,unavailable,false,,,,,,,,,Open Ownership|https://www.openownership.org/en/map/|checked-in-snapshot,"The Open Ownership map is a live-register snapshot and absence means no register was identified in that snapshot, not that no register exists."
SZ,Eswatini,Africa,organised-crime,Organised crime,unavailable,false,,,,,,,,,United Nations Office on Drugs and Crime|https://dataunodc.un.org/|candidate-not-ingested,No reviewed country-level organised-crime dataset is currently checked in; no risk value is inferred.
SZ,Eswatini,Africa,fraud-cybercrime,Fraud and cybercrime,unavailable,false,,,,,,,,,International Telecommunication Union|https://www.itu.int/en/ITU-D/Cybersecurity/Pages/global-cybersecurity-index.aspx|candidate-not-ingested,No reviewed country-level fraud or cybercrime dataset is currently checked in; no risk value is inferred.
SZ,Eswatini,Africa,terrorism-proliferation,Terrorism and proliferation financing,unavailable,false,,,,,,,,,Financial Action Task Force|https://www.fatf-gafi.org/en/publications/mutualevaluations.html|candidate-not-ingested,No reviewed country-comparable terrorism/proliferation threat dataset is currently checked in; FATF listing status remains a separate overlay.
SZ,Eswatini,Africa,trafficking,Trafficking,unavailable,false,,,,,,,,,United Nations Office on Drugs and Crime|https://dataunodc.un.org/|candidate-not-ingested,No reviewed country-level trafficking dataset is currently checked in; no risk value is inferred.
SZ,Eswatini,Africa,financial-secrecy-offshore,Financial secrecy and offshore exposure,unavailable,false,,,,,,,,,OECD Global Forum on Transparency and Exchange of Information for Tax Purposes|https://www.oecd.org/tax/transparency/|candidate-not-ingested,"No reviewed, licence-clean financial-secrecy index is currently checked in; jurisdiction type alone is not used as a proxy."
SZ,Eswatini,Africa,tax-cooperation,Tax cooperation,available,false,categorical,Not listed in EU Annex I,not-listed,Council of the European Union,https://www.consilium.europa.eu/en/policies/eu-list-of-non-cooperative-jurisdictions/,,2026-02-17,2026-02-17,"Council of the European Union|https://www.consilium.europa.eu/en/policies/eu-list-of-non-cooperative-jurisdictions/|checked-in-snapshot,OECD Global Forum on Transparency and Exchange of Information for Tax Purposes|https://www.oecd.org/tax/transparency/|candidate-not-ingested","Annex I is a political/legal tax-cooperation list, not a general AML, corruption, or country-risk score."
SZ,Eswatini,Africa,political-stability-conflict,Political stability and conflict,available,false,percentile,53/100 WGI percentile,53,World Bank Worldwide Governance Indicators,https://www.worldbank.org/en/publication/worldwide-governance-indicators,CC BY 4.0 — World Bank WGI,2024,2026-08-13T11:45:25.085Z,World Bank Worldwide Governance Indicators|https://www.worldbank.org/en/publication/worldwide-governance-indicators|checked-in-snapshot,"WGI is an institutional perception indicator, not a conflict event feed or a prediction of future violence."
SZ,Eswatini,Africa,beneficial-ownership,Beneficial ownership,unavailable,false,,,,,,,,,Open Ownership|https://www.openownership.org/en/map/|checked-in-snapshot,"The Open Ownership map is a live-register snapshot and absence means no register was identified in that snapshot, not that no register exists."
ET,Ethiopia,Africa,organised-crime,Organised crime,unavailable,false,,,,,,,,,United Nations Office on Drugs and Crime|https://dataunodc.un.org/|candidate-not-ingested,No reviewed country-level organised-crime dataset is currently checked in; no risk value is inferred.
ET,Ethiopia,Africa,fraud-cybercrime,Fraud and cybercrime,unavailable,false,,,,,,,,,International Telecommunication Union|https://www.itu.int/en/ITU-D/Cybersecurity/Pages/global-cybersecurity-index.aspx|candidate-not-ingested,No reviewed country-level fraud or cybercrime dataset is currently checked in; no risk value is inferred.
ET,Ethiopia,Africa,terrorism-proliferation,Terrorism and proliferation financing,unavailable,false,,,,,,,,,Financial Action Task Force|https://www.fatf-gafi.org/en/publications/mutualevaluations.html|candidate-not-ingested,No reviewed country-comparable terrorism/proliferation threat dataset is currently checked in; FATF listing status remains a separate overlay.
ET,Ethiopia,Africa,trafficking,Trafficking,unavailable,false,,,,,,,,,United Nations Office on Drugs and Crime|https://dataunodc.un.org/|candidate-not-ingested,No reviewed country-level trafficking dataset is currently checked in; no risk value is inferred.
ET,Ethiopia,Africa,financial-secrecy-offshore,Financial secrecy and offshore exposure,unavailable,false,,,,,,,,,OECD Global Forum on Transparency and Exchange of Information for Tax Purposes|https://www.oecd.org/tax/transparency/|candidate-not-ingested,"No reviewed, licence-clean financial-secrecy index is currently checked in; jurisdiction type alone is not used as a proxy."
ET,Ethiopia,Africa,tax-cooperation,Tax cooperation,available,false,categorical,Not listed in EU Annex I,not-listed,Council of the European Union,https://www.consilium.europa.eu/en/policies/eu-list-of-non-cooperative-jurisdictions/,,2026-02-17,2026-02-17,"Council of the European Union|https://www.consilium.europa.eu/en/policies/eu-list-of-non-cooperative-jurisdictions/|checked-in-snapshot,OECD Global Forum on Transparency and Exchange of Information for Tax Purposes|https://www.oecd.org/tax/transparency/|candidate-not-ingested","Annex I is a political/legal tax-cooperation list, not a general AML, corruption, or country-risk score."
ET,Ethiopia,Africa,political-stability-conflict,Political stability and conflict,available,false,percentile,34/100 WGI percentile,34,World Bank Worldwide Governance Indicators,https://www.worldbank.org/en/publication/worldwide-governance-indicators,CC BY 4.0 — World Bank WGI,2024,2026-08-13T11:45:25.085Z,World Bank Worldwide Governance Indicators|https://www.worldbank.org/en/publication/worldwide-governance-indicators|checked-in-snapshot,"WGI is an institutional perception indicator, not a conflict event feed or a prediction of future violence."
ET,Ethiopia,Africa,beneficial-ownership,Beneficial ownership,unavailable,false,,,,,,,,,Open Ownership|https://www.openownership.org/en/map/|checked-in-snapshot,"The Open Ownership map is a live-register snapshot and absence means no register was identified in that snapshot, not that no register exists."
GA,Gabon,Africa,organised-crime,Organised crime,unavailable,false,,,,,,,,,United Nations Office on Drugs and Crime|https://dataunodc.un.org/|candidate-not-ingested,No reviewed country-level organised-crime dataset is currently checked in; no risk value is inferred.
GA,Gabon,Africa,fraud-cybercrime,Fraud and cybercrime,unavailable,false,,,,,,,,,International Telecommunication Union|https://www.itu.int/en/ITU-D/Cybersecurity/Pages/global-cybersecurity-index.aspx|candidate-not-ingested,No reviewed country-level fraud or cybercrime dataset is currently checked in; no risk value is inferred.
GA,Gabon,Africa,terrorism-proliferation,Terrorism and proliferation financing,unavailable,false,,,,,,,,,Financial Action Task Force|https://www.fatf-gafi.org/en/publications/mutualevaluations.html|candidate-not-ingested,No reviewed country-comparable terrorism/proliferation threat dataset is currently checked in; FATF listing status remains a separate overlay.
GA,Gabon,Africa,trafficking,Trafficking,unavailable,false,,,,,,,,,United Nations Office on Drugs and Crime|https://dataunodc.un.org/|candidate-not-ingested,No reviewed country-level trafficking dataset is currently checked in; no risk value is inferred.
GA,Gabon,Africa,financial-secrecy-offshore,Financial secrecy and offshore exposure,unavailable,false,,,,,,,,,OECD Global Forum on Transparency and Exchange of Information for Tax Purposes|https://www.oecd.org/tax/transparency/|candidate-not-ingested,"No reviewed, licence-clean financial-secrecy index is currently checked in; jurisdiction type alone is not used as a proxy."
GA,Gabon,Africa,tax-cooperation,Tax cooperation,available,false,categorical,Not listed in EU Annex I,not-listed,Council of the European Union,https://www.consilium.europa.eu/en/policies/eu-list-of-non-cooperative-jurisdictions/,,2026-02-17,2026-02-17,"Council of the European Union|https://www.consilium.europa.eu/en/policies/eu-list-of-non-cooperative-jurisdictions/|checked-in-snapshot,OECD Global Forum on Transparency and Exchange of Information for Tax Purposes|https://www.oecd.org/tax/transparency/|candidate-not-ingested","Annex I is a political/legal tax-cooperation list, not a general AML, corruption, or country-risk score."
GA,Gabon,Africa,political-stability-conflict,Political stability and conflict,available,false,percentile,61/100 WGI percentile,61,World Bank Worldwide Governance Indicators,https://www.worldbank.org/en/publication/worldwide-governance-indicators,CC BY 4.0 — World Bank WGI,2024,2026-08-13T11:45:25.085Z,World Bank Worldwide Governance Indicators|https://www.worldbank.org/en/publication/worldwide-governance-indicators|checked-in-snapshot,"WGI is an institutional perception indicator, not a conflict event feed or a prediction of future violence."
GA,Gabon,Africa,beneficial-ownership,Beneficial ownership,unavailable,false,,,,,,,,,Open Ownership|https://www.openownership.org/en/map/|checked-in-snapshot,"The Open Ownership map is a live-register snapshot and absence means no register was identified in that snapshot, not that no register exists."
GM,The Gambia,Africa,organised-crime,Organised crime,unavailable,false,,,,,,,,,United Nations Office on Drugs and Crime|https://dataunodc.un.org/|candidate-not-ingested,No reviewed country-level organised-crime dataset is currently checked in; no risk value is inferred.
GM,The Gambia,Africa,fraud-cybercrime,Fraud and cybercrime,unavailable,false,,,,,,,,,International Telecommunication Union|https://www.itu.int/en/ITU-D/Cybersecurity/Pages/global-cybersecurity-index.aspx|candidate-not-ingested,No reviewed country-level fraud or cybercrime dataset is currently checked in; no risk value is inferred.
GM,The Gambia,Africa,terrorism-proliferation,Terrorism and proliferation financing,unavailable,false,,,,,,,,,Financial Action Task Force|https://www.fatf-gafi.org/en/publications/mutualevaluations.html|candidate-not-ingested,No reviewed country-comparable terrorism/proliferation threat dataset is currently checked in; FATF listing status remains a separate overlay.
GM,The Gambia,Africa,trafficking,Trafficking,unavailable,false,,,,,,,,,United Nations Office on Drugs and Crime|https://dataunodc.un.org/|candidate-not-ingested,No reviewed country-level trafficking dataset is currently checked in; no risk value is inferred.
GM,The Gambia,Africa,financial-secrecy-offshore,Financial secrecy and offshore exposure,unavailable,false,,,,,,,,,OECD Global Forum on Transparency and Exchange of Information for Tax Purposes|https://www.oecd.org/tax/transparency/|candidate-not-ingested,"No reviewed, licence-clean financial-secrecy index is currently checked in; jurisdiction type alone is not used as a proxy."
GM,The Gambia,Africa,tax-cooperation,Tax cooperation,available,false,categorical,Not listed in EU Annex I,not-listed,Council of the European Union,https://www.consilium.europa.eu/en/policies/eu-list-of-non-cooperative-jurisdictions/,,2026-02-17,2026-02-17,"Council of the European Union|https://www.consilium.europa.eu/en/policies/eu-list-of-non-cooperative-jurisdictions/|checked-in-snapshot,OECD Global Forum on Transparency and Exchange of Information for Tax Purposes|https://www.oecd.org/tax/transparency/|candidate-not-ingested","Annex I is a political/legal tax-cooperation list, not a general AML, corruption, or country-risk score."
GM,The Gambia,Africa,political-stability-conflict,Political stability and conflict,available,false,percentile,66/100 WGI percentile,66,World Bank Worldwide Governance Indicators,https://www.worldbank.org/en/publication/worldwide-governance-indicators,CC BY 4.0 — World Bank WGI,2024,2026-08-13T11:45:25.085Z,World Bank Worldwide Governance Indicators|https://www.worldbank.org/en/publication/worldwide-governance-indicators|checked-in-snapshot,"WGI is an institutional perception indicator, not a conflict event feed or a prediction of future violence."
GM,The Gambia,Africa,beneficial-ownership,Beneficial ownership,unavailable,false,,,,,,,,,Open Ownership|https://www.openownership.org/en/map/|checked-in-snapshot,"The Open Ownership map is a live-register snapshot and absence means no register was identified in that snapshot, not that no register exists."
GH,Ghana,Africa,organised-crime,Organised crime,unavailable,false,,,,,,,,,United Nations Office on Drugs and Crime|https://dataunodc.un.org/|candidate-not-ingested,No reviewed country-level organised-crime dataset is currently checked in; no risk value is inferred.
GH,Ghana,Africa,fraud-cybercrime,Fraud and cybercrime,unavailable,false,,,,,,,,,International Telecommunication Union|https://www.itu.int/en/ITU-D/Cybersecurity/Pages/global-cybersecurity-index.aspx|candidate-not-ingested,No reviewed country-level fraud or cybercrime dataset is currently checked in; no risk value is inferred.
GH,Ghana,Africa,terrorism-proliferation,Terrorism and proliferation financing,unavailable,false,,,,,,,,,Financial Action Task Force|https://www.fatf-gafi.org/en/publications/mutualevaluations.html|candidate-not-ingested,No reviewed country-comparable terrorism/proliferation threat dataset is currently checked in; FATF listing status remains a separate overlay.
GH,Ghana,Africa,trafficking,Trafficking,unavailable,false,,,,,,,,,United Nations Office on Drugs and Crime|https://dataunodc.un.org/|candidate-not-ingested,No reviewed country-level trafficking dataset is currently checked in; no risk value is inferred.
GH,Ghana,Africa,financial-secrecy-offshore,Financial secrecy and offshore exposure,unavailable,false,,,,,,,,,OECD Global Forum on Transparency and Exchange of Information for Tax Purposes|https://www.oecd.org/tax/transparency/|candidate-not-ingested,"No reviewed, licence-clean financial-secrecy index is currently checked in; jurisdiction type alone is not used as a proxy."
GH,Ghana,Africa,tax-cooperation,Tax cooperation,available,false,categorical,Not listed in EU Annex I,not-listed,Council of the European Union,https://www.consilium.europa.eu/en/policies/eu-list-of-non-cooperative-jurisdictions/,,2026-02-17,2026-02-17,"Council of the European Union|https://www.consilium.europa.eu/en/policies/eu-list-of-non-cooperative-jurisdictions/|checked-in-snapshot,OECD Global Forum on Transparency and Exchange of Information for Tax Purposes|https://www.oecd.org/tax/transparency/|candidate-not-ingested","Annex I is a political/legal tax-cooperation list, not a general AML, corruption, or country-risk score."
GH,Ghana,Africa,political-stability-conflict,Political stability and conflict,available,false,percentile,66/100 WGI percentile,66,World Bank Worldwide Governance Indicators,https://www.worldbank.org/en/publication/worldwide-governance-indicators,CC BY 4.0 — World Bank WGI,2024,2026-08-13T11:45:25.085Z,World Bank Worldwide Governance Indicators|https://www.worldbank.org/en/publication/worldwide-governance-indicators|checked-in-snapshot,"WGI is an institutional perception indicator, not a conflict event feed or a prediction of future violence."
GH,Ghana,Africa,beneficial-ownership,Beneficial ownership,available,false,register,Register accessible for due diligence,cdd-accessible,Open Ownership,https://www.openownership.org/en/map/,CC BY 4.0 (Open Ownership),2026-08-23T10:55:05.203Z,2026-08-23T10:55:05.203Z,Open Ownership|https://www.openownership.org/en/map/|checked-in-snapshot,"The Open Ownership map is a live-register snapshot and absence means no register was identified in that snapshot, not that no register exists."
GN,Guinea,Africa,organised-crime,Organised crime,unavailable,false,,,,,,,,,United Nations Office on Drugs and Crime|https://dataunodc.un.org/|candidate-not-ingested,No reviewed country-level organised-crime dataset is currently checked in; no risk value is inferred.
GN,Guinea,Africa,fraud-cybercrime,Fraud and cybercrime,unavailable,false,,,,,,,,,International Telecommunication Union|https://www.itu.int/en/ITU-D/Cybersecurity/Pages/global-cybersecurity-index.aspx|candidate-not-ingested,No reviewed country-level fraud or cybercrime dataset is currently checked in; no risk value is inferred.
GN,Guinea,Africa,terrorism-proliferation,Terrorism and proliferation financing,unavailable,false,,,,,,,,,Financial Action Task Force|https://www.fatf-gafi.org/en/publications/mutualevaluations.html|candidate-not-ingested,No reviewed country-comparable terrorism/proliferation threat dataset is currently checked in; FATF listing status remains a separate overlay.
GN,Guinea,Africa,trafficking,Trafficking,unavailable,false,,,,,,,,,United Nations Office on Drugs and Crime|https://dataunodc.un.org/|candidate-not-ingested,No reviewed country-level trafficking dataset is currently checked in; no risk value is inferred.
GN,Guinea,Africa,financial-secrecy-offshore,Financial secrecy and offshore exposure,unavailable,false,,,,,,,,,OECD Global Forum on Transparency and Exchange of Information for Tax Purposes|https://www.oecd.org/tax/transparency/|candidate-not-ingested,"No reviewed, licence-clean financial-secrecy index is currently checked in; jurisdiction type alone is not used as a proxy."
GN,Guinea,Africa,tax-cooperation,Tax cooperation,available,false,categorical,Not listed in EU Annex I,not-listed,Council of the European Union,https://www.consilium.europa.eu/en/policies/eu-list-of-non-cooperative-jurisdictions/,,2026-02-17,2026-02-17,"Council of the European Union|https://www.consilium.europa.eu/en/policies/eu-list-of-non-cooperative-jurisdictions/|checked-in-snapshot,OECD Global Forum on Transparency and Exchange of Information for Tax Purposes|https://www.oecd.org/tax/transparency/|candidate-not-ingested","Annex I is a political/legal tax-cooperation list, not a general AML, corruption, or country-risk score."
GN,Guinea,Africa,political-stability-conflict,Political stability and conflict,available,false,percentile,48/100 WGI percentile,48,World Bank Worldwide Governance Indicators,https://www.worldbank.org/en/publication/worldwide-governance-indicators,CC BY 4.0 — World Bank WGI,2024,2026-08-13T11:45:25.085Z,World Bank Worldwide Governance Indicators|https://www.worldbank.org/en/publication/worldwide-governance-indicators|checked-in-snapshot,"WGI is an institutional perception indicator, not a conflict event feed or a prediction of future violence."
GN,Guinea,Africa,beneficial-ownership,Beneficial ownership,unavailable,false,,,,,,,,,Open Ownership|https://www.openownership.org/en/map/|checked-in-snapshot,"The Open Ownership map is a live-register snapshot and absence means no register was identified in that snapshot, not that no register exists."
GW,Guinea-Bissau,Africa,organised-crime,Organised crime,unavailable,false,,,,,,,,,United Nations Office on Drugs and Crime|https://dataunodc.un.org/|candidate-not-ingested,No reviewed country-level organised-crime dataset is currently checked in; no risk value is inferred.
GW,Guinea-Bissau,Africa,fraud-cybercrime,Fraud and cybercrime,unavailable,false,,,,,,,,,International Telecommunication Union|https://www.itu.int/en/ITU-D/Cybersecurity/Pages/global-cybersecurity-index.aspx|candidate-not-ingested,No reviewed country-level fraud or cybercrime dataset is currently checked in; no risk value is inferred.
GW,Guinea-Bissau,Africa,terrorism-proliferation,Terrorism and proliferation financing,unavailable,false,,,,,,,,,Financial Action Task Force|https://www.fatf-gafi.org/en/publications/mutualevaluations.html|candidate-not-ingested,No reviewed country-comparable terrorism/proliferation threat dataset is currently checked in; FATF listing status remains a separate overlay.
GW,Guinea-Bissau,Africa,trafficking,Trafficking,unavailable,false,,,,,,,,,United Nations Office on Drugs and Crime|https://dataunodc.un.org/|candidate-not-ingested,No reviewed country-level trafficking dataset is currently checked in; no risk value is inferred.
GW,Guinea-Bissau,Africa,financial-secrecy-offshore,Financial secrecy and offshore exposure,unavailable,false,,,,,,,,,OECD Global Forum on Transparency and Exchange of Information for Tax Purposes|https://www.oecd.org/tax/transparency/|candidate-not-ingested,"No reviewed, licence-clean financial-secrecy index is currently checked in; jurisdiction type alone is not used as a proxy."
GW,Guinea-Bissau,Africa,tax-cooperation,Tax cooperation,available,false,categorical,Not listed in EU Annex I,not-listed,Council of the European Union,https://www.consilium.europa.eu/en/policies/eu-list-of-non-cooperative-jurisdictions/,,2026-02-17,2026-02-17,"Council of the European Union|https://www.consilium.europa.eu/en/policies/eu-list-of-non-cooperative-jurisdictions/|checked-in-snapshot,OECD Global Forum on Transparency and Exchange of Information for Tax Purposes|https://www.oecd.org/tax/transparency/|candidate-not-ingested","Annex I is a political/legal tax-cooperation list, not a general AML, corruption, or country-risk score."
GW,Guinea-Bissau,Africa,political-stability-conflict,Political stability and conflict,available,false,percentile,55/100 WGI percentile,55,World Bank Worldwide Governance Indicators,https://www.worldbank.org/en/publication/worldwide-governance-indicators,CC BY 4.0 — World Bank WGI,2024,2026-08-13T11:45:25.085Z,World Bank Worldwide Governance Indicators|https://www.worldbank.org/en/publication/worldwide-governance-indicators|checked-in-snapshot,"WGI is an institutional perception indicator, not a conflict event feed or a prediction of future violence."
GW,Guinea-Bissau,Africa,beneficial-ownership,Beneficial ownership,unavailable,false,,,,,,,,,Open Ownership|https://www.openownership.org/en/map/|checked-in-snapshot,"The Open Ownership map is a live-register snapshot and absence means no register was identified in that snapshot, not that no register exists."
KE,Kenya,Africa,organised-crime,Organised crime,unavailable,false,,,,,,,,,United Nations Office on Drugs and Crime|https://dataunodc.un.org/|candidate-not-ingested,No reviewed country-level organised-crime dataset is currently checked in; no risk value is inferred.
KE,Kenya,Africa,fraud-cybercrime,Fraud and cybercrime,unavailable,false,,,,,,,,,International Telecommunication Union|https://www.itu.int/en/ITU-D/Cybersecurity/Pages/global-cybersecurity-index.aspx|candidate-not-ingested,No reviewed country-level fraud or cybercrime dataset is currently checked in; no risk value is inferred.
KE,Kenya,Africa,terrorism-proliferation,Terrorism and proliferation financing,unavailable,false,,,,,,,,,Financial Action Task Force|https://www.fatf-gafi.org/en/publications/mutualevaluations.html|candidate-not-ingested,No reviewed country-comparable terrorism/proliferation threat dataset is currently checked in; FATF listing status remains a separate overlay.
KE,Kenya,Africa,trafficking,Trafficking,unavailable,false,,,,,,,,,United Nations Office on Drugs and Crime|https://dataunodc.un.org/|candidate-not-ingested,No reviewed country-level trafficking dataset is currently checked in; no risk value is inferred.
KE,Kenya,Africa,financial-secrecy-offshore,Financial secrecy and offshore exposure,unavailable,false,,,,,,,,,OECD Global Forum on Transparency and Exchange of Information for Tax Purposes|https://www.oecd.org/tax/transparency/|candidate-not-ingested,"No reviewed, licence-clean financial-secrecy index is currently checked in; jurisdiction type alone is not used as a proxy."
KE,Kenya,Africa,tax-cooperation,Tax cooperation,available,false,categorical,Not listed in EU Annex I,not-listed,Council of the European Union,https://www.consilium.europa.eu/en/policies/eu-list-of-non-cooperative-jurisdictions/,,2026-02-17,2026-02-17,"Council of the European Union|https://www.consilium.europa.eu/en/policies/eu-list-of-non-cooperative-jurisdictions/|checked-in-snapshot,OECD Global Forum on Transparency and Exchange of Information for Tax Purposes|https://www.oecd.org/tax/transparency/|candidate-not-ingested","Annex I is a political/legal tax-cooperation list, not a general AML, corruption, or country-risk score."
KE,Kenya,Africa,political-stability-conflict,Political stability and conflict,available,false,percentile,43/100 WGI percentile,43,World Bank Worldwide Governance Indicators,https://www.worldbank.org/en/publication/worldwide-governance-indicators,CC BY 4.0 — World Bank WGI,2024,2026-08-13T11:45:25.085Z,World Bank Worldwide Governance Indicators|https://www.worldbank.org/en/publication/worldwide-governance-indicators|checked-in-snapshot,"WGI is an institutional perception indicator, not a conflict event feed or a prediction of future violence."
KE,Kenya,Africa,beneficial-ownership,Beneficial ownership,available,false,register,Register accessible for due diligence,cdd-accessible,Open Ownership,https://www.openownership.org/en/map/,CC BY 4.0 (Open Ownership),2026-08-23T10:55:05.203Z,2026-08-23T10:55:05.203Z,Open Ownership|https://www.openownership.org/en/map/|checked-in-snapshot,"The Open Ownership map is a live-register snapshot and absence means no register was identified in that snapshot, not that no register exists."
LS,Lesotho,Africa,organised-crime,Organised crime,unavailable,false,,,,,,,,,United Nations Office on Drugs and Crime|https://dataunodc.un.org/|candidate-not-ingested,No reviewed country-level organised-crime dataset is currently checked in; no risk value is inferred.
LS,Lesotho,Africa,fraud-cybercrime,Fraud and cybercrime,unavailable,false,,,,,,,,,International Telecommunication Union|https://www.itu.int/en/ITU-D/Cybersecurity/Pages/global-cybersecurity-index.aspx|candidate-not-ingested,No reviewed country-level fraud or cybercrime dataset is currently checked in; no risk value is inferred.
LS,Lesotho,Africa,terrorism-proliferation,Terrorism and proliferation financing,unavailable,false,,,,,,,,,Financial Action Task Force|https://www.fatf-gafi.org/en/publications/mutualevaluations.html|candidate-not-ingested,No reviewed country-comparable terrorism/proliferation threat dataset is currently checked in; FATF listing status remains a separate overlay.
LS,Lesotho,Africa,trafficking,Trafficking,unavailable,false,,,,,,,,,United Nations Office on Drugs and Crime|https://dataunodc.un.org/|candidate-not-ingested,No reviewed country-level trafficking dataset is currently checked in; no risk value is inferred.
LS,Lesotho,Africa,financial-secrecy-offshore,Financial secrecy and offshore exposure,unavailable,false,,,,,,,,,OECD Global Forum on Transparency and Exchange of Information for Tax Purposes|https://www.oecd.org/tax/transparency/|candidate-not-ingested,"No reviewed, licence-clean financial-secrecy index is currently checked in; jurisdiction type alone is not used as a proxy."
LS,Lesotho,Africa,tax-cooperation,Tax cooperation,available,false,categorical,Not listed in EU Annex I,not-listed,Council of the European Union,https://www.consilium.europa.eu/en/policies/eu-list-of-non-cooperative-jurisdictions/,,2026-02-17,2026-02-17,"Council of the European Union|https://www.consilium.europa.eu/en/policies/eu-list-of-non-cooperative-jurisdictions/|checked-in-snapshot,OECD Global Forum on Transparency and Exchange of Information for Tax Purposes|https://www.oecd.org/tax/transparency/|candidate-not-ingested","Annex I is a political/legal tax-cooperation list, not a general AML, corruption, or country-risk score."
LS,Lesotho,Africa,political-stability-conflict,Political stability and conflict,available,false,percentile,61/100 WGI percentile,61,World Bank Worldwide Governance Indicators,https://www.worldbank.org/en/publication/worldwide-governance-indicators,CC BY 4.0 — World Bank WGI,2024,2026-08-13T11:45:25.085Z,World Bank Worldwide Governance Indicators|https://www.worldbank.org/en/publication/worldwide-governance-indicators|checked-in-snapshot,"WGI is an institutional perception indicator, not a conflict event feed or a prediction of future violence."
LS,Lesotho,Africa,beneficial-ownership,Beneficial ownership,unavailable,false,,,,,,,,,Open Ownership|https://www.openownership.org/en/map/|checked-in-snapshot,"The Open Ownership map is a live-register snapshot and absence means no register was identified in that snapshot, not that no register exists."
LR,Liberia,Africa,organised-crime,Organised crime,unavailable,false,,,,,,,,,United Nations Office on Drugs and Crime|https://dataunodc.un.org/|candidate-not-ingested,No reviewed country-level organised-crime dataset is currently checked in; no risk value is inferred.
LR,Liberia,Africa,fraud-cybercrime,Fraud and cybercrime,unavailable,false,,,,,,,,,International Telecommunication Union|https://www.itu.int/en/ITU-D/Cybersecurity/Pages/global-cybersecurity-index.aspx|candidate-not-ingested,No reviewed country-level fraud or cybercrime dataset is currently checked in; no risk value is inferred.
LR,Liberia,Africa,terrorism-proliferation,Terrorism and proliferation financing,unavailable,false,,,,,,,,,Financial Action Task Force|https://www.fatf-gafi.org/en/publications/mutualevaluations.html|candidate-not-ingested,No reviewed country-comparable terrorism/proliferation threat dataset is currently checked in; FATF listing status remains a separate overlay.
LR,Liberia,Africa,trafficking,Trafficking,unavailable,false,,,,,,,,,United Nations Office on Drugs and Crime|https://dataunodc.un.org/|candidate-not-ingested,No reviewed country-level trafficking dataset is currently checked in; no risk value is inferred.
LR,Liberia,Africa,financial-secrecy-offshore,Financial secrecy and offshore exposure,unavailable,false,,,,,,,,,OECD Global Forum on Transparency and Exchange of Information for Tax Purposes|https://www.oecd.org/tax/transparency/|candidate-not-ingested,"No reviewed, licence-clean financial-secrecy index is currently checked in; jurisdiction type alone is not used as a proxy."
LR,Liberia,Africa,tax-cooperation,Tax cooperation,available,false,categorical,Not listed in EU Annex I,not-listed,Council of the European Union,https://www.consilium.europa.eu/en/policies/eu-list-of-non-cooperative-jurisdictions/,,2026-02-17,2026-02-17,"Council of the European Union|https://www.consilium.europa.eu/en/policies/eu-list-of-non-cooperative-jurisdictions/|checked-in-snapshot,OECD Global Forum on Transparency and Exchange of Information for Tax Purposes|https://www.oecd.org/tax/transparency/|candidate-not-ingested","Annex I is a political/legal tax-cooperation list, not a general AML, corruption, or country-risk score."
LR,Liberia,Africa,political-stability-conflict,Political stability and conflict,available,false,percentile,62/100 WGI percentile,62,World Bank Worldwide Governance Indicators,https://www.worldbank.org/en/publication/worldwide-governance-indicators,CC BY 4.0 — World Bank WGI,2024,2026-08-13T11:45:25.085Z,World Bank Worldwide Governance Indicators|https://www.worldbank.org/en/publication/worldwide-governance-indicators|checked-in-snapshot,"WGI is an institutional perception indicator, not a conflict event feed or a prediction of future violence."
LR,Liberia,Africa,beneficial-ownership,Beneficial ownership,unavailable,false,,,,,,,,,Open Ownership|https://www.openownership.org/en/map/|checked-in-snapshot,"The Open Ownership map is a live-register snapshot and absence means no register was identified in that snapshot, not that no register exists."
LY,Libya,Africa,organised-crime,Organised crime,unavailable,false,,,,,,,,,United Nations Office on Drugs and Crime|https://dataunodc.un.org/|candidate-not-ingested,No reviewed country-level organised-crime dataset is currently checked in; no risk value is inferred.
LY,Libya,Africa,fraud-cybercrime,Fraud and cybercrime,unavailable,false,,,,,,,,,International Telecommunication Union|https://www.itu.int/en/ITU-D/Cybersecurity/Pages/global-cybersecurity-index.aspx|candidate-not-ingested,No reviewed country-level fraud or cybercrime dataset is currently checked in; no risk value is inferred.
LY,Libya,Africa,terrorism-proliferation,Terrorism and proliferation financing,unavailable,false,,,,,,,,,Financial Action Task Force|https://www.fatf-gafi.org/en/publications/mutualevaluations.html|candidate-not-ingested,No reviewed country-comparable terrorism/proliferation threat dataset is currently checked in; FATF listing status remains a separate overlay.
LY,Libya,Africa,trafficking,Trafficking,unavailable,false,,,,,,,,,United Nations Office on Drugs and Crime|https://dataunodc.un.org/|candidate-not-ingested,No reviewed country-level trafficking dataset is currently checked in; no risk value is inferred.
LY,Libya,Africa,financial-secrecy-offshore,Financial secrecy and offshore exposure,unavailable,false,,,,,,,,,OECD Global Forum on Transparency and Exchange of Information for Tax Purposes|https://www.oecd.org/tax/transparency/|candidate-not-ingested,"No reviewed, licence-clean financial-secrecy index is currently checked in; jurisdiction type alone is not used as a proxy."
LY,Libya,Africa,tax-cooperation,Tax cooperation,available,false,categorical,Not listed in EU Annex I,not-listed,Council of the European Union,https://www.consilium.europa.eu/en/policies/eu-list-of-non-cooperative-jurisdictions/,,2026-02-17,2026-02-17,"Council of the European Union|https://www.consilium.europa.eu/en/policies/eu-list-of-non-cooperative-jurisdictions/|checked-in-snapshot,OECD Global Forum on Transparency and Exchange of Information for Tax Purposes|https://www.oecd.org/tax/transparency/|candidate-not-ingested","Annex I is a political/legal tax-cooperation list, not a general AML, corruption, or country-risk score."
LY,Libya,Africa,political-stability-conflict,Political stability and conflict,available,false,percentile,33/100 WGI percentile,33,World Bank Worldwide Governance Indicators,https://www.worldbank.org/en/publication/worldwide-governance-indicators,CC BY 4.0 — World Bank WGI,2024,2026-08-13T11:45:25.085Z,World Bank Worldwide Governance Indicators|https://www.worldbank.org/en/publication/worldwide-governance-indicators|checked-in-snapshot,"WGI is an institutional perception indicator, not a conflict event feed or a prediction of future violence."
LY,Libya,Africa,beneficial-ownership,Beneficial ownership,unavailable,false,,,,,,,,,Open Ownership|https://www.openownership.org/en/map/|checked-in-snapshot,"The Open Ownership map is a live-register snapshot and absence means no register was identified in that snapshot, not that no register exists."
MG,Madagascar,Africa,organised-crime,Organised crime,unavailable,false,,,,,,,,,United Nations Office on Drugs and Crime|https://dataunodc.un.org/|candidate-not-ingested,No reviewed country-level organised-crime dataset is currently checked in; no risk value is inferred.
MG,Madagascar,Africa,fraud-cybercrime,Fraud and cybercrime,unavailable,false,,,,,,,,,International Telecommunication Union|https://www.itu.int/en/ITU-D/Cybersecurity/Pages/global-cybersecurity-index.aspx|candidate-not-ingested,No reviewed country-level fraud or cybercrime dataset is currently checked in; no risk value is inferred.
MG,Madagascar,Africa,terrorism-proliferation,Terrorism and proliferation financing,unavailable,false,,,,,,,,,Financial Action Task Force|https://www.fatf-gafi.org/en/publications/mutualevaluations.html|candidate-not-ingested,No reviewed country-comparable terrorism/proliferation threat dataset is currently checked in; FATF listing status remains a separate overlay.
MG,Madagascar,Africa,trafficking,Trafficking,unavailable,false,,,,,,,,,United Nations Office on Drugs and Crime|https://dataunodc.un.org/|candidate-not-ingested,No reviewed country-level trafficking dataset is currently checked in; no risk value is inferred.
MG,Madagascar,Africa,financial-secrecy-offshore,Financial secrecy and offshore exposure,unavailable,false,,,,,,,,,OECD Global Forum on Transparency and Exchange of Information for Tax Purposes|https://www.oecd.org/tax/transparency/|candidate-not-ingested,"No reviewed, licence-clean financial-secrecy index is currently checked in; jurisdiction type alone is not used as a proxy."
MG,Madagascar,Africa,tax-cooperation,Tax cooperation,available,false,categorical,Not listed in EU Annex I,not-listed,Council of the European Union,https://www.consilium.europa.eu/en/policies/eu-list-of-non-cooperative-jurisdictions/,,2026-02-17,2026-02-17,"Council of the European Union|https://www.consilium.europa.eu/en/policies/eu-list-of-non-cooperative-jurisdictions/|checked-in-snapshot,OECD Global Forum on Transparency and Exchange of Information for Tax Purposes|https://www.oecd.org/tax/transparency/|candidate-not-ingested","Annex I is a political/legal tax-cooperation list, not a general AML, corruption, or country-risk score."
MG,Madagascar,Africa,political-stability-conflict,Political stability and conflict,available,false,percentile,58/100 WGI percentile,58,World Bank Worldwide Governance Indicators,https://www.worldbank.org/en/publication/worldwide-governance-indicators,CC BY 4.0 — World Bank WGI,2024,2026-08-13T11:45:25.085Z,World Bank Worldwide Governance Indicators|https://www.worldbank.org/en/publication/worldwide-governance-indicators|checked-in-snapshot,"WGI is an institutional perception indicator, not a conflict event feed or a prediction of future violence."
MG,Madagascar,Africa,beneficial-ownership,Beneficial ownership,unavailable,false,,,,,,,,,Open Ownership|https://www.openownership.org/en/map/|checked-in-snapshot,"The Open Ownership map is a live-register snapshot and absence means no register was identified in that snapshot, not that no register exists."
MW,Malawi,Africa,organised-crime,Organised crime,unavailable,false,,,,,,,,,United Nations Office on Drugs and Crime|https://dataunodc.un.org/|candidate-not-ingested,No reviewed country-level organised-crime dataset is currently checked in; no risk value is inferred.
MW,Malawi,Africa,fraud-cybercrime,Fraud and cybercrime,unavailable,false,,,,,,,,,International Telecommunication Union|https://www.itu.int/en/ITU-D/Cybersecurity/Pages/global-cybersecurity-index.aspx|candidate-not-ingested,No reviewed country-level fraud or cybercrime dataset is currently checked in; no risk value is inferred.
MW,Malawi,Africa,terrorism-proliferation,Terrorism and proliferation financing,unavailable,false,,,,,,,,,Financial Action Task Force|https://www.fatf-gafi.org/en/publications/mutualevaluations.html|candidate-not-ingested,No reviewed country-comparable terrorism/proliferation threat dataset is currently checked in; FATF listing status remains a separate overlay.
MW,Malawi,Africa,trafficking,Trafficking,unavailable,false,,,,,,,,,United Nations Office on Drugs and Crime|https://dataunodc.un.org/|candidate-not-ingested,No reviewed country-level trafficking dataset is currently checked in; no risk value is inferred.
MW,Malawi,Africa,financial-secrecy-offshore,Financial secrecy and offshore exposure,unavailable,false,,,,,,,,,OECD Global Forum on Transparency and Exchange of Information for Tax Purposes|https://www.oecd.org/tax/transparency/|candidate-not-ingested,"No reviewed, licence-clean financial-secrecy index is currently checked in; jurisdiction type alone is not used as a proxy."
MW,Malawi,Africa,tax-cooperation,Tax cooperation,available,false,categorical,Not listed in EU Annex I,not-listed,Council of the European Union,https://www.consilium.europa.eu/en/policies/eu-list-of-non-cooperative-jurisdictions/,,2026-02-17,2026-02-17,"Council of the European Union|https://www.consilium.europa.eu/en/policies/eu-list-of-non-cooperative-jurisdictions/|checked-in-snapshot,OECD Global Forum on Transparency and Exchange of Information for Tax Purposes|https://www.oecd.org/tax/transparency/|candidate-not-ingested","Annex I is a political/legal tax-cooperation list, not a general AML, corruption, or country-risk score."
MW,Malawi,Africa,political-stability-conflict,Political stability and conflict,available,false,percentile,59/100 WGI percentile,59,World Bank Worldwide Governance Indicators,https://www.worldbank.org/en/publication/worldwide-governance-indicators,CC BY 4.0 — World Bank WGI,2024,2026-08-13T11:45:25.085Z,World Bank Worldwide Governance Indicators|https://www.worldbank.org/en/publication/worldwide-governance-indicators|checked-in-snapshot,"WGI is an institutional perception indicator, not a conflict event feed or a prediction of future violence."
MW,Malawi,Africa,beneficial-ownership,Beneficial ownership,available,false,register,Register accessible for due diligence,cdd-accessible,Open Ownership,https://www.openownership.org/en/map/,CC BY 4.0 (Open Ownership),2026-08-23T10:55:05.203Z,2026-08-23T10:55:05.203Z,Open Ownership|https://www.openownership.org/en/map/|checked-in-snapshot,"The Open Ownership map is a live-register snapshot and absence means no register was identified in that snapshot, not that no register exists."
ML,Mali,Africa,organised-crime,Organised crime,unavailable,false,,,,,,,,,United Nations Office on Drugs and Crime|https://dataunodc.un.org/|candidate-not-ingested,No reviewed country-level organised-crime dataset is currently checked in; no risk value is inferred.
ML,Mali,Africa,fraud-cybercrime,Fraud and cybercrime,unavailable,false,,,,,,,,,International Telecommunication Union|https://www.itu.int/en/ITU-D/Cybersecurity/Pages/global-cybersecurity-index.aspx|candidate-not-ingested,No reviewed country-level fraud or cybercrime dataset is currently checked in; no risk value is inferred.
ML,Mali,Africa,terrorism-proliferation,Terrorism and proliferation financing,unavailable,false,,,,,,,,,Financial Action Task Force|https://www.fatf-gafi.org/en/publications/mutualevaluations.html|candidate-not-ingested,No reviewed country-comparable terrorism/proliferation threat dataset is currently checked in; FATF listing status remains a separate overlay.
ML,Mali,Africa,trafficking,Trafficking,unavailable,false,,,,,,,,,United Nations Office on Drugs and Crime|https://dataunodc.un.org/|candidate-not-ingested,No reviewed country-level trafficking dataset is currently checked in; no risk value is inferred.
ML,Mali,Africa,financial-secrecy-offshore,Financial secrecy and offshore exposure,unavailable,false,,,,,,,,,OECD Global Forum on Transparency and Exchange of Information for Tax Purposes|https://www.oecd.org/tax/transparency/|candidate-not-ingested,"No reviewed, licence-clean financial-secrecy index is currently checked in; jurisdiction type alone is not used as a proxy."
ML,Mali,Africa,tax-cooperation,Tax cooperation,available,false,categorical,Not listed in EU Annex I,not-listed,Council of the European Union,https://www.consilium.europa.eu/en/policies/eu-list-of-non-cooperative-jurisdictions/,,2026-02-17,2026-02-17,"Council of the European Union|https://www.consilium.europa.eu/en/policies/eu-list-of-non-cooperative-jurisdictions/|checked-in-snapshot,OECD Global Forum on Transparency and Exchange of Information for Tax Purposes|https://www.oecd.org/tax/transparency/|candidate-not-ingested","Annex I is a political/legal tax-cooperation list, not a general AML, corruption, or country-risk score."
ML,Mali,Africa,political-stability-conflict,Political stability and conflict,available,false,percentile,23/100 WGI percentile,23,World Bank Worldwide Governance Indicators,https://www.worldbank.org/en/publication/worldwide-governance-indicators,CC BY 4.0 — World Bank WGI,2024,2026-08-13T11:45:25.085Z,World Bank Worldwide Governance Indicators|https://www.worldbank.org/en/publication/worldwide-governance-indicators|checked-in-snapshot,"WGI is an institutional perception indicator, not a conflict event feed or a prediction of future violence."
ML,Mali,Africa,beneficial-ownership,Beneficial ownership,unavailable,false,,,,,,,,,Open Ownership|https://www.openownership.org/en/map/|checked-in-snapshot,"The Open Ownership map is a live-register snapshot and absence means no register was identified in that snapshot, not that no register exists."
MR,Mauritania,Africa,organised-crime,Organised crime,unavailable,false,,,,,,,,,United Nations Office on Drugs and Crime|https://dataunodc.un.org/|candidate-not-ingested,No reviewed country-level organised-crime dataset is currently checked in; no risk value is inferred.
MR,Mauritania,Africa,fraud-cybercrime,Fraud and cybercrime,unavailable,false,,,,,,,,,International Telecommunication Union|https://www.itu.int/en/ITU-D/Cybersecurity/Pages/global-cybersecurity-index.aspx|candidate-not-ingested,No reviewed country-level fraud or cybercrime dataset is currently checked in; no risk value is inferred.
MR,Mauritania,Africa,terrorism-proliferation,Terrorism and proliferation financing,unavailable,false,,,,,,,,,Financial Action Task Force|https://www.fatf-gafi.org/en/publications/mutualevaluations.html|candidate-not-ingested,No reviewed country-comparable terrorism/proliferation threat dataset is currently checked in; FATF listing status remains a separate overlay.
MR,Mauritania,Africa,trafficking,Trafficking,unavailable,false,,,,,,,,,United Nations Office on Drugs and Crime|https://dataunodc.un.org/|candidate-not-ingested,No reviewed country-level trafficking dataset is currently checked in; no risk value is inferred.
MR,Mauritania,Africa,financial-secrecy-offshore,Financial secrecy and offshore exposure,unavailable,false,,,,,,,,,OECD Global Forum on Transparency and Exchange of Information for Tax Purposes|https://www.oecd.org/tax/transparency/|candidate-not-ingested,"No reviewed, licence-clean financial-secrecy index is currently checked in; jurisdiction type alone is not used as a proxy."
MR,Mauritania,Africa,tax-cooperation,Tax cooperation,available,false,categorical,Not listed in EU Annex I,not-listed,Council of the European Union,https://www.consilium.europa.eu/en/policies/eu-list-of-non-cooperative-jurisdictions/,,2026-02-17,2026-02-17,"Council of the European Union|https://www.consilium.europa.eu/en/policies/eu-list-of-non-cooperative-jurisdictions/|checked-in-snapshot,OECD Global Forum on Transparency and Exchange of Information for Tax Purposes|https://www.oecd.org/tax/transparency/|candidate-not-ingested","Annex I is a political/legal tax-cooperation list, not a general AML, corruption, or country-risk score."
MR,Mauritania,Africa,political-stability-conflict,Political stability and conflict,available,false,percentile,56/100 WGI percentile,56,World Bank Worldwide Governance Indicators,https://www.worldbank.org/en/publication/worldwide-governance-indicators,CC BY 4.0 — World Bank WGI,2024,2026-08-13T11:45:25.085Z,World Bank Worldwide Governance Indicators|https://www.worldbank.org/en/publication/worldwide-governance-indicators|checked-in-snapshot,"WGI is an institutional perception indicator, not a conflict event feed or a prediction of future violence."
MR,Mauritania,Africa,beneficial-ownership,Beneficial ownership,unavailable,false,,,,,,,,,Open Ownership|https://www.openownership.org/en/map/|checked-in-snapshot,"The Open Ownership map is a live-register snapshot and absence means no register was identified in that snapshot, not that no register exists."
MU,Mauritius,Africa,organised-crime,Organised crime,unavailable,false,,,,,,,,,United Nations Office on Drugs and Crime|https://dataunodc.un.org/|candidate-not-ingested,No reviewed country-level organised-crime dataset is currently checked in; no risk value is inferred.
MU,Mauritius,Africa,fraud-cybercrime,Fraud and cybercrime,unavailable,false,,,,,,,,,International Telecommunication Union|https://www.itu.int/en/ITU-D/Cybersecurity/Pages/global-cybersecurity-index.aspx|candidate-not-ingested,No reviewed country-level fraud or cybercrime dataset is currently checked in; no risk value is inferred.
MU,Mauritius,Africa,terrorism-proliferation,Terrorism and proliferation financing,unavailable,false,,,,,,,,,Financial Action Task Force|https://www.fatf-gafi.org/en/publications/mutualevaluations.html|candidate-not-ingested,No reviewed country-comparable terrorism/proliferation threat dataset is currently checked in; FATF listing status remains a separate overlay.
MU,Mauritius,Africa,trafficking,Trafficking,unavailable,false,,,,,,,,,United Nations Office on Drugs and Crime|https://dataunodc.un.org/|candidate-not-ingested,No reviewed country-level trafficking dataset is currently checked in; no risk value is inferred.
MU,Mauritius,Africa,financial-secrecy-offshore,Financial secrecy and offshore exposure,unavailable,false,,,,,,,,,OECD Global Forum on Transparency and Exchange of Information for Tax Purposes|https://www.oecd.org/tax/transparency/|candidate-not-ingested,"No reviewed, licence-clean financial-secrecy index is currently checked in; jurisdiction type alone is not used as a proxy."
MU,Mauritius,Africa,tax-cooperation,Tax cooperation,available,false,categorical,Not listed in EU Annex I,not-listed,Council of the European Union,https://www.consilium.europa.eu/en/policies/eu-list-of-non-cooperative-jurisdictions/,,2026-02-17,2026-02-17,"Council of the European Union|https://www.consilium.europa.eu/en/policies/eu-list-of-non-cooperative-jurisdictions/|checked-in-snapshot,OECD Global Forum on Transparency and Exchange of Information for Tax Purposes|https://www.oecd.org/tax/transparency/|candidate-not-ingested","Annex I is a political/legal tax-cooperation list, not a general AML, corruption, or country-risk score."
MU,Mauritius,Africa,political-stability-conflict,Political stability and conflict,available,false,percentile,79/100 WGI percentile,79,World Bank Worldwide Governance Indicators,https://www.worldbank.org/en/publication/worldwide-governance-indicators,CC BY 4.0 — World Bank WGI,2024,2026-08-13T11:45:25.085Z,World Bank Worldwide Governance Indicators|https://www.worldbank.org/en/publication/worldwide-governance-indicators|checked-in-snapshot,"WGI is an institutional perception indicator, not a conflict event feed or a prediction of future violence."
MU,Mauritius,Africa,beneficial-ownership,Beneficial ownership,available,false,register,Register restricted to authorities,authorities-only,Open Ownership,https://www.openownership.org/en/map/,CC BY 4.0 (Open Ownership),2026-08-23T10:55:05.203Z,2026-08-23T10:55:05.203Z,Open Ownership|https://www.openownership.org/en/map/|checked-in-snapshot,"The Open Ownership map is a live-register snapshot and absence means no register was identified in that snapshot, not that no register exists."
MA,Morocco,Africa,organised-crime,Organised crime,unavailable,false,,,,,,,,,United Nations Office on Drugs and Crime|https://dataunodc.un.org/|candidate-not-ingested,No reviewed country-level organised-crime dataset is currently checked in; no risk value is inferred.
MA,Morocco,Africa,fraud-cybercrime,Fraud and cybercrime,unavailable,false,,,,,,,,,International Telecommunication Union|https://www.itu.int/en/ITU-D/Cybersecurity/Pages/global-cybersecurity-index.aspx|candidate-not-ingested,No reviewed country-level fraud or cybercrime dataset is currently checked in; no risk value is inferred.
MA,Morocco,Africa,terrorism-proliferation,Terrorism and proliferation financing,unavailable,false,,,,,,,,,Financial Action Task Force|https://www.fatf-gafi.org/en/publications/mutualevaluations.html|candidate-not-ingested,No reviewed country-comparable terrorism/proliferation threat dataset is currently checked in; FATF listing status remains a separate overlay.
MA,Morocco,Africa,trafficking,Trafficking,unavailable,false,,,,,,,,,United Nations Office on Drugs and Crime|https://dataunodc.un.org/|candidate-not-ingested,No reviewed country-level trafficking dataset is currently checked in; no risk value is inferred.
MA,Morocco,Africa,financial-secrecy-offshore,Financial secrecy and offshore exposure,unavailable,false,,,,,,,,,OECD Global Forum on Transparency and Exchange of Information for Tax Purposes|https://www.oecd.org/tax/transparency/|candidate-not-ingested,"No reviewed, licence-clean financial-secrecy index is currently checked in; jurisdiction type alone is not used as a proxy."
MA,Morocco,Africa,tax-cooperation,Tax cooperation,available,false,categorical,Not listed in EU Annex I,not-listed,Council of the European Union,https://www.consilium.europa.eu/en/policies/eu-list-of-non-cooperative-jurisdictions/,,2026-02-17,2026-02-17,"Council of the European Union|https://www.consilium.europa.eu/en/policies/eu-list-of-non-cooperative-jurisdictions/|checked-in-snapshot,OECD Global Forum on Transparency and Exchange of Information for Tax Purposes|https://www.oecd.org/tax/transparency/|candidate-not-ingested","Annex I is a political/legal tax-cooperation list, not a general AML, corruption, or country-risk score."
MA,Morocco,Africa,political-stability-conflict,Political stability and conflict,available,false,percentile,58/100 WGI percentile,58,World Bank Worldwide Governance Indicators,https://www.worldbank.org/en/publication/worldwide-governance-indicators,CC BY 4.0 — World Bank WGI,2024,2026-08-13T11:45:25.085Z,World Bank Worldwide Governance Indicators|https://www.worldbank.org/en/publication/worldwide-governance-indicators|checked-in-snapshot,"WGI is an institutional perception indicator, not a conflict event feed or a prediction of future violence."
MA,Morocco,Africa,beneficial-ownership,Beneficial ownership,available,false,register,Register accessible for due diligence,cdd-accessible,Open Ownership,https://www.openownership.org/en/map/,CC BY 4.0 (Open Ownership),2026-08-23T10:55:05.203Z,2026-08-23T10:55:05.203Z,Open Ownership|https://www.openownership.org/en/map/|checked-in-snapshot,"The Open Ownership map is a live-register snapshot and absence means no register was identified in that snapshot, not that no register exists."
MZ,Mozambique,Africa,organised-crime,Organised crime,unavailable,false,,,,,,,,,United Nations Office on Drugs and Crime|https://dataunodc.un.org/|candidate-not-ingested,No reviewed country-level organised-crime dataset is currently checked in; no risk value is inferred.
MZ,Mozambique,Africa,fraud-cybercrime,Fraud and cybercrime,unavailable,false,,,,,,,,,International Telecommunication Union|https://www.itu.int/en/ITU-D/Cybersecurity/Pages/global-cybersecurity-index.aspx|candidate-not-ingested,No reviewed country-level fraud or cybercrime dataset is currently checked in; no risk value is inferred.
MZ,Mozambique,Africa,terrorism-proliferation,Terrorism and proliferation financing,unavailable,false,,,,,,,,,Financial Action Task Force|https://www.fatf-gafi.org/en/publications/mutualevaluations.html|candidate-not-ingested,No reviewed country-comparable terrorism/proliferation threat dataset is currently checked in; FATF listing status remains a separate overlay.
MZ,Mozambique,Africa,trafficking,Trafficking,unavailable,false,,,,,,,,,United Nations Office on Drugs and Crime|https://dataunodc.un.org/|candidate-not-ingested,No reviewed country-level trafficking dataset is currently checked in; no risk value is inferred.
MZ,Mozambique,Africa,financial-secrecy-offshore,Financial secrecy and offshore exposure,unavailable,false,,,,,,,,,OECD Global Forum on Transparency and Exchange of Information for Tax Purposes|https://www.oecd.org/tax/transparency/|candidate-not-ingested,"No reviewed, licence-clean financial-secrecy index is currently checked in; jurisdiction type alone is not used as a proxy."
MZ,Mozambique,Africa,tax-cooperation,Tax cooperation,available,false,categorical,Not listed in EU Annex I,not-listed,Council of the European Union,https://www.consilium.europa.eu/en/policies/eu-list-of-non-cooperative-jurisdictions/,,2026-02-17,2026-02-17,"Council of the European Union|https://www.consilium.europa.eu/en/policies/eu-list-of-non-cooperative-jurisdictions/|checked-in-snapshot,OECD Global Forum on Transparency and Exchange of Information for Tax Purposes|https://www.oecd.org/tax/transparency/|candidate-not-ingested","Annex I is a political/legal tax-cooperation list, not a general AML, corruption, or country-risk score."
MZ,Mozambique,Africa,political-stability-conflict,Political stability and conflict,available,false,percentile,36/100 WGI percentile,36,World Bank Worldwide Governance Indicators,https://www.worldbank.org/en/publication/worldwide-governance-indicators,CC BY 4.0 — World Bank WGI,2024,2026-08-13T11:45:25.085Z,World Bank Worldwide Governance Indicators|https://www.worldbank.org/en/publication/worldwide-governance-indicators|checked-in-snapshot,"WGI is an institutional perception indicator, not a conflict event feed or a prediction of future violence."
MZ,Mozambique,Africa,beneficial-ownership,Beneficial ownership,unavailable,false,,,,,,,,,Open Ownership|https://www.openownership.org/en/map/|checked-in-snapshot,"The Open Ownership map is a live-register snapshot and absence means no register was identified in that snapshot, not that no register exists."
NA,Namibia,Africa,organised-crime,Organised crime,unavailable,false,,,,,,,,,United Nations Office on Drugs and Crime|https://dataunodc.un.org/|candidate-not-ingested,No reviewed country-level organised-crime dataset is currently checked in; no risk value is inferred.
NA,Namibia,Africa,fraud-cybercrime,Fraud and cybercrime,unavailable,false,,,,,,,,,International Telecommunication Union|https://www.itu.int/en/ITU-D/Cybersecurity/Pages/global-cybersecurity-index.aspx|candidate-not-ingested,No reviewed country-level fraud or cybercrime dataset is currently checked in; no risk value is inferred.
NA,Namibia,Africa,terrorism-proliferation,Terrorism and proliferation financing,unavailable,false,,,,,,,,,Financial Action Task Force|https://www.fatf-gafi.org/en/publications/mutualevaluations.html|candidate-not-ingested,No reviewed country-comparable terrorism/proliferation threat dataset is currently checked in; FATF listing status remains a separate overlay.
NA,Namibia,Africa,trafficking,Trafficking,unavailable,false,,,,,,,,,United Nations Office on Drugs and Crime|https://dataunodc.un.org/|candidate-not-ingested,No reviewed country-level trafficking dataset is currently checked in; no risk value is inferred.
NA,Namibia,Africa,financial-secrecy-offshore,Financial secrecy and offshore exposure,unavailable,false,,,,,,,,,OECD Global Forum on Transparency and Exchange of Information for Tax Purposes|https://www.oecd.org/tax/transparency/|candidate-not-ingested,"No reviewed, licence-clean financial-secrecy index is currently checked in; jurisdiction type alone is not used as a proxy."
NA,Namibia,Africa,tax-cooperation,Tax cooperation,available,false,categorical,Not listed in EU Annex I,not-listed,Council of the European Union,https://www.consilium.europa.eu/en/policies/eu-list-of-non-cooperative-jurisdictions/,,2026-02-17,2026-02-17,"Council of the European Union|https://www.consilium.europa.eu/en/policies/eu-list-of-non-cooperative-jurisdictions/|checked-in-snapshot,OECD Global Forum on Transparency and Exchange of Information for Tax Purposes|https://www.oecd.org/tax/transparency/|candidate-not-ingested","Annex I is a political/legal tax-cooperation list, not a general AML, corruption, or country-risk score."
NA,Namibia,Africa,political-stability-conflict,Political stability and conflict,available,false,percentile,75/100 WGI percentile,75,World Bank Worldwide Governance Indicators,https://www.worldbank.org/en/publication/worldwide-governance-indicators,CC BY 4.0 — World Bank WGI,2024,2026-08-13T11:45:25.085Z,World Bank Worldwide Governance Indicators|https://www.worldbank.org/en/publication/worldwide-governance-indicators|checked-in-snapshot,"WGI is an institutional perception indicator, not a conflict event feed or a prediction of future violence."
NA,Namibia,Africa,beneficial-ownership,Beneficial ownership,available,false,register,Register accessible for due diligence,cdd-accessible,Open Ownership,https://www.openownership.org/en/map/,CC BY 4.0 (Open Ownership),2026-08-23T10:55:05.203Z,2026-08-23T10:55:05.203Z,Open Ownership|https://www.openownership.org/en/map/|checked-in-snapshot,"The Open Ownership map is a live-register snapshot and absence means no register was identified in that snapshot, not that no register exists."
NE,Niger,Africa,organised-crime,Organised crime,unavailable,false,,,,,,,,,United Nations Office on Drugs and Crime|https://dataunodc.un.org/|candidate-not-ingested,No reviewed country-level organised-crime dataset is currently checked in; no risk value is inferred.
NE,Niger,Africa,fraud-cybercrime,Fraud and cybercrime,unavailable,false,,,,,,,,,International Telecommunication Union|https://www.itu.int/en/ITU-D/Cybersecurity/Pages/global-cybersecurity-index.aspx|candidate-not-ingested,No reviewed country-level fraud or cybercrime dataset is currently checked in; no risk value is inferred.
NE,Niger,Africa,terrorism-proliferation,Terrorism and proliferation financing,unavailable,false,,,,,,,,,Financial Action Task Force|https://www.fatf-gafi.org/en/publications/mutualevaluations.html|candidate-not-ingested,No reviewed country-comparable terrorism/proliferation threat dataset is currently checked in; FATF listing status remains a separate overlay.
NE,Niger,Africa,trafficking,Trafficking,unavailable,false,,,,,,,,,United Nations Office on Drugs and Crime|https://dataunodc.un.org/|candidate-not-ingested,No reviewed country-level trafficking dataset is currently checked in; no risk value is inferred.
NE,Niger,Africa,financial-secrecy-offshore,Financial secrecy and offshore exposure,unavailable,false,,,,,,,,,OECD Global Forum on Transparency and Exchange of Information for Tax Purposes|https://www.oecd.org/tax/transparency/|candidate-not-ingested,"No reviewed, licence-clean financial-secrecy index is currently checked in; jurisdiction type alone is not used as a proxy."
NE,Niger,Africa,tax-cooperation,Tax cooperation,available,false,categorical,Not listed in EU Annex I,not-listed,Council of the European Union,https://www.consilium.europa.eu/en/policies/eu-list-of-non-cooperative-jurisdictions/,,2026-02-17,2026-02-17,"Council of the European Union|https://www.consilium.europa.eu/en/policies/eu-list-of-non-cooperative-jurisdictions/|checked-in-snapshot,OECD Global Forum on Transparency and Exchange of Information for Tax Purposes|https://www.oecd.org/tax/transparency/|candidate-not-ingested","Annex I is a political/legal tax-cooperation list, not a general AML, corruption, or country-risk score."
NE,Niger,Africa,political-stability-conflict,Political stability and conflict,available,false,percentile,36/100 WGI percentile,36,World Bank Worldwide Governance Indicators,https://www.worldbank.org/en/publication/worldwide-governance-indicators,CC BY 4.0 — World Bank WGI,2024,2026-08-13T11:45:25.085Z,World Bank Worldwide Governance Indicators|https://www.worldbank.org/en/publication/worldwide-governance-indicators|checked-in-snapshot,"WGI is an institutional perception indicator, not a conflict event feed or a prediction of future violence."
NE,Niger,Africa,beneficial-ownership,Beneficial ownership,unavailable,false,,,,,,,,,Open Ownership|https://www.openownership.org/en/map/|checked-in-snapshot,"The Open Ownership map is a live-register snapshot and absence means no register was identified in that snapshot, not that no register exists."
NG,Nigeria,Africa,organised-crime,Organised crime,unavailable,false,,,,,,,,,United Nations Office on Drugs and Crime|https://dataunodc.un.org/|candidate-not-ingested,No reviewed country-level organised-crime dataset is currently checked in; no risk value is inferred.
NG,Nigeria,Africa,fraud-cybercrime,Fraud and cybercrime,unavailable,false,,,,,,,,,International Telecommunication Union|https://www.itu.int/en/ITU-D/Cybersecurity/Pages/global-cybersecurity-index.aspx|candidate-not-ingested,No reviewed country-level fraud or cybercrime dataset is currently checked in; no risk value is inferred.
NG,Nigeria,Africa,terrorism-proliferation,Terrorism and proliferation financing,unavailable,false,,,,,,,,,Financial Action Task Force|https://www.fatf-gafi.org/en/publications/mutualevaluations.html|candidate-not-ingested,No reviewed country-comparable terrorism/proliferation threat dataset is currently checked in; FATF listing status remains a separate overlay.
NG,Nigeria,Africa,trafficking,Trafficking,unavailable,false,,,,,,,,,United Nations Office on Drugs and Crime|https://dataunodc.un.org/|candidate-not-ingested,No reviewed country-level trafficking dataset is currently checked in; no risk value is inferred.
NG,Nigeria,Africa,financial-secrecy-offshore,Financial secrecy and offshore exposure,unavailable,false,,,,,,,,,OECD Global Forum on Transparency and Exchange of Information for Tax Purposes|https://www.oecd.org/tax/transparency/|candidate-not-ingested,"No reviewed, licence-clean financial-secrecy index is currently checked in; jurisdiction type alone is not used as a proxy."
NG,Nigeria,Africa,tax-cooperation,Tax cooperation,available,false,categorical,Not listed in EU Annex I,not-listed,Council of the European Union,https://www.consilium.europa.eu/en/policies/eu-list-of-non-cooperative-jurisdictions/,,2026-02-17,2026-02-17,"Council of the European Union|https://www.consilium.europa.eu/en/policies/eu-list-of-non-cooperative-jurisdictions/|checked-in-snapshot,OECD Global Forum on Transparency and Exchange of Information for Tax Purposes|https://www.oecd.org/tax/transparency/|candidate-not-ingested","Annex I is a political/legal tax-cooperation list, not a general AML, corruption, or country-risk score."
NG,Nigeria,Africa,political-stability-conflict,Political stability and conflict,available,false,percentile,32/100 WGI percentile,32,World Bank Worldwide Governance Indicators,https://www.worldbank.org/en/publication/worldwide-governance-indicators,CC BY 4.0 — World Bank WGI,2024,2026-08-13T11:45:25.085Z,World Bank Worldwide Governance Indicators|https://www.worldbank.org/en/publication/worldwide-governance-indicators|checked-in-snapshot,"WGI is an institutional perception indicator, not a conflict event feed or a prediction of future violence."
NG,Nigeria,Africa,beneficial-ownership,Beneficial ownership,available,false,register,Register accessible for due diligence,cdd-accessible,Open Ownership,https://www.openownership.org/en/map/,CC BY 4.0 (Open Ownership),2026-08-23T10:55:05.203Z,2026-08-23T10:55:05.203Z,Open Ownership|https://www.openownership.org/en/map/|checked-in-snapshot,"The Open Ownership map is a live-register snapshot and absence means no register was identified in that snapshot, not that no register exists."
RW,Rwanda,Africa,organised-crime,Organised crime,unavailable,false,,,,,,,,,United Nations Office on Drugs and Crime|https://dataunodc.un.org/|candidate-not-ingested,No reviewed country-level organised-crime dataset is currently checked in; no risk value is inferred.
RW,Rwanda,Africa,fraud-cybercrime,Fraud and cybercrime,unavailable,false,,,,,,,,,International Telecommunication Union|https://www.itu.int/en/ITU-D/Cybersecurity/Pages/global-cybersecurity-index.aspx|candidate-not-ingested,No reviewed country-level fraud or cybercrime dataset is currently checked in; no risk value is inferred.
RW,Rwanda,Africa,terrorism-proliferation,Terrorism and proliferation financing,unavailable,false,,,,,,,,,Financial Action Task Force|https://www.fatf-gafi.org/en/publications/mutualevaluations.html|candidate-not-ingested,No reviewed country-comparable terrorism/proliferation threat dataset is currently checked in; FATF listing status remains a separate overlay.
RW,Rwanda,Africa,trafficking,Trafficking,unavailable,false,,,,,,,,,United Nations Office on Drugs and Crime|https://dataunodc.un.org/|candidate-not-ingested,No reviewed country-level trafficking dataset is currently checked in; no risk value is inferred.
RW,Rwanda,Africa,financial-secrecy-offshore,Financial secrecy and offshore exposure,unavailable,false,,,,,,,,,OECD Global Forum on Transparency and Exchange of Information for Tax Purposes|https://www.oecd.org/tax/transparency/|candidate-not-ingested,"No reviewed, licence-clean financial-secrecy index is currently checked in; jurisdiction type alone is not used as a proxy."
RW,Rwanda,Africa,tax-cooperation,Tax cooperation,available,false,categorical,Not listed in EU Annex I,not-listed,Council of the European Union,https://www.consilium.europa.eu/en/policies/eu-list-of-non-cooperative-jurisdictions/,,2026-02-17,2026-02-17,"Council of the European Union|https://www.consilium.europa.eu/en/policies/eu-list-of-non-cooperative-jurisdictions/|checked-in-snapshot,OECD Global Forum on Transparency and Exchange of Information for Tax Purposes|https://www.oecd.org/tax/transparency/|candidate-not-ingested","Annex I is a political/legal tax-cooperation list, not a general AML, corruption, or country-risk score."
RW,Rwanda,Africa,political-stability-conflict,Political stability and conflict,available,false,percentile,65/100 WGI percentile,65,World Bank Worldwide Governance Indicators,https://www.worldbank.org/en/publication/worldwide-governance-indicators,CC BY 4.0 — World Bank WGI,2024,2026-08-13T11:45:25.085Z,World Bank Worldwide Governance Indicators|https://www.worldbank.org/en/publication/worldwide-governance-indicators|checked-in-snapshot,"WGI is an institutional perception indicator, not a conflict event feed or a prediction of future violence."
RW,Rwanda,Africa,beneficial-ownership,Beneficial ownership,available,false,register,Register restricted to authorities,authorities-only,Open Ownership,https://www.openownership.org/en/map/,CC BY 4.0 (Open Ownership),2026-08-23T10:55:05.203Z,2026-08-23T10:55:05.203Z,Open Ownership|https://www.openownership.org/en/map/|checked-in-snapshot,"The Open Ownership map is a live-register snapshot and absence means no register was identified in that snapshot, not that no register exists."
ST,São Tomé and Príncipe,Africa,organised-crime,Organised crime,unavailable,false,,,,,,,,,United Nations Office on Drugs and Crime|https://dataunodc.un.org/|candidate-not-ingested,No reviewed country-level organised-crime dataset is currently checked in; no risk value is inferred.
ST,São Tomé and Príncipe,Africa,fraud-cybercrime,Fraud and cybercrime,unavailable,false,,,,,,,,,International Telecommunication Union|https://www.itu.int/en/ITU-D/Cybersecurity/Pages/global-cybersecurity-index.aspx|candidate-not-ingested,No reviewed country-level fraud or cybercrime dataset is currently checked in; no risk value is inferred.
ST,São Tomé and Príncipe,Africa,terrorism-proliferation,Terrorism and proliferation financing,unavailable,false,,,,,,,,,Financial Action Task Force|https://www.fatf-gafi.org/en/publications/mutualevaluations.html|candidate-not-ingested,No reviewed country-comparable terrorism/proliferation threat dataset is currently checked in; FATF listing status remains a separate overlay.
ST,São Tomé and Príncipe,Africa,trafficking,Trafficking,unavailable,false,,,,,,,,,United Nations Office on Drugs and Crime|https://dataunodc.un.org/|candidate-not-ingested,No reviewed country-level trafficking dataset is currently checked in; no risk value is inferred.
ST,São Tomé and Príncipe,Africa,financial-secrecy-offshore,Financial secrecy and offshore exposure,unavailable,false,,,,,,,,,OECD Global Forum on Transparency and Exchange of Information for Tax Purposes|https://www.oecd.org/tax/transparency/|candidate-not-ingested,"No reviewed, licence-clean financial-secrecy index is currently checked in; jurisdiction type alone is not used as a proxy."
ST,São Tomé and Príncipe,Africa,tax-cooperation,Tax cooperation,available,false,categorical,Not listed in EU Annex I,not-listed,Council of the European Union,https://www.consilium.europa.eu/en/policies/eu-list-of-non-cooperative-jurisdictions/,,2026-02-17,2026-02-17,"Council of the European Union|https://www.consilium.europa.eu/en/policies/eu-list-of-non-cooperative-jurisdictions/|checked-in-snapshot,OECD Global Forum on Transparency and Exchange of Information for Tax Purposes|https://www.oecd.org/tax/transparency/|candidate-not-ingested","Annex I is a political/legal tax-cooperation list, not a general AML, corruption, or country-risk score."
ST,São Tomé and Príncipe,Africa,political-stability-conflict,Political stability and conflict,available,false,percentile,74/100 WGI percentile,74,World Bank Worldwide Governance Indicators,https://www.worldbank.org/en/publication/worldwide-governance-indicators,CC BY 4.0 — World Bank WGI,2024,2026-08-13T11:45:25.085Z,World Bank Worldwide Governance Indicators|https://www.worldbank.org/en/publication/worldwide-governance-indicators|checked-in-snapshot,"WGI is an institutional perception indicator, not a conflict event feed or a prediction of future violence."
ST,São Tomé and Príncipe,Africa,beneficial-ownership,Beneficial ownership,unavailable,false,,,,,,,,,Open Ownership|https://www.openownership.org/en/map/|checked-in-snapshot,"The Open Ownership map is a live-register snapshot and absence means no register was identified in that snapshot, not that no register exists."
SN,Senegal,Africa,organised-crime,Organised crime,unavailable,false,,,,,,,,,United Nations Office on Drugs and Crime|https://dataunodc.un.org/|candidate-not-ingested,No reviewed country-level organised-crime dataset is currently checked in; no risk value is inferred.
SN,Senegal,Africa,fraud-cybercrime,Fraud and cybercrime,unavailable,false,,,,,,,,,International Telecommunication Union|https://www.itu.int/en/ITU-D/Cybersecurity/Pages/global-cybersecurity-index.aspx|candidate-not-ingested,No reviewed country-level fraud or cybercrime dataset is currently checked in; no risk value is inferred.
SN,Senegal,Africa,terrorism-proliferation,Terrorism and proliferation financing,unavailable,false,,,,,,,,,Financial Action Task Force|https://www.fatf-gafi.org/en/publications/mutualevaluations.html|candidate-not-ingested,No reviewed country-comparable terrorism/proliferation threat dataset is currently checked in; FATF listing status remains a separate overlay.
SN,Senegal,Africa,trafficking,Trafficking,unavailable,false,,,,,,,,,United Nations Office on Drugs and Crime|https://dataunodc.un.org/|candidate-not-ingested,No reviewed country-level trafficking dataset is currently checked in; no risk value is inferred.
SN,Senegal,Africa,financial-secrecy-offshore,Financial secrecy and offshore exposure,unavailable,false,,,,,,,,,OECD Global Forum on Transparency and Exchange of Information for Tax Purposes|https://www.oecd.org/tax/transparency/|candidate-not-ingested,"No reviewed, licence-clean financial-secrecy index is currently checked in; jurisdiction type alone is not used as a proxy."
SN,Senegal,Africa,tax-cooperation,Tax cooperation,available,false,categorical,Not listed in EU Annex I,not-listed,Council of the European Union,https://www.consilium.europa.eu/en/policies/eu-list-of-non-cooperative-jurisdictions/,,2026-02-17,2026-02-17,"Council of the European Union|https://www.consilium.europa.eu/en/policies/eu-list-of-non-cooperative-jurisdictions/|checked-in-snapshot,OECD Global Forum on Transparency and Exchange of Information for Tax Purposes|https://www.oecd.org/tax/transparency/|candidate-not-ingested","Annex I is a political/legal tax-cooperation list, not a general AML, corruption, or country-risk score."
SN,Senegal,Africa,political-stability-conflict,Political stability and conflict,available,false,percentile,62/100 WGI percentile,62,World Bank Worldwide Governance Indicators,https://www.worldbank.org/en/publication/worldwide-governance-indicators,CC BY 4.0 — World Bank WGI,2024,2026-08-13T11:45:25.085Z,World Bank Worldwide Governance Indicators|https://www.worldbank.org/en/publication/worldwide-governance-indicators|checked-in-snapshot,"WGI is an institutional perception indicator, not a conflict event feed or a prediction of future violence."
SN,Senegal,Africa,beneficial-ownership,Beneficial ownership,available,false,register,Register accessible for due diligence,cdd-accessible,Open Ownership,https://www.openownership.org/en/map/,CC BY 4.0 (Open Ownership),2026-08-23T10:55:05.203Z,2026-08-23T10:55:05.203Z,Open Ownership|https://www.openownership.org/en/map/|checked-in-snapshot,"The Open Ownership map is a live-register snapshot and absence means no register was identified in that snapshot, not that no register exists."
SC,Seychelles,Africa,organised-crime,Organised crime,unavailable,false,,,,,,,,,United Nations Office on Drugs and Crime|https://dataunodc.un.org/|candidate-not-ingested,No reviewed country-level organised-crime dataset is currently checked in; no risk value is inferred.
SC,Seychelles,Africa,fraud-cybercrime,Fraud and cybercrime,unavailable,false,,,,,,,,,International Telecommunication Union|https://www.itu.int/en/ITU-D/Cybersecurity/Pages/global-cybersecurity-index.aspx|candidate-not-ingested,No reviewed country-level fraud or cybercrime dataset is currently checked in; no risk value is inferred.
SC,Seychelles,Africa,terrorism-proliferation,Terrorism and proliferation financing,unavailable,false,,,,,,,,,Financial Action Task Force|https://www.fatf-gafi.org/en/publications/mutualevaluations.html|candidate-not-ingested,No reviewed country-comparable terrorism/proliferation threat dataset is currently checked in; FATF listing status remains a separate overlay.
SC,Seychelles,Africa,trafficking,Trafficking,unavailable,false,,,,,,,,,United Nations Office on Drugs and Crime|https://dataunodc.un.org/|candidate-not-ingested,No reviewed country-level trafficking dataset is currently checked in; no risk value is inferred.
SC,Seychelles,Africa,financial-secrecy-offshore,Financial secrecy and offshore exposure,unavailable,false,,,,,,,,,OECD Global Forum on Transparency and Exchange of Information for Tax Purposes|https://www.oecd.org/tax/transparency/|candidate-not-ingested,"No reviewed, licence-clean financial-secrecy index is currently checked in; jurisdiction type alone is not used as a proxy."
SC,Seychelles,Africa,tax-cooperation,Tax cooperation,available,false,categorical,Not listed in EU Annex I,not-listed,Council of the European Union,https://www.consilium.europa.eu/en/policies/eu-list-of-non-cooperative-jurisdictions/,,2026-02-17,2026-02-17,"Council of the European Union|https://www.consilium.europa.eu/en/policies/eu-list-of-non-cooperative-jurisdictions/|checked-in-snapshot,OECD Global Forum on Transparency and Exchange of Information for Tax Purposes|https://www.oecd.org/tax/transparency/|candidate-not-ingested","Annex I is a political/legal tax-cooperation list, not a general AML, corruption, or country-risk score."
SC,Seychelles,Africa,political-stability-conflict,Political stability and conflict,available,false,percentile,82/100 WGI percentile,82,World Bank Worldwide Governance Indicators,https://www.worldbank.org/en/publication/worldwide-governance-indicators,CC BY 4.0 — World Bank WGI,2024,2026-08-13T11:45:25.085Z,World Bank Worldwide Governance Indicators|https://www.worldbank.org/en/publication/worldwide-governance-indicators|checked-in-snapshot,"WGI is an institutional perception indicator, not a conflict event feed or a prediction of future violence."
SC,Seychelles,Africa,beneficial-ownership,Beneficial ownership,available,false,register,Register accessible for due diligence,cdd-accessible,Open Ownership,https://www.openownership.org/en/map/,CC BY 4.0 (Open Ownership),2026-08-23T10:55:05.203Z,2026-08-23T10:55:05.203Z,Open Ownership|https://www.openownership.org/en/map/|checked-in-snapshot,"The Open Ownership map is a live-register snapshot and absence means no register was identified in that snapshot, not that no register exists."
SL,Sierra Leone,Africa,organised-crime,Organised crime,unavailable,false,,,,,,,,,United Nations Office on Drugs and Crime|https://dataunodc.un.org/|candidate-not-ingested,No reviewed country-level organised-crime dataset is currently checked in; no risk value is inferred.
SL,Sierra Leone,Africa,fraud-cybercrime,Fraud and cybercrime,unavailable,false,,,,,,,,,International Telecommunication Union|https://www.itu.int/en/ITU-D/Cybersecurity/Pages/global-cybersecurity-index.aspx|candidate-not-ingested,No reviewed country-level fraud or cybercrime dataset is currently checked in; no risk value is inferred.
SL,Sierra Leone,Africa,terrorism-proliferation,Terrorism and proliferation financing,unavailable,false,,,,,,,,,Financial Action Task Force|https://www.fatf-gafi.org/en/publications/mutualevaluations.html|candidate-not-ingested,No reviewed country-comparable terrorism/proliferation threat dataset is currently checked in; FATF listing status remains a separate overlay.
SL,Sierra Leone,Africa,trafficking,Trafficking,unavailable,false,,,,,,,,,United Nations Office on Drugs and Crime|https://dataunodc.un.org/|candidate-not-ingested,No reviewed country-level trafficking dataset is currently checked in; no risk value is inferred.
SL,Sierra Leone,Africa,financial-secrecy-offshore,Financial secrecy and offshore exposure,unavailable,false,,,,,,,,,OECD Global Forum on Transparency and Exchange of Information for Tax Purposes|https://www.oecd.org/tax/transparency/|candidate-not-ingested,"No reviewed, licence-clean financial-secrecy index is currently checked in; jurisdiction type alone is not used as a proxy."
SL,Sierra Leone,Africa,tax-cooperation,Tax cooperation,available,false,categorical,Not listed in EU Annex I,not-listed,Council of the European Union,https://www.consilium.europa.eu/en/policies/eu-list-of-non-cooperative-jurisdictions/,,2026-02-17,2026-02-17,"Council of the European Union|https://www.consilium.europa.eu/en/policies/eu-list-of-non-cooperative-jurisdictions/|checked-in-snapshot,OECD Global Forum on Transparency and Exchange of Information for Tax Purposes|https://www.oecd.org/tax/transparency/|candidate-not-ingested","Annex I is a political/legal tax-cooperation list, not a general AML, corruption, or country-risk score."
SL,Sierra Leone,Africa,political-stability-conflict,Political stability and conflict,available,false,percentile,58/100 WGI percentile,58,World Bank Worldwide Governance Indicators,https://www.worldbank.org/en/publication/worldwide-governance-indicators,CC BY 4.0 — World Bank WGI,2024,2026-08-13T11:45:25.085Z,World Bank Worldwide Governance Indicators|https://www.worldbank.org/en/publication/worldwide-governance-indicators|checked-in-snapshot,"WGI is an institutional perception indicator, not a conflict event feed or a prediction of future violence."
SL,Sierra Leone,Africa,beneficial-ownership,Beneficial ownership,unavailable,false,,,,,,,,,Open Ownership|https://www.openownership.org/en/map/|checked-in-snapshot,"The Open Ownership map is a live-register snapshot and absence means no register was identified in that snapshot, not that no register exists."
SO,Somalia,Africa,organised-crime,Organised crime,unavailable,false,,,,,,,,,United Nations Office on Drugs and Crime|https://dataunodc.un.org/|candidate-not-ingested,No reviewed country-level organised-crime dataset is currently checked in; no risk value is inferred.
SO,Somalia,Africa,fraud-cybercrime,Fraud and cybercrime,unavailable,false,,,,,,,,,International Telecommunication Union|https://www.itu.int/en/ITU-D/Cybersecurity/Pages/global-cybersecurity-index.aspx|candidate-not-ingested,No reviewed country-level fraud or cybercrime dataset is currently checked in; no risk value is inferred.
SO,Somalia,Africa,terrorism-proliferation,Terrorism and proliferation financing,unavailable,false,,,,,,,,,Financial Action Task Force|https://www.fatf-gafi.org/en/publications/mutualevaluations.html|candidate-not-ingested,No reviewed country-comparable terrorism/proliferation threat dataset is currently checked in; FATF listing status remains a separate overlay.
SO,Somalia,Africa,trafficking,Trafficking,unavailable,false,,,,,,,,,United Nations Office on Drugs and Crime|https://dataunodc.un.org/|candidate-not-ingested,No reviewed country-level trafficking dataset is currently checked in; no risk value is inferred.
SO,Somalia,Africa,financial-secrecy-offshore,Financial secrecy and offshore exposure,unavailable,false,,,,,,,,,OECD Global Forum on Transparency and Exchange of Information for Tax Purposes|https://www.oecd.org/tax/transparency/|candidate-not-ingested,"No reviewed, licence-clean financial-secrecy index is currently checked in; jurisdiction type alone is not used as a proxy."
SO,Somalia,Africa,tax-cooperation,Tax cooperation,available,false,categorical,Not listed in EU Annex I,not-listed,Council of the European Union,https://www.consilium.europa.eu/en/policies/eu-list-of-non-cooperative-jurisdictions/,,2026-02-17,2026-02-17,"Council of the European Union|https://www.consilium.europa.eu/en/policies/eu-list-of-non-cooperative-jurisdictions/|checked-in-snapshot,OECD Global Forum on Transparency and Exchange of Information for Tax Purposes|https://www.oecd.org/tax/transparency/|candidate-not-ingested","Annex I is a political/legal tax-cooperation list, not a general AML, corruption, or country-risk score."
SO,Somalia,Africa,political-stability-conflict,Political stability and conflict,available,false,percentile,27/100 WGI percentile,27,World Bank Worldwide Governance Indicators,https://www.worldbank.org/en/publication/worldwide-governance-indicators,CC BY 4.0 — World Bank WGI,2024,2026-08-13T11:45:25.085Z,World Bank Worldwide Governance Indicators|https://www.worldbank.org/en/publication/worldwide-governance-indicators|checked-in-snapshot,"WGI is an institutional perception indicator, not a conflict event feed or a prediction of future violence."
SO,Somalia,Africa,beneficial-ownership,Beneficial ownership,unavailable,false,,,,,,,,,Open Ownership|https://www.openownership.org/en/map/|checked-in-snapshot,"The Open Ownership map is a live-register snapshot and absence means no register was identified in that snapshot, not that no register exists."
ZA,South Africa,Africa,organised-crime,Organised crime,unavailable,false,,,,,,,,,United Nations Office on Drugs and Crime|https://dataunodc.un.org/|candidate-not-ingested,No reviewed country-level organised-crime dataset is currently checked in; no risk value is inferred.
ZA,South Africa,Africa,fraud-cybercrime,Fraud and cybercrime,unavailable,false,,,,,,,,,International Telecommunication Union|https://www.itu.int/en/ITU-D/Cybersecurity/Pages/global-cybersecurity-index.aspx|candidate-not-ingested,No reviewed country-level fraud or cybercrime dataset is currently checked in; no risk value is inferred.
ZA,South Africa,Africa,terrorism-proliferation,Terrorism and proliferation financing,unavailable,false,,,,,,,,,Financial Action Task Force|https://www.fatf-gafi.org/en/publications/mutualevaluations.html|candidate-not-ingested,No reviewed country-comparable terrorism/proliferation threat dataset is currently checked in; FATF listing status remains a separate overlay.
ZA,South Africa,Africa,trafficking,Trafficking,unavailable,false,,,,,,,,,United Nations Office on Drugs and Crime|https://dataunodc.un.org/|candidate-not-ingested,No reviewed country-level trafficking dataset is currently checked in; no risk value is inferred.
ZA,South Africa,Africa,financial-secrecy-offshore,Financial secrecy and offshore exposure,unavailable,false,,,,,,,,,OECD Global Forum on Transparency and Exchange of Information for Tax Purposes|https://www.oecd.org/tax/transparency/|candidate-not-ingested,"No reviewed, licence-clean financial-secrecy index is currently checked in; jurisdiction type alone is not used as a proxy."
ZA,South Africa,Africa,tax-cooperation,Tax cooperation,available,false,categorical,Not listed in EU Annex I,not-listed,Council of the European Union,https://www.consilium.europa.eu/en/policies/eu-list-of-non-cooperative-jurisdictions/,,2026-02-17,2026-02-17,"Council of the European Union|https://www.consilium.europa.eu/en/policies/eu-list-of-non-cooperative-jurisdictions/|checked-in-snapshot,OECD Global Forum on Transparency and Exchange of Information for Tax Purposes|https://www.oecd.org/tax/transparency/|candidate-not-ingested","Annex I is a political/legal tax-cooperation list, not a general AML, corruption, or country-risk score."
ZA,South Africa,Africa,political-stability-conflict,Political stability and conflict,available,false,percentile,55/100 WGI percentile,55,World Bank Worldwide Governance Indicators,https://www.worldbank.org/en/publication/worldwide-governance-indicators,CC BY 4.0 — World Bank WGI,2024,2026-08-13T11:45:25.085Z,World Bank Worldwide Governance Indicators|https://www.worldbank.org/en/publication/worldwide-governance-indicators|checked-in-snapshot,"WGI is an institutional perception indicator, not a conflict event feed or a prediction of future violence."
ZA,South Africa,Africa,beneficial-ownership,Beneficial ownership,available,false,register,Register accessible for due diligence,cdd-accessible,Open Ownership,https://www.openownership.org/en/map/,CC BY 4.0 (Open Ownership),2026-08-23T10:55:05.203Z,2026-08-23T10:55:05.203Z,Open Ownership|https://www.openownership.org/en/map/|checked-in-snapshot,"The Open Ownership map is a live-register snapshot and absence means no register was identified in that snapshot, not that no register exists."
SS,South Sudan,Africa,organised-crime,Organised crime,unavailable,false,,,,,,,,,United Nations Office on Drugs and Crime|https://dataunodc.un.org/|candidate-not-ingested,No reviewed country-level organised-crime dataset is currently checked in; no risk value is inferred.
SS,South Sudan,Africa,fraud-cybercrime,Fraud and cybercrime,unavailable,false,,,,,,,,,International Telecommunication Union|https://www.itu.int/en/ITU-D/Cybersecurity/Pages/global-cybersecurity-index.aspx|candidate-not-ingested,No reviewed country-level fraud or cybercrime dataset is currently checked in; no risk value is inferred.
SS,South Sudan,Africa,terrorism-proliferation,Terrorism and proliferation financing,unavailable,false,,,,,,,,,Financial Action Task Force|https://www.fatf-gafi.org/en/publications/mutualevaluations.html|candidate-not-ingested,No reviewed country-comparable terrorism/proliferation threat dataset is currently checked in; FATF listing status remains a separate overlay.
SS,South Sudan,Africa,trafficking,Trafficking,unavailable,false,,,,,,,,,United Nations Office on Drugs and Crime|https://dataunodc.un.org/|candidate-not-ingested,No reviewed country-level trafficking dataset is currently checked in; no risk value is inferred.
SS,South Sudan,Africa,financial-secrecy-offshore,Financial secrecy and offshore exposure,unavailable,false,,,,,,,,,OECD Global Forum on Transparency and Exchange of Information for Tax Purposes|https://www.oecd.org/tax/transparency/|candidate-not-ingested,"No reviewed, licence-clean financial-secrecy index is currently checked in; jurisdiction type alone is not used as a proxy."
SS,South Sudan,Africa,tax-cooperation,Tax cooperation,available,false,categorical,Not listed in EU Annex I,not-listed,Council of the European Union,https://www.consilium.europa.eu/en/policies/eu-list-of-non-cooperative-jurisdictions/,,2026-02-17,2026-02-17,"Council of the European Union|https://www.consilium.europa.eu/en/policies/eu-list-of-non-cooperative-jurisdictions/|checked-in-snapshot,OECD Global Forum on Transparency and Exchange of Information for Tax Purposes|https://www.oecd.org/tax/transparency/|candidate-not-ingested","Annex I is a political/legal tax-cooperation list, not a general AML, corruption, or country-risk score."
SS,South Sudan,Africa,political-stability-conflict,Political stability and conflict,available,false,percentile,40/100 WGI percentile,40,World Bank Worldwide Governance Indicators,https://www.worldbank.org/en/publication/worldwide-governance-indicators,CC BY 4.0 — World Bank WGI,2024,2026-08-13T11:45:25.085Z,World Bank Worldwide Governance Indicators|https://www.worldbank.org/en/publication/worldwide-governance-indicators|checked-in-snapshot,"WGI is an institutional perception indicator, not a conflict event feed or a prediction of future violence."
SS,South Sudan,Africa,beneficial-ownership,Beneficial ownership,unavailable,false,,,,,,,,,Open Ownership|https://www.openownership.org/en/map/|checked-in-snapshot,"The Open Ownership map is a live-register snapshot and absence means no register was identified in that snapshot, not that no register exists."
SD,Sudan,Africa,organised-crime,Organised crime,unavailable,false,,,,,,,,,United Nations Office on Drugs and Crime|https://dataunodc.un.org/|candidate-not-ingested,No reviewed country-level organised-crime dataset is currently checked in; no risk value is inferred.
SD,Sudan,Africa,fraud-cybercrime,Fraud and cybercrime,unavailable,false,,,,,,,,,International Telecommunication Union|https://www.itu.int/en/ITU-D/Cybersecurity/Pages/global-cybersecurity-index.aspx|candidate-not-ingested,No reviewed country-level fraud or cybercrime dataset is currently checked in; no risk value is inferred.
SD,Sudan,Africa,terrorism-proliferation,Terrorism and proliferation financing,unavailable,false,,,,,,,,,Financial Action Task Force|https://www.fatf-gafi.org/en/publications/mutualevaluations.html|candidate-not-ingested,No reviewed country-comparable terrorism/proliferation threat dataset is currently checked in; FATF listing status remains a separate overlay.
SD,Sudan,Africa,trafficking,Trafficking,unavailable,false,,,,,,,,,United Nations Office on Drugs and Crime|https://dataunodc.un.org/|candidate-not-ingested,No reviewed country-level trafficking dataset is currently checked in; no risk value is inferred.
SD,Sudan,Africa,financial-secrecy-offshore,Financial secrecy and offshore exposure,unavailable,false,,,,,,,,,OECD Global Forum on Transparency and Exchange of Information for Tax Purposes|https://www.oecd.org/tax/transparency/|candidate-not-ingested,"No reviewed, licence-clean financial-secrecy index is currently checked in; jurisdiction type alone is not used as a proxy."
SD,Sudan,Africa,tax-cooperation,Tax cooperation,available,false,categorical,Not listed in EU Annex I,not-listed,Council of the European Union,https://www.consilium.europa.eu/en/policies/eu-list-of-non-cooperative-jurisdictions/,,2026-02-17,2026-02-17,"Council of the European Union|https://www.consilium.europa.eu/en/policies/eu-list-of-non-cooperative-jurisdictions/|checked-in-snapshot,OECD Global Forum on Transparency and Exchange of Information for Tax Purposes|https://www.oecd.org/tax/transparency/|candidate-not-ingested","Annex I is a political/legal tax-cooperation list, not a general AML, corruption, or country-risk score."
SD,Sudan,Africa,political-stability-conflict,Political stability and conflict,available,false,percentile,31/100 WGI percentile,31,World Bank Worldwide Governance Indicators,https://www.worldbank.org/en/publication/worldwide-governance-indicators,CC BY 4.0 — World Bank WGI,2024,2026-08-13T11:45:25.085Z,World Bank Worldwide Governance Indicators|https://www.worldbank.org/en/publication/worldwide-governance-indicators|checked-in-snapshot,"WGI is an institutional perception indicator, not a conflict event feed or a prediction of future violence."
SD,Sudan,Africa,beneficial-ownership,Beneficial ownership,unavailable,false,,,,,,,,,Open Ownership|https://www.openownership.org/en/map/|checked-in-snapshot,"The Open Ownership map is a live-register snapshot and absence means no register was identified in that snapshot, not that no register exists."
TZ,Tanzania,Africa,organised-crime,Organised crime,unavailable,false,,,,,,,,,United Nations Office on Drugs and Crime|https://dataunodc.un.org/|candidate-not-ingested,No reviewed country-level organised-crime dataset is currently checked in; no risk value is inferred.
TZ,Tanzania,Africa,fraud-cybercrime,Fraud and cybercrime,unavailable,false,,,,,,,,,International Telecommunication Union|https://www.itu.int/en/ITU-D/Cybersecurity/Pages/global-cybersecurity-index.aspx|candidate-not-ingested,No reviewed country-level fraud or cybercrime dataset is currently checked in; no risk value is inferred.
TZ,Tanzania,Africa,terrorism-proliferation,Terrorism and proliferation financing,unavailable,false,,,,,,,,,Financial Action Task Force|https://www.fatf-gafi.org/en/publications/mutualevaluations.html|candidate-not-ingested,No reviewed country-comparable terrorism/proliferation threat dataset is currently checked in; FATF listing status remains a separate overlay.
TZ,Tanzania,Africa,trafficking,Trafficking,unavailable,false,,,,,,,,,United Nations Office on Drugs and Crime|https://dataunodc.un.org/|candidate-not-ingested,No reviewed country-level trafficking dataset is currently checked in; no risk value is inferred.
TZ,Tanzania,Africa,financial-secrecy-offshore,Financial secrecy and offshore exposure,unavailable,false,,,,,,,,,OECD Global Forum on Transparency and Exchange of Information for Tax Purposes|https://www.oecd.org/tax/transparency/|candidate-not-ingested,"No reviewed, licence-clean financial-secrecy index is currently checked in; jurisdiction type alone is not used as a proxy."
TZ,Tanzania,Africa,tax-cooperation,Tax cooperation,available,false,categorical,Not listed in EU Annex I,not-listed,Council of the European Union,https://www.consilium.europa.eu/en/policies/eu-list-of-non-cooperative-jurisdictions/,,2026-02-17,2026-02-17,"Council of the European Union|https://www.consilium.europa.eu/en/policies/eu-list-of-non-cooperative-jurisdictions/|checked-in-snapshot,OECD Global Forum on Transparency and Exchange of Information for Tax Purposes|https://www.oecd.org/tax/transparency/|candidate-not-ingested","Annex I is a political/legal tax-cooperation list, not a general AML, corruption, or country-risk score."
TZ,Tanzania,Africa,political-stability-conflict,Political stability and conflict,available,false,percentile,59/100 WGI percentile,59,World Bank Worldwide Governance Indicators,https://www.worldbank.org/en/publication/worldwide-governance-indicators,CC BY 4.0 — World Bank WGI,2024,2026-08-13T11:45:25.085Z,World Bank Worldwide Governance Indicators|https://www.worldbank.org/en/publication/worldwide-governance-indicators|checked-in-snapshot,"WGI is an institutional perception indicator, not a conflict event feed or a prediction of future violence."
TZ,Tanzania,Africa,beneficial-ownership,Beneficial ownership,available,false,register,Register restricted to authorities,authorities-only,Open Ownership,https://www.openownership.org/en/map/,CC BY 4.0 (Open Ownership),2026-08-23T10:55:05.203Z,2026-08-23T10:55:05.203Z,Open Ownership|https://www.openownership.org/en/map/|checked-in-snapshot,"The Open Ownership map is a live-register snapshot and absence means no register was identified in that snapshot, not that no register exists."
TG,Togo,Africa,organised-crime,Organised crime,unavailable,false,,,,,,,,,United Nations Office on Drugs and Crime|https://dataunodc.un.org/|candidate-not-ingested,No reviewed country-level organised-crime dataset is currently checked in; no risk value is inferred.
TG,Togo,Africa,fraud-cybercrime,Fraud and cybercrime,unavailable,false,,,,,,,,,International Telecommunication Union|https://www.itu.int/en/ITU-D/Cybersecurity/Pages/global-cybersecurity-index.aspx|candidate-not-ingested,No reviewed country-level fraud or cybercrime dataset is currently checked in; no risk value is inferred.
TG,Togo,Africa,terrorism-proliferation,Terrorism and proliferation financing,unavailable,false,,,,,,,,,Financial Action Task Force|https://www.fatf-gafi.org/en/publications/mutualevaluations.html|candidate-not-ingested,No reviewed country-comparable terrorism/proliferation threat dataset is currently checked in; FATF listing status remains a separate overlay.
TG,Togo,Africa,trafficking,Trafficking,unavailable,false,,,,,,,,,United Nations Office on Drugs and Crime|https://dataunodc.un.org/|candidate-not-ingested,No reviewed country-level trafficking dataset is currently checked in; no risk value is inferred.
TG,Togo,Africa,financial-secrecy-offshore,Financial secrecy and offshore exposure,unavailable,false,,,,,,,,,OECD Global Forum on Transparency and Exchange of Information for Tax Purposes|https://www.oecd.org/tax/transparency/|candidate-not-ingested,"No reviewed, licence-clean financial-secrecy index is currently checked in; jurisdiction type alone is not used as a proxy."
TG,Togo,Africa,tax-cooperation,Tax cooperation,available,false,categorical,Not listed in EU Annex I,not-listed,Council of the European Union,https://www.consilium.europa.eu/en/policies/eu-list-of-non-cooperative-jurisdictions/,,2026-02-17,2026-02-17,"Council of the European Union|https://www.consilium.europa.eu/en/policies/eu-list-of-non-cooperative-jurisdictions/|checked-in-snapshot,OECD Global Forum on Transparency and Exchange of Information for Tax Purposes|https://www.oecd.org/tax/transparency/|candidate-not-ingested","Annex I is a political/legal tax-cooperation list, not a general AML, corruption, or country-risk score."
TG,Togo,Africa,political-stability-conflict,Political stability and conflict,available,false,percentile,52/100 WGI percentile,52,World Bank Worldwide Governance Indicators,https://www.worldbank.org/en/publication/worldwide-governance-indicators,CC BY 4.0 — World Bank WGI,2024,2026-08-13T11:45:25.085Z,World Bank Worldwide Governance Indicators|https://www.worldbank.org/en/publication/worldwide-governance-indicators|checked-in-snapshot,"WGI is an institutional perception indicator, not a conflict event feed or a prediction of future violence."
TG,Togo,Africa,beneficial-ownership,Beneficial ownership,unavailable,false,,,,,,,,,Open Ownership|https://www.openownership.org/en/map/|checked-in-snapshot,"The Open Ownership map is a live-register snapshot and absence means no register was identified in that snapshot, not that no register exists."
TN,Tunisia,Africa,organised-crime,Organised crime,unavailable,false,,,,,,,,,United Nations Office on Drugs and Crime|https://dataunodc.un.org/|candidate-not-ingested,No reviewed country-level organised-crime dataset is currently checked in; no risk value is inferred.
TN,Tunisia,Africa,fraud-cybercrime,Fraud and cybercrime,unavailable,false,,,,,,,,,International Telecommunication Union|https://www.itu.int/en/ITU-D/Cybersecurity/Pages/global-cybersecurity-index.aspx|candidate-not-ingested,No reviewed country-level fraud or cybercrime dataset is currently checked in; no risk value is inferred.
TN,Tunisia,Africa,terrorism-proliferation,Terrorism and proliferation financing,unavailable,false,,,,,,,,,Financial Action Task Force|https://www.fatf-gafi.org/en/publications/mutualevaluations.html|candidate-not-ingested,No reviewed country-comparable terrorism/proliferation threat dataset is currently checked in; FATF listing status remains a separate overlay.
TN,Tunisia,Africa,trafficking,Trafficking,unavailable,false,,,,,,,,,United Nations Office on Drugs and Crime|https://dataunodc.un.org/|candidate-not-ingested,No reviewed country-level trafficking dataset is currently checked in; no risk value is inferred.
TN,Tunisia,Africa,financial-secrecy-offshore,Financial secrecy and offshore exposure,unavailable,false,,,,,,,,,OECD Global Forum on Transparency and Exchange of Information for Tax Purposes|https://www.oecd.org/tax/transparency/|candidate-not-ingested,"No reviewed, licence-clean financial-secrecy index is currently checked in; jurisdiction type alone is not used as a proxy."
TN,Tunisia,Africa,tax-cooperation,Tax cooperation,available,false,categorical,Not listed in EU Annex I,not-listed,Council of the European Union,https://www.consilium.europa.eu/en/policies/eu-list-of-non-cooperative-jurisdictions/,,2026-02-17,2026-02-17,"Council of the European Union|https://www.consilium.europa.eu/en/policies/eu-list-of-non-cooperative-jurisdictions/|checked-in-snapshot,OECD Global Forum on Transparency and Exchange of Information for Tax Purposes|https://www.oecd.org/tax/transparency/|candidate-not-ingested","Annex I is a political/legal tax-cooperation list, not a general AML, corruption, or country-risk score."
TN,Tunisia,Africa,political-stability-conflict,Political stability and conflict,available,false,percentile,50/100 WGI percentile,50,World Bank Worldwide Governance Indicators,https://www.worldbank.org/en/publication/worldwide-governance-indicators,CC BY 4.0 — World Bank WGI,2024,2026-08-13T11:45:25.085Z,World Bank Worldwide Governance Indicators|https://www.worldbank.org/en/publication/worldwide-governance-indicators|checked-in-snapshot,"WGI is an institutional perception indicator, not a conflict event feed or a prediction of future violence."
TN,Tunisia,Africa,beneficial-ownership,Beneficial ownership,unavailable,false,,,,,,,,,Open Ownership|https://www.openownership.org/en/map/|checked-in-snapshot,"The Open Ownership map is a live-register snapshot and absence means no register was identified in that snapshot, not that no register exists."
UG,Uganda,Africa,organised-crime,Organised crime,unavailable,false,,,,,,,,,United Nations Office on Drugs and Crime|https://dataunodc.un.org/|candidate-not-ingested,No reviewed country-level organised-crime dataset is currently checked in; no risk value is inferred.
UG,Uganda,Africa,fraud-cybercrime,Fraud and cybercrime,unavailable,false,,,,,,,,,International Telecommunication Union|https://www.itu.int/en/ITU-D/Cybersecurity/Pages/global-cybersecurity-index.aspx|candidate-not-ingested,No reviewed country-level fraud or cybercrime dataset is currently checked in; no risk value is inferred.
UG,Uganda,Africa,terrorism-proliferation,Terrorism and proliferation financing,unavailable,false,,,,,,,,,Financial Action Task Force|https://www.fatf-gafi.org/en/publications/mutualevaluations.html|candidate-not-ingested,No reviewed country-comparable terrorism/proliferation threat dataset is currently checked in; FATF listing status remains a separate overlay.
UG,Uganda,Africa,trafficking,Trafficking,unavailable,false,,,,,,,,,United Nations Office on Drugs and Crime|https://dataunodc.un.org/|candidate-not-ingested,No reviewed country-level trafficking dataset is currently checked in; no risk value is inferred.
UG,Uganda,Africa,financial-secrecy-offshore,Financial secrecy and offshore exposure,unavailable,false,,,,,,,,,OECD Global Forum on Transparency and Exchange of Information for Tax Purposes|https://www.oecd.org/tax/transparency/|candidate-not-ingested,"No reviewed, licence-clean financial-secrecy index is currently checked in; jurisdiction type alone is not used as a proxy."
UG,Uganda,Africa,tax-cooperation,Tax cooperation,available,false,categorical,Not listed in EU Annex I,not-listed,Council of the European Union,https://www.consilium.europa.eu/en/policies/eu-list-of-non-cooperative-jurisdictions/,,2026-02-17,2026-02-17,"Council of the European Union|https://www.consilium.europa.eu/en/policies/eu-list-of-non-cooperative-jurisdictions/|checked-in-snapshot,OECD Global Forum on Transparency and Exchange of Information for Tax Purposes|https://www.oecd.org/tax/transparency/|candidate-not-ingested","Annex I is a political/legal tax-cooperation list, not a general AML, corruption, or country-risk score."
UG,Uganda,Africa,political-stability-conflict,Political stability and conflict,available,false,percentile,48/100 WGI percentile,48,World Bank Worldwide Governance Indicators,https://www.worldbank.org/en/publication/worldwide-governance-indicators,CC BY 4.0 — World Bank WGI,2024,2026-08-13T11:45:25.085Z,World Bank Worldwide Governance Indicators|https://www.worldbank.org/en/publication/worldwide-governance-indicators|checked-in-snapshot,"WGI is an institutional perception indicator, not a conflict event feed or a prediction of future violence."
UG,Uganda,Africa,beneficial-ownership,Beneficial ownership,unavailable,false,,,,,,,,,Open Ownership|https://www.openownership.org/en/map/|checked-in-snapshot,"The Open Ownership map is a live-register snapshot and absence means no register was identified in that snapshot, not that no register exists."
ZM,Zambia,Africa,organised-crime,Organised crime,unavailable,false,,,,,,,,,United Nations Office on Drugs and Crime|https://dataunodc.un.org/|candidate-not-ingested,No reviewed country-level organised-crime dataset is currently checked in; no risk value is inferred.
ZM,Zambia,Africa,fraud-cybercrime,Fraud and cybercrime,unavailable,false,,,,,,,,,International Telecommunication Union|https://www.itu.int/en/ITU-D/Cybersecurity/Pages/global-cybersecurity-index.aspx|candidate-not-ingested,No reviewed country-level fraud or cybercrime dataset is currently checked in; no risk value is inferred.
ZM,Zambia,Africa,terrorism-proliferation,Terrorism and proliferation financing,unavailable,false,,,,,,,,,Financial Action Task Force|https://www.fatf-gafi.org/en/publications/mutualevaluations.html|candidate-not-ingested,No reviewed country-comparable terrorism/proliferation threat dataset is currently checked in; FATF listing status remains a separate overlay.
ZM,Zambia,Africa,trafficking,Trafficking,unavailable,false,,,,,,,,,United Nations Office on Drugs and Crime|https://dataunodc.un.org/|candidate-not-ingested,No reviewed country-level trafficking dataset is currently checked in; no risk value is inferred.
ZM,Zambia,Africa,financial-secrecy-offshore,Financial secrecy and offshore exposure,unavailable,false,,,,,,,,,OECD Global Forum on Transparency and Exchange of Information for Tax Purposes|https://www.oecd.org/tax/transparency/|candidate-not-ingested,"No reviewed, licence-clean financial-secrecy index is currently checked in; jurisdiction type alone is not used as a proxy."
ZM,Zambia,Africa,tax-cooperation,Tax cooperation,available,false,categorical,Not listed in EU Annex I,not-listed,Council of the European Union,https://www.consilium.europa.eu/en/policies/eu-list-of-non-cooperative-jurisdictions/,,2026-02-17,2026-02-17,"Council of the European Union|https://www.consilium.europa.eu/en/policies/eu-list-of-non-cooperative-jurisdictions/|checked-in-snapshot,OECD Global Forum on Transparency and Exchange of Information for Tax Purposes|https://www.oecd.org/tax/transparency/|candidate-not-ingested","Annex I is a political/legal tax-cooperation list, not a general AML, corruption, or country-risk score."
ZM,Zambia,Africa,political-stability-conflict,Political stability and conflict,available,false,percentile,64/100 WGI percentile,64,World Bank Worldwide Governance Indicators,https://www.worldbank.org/en/publication/worldwide-governance-indicators,CC BY 4.0 — World Bank WGI,2024,2026-08-13T11:45:25.085Z,World Bank Worldwide Governance Indicators|https://www.worldbank.org/en/publication/worldwide-governance-indicators|checked-in-snapshot,"WGI is an institutional perception indicator, not a conflict event feed or a prediction of future violence."
ZM,Zambia,Africa,beneficial-ownership,Beneficial ownership,available,false,register,Register accessible for due diligence,cdd-accessible,Open Ownership,https://www.openownership.org/en/map/,CC BY 4.0 (Open Ownership),2026-08-23T10:55:05.203Z,2026-08-23T10:55:05.203Z,Open Ownership|https://www.openownership.org/en/map/|checked-in-snapshot,"The Open Ownership map is a live-register snapshot and absence means no register was identified in that snapshot, not that no register exists."
ZW,Zimbabwe,Africa,organised-crime,Organised crime,unavailable,false,,,,,,,,,United Nations Office on Drugs and Crime|https://dataunodc.un.org/|candidate-not-ingested,No reviewed country-level organised-crime dataset is currently checked in; no risk value is inferred.
ZW,Zimbabwe,Africa,fraud-cybercrime,Fraud and cybercrime,unavailable,false,,,,,,,,,International Telecommunication Union|https://www.itu.int/en/ITU-D/Cybersecurity/Pages/global-cybersecurity-index.aspx|candidate-not-ingested,No reviewed country-level fraud or cybercrime dataset is currently checked in; no risk value is inferred.
ZW,Zimbabwe,Africa,terrorism-proliferation,Terrorism and proliferation financing,unavailable,false,,,,,,,,,Financial Action Task Force|https://www.fatf-gafi.org/en/publications/mutualevaluations.html|candidate-not-ingested,No reviewed country-comparable terrorism/proliferation threat dataset is currently checked in; FATF listing status remains a separate overlay.
ZW,Zimbabwe,Africa,trafficking,Trafficking,unavailable,false,,,,,,,,,United Nations Office on Drugs and Crime|https://dataunodc.un.org/|candidate-not-ingested,No reviewed country-level trafficking dataset is currently checked in; no risk value is inferred.
ZW,Zimbabwe,Africa,financial-secrecy-offshore,Financial secrecy and offshore exposure,unavailable,false,,,,,,,,,OECD Global Forum on Transparency and Exchange of Information for Tax Purposes|https://www.oecd.org/tax/transparency/|candidate-not-ingested,"No reviewed, licence-clean financial-secrecy index is currently checked in; jurisdiction type alone is not used as a proxy."
ZW,Zimbabwe,Africa,tax-cooperation,Tax cooperation,available,false,categorical,Not listed in EU Annex I,not-listed,Council of the European Union,https://www.consilium.europa.eu/en/policies/eu-list-of-non-cooperative-jurisdictions/,,2026-02-17,2026-02-17,"Council of the European Union|https://www.consilium.europa.eu/en/policies/eu-list-of-non-cooperative-jurisdictions/|checked-in-snapshot,OECD Global Forum on Transparency and Exchange of Information for Tax Purposes|https://www.oecd.org/tax/transparency/|candidate-not-ingested","Annex I is a political/legal tax-cooperation list, not a general AML, corruption, or country-risk score."
ZW,Zimbabwe,Africa,political-stability-conflict,Political stability and conflict,available,false,percentile,49/100 WGI percentile,49,World Bank Worldwide Governance Indicators,https://www.worldbank.org/en/publication/worldwide-governance-indicators,CC BY 4.0 — World Bank WGI,2024,2026-08-13T11:45:25.085Z,World Bank Worldwide Governance Indicators|https://www.worldbank.org/en/publication/worldwide-governance-indicators|checked-in-snapshot,"WGI is an institutional perception indicator, not a conflict event feed or a prediction of future violence."
ZW,Zimbabwe,Africa,beneficial-ownership,Beneficial ownership,unavailable,false,,,,,,,,,Open Ownership|https://www.openownership.org/en/map/|checked-in-snapshot,"The Open Ownership map is a live-register snapshot and absence means no register was identified in that snapshot, not that no register exists."
AR,Argentina,Americas,organised-crime,Organised crime,unavailable,false,,,,,,,,,United Nations Office on Drugs and Crime|https://dataunodc.un.org/|candidate-not-ingested,No reviewed country-level organised-crime dataset is currently checked in; no risk value is inferred.
AR,Argentina,Americas,fraud-cybercrime,Fraud and cybercrime,unavailable,false,,,,,,,,,International Telecommunication Union|https://www.itu.int/en/ITU-D/Cybersecurity/Pages/global-cybersecurity-index.aspx|candidate-not-ingested,No reviewed country-level fraud or cybercrime dataset is currently checked in; no risk value is inferred.
AR,Argentina,Americas,terrorism-proliferation,Terrorism and proliferation financing,unavailable,false,,,,,,,,,Financial Action Task Force|https://www.fatf-gafi.org/en/publications/mutualevaluations.html|candidate-not-ingested,No reviewed country-comparable terrorism/proliferation threat dataset is currently checked in; FATF listing status remains a separate overlay.
AR,Argentina,Americas,trafficking,Trafficking,unavailable,false,,,,,,,,,United Nations Office on Drugs and Crime|https://dataunodc.un.org/|candidate-not-ingested,No reviewed country-level trafficking dataset is currently checked in; no risk value is inferred.
AR,Argentina,Americas,financial-secrecy-offshore,Financial secrecy and offshore exposure,unavailable,false,,,,,,,,,OECD Global Forum on Transparency and Exchange of Information for Tax Purposes|https://www.oecd.org/tax/transparency/|candidate-not-ingested,"No reviewed, licence-clean financial-secrecy index is currently checked in; jurisdiction type alone is not used as a proxy."
AR,Argentina,Americas,tax-cooperation,Tax cooperation,available,false,categorical,Not listed in EU Annex I,not-listed,Council of the European Union,https://www.consilium.europa.eu/en/policies/eu-list-of-non-cooperative-jurisdictions/,,2026-02-17,2026-02-17,"Council of the European Union|https://www.consilium.europa.eu/en/policies/eu-list-of-non-cooperative-jurisdictions/|checked-in-snapshot,OECD Global Forum on Transparency and Exchange of Information for Tax Purposes|https://www.oecd.org/tax/transparency/|candidate-not-ingested","Annex I is a political/legal tax-cooperation list, not a general AML, corruption, or country-risk score."
AR,Argentina,Americas,political-stability-conflict,Political stability and conflict,available,false,percentile,63/100 WGI percentile,63,World Bank Worldwide Governance Indicators,https://www.worldbank.org/en/publication/worldwide-governance-indicators,CC BY 4.0 — World Bank WGI,2024,2026-08-13T11:45:25.085Z,World Bank Worldwide Governance Indicators|https://www.worldbank.org/en/publication/worldwide-governance-indicators|checked-in-snapshot,"WGI is an institutional perception indicator, not a conflict event feed or a prediction of future violence."
AR,Argentina,Americas,beneficial-ownership,Beneficial ownership,available,false,register,Register restricted to authorities,authorities-only,Open Ownership,https://www.openownership.org/en/map/,CC BY 4.0 (Open Ownership),2026-08-23T10:55:05.203Z,2026-08-23T10:55:05.203Z,Open Ownership|https://www.openownership.org/en/map/|checked-in-snapshot,"The Open Ownership map is a live-register snapshot and absence means no register was identified in that snapshot, not that no register exists."
BZ,Belize,Americas,organised-crime,Organised crime,unavailable,false,,,,,,,,,United Nations Office on Drugs and Crime|https://dataunodc.un.org/|candidate-not-ingested,No reviewed country-level organised-crime dataset is currently checked in; no risk value is inferred.
BZ,Belize,Americas,fraud-cybercrime,Fraud and cybercrime,unavailable,false,,,,,,,,,International Telecommunication Union|https://www.itu.int/en/ITU-D/Cybersecurity/Pages/global-cybersecurity-index.aspx|candidate-not-ingested,No reviewed country-level fraud or cybercrime dataset is currently checked in; no risk value is inferred.
BZ,Belize,Americas,terrorism-proliferation,Terrorism and proliferation financing,unavailable,false,,,,,,,,,Financial Action Task Force|https://www.fatf-gafi.org/en/publications/mutualevaluations.html|candidate-not-ingested,No reviewed country-comparable terrorism/proliferation threat dataset is currently checked in; FATF listing status remains a separate overlay.
BZ,Belize,Americas,trafficking,Trafficking,unavailable,false,,,,,,,,,United Nations Office on Drugs and Crime|https://dataunodc.un.org/|candidate-not-ingested,No reviewed country-level trafficking dataset is currently checked in; no risk value is inferred.
BZ,Belize,Americas,financial-secrecy-offshore,Financial secrecy and offshore exposure,unavailable,false,,,,,,,,,OECD Global Forum on Transparency and Exchange of Information for Tax Purposes|https://www.oecd.org/tax/transparency/|candidate-not-ingested,"No reviewed, licence-clean financial-secrecy index is currently checked in; jurisdiction type alone is not used as a proxy."
BZ,Belize,Americas,tax-cooperation,Tax cooperation,available,false,categorical,Not listed in EU Annex I,not-listed,Council of the European Union,https://www.consilium.europa.eu/en/policies/eu-list-of-non-cooperative-jurisdictions/,,2026-02-17,2026-02-17,"Council of the European Union|https://www.consilium.europa.eu/en/policies/eu-list-of-non-cooperative-jurisdictions/|checked-in-snapshot,OECD Global Forum on Transparency and Exchange of Information for Tax Purposes|https://www.oecd.org/tax/transparency/|candidate-not-ingested","Annex I is a political/legal tax-cooperation list, not a general AML, corruption, or country-risk score."
BZ,Belize,Americas,political-stability-conflict,Political stability and conflict,available,false,percentile,79/100 WGI percentile,79,World Bank Worldwide Governance Indicators,https://www.worldbank.org/en/publication/worldwide-governance-indicators,CC BY 4.0 — World Bank WGI,2024,2026-08-13T11:45:25.085Z,World Bank Worldwide Governance Indicators|https://www.worldbank.org/en/publication/worldwide-governance-indicators|checked-in-snapshot,"WGI is an institutional perception indicator, not a conflict event feed or a prediction of future violence."
BZ,Belize,Americas,beneficial-ownership,Beneficial ownership,available,false,register,Register accessible for due diligence,cdd-accessible,Open Ownership,https://www.openownership.org/en/map/,CC BY 4.0 (Open Ownership),2026-08-23T10:55:05.203Z,2026-08-23T10:55:05.203Z,Open Ownership|https://www.openownership.org/en/map/|checked-in-snapshot,"The Open Ownership map is a live-register snapshot and absence means no register was identified in that snapshot, not that no register exists."
BO,Bolivia,Americas,organised-crime,Organised crime,unavailable,false,,,,,,,,,United Nations Office on Drugs and Crime|https://dataunodc.un.org/|candidate-not-ingested,No reviewed country-level organised-crime dataset is currently checked in; no risk value is inferred.
BO,Bolivia,Americas,fraud-cybercrime,Fraud and cybercrime,unavailable,false,,,,,,,,,International Telecommunication Union|https://www.itu.int/en/ITU-D/Cybersecurity/Pages/global-cybersecurity-index.aspx|candidate-not-ingested,No reviewed country-level fraud or cybercrime dataset is currently checked in; no risk value is inferred.
BO,Bolivia,Americas,terrorism-proliferation,Terrorism and proliferation financing,unavailable,false,,,,,,,,,Financial Action Task Force|https://www.fatf-gafi.org/en/publications/mutualevaluations.html|candidate-not-ingested,No reviewed country-comparable terrorism/proliferation threat dataset is currently checked in; FATF listing status remains a separate overlay.
BO,Bolivia,Americas,trafficking,Trafficking,unavailable,false,,,,,,,,,United Nations Office on Drugs and Crime|https://dataunodc.un.org/|candidate-not-ingested,No reviewed country-level trafficking dataset is currently checked in; no risk value is inferred.
BO,Bolivia,Americas,financial-secrecy-offshore,Financial secrecy and offshore exposure,unavailable,false,,,,,,,,,OECD Global Forum on Transparency and Exchange of Information for Tax Purposes|https://www.oecd.org/tax/transparency/|candidate-not-ingested,"No reviewed, licence-clean financial-secrecy index is currently checked in; jurisdiction type alone is not used as a proxy."
BO,Bolivia,Americas,tax-cooperation,Tax cooperation,available,false,categorical,Not listed in EU Annex I,not-listed,Council of the European Union,https://www.consilium.europa.eu/en/policies/eu-list-of-non-cooperative-jurisdictions/,,2026-02-17,2026-02-17,"Council of the European Union|https://www.consilium.europa.eu/en/policies/eu-list-of-non-cooperative-jurisdictions/|checked-in-snapshot,OECD Global Forum on Transparency and Exchange of Information for Tax Purposes|https://www.oecd.org/tax/transparency/|candidate-not-ingested","Annex I is a political/legal tax-cooperation list, not a general AML, corruption, or country-risk score."
BO,Bolivia,Americas,political-stability-conflict,Political stability and conflict,available,false,percentile,57/100 WGI percentile,57,World Bank Worldwide Governance Indicators,https://www.worldbank.org/en/publication/worldwide-governance-indicators,CC BY 4.0 — World Bank WGI,2024,2026-08-13T11:45:25.085Z,World Bank Worldwide Governance Indicators|https://www.worldbank.org/en/publication/worldwide-governance-indicators|checked-in-snapshot,"WGI is an institutional perception indicator, not a conflict event feed or a prediction of future violence."
BO,Bolivia,Americas,beneficial-ownership,Beneficial ownership,unavailable,false,,,,,,,,,Open Ownership|https://www.openownership.org/en/map/|checked-in-snapshot,"The Open Ownership map is a live-register snapshot and absence means no register was identified in that snapshot, not that no register exists."
BR,Brazil,Americas,organised-crime,Organised crime,unavailable,false,,,,,,,,,United Nations Office on Drugs and Crime|https://dataunodc.un.org/|candidate-not-ingested,No reviewed country-level organised-crime dataset is currently checked in; no risk value is inferred.
BR,Brazil,Americas,fraud-cybercrime,Fraud and cybercrime,unavailable,false,,,,,,,,,International Telecommunication Union|https://www.itu.int/en/ITU-D/Cybersecurity/Pages/global-cybersecurity-index.aspx|candidate-not-ingested,No reviewed country-level fraud or cybercrime dataset is currently checked in; no risk value is inferred.
BR,Brazil,Americas,terrorism-proliferation,Terrorism and proliferation financing,unavailable,false,,,,,,,,,Financial Action Task Force|https://www.fatf-gafi.org/en/publications/mutualevaluations.html|candidate-not-ingested,No reviewed country-comparable terrorism/proliferation threat dataset is currently checked in; FATF listing status remains a separate overlay.
BR,Brazil,Americas,trafficking,Trafficking,unavailable,false,,,,,,,,,United Nations Office on Drugs and Crime|https://dataunodc.un.org/|candidate-not-ingested,No reviewed country-level trafficking dataset is currently checked in; no risk value is inferred.
BR,Brazil,Americas,financial-secrecy-offshore,Financial secrecy and offshore exposure,unavailable,false,,,,,,,,,OECD Global Forum on Transparency and Exchange of Information for Tax Purposes|https://www.oecd.org/tax/transparency/|candidate-not-ingested,"No reviewed, licence-clean financial-secrecy index is currently checked in; jurisdiction type alone is not used as a proxy."
BR,Brazil,Americas,tax-cooperation,Tax cooperation,available,false,categorical,Not listed in EU Annex I,not-listed,Council of the European Union,https://www.consilium.europa.eu/en/policies/eu-list-of-non-cooperative-jurisdictions/,,2026-02-17,2026-02-17,"Council of the European Union|https://www.consilium.europa.eu/en/policies/eu-list-of-non-cooperative-jurisdictions/|checked-in-snapshot,OECD Global Forum on Transparency and Exchange of Information for Tax Purposes|https://www.oecd.org/tax/transparency/|candidate-not-ingested","Annex I is a political/legal tax-cooperation list, not a general AML, corruption, or country-risk score."
BR,Brazil,Americas,political-stability-conflict,Political stability and conflict,available,false,percentile,57/100 WGI percentile,57,World Bank Worldwide Governance Indicators,https://www.worldbank.org/en/publication/worldwide-governance-indicators,CC BY 4.0 — World Bank WGI,2024,2026-08-13T11:45:25.085Z,World Bank Worldwide Governance Indicators|https://www.worldbank.org/en/publication/worldwide-governance-indicators|checked-in-snapshot,"WGI is an institutional perception indicator, not a conflict event feed or a prediction of future violence."
BR,Brazil,Americas,beneficial-ownership,Beneficial ownership,available,false,register,Register restricted to authorities,authorities-only,Open Ownership,https://www.openownership.org/en/map/,CC BY 4.0 (Open Ownership),2026-08-23T10:55:05.203Z,2026-08-23T10:55:05.203Z,Open Ownership|https://www.openownership.org/en/map/|checked-in-snapshot,"The Open Ownership map is a live-register snapshot and absence means no register was identified in that snapshot, not that no register exists."
CA,Canada,Americas,organised-crime,Organised crime,unavailable,false,,,,,,,,,United Nations Office on Drugs and Crime|https://dataunodc.un.org/|candidate-not-ingested,No reviewed country-level organised-crime dataset is currently checked in; no risk value is inferred.
CA,Canada,Americas,fraud-cybercrime,Fraud and cybercrime,unavailable,false,,,,,,,,,International Telecommunication Union|https://www.itu.int/en/ITU-D/Cybersecurity/Pages/global-cybersecurity-index.aspx|candidate-not-ingested,No reviewed country-level fraud or cybercrime dataset is currently checked in; no risk value is inferred.
CA,Canada,Americas,terrorism-proliferation,Terrorism and proliferation financing,unavailable,false,,,,,,,,,Financial Action Task Force|https://www.fatf-gafi.org/en/publications/mutualevaluations.html|candidate-not-ingested,No reviewed country-comparable terrorism/proliferation threat dataset is currently checked in; FATF listing status remains a separate overlay.
CA,Canada,Americas,trafficking,Trafficking,unavailable,false,,,,,,,,,United Nations Office on Drugs and Crime|https://dataunodc.un.org/|candidate-not-ingested,No reviewed country-level trafficking dataset is currently checked in; no risk value is inferred.
CA,Canada,Americas,financial-secrecy-offshore,Financial secrecy and offshore exposure,unavailable,false,,,,,,,,,OECD Global Forum on Transparency and Exchange of Information for Tax Purposes|https://www.oecd.org/tax/transparency/|candidate-not-ingested,"No reviewed, licence-clean financial-secrecy index is currently checked in; jurisdiction type alone is not used as a proxy."
CA,Canada,Americas,tax-cooperation,Tax cooperation,available,false,categorical,Not listed in EU Annex I,not-listed,Council of the European Union,https://www.consilium.europa.eu/en/policies/eu-list-of-non-cooperative-jurisdictions/,,2026-02-17,2026-02-17,"Council of the European Union|https://www.consilium.europa.eu/en/policies/eu-list-of-non-cooperative-jurisdictions/|checked-in-snapshot,OECD Global Forum on Transparency and Exchange of Information for Tax Purposes|https://www.oecd.org/tax/transparency/|candidate-not-ingested","Annex I is a political/legal tax-cooperation list, not a general AML, corruption, or country-risk score."
CA,Canada,Americas,political-stability-conflict,Political stability and conflict,available,false,percentile,76/100 WGI percentile,76,World Bank Worldwide Governance Indicators,https://www.worldbank.org/en/publication/worldwide-governance-indicators,CC BY 4.0 — World Bank WGI,2024,2026-08-13T11:45:25.085Z,World Bank Worldwide Governance Indicators|https://www.worldbank.org/en/publication/worldwide-governance-indicators|checked-in-snapshot,"WGI is an institutional perception indicator, not a conflict event feed or a prediction of future violence."
CA,Canada,Americas,beneficial-ownership,Beneficial ownership,available,false,register,Register accessible for due diligence,cdd-accessible,Open Ownership,https://www.openownership.org/en/map/,CC BY 4.0 (Open Ownership),2026-08-23T10:55:05.203Z,2026-08-23T10:55:05.203Z,Open Ownership|https://www.openownership.org/en/map/|checked-in-snapshot,"The Open Ownership map is a live-register snapshot and absence means no register was identified in that snapshot, not that no register exists."
CL,Chile,Americas,organised-crime,Organised crime,unavailable,false,,,,,,,,,United Nations Office on Drugs and Crime|https://dataunodc.un.org/|candidate-not-ingested,No reviewed country-level organised-crime dataset is currently checked in; no risk value is inferred.
CL,Chile,Americas,fraud-cybercrime,Fraud and cybercrime,unavailable,false,,,,,,,,,International Telecommunication Union|https://www.itu.int/en/ITU-D/Cybersecurity/Pages/global-cybersecurity-index.aspx|candidate-not-ingested,No reviewed country-level fraud or cybercrime dataset is currently checked in; no risk value is inferred.
CL,Chile,Americas,terrorism-proliferation,Terrorism and proliferation financing,unavailable,false,,,,,,,,,Financial Action Task Force|https://www.fatf-gafi.org/en/publications/mutualevaluations.html|candidate-not-ingested,No reviewed country-comparable terrorism/proliferation threat dataset is currently checked in; FATF listing status remains a separate overlay.
CL,Chile,Americas,trafficking,Trafficking,unavailable,false,,,,,,,,,United Nations Office on Drugs and Crime|https://dataunodc.un.org/|candidate-not-ingested,No reviewed country-level trafficking dataset is currently checked in; no risk value is inferred.
CL,Chile,Americas,financial-secrecy-offshore,Financial secrecy and offshore exposure,unavailable,false,,,,,,,,,OECD Global Forum on Transparency and Exchange of Information for Tax Purposes|https://www.oecd.org/tax/transparency/|candidate-not-ingested,"No reviewed, licence-clean financial-secrecy index is currently checked in; jurisdiction type alone is not used as a proxy."
CL,Chile,Americas,tax-cooperation,Tax cooperation,available,false,categorical,Not listed in EU Annex I,not-listed,Council of the European Union,https://www.consilium.europa.eu/en/policies/eu-list-of-non-cooperative-jurisdictions/,,2026-02-17,2026-02-17,"Council of the European Union|https://www.consilium.europa.eu/en/policies/eu-list-of-non-cooperative-jurisdictions/|checked-in-snapshot,OECD Global Forum on Transparency and Exchange of Information for Tax Purposes|https://www.oecd.org/tax/transparency/|candidate-not-ingested","Annex I is a political/legal tax-cooperation list, not a general AML, corruption, or country-risk score."
CL,Chile,Americas,political-stability-conflict,Political stability and conflict,available,false,percentile,68/100 WGI percentile,68,World Bank Worldwide Governance Indicators,https://www.worldbank.org/en/publication/worldwide-governance-indicators,CC BY 4.0 — World Bank WGI,2024,2026-08-13T11:45:25.085Z,World Bank Worldwide Governance Indicators|https://www.worldbank.org/en/publication/worldwide-governance-indicators|checked-in-snapshot,"WGI is an institutional perception indicator, not a conflict event feed or a prediction of future violence."
CL,Chile,Americas,beneficial-ownership,Beneficial ownership,unavailable,false,,,,,,,,,Open Ownership|https://www.openownership.org/en/map/|checked-in-snapshot,"The Open Ownership map is a live-register snapshot and absence means no register was identified in that snapshot, not that no register exists."
CO,Colombia,Americas,organised-crime,Organised crime,unavailable,false,,,,,,,,,United Nations Office on Drugs and Crime|https://dataunodc.un.org/|candidate-not-ingested,No reviewed country-level organised-crime dataset is currently checked in; no risk value is inferred.
CO,Colombia,Americas,fraud-cybercrime,Fraud and cybercrime,unavailable,false,,,,,,,,,International Telecommunication Union|https://www.itu.int/en/ITU-D/Cybersecurity/Pages/global-cybersecurity-index.aspx|candidate-not-ingested,No reviewed country-level fraud or cybercrime dataset is currently checked in; no risk value is inferred.
CO,Colombia,Americas,terrorism-proliferation,Terrorism and proliferation financing,unavailable,false,,,,,,,,,Financial Action Task Force|https://www.fatf-gafi.org/en/publications/mutualevaluations.html|candidate-not-ingested,No reviewed country-comparable terrorism/proliferation threat dataset is currently checked in; FATF listing status remains a separate overlay.
CO,Colombia,Americas,trafficking,Trafficking,unavailable,false,,,,,,,,,United Nations Office on Drugs and Crime|https://dataunodc.un.org/|candidate-not-ingested,No reviewed country-level trafficking dataset is currently checked in; no risk value is inferred.
CO,Colombia,Americas,financial-secrecy-offshore,Financial secrecy and offshore exposure,unavailable,false,,,,,,,,,OECD Global Forum on Transparency and Exchange of Information for Tax Purposes|https://www.oecd.org/tax/transparency/|candidate-not-ingested,"No reviewed, licence-clean financial-secrecy index is currently checked in; jurisdiction type alone is not used as a proxy."
CO,Colombia,Americas,tax-cooperation,Tax cooperation,available,false,categorical,Not listed in EU Annex I,not-listed,Council of the European Union,https://www.consilium.europa.eu/en/policies/eu-list-of-non-cooperative-jurisdictions/,,2026-02-17,2026-02-17,"Council of the European Union|https://www.consilium.europa.eu/en/policies/eu-list-of-non-cooperative-jurisdictions/|checked-in-snapshot,OECD Global Forum on Transparency and Exchange of Information for Tax Purposes|https://www.oecd.org/tax/transparency/|candidate-not-ingested","Annex I is a political/legal tax-cooperation list, not a general AML, corruption, or country-risk score."
CO,Colombia,Americas,political-stability-conflict,Political stability and conflict,available,false,percentile,49/100 WGI percentile,49,World Bank Worldwide Governance Indicators,https://www.worldbank.org/en/publication/worldwide-governance-indicators,CC BY 4.0 — World Bank WGI,2024,2026-08-13T11:45:25.085Z,World Bank Worldwide Governance Indicators|https://www.worldbank.org/en/publication/worldwide-governance-indicators|checked-in-snapshot,"WGI is an institutional perception indicator, not a conflict event feed or a prediction of future violence."
CO,Colombia,Americas,beneficial-ownership,Beneficial ownership,available,false,register,Register restricted to authorities,authorities-only,Open Ownership,https://www.openownership.org/en/map/,CC BY 4.0 (Open Ownership),2026-08-23T10:55:05.203Z,2026-08-23T10:55:05.203Z,Open Ownership|https://www.openownership.org/en/map/|checked-in-snapshot,"The Open Ownership map is a live-register snapshot and absence means no register was identified in that snapshot, not that no register exists."
CR,Costa Rica,Americas,organised-crime,Organised crime,unavailable,false,,,,,,,,,United Nations Office on Drugs and Crime|https://dataunodc.un.org/|candidate-not-ingested,No reviewed country-level organised-crime dataset is currently checked in; no risk value is inferred.
CR,Costa Rica,Americas,fraud-cybercrime,Fraud and cybercrime,unavailable,false,,,,,,,,,International Telecommunication Union|https://www.itu.int/en/ITU-D/Cybersecurity/Pages/global-cybersecurity-index.aspx|candidate-not-ingested,No reviewed country-level fraud or cybercrime dataset is currently checked in; no risk value is inferred.
CR,Costa Rica,Americas,terrorism-proliferation,Terrorism and proliferation financing,unavailable,false,,,,,,,,,Financial Action Task Force|https://www.fatf-gafi.org/en/publications/mutualevaluations.html|candidate-not-ingested,No reviewed country-comparable terrorism/proliferation threat dataset is currently checked in; FATF listing status remains a separate overlay.
CR,Costa Rica,Americas,trafficking,Trafficking,unavailable,false,,,,,,,,,United Nations Office on Drugs and Crime|https://dataunodc.un.org/|candidate-not-ingested,No reviewed country-level trafficking dataset is currently checked in; no risk value is inferred.
CR,Costa Rica,Americas,financial-secrecy-offshore,Financial secrecy and offshore exposure,unavailable,false,,,,,,,,,OECD Global Forum on Transparency and Exchange of Information for Tax Purposes|https://www.oecd.org/tax/transparency/|candidate-not-ingested,"No reviewed, licence-clean financial-secrecy index is currently checked in; jurisdiction type alone is not used as a proxy."
CR,Costa Rica,Americas,tax-cooperation,Tax cooperation,available,false,categorical,Not listed in EU Annex I,not-listed,Council of the European Union,https://www.consilium.europa.eu/en/policies/eu-list-of-non-cooperative-jurisdictions/,,2026-02-17,2026-02-17,"Council of the European Union|https://www.consilium.europa.eu/en/policies/eu-list-of-non-cooperative-jurisdictions/|checked-in-snapshot,OECD Global Forum on Transparency and Exchange of Information for Tax Purposes|https://www.oecd.org/tax/transparency/|candidate-not-ingested","Annex I is a political/legal tax-cooperation list, not a general AML, corruption, or country-risk score."
CR,Costa Rica,Americas,political-stability-conflict,Political stability and conflict,available,false,percentile,86/100 WGI percentile,86,World Bank Worldwide Governance Indicators,https://www.worldbank.org/en/publication/worldwide-governance-indicators,CC BY 4.0 — World Bank WGI,2024,2026-08-13T11:45:25.085Z,World Bank Worldwide Governance Indicators|https://www.worldbank.org/en/publication/worldwide-governance-indicators|checked-in-snapshot,"WGI is an institutional perception indicator, not a conflict event feed or a prediction of future violence."
CR,Costa Rica,Americas,beneficial-ownership,Beneficial ownership,available,false,register,Register restricted to authorities,authorities-only,Open Ownership,https://www.openownership.org/en/map/,CC BY 4.0 (Open Ownership),2026-08-23T10:55:05.203Z,2026-08-23T10:55:05.203Z,Open Ownership|https://www.openownership.org/en/map/|checked-in-snapshot,"The Open Ownership map is a live-register snapshot and absence means no register was identified in that snapshot, not that no register exists."
CU,Cuba,Americas,organised-crime,Organised crime,unavailable,false,,,,,,,,,United Nations Office on Drugs and Crime|https://dataunodc.un.org/|candidate-not-ingested,No reviewed country-level organised-crime dataset is currently checked in; no risk value is inferred.
CU,Cuba,Americas,fraud-cybercrime,Fraud and cybercrime,unavailable,false,,,,,,,,,International Telecommunication Union|https://www.itu.int/en/ITU-D/Cybersecurity/Pages/global-cybersecurity-index.aspx|candidate-not-ingested,No reviewed country-level fraud or cybercrime dataset is currently checked in; no risk value is inferred.
CU,Cuba,Americas,terrorism-proliferation,Terrorism and proliferation financing,unavailable,false,,,,,,,,,Financial Action Task Force|https://www.fatf-gafi.org/en/publications/mutualevaluations.html|candidate-not-ingested,No reviewed country-comparable terrorism/proliferation threat dataset is currently checked in; FATF listing status remains a separate overlay.
CU,Cuba,Americas,trafficking,Trafficking,unavailable,false,,,,,,,,,United Nations Office on Drugs and Crime|https://dataunodc.un.org/|candidate-not-ingested,No reviewed country-level trafficking dataset is currently checked in; no risk value is inferred.
CU,Cuba,Americas,financial-secrecy-offshore,Financial secrecy and offshore exposure,unavailable,false,,,,,,,,,OECD Global Forum on Transparency and Exchange of Information for Tax Purposes|https://www.oecd.org/tax/transparency/|candidate-not-ingested,"No reviewed, licence-clean financial-secrecy index is currently checked in; jurisdiction type alone is not used as a proxy."
CU,Cuba,Americas,tax-cooperation,Tax cooperation,available,false,categorical,Not listed in EU Annex I,not-listed,Council of the European Union,https://www.consilium.europa.eu/en/policies/eu-list-of-non-cooperative-jurisdictions/,,2026-02-17,2026-02-17,"Council of the European Union|https://www.consilium.europa.eu/en/policies/eu-list-of-non-cooperative-jurisdictions/|checked-in-snapshot,OECD Global Forum on Transparency and Exchange of Information for Tax Purposes|https://www.oecd.org/tax/transparency/|candidate-not-ingested","Annex I is a political/legal tax-cooperation list, not a general AML, corruption, or country-risk score."
CU,Cuba,Americas,political-stability-conflict,Political stability and conflict,available,false,percentile,71/100 WGI percentile,71,World Bank Worldwide Governance Indicators,https://www.worldbank.org/en/publication/worldwide-governance-indicators,CC BY 4.0 — World Bank WGI,2024,2026-08-13T11:45:25.085Z,World Bank Worldwide Governance Indicators|https://www.worldbank.org/en/publication/worldwide-governance-indicators|checked-in-snapshot,"WGI is an institutional perception indicator, not a conflict event feed or a prediction of future violence."
CU,Cuba,Americas,beneficial-ownership,Beneficial ownership,unavailable,false,,,,,,,,,Open Ownership|https://www.openownership.org/en/map/|checked-in-snapshot,"The Open Ownership map is a live-register snapshot and absence means no register was identified in that snapshot, not that no register exists."
DM,Dominica,Americas,organised-crime,Organised crime,unavailable,false,,,,,,,,,United Nations Office on Drugs and Crime|https://dataunodc.un.org/|candidate-not-ingested,No reviewed country-level organised-crime dataset is currently checked in; no risk value is inferred.
DM,Dominica,Americas,fraud-cybercrime,Fraud and cybercrime,unavailable,false,,,,,,,,,International Telecommunication Union|https://www.itu.int/en/ITU-D/Cybersecurity/Pages/global-cybersecurity-index.aspx|candidate-not-ingested,No reviewed country-level fraud or cybercrime dataset is currently checked in; no risk value is inferred.
DM,Dominica,Americas,terrorism-proliferation,Terrorism and proliferation financing,unavailable,false,,,,,,,,,Financial Action Task Force|https://www.fatf-gafi.org/en/publications/mutualevaluations.html|candidate-not-ingested,No reviewed country-comparable terrorism/proliferation threat dataset is currently checked in; FATF listing status remains a separate overlay.
DM,Dominica,Americas,trafficking,Trafficking,unavailable,false,,,,,,,,,United Nations Office on Drugs and Crime|https://dataunodc.un.org/|candidate-not-ingested,No reviewed country-level trafficking dataset is currently checked in; no risk value is inferred.
DM,Dominica,Americas,financial-secrecy-offshore,Financial secrecy and offshore exposure,unavailable,false,,,,,,,,,OECD Global Forum on Transparency and Exchange of Information for Tax Purposes|https://www.oecd.org/tax/transparency/|candidate-not-ingested,"No reviewed, licence-clean financial-secrecy index is currently checked in; jurisdiction type alone is not used as a proxy."
DM,Dominica,Americas,tax-cooperation,Tax cooperation,available,false,categorical,Not listed in EU Annex I,not-listed,Council of the European Union,https://www.consilium.europa.eu/en/policies/eu-list-of-non-cooperative-jurisdictions/,,2026-02-17,2026-02-17,"Council of the European Union|https://www.consilium.europa.eu/en/policies/eu-list-of-non-cooperative-jurisdictions/|checked-in-snapshot,OECD Global Forum on Transparency and Exchange of Information for Tax Purposes|https://www.oecd.org/tax/transparency/|candidate-not-ingested","Annex I is a political/legal tax-cooperation list, not a general AML, corruption, or country-risk score."
DM,Dominica,Americas,political-stability-conflict,Political stability and conflict,available,false,percentile,87/100 WGI percentile,87,World Bank Worldwide Governance Indicators,https://www.worldbank.org/en/publication/worldwide-governance-indicators,CC BY 4.0 — World Bank WGI,2024,2026-08-13T11:45:25.085Z,World Bank Worldwide Governance Indicators|https://www.worldbank.org/en/publication/worldwide-governance-indicators|checked-in-snapshot,"WGI is an institutional perception indicator, not a conflict event feed or a prediction of future violence."
DM,Dominica,Americas,beneficial-ownership,Beneficial ownership,unavailable,false,,,,,,,,,Open Ownership|https://www.openownership.org/en/map/|checked-in-snapshot,"The Open Ownership map is a live-register snapshot and absence means no register was identified in that snapshot, not that no register exists."
DO,Dominican Republic,Americas,organised-crime,Organised crime,unavailable,false,,,,,,,,,United Nations Office on Drugs and Crime|https://dataunodc.un.org/|candidate-not-ingested,No reviewed country-level organised-crime dataset is currently checked in; no risk value is inferred.
DO,Dominican Republic,Americas,fraud-cybercrime,Fraud and cybercrime,unavailable,false,,,,,,,,,International Telecommunication Union|https://www.itu.int/en/ITU-D/Cybersecurity/Pages/global-cybersecurity-index.aspx|candidate-not-ingested,No reviewed country-level fraud or cybercrime dataset is currently checked in; no risk value is inferred.
DO,Dominican Republic,Americas,terrorism-proliferation,Terrorism and proliferation financing,unavailable,false,,,,,,,,,Financial Action Task Force|https://www.fatf-gafi.org/en/publications/mutualevaluations.html|candidate-not-ingested,No reviewed country-comparable terrorism/proliferation threat dataset is currently checked in; FATF listing status remains a separate overlay.
DO,Dominican Republic,Americas,trafficking,Trafficking,unavailable,false,,,,,,,,,United Nations Office on Drugs and Crime|https://dataunodc.un.org/|candidate-not-ingested,No reviewed country-level trafficking dataset is currently checked in; no risk value is inferred.
DO,Dominican Republic,Americas,financial-secrecy-offshore,Financial secrecy and offshore exposure,unavailable,false,,,,,,,,,OECD Global Forum on Transparency and Exchange of Information for Tax Purposes|https://www.oecd.org/tax/transparency/|candidate-not-ingested,"No reviewed, licence-clean financial-secrecy index is currently checked in; jurisdiction type alone is not used as a proxy."
DO,Dominican Republic,Americas,tax-cooperation,Tax cooperation,available,false,categorical,Not listed in EU Annex I,not-listed,Council of the European Union,https://www.consilium.europa.eu/en/policies/eu-list-of-non-cooperative-jurisdictions/,,2026-02-17,2026-02-17,"Council of the European Union|https://www.consilium.europa.eu/en/policies/eu-list-of-non-cooperative-jurisdictions/|checked-in-snapshot,OECD Global Forum on Transparency and Exchange of Information for Tax Purposes|https://www.oecd.org/tax/transparency/|candidate-not-ingested","Annex I is a political/legal tax-cooperation list, not a general AML, corruption, or country-risk score."
DO,Dominican Republic,Americas,political-stability-conflict,Political stability and conflict,available,false,percentile,76/100 WGI percentile,76,World Bank Worldwide Governance Indicators,https://www.worldbank.org/en/publication/worldwide-governance-indicators,CC BY 4.0 — World Bank WGI,2024,2026-08-13T11:45:25.085Z,World Bank Worldwide Governance Indicators|https://www.worldbank.org/en/publication/worldwide-governance-indicators|checked-in-snapshot,"WGI is an institutional perception indicator, not a conflict event feed or a prediction of future violence."
DO,Dominican Republic,Americas,beneficial-ownership,Beneficial ownership,unavailable,false,,,,,,,,,Open Ownership|https://www.openownership.org/en/map/|checked-in-snapshot,"The Open Ownership map is a live-register snapshot and absence means no register was identified in that snapshot, not that no register exists."
EC,Ecuador,Americas,organised-crime,Organised crime,unavailable,false,,,,,,,,,United Nations Office on Drugs and Crime|https://dataunodc.un.org/|candidate-not-ingested,No reviewed country-level organised-crime dataset is currently checked in; no risk value is inferred.
EC,Ecuador,Americas,fraud-cybercrime,Fraud and cybercrime,unavailable,false,,,,,,,,,International Telecommunication Union|https://www.itu.int/en/ITU-D/Cybersecurity/Pages/global-cybersecurity-index.aspx|candidate-not-ingested,No reviewed country-level fraud or cybercrime dataset is currently checked in; no risk value is inferred.
EC,Ecuador,Americas,terrorism-proliferation,Terrorism and proliferation financing,unavailable,false,,,,,,,,,Financial Action Task Force|https://www.fatf-gafi.org/en/publications/mutualevaluations.html|candidate-not-ingested,No reviewed country-comparable terrorism/proliferation threat dataset is currently checked in; FATF listing status remains a separate overlay.
EC,Ecuador,Americas,trafficking,Trafficking,unavailable,false,,,,,,,,,United Nations Office on Drugs and Crime|https://dataunodc.un.org/|candidate-not-ingested,No reviewed country-level trafficking dataset is currently checked in; no risk value is inferred.
EC,Ecuador,Americas,financial-secrecy-offshore,Financial secrecy and offshore exposure,unavailable,false,,,,,,,,,OECD Global Forum on Transparency and Exchange of Information for Tax Purposes|https://www.oecd.org/tax/transparency/|candidate-not-ingested,"No reviewed, licence-clean financial-secrecy index is currently checked in; jurisdiction type alone is not used as a proxy."
EC,Ecuador,Americas,tax-cooperation,Tax cooperation,available,false,categorical,Not listed in EU Annex I,not-listed,Council of the European Union,https://www.consilium.europa.eu/en/policies/eu-list-of-non-cooperative-jurisdictions/,,2026-02-17,2026-02-17,"Council of the European Union|https://www.consilium.europa.eu/en/policies/eu-list-of-non-cooperative-jurisdictions/|checked-in-snapshot,OECD Global Forum on Transparency and Exchange of Information for Tax Purposes|https://www.oecd.org/tax/transparency/|candidate-not-ingested","Annex I is a political/legal tax-cooperation list, not a general AML, corruption, or country-risk score."
EC,Ecuador,Americas,political-stability-conflict,Political stability and conflict,available,false,percentile,54/100 WGI percentile,54,World Bank Worldwide Governance Indicators,https://www.worldbank.org/en/publication/worldwide-governance-indicators,CC BY 4.0 — World Bank WGI,2024,2026-08-13T11:45:25.085Z,World Bank Worldwide Governance Indicators|https://www.worldbank.org/en/publication/worldwide-governance-indicators|checked-in-snapshot,"WGI is an institutional perception indicator, not a conflict event feed or a prediction of future violence."
EC,Ecuador,Americas,beneficial-ownership,Beneficial ownership,available,false,register,Register access not recorded,unrecorded,Open Ownership,https://www.openownership.org/en/map/,CC BY 4.0 (Open Ownership),2026-08-23T10:55:05.203Z,2026-08-23T10:55:05.203Z,Open Ownership|https://www.openownership.org/en/map/|checked-in-snapshot,"The Open Ownership map is a live-register snapshot and absence means no register was identified in that snapshot, not that no register exists."
SV,El Salvador,Americas,organised-crime,Organised crime,unavailable,false,,,,,,,,,United Nations Office on Drugs and Crime|https://dataunodc.un.org/|candidate-not-ingested,No reviewed country-level organised-crime dataset is currently checked in; no risk value is inferred.
SV,El Salvador,Americas,fraud-cybercrime,Fraud and cybercrime,unavailable,false,,,,,,,,,International Telecommunication Union|https://www.itu.int/en/ITU-D/Cybersecurity/Pages/global-cybersecurity-index.aspx|candidate-not-ingested,No reviewed country-level fraud or cybercrime dataset is currently checked in; no risk value is inferred.
SV,El Salvador,Americas,terrorism-proliferation,Terrorism and proliferation financing,unavailable,false,,,,,,,,,Financial Action Task Force|https://www.fatf-gafi.org/en/publications/mutualevaluations.html|candidate-not-ingested,No reviewed country-comparable terrorism/proliferation threat dataset is currently checked in; FATF listing status remains a separate overlay.
SV,El Salvador,Americas,trafficking,Trafficking,unavailable,false,,,,,,,,,United Nations Office on Drugs and Crime|https://dataunodc.un.org/|candidate-not-ingested,No reviewed country-level trafficking dataset is currently checked in; no risk value is inferred.
SV,El Salvador,Americas,financial-secrecy-offshore,Financial secrecy and offshore exposure,unavailable,false,,,,,,,,,OECD Global Forum on Transparency and Exchange of Information for Tax Purposes|https://www.oecd.org/tax/transparency/|candidate-not-ingested,"No reviewed, licence-clean financial-secrecy index is currently checked in; jurisdiction type alone is not used as a proxy."
SV,El Salvador,Americas,tax-cooperation,Tax cooperation,available,false,categorical,Not listed in EU Annex I,not-listed,Council of the European Union,https://www.consilium.europa.eu/en/policies/eu-list-of-non-cooperative-jurisdictions/,,2026-02-17,2026-02-17,"Council of the European Union|https://www.consilium.europa.eu/en/policies/eu-list-of-non-cooperative-jurisdictions/|checked-in-snapshot,OECD Global Forum on Transparency and Exchange of Information for Tax Purposes|https://www.oecd.org/tax/transparency/|candidate-not-ingested","Annex I is a political/legal tax-cooperation list, not a general AML, corruption, or country-risk score."
SV,El Salvador,Americas,political-stability-conflict,Political stability and conflict,available,false,percentile,66/100 WGI percentile,66,World Bank Worldwide Governance Indicators,https://www.worldbank.org/en/publication/worldwide-governance-indicators,CC BY 4.0 — World Bank WGI,2024,2026-08-13T11:45:25.085Z,World Bank Worldwide Governance Indicators|https://www.worldbank.org/en/publication/worldwide-governance-indicators|checked-in-snapshot,"WGI is an institutional perception indicator, not a conflict event feed or a prediction of future violence."
SV,El Salvador,Americas,beneficial-ownership,Beneficial ownership,unavailable,false,,,,,,,,,Open Ownership|https://www.openownership.org/en/map/|checked-in-snapshot,"The Open Ownership map is a live-register snapshot and absence means no register was identified in that snapshot, not that no register exists."
GT,Guatemala,Americas,organised-crime,Organised crime,unavailable,false,,,,,,,,,United Nations Office on Drugs and Crime|https://dataunodc.un.org/|candidate-not-ingested,No reviewed country-level organised-crime dataset is currently checked in; no risk value is inferred.
GT,Guatemala,Americas,fraud-cybercrime,Fraud and cybercrime,unavailable,false,,,,,,,,,International Telecommunication Union|https://www.itu.int/en/ITU-D/Cybersecurity/Pages/global-cybersecurity-index.aspx|candidate-not-ingested,No reviewed country-level fraud or cybercrime dataset is currently checked in; no risk value is inferred.
GT,Guatemala,Americas,terrorism-proliferation,Terrorism and proliferation financing,unavailable,false,,,,,,,,,Financial Action Task Force|https://www.fatf-gafi.org/en/publications/mutualevaluations.html|candidate-not-ingested,No reviewed country-comparable terrorism/proliferation threat dataset is currently checked in; FATF listing status remains a separate overlay.
GT,Guatemala,Americas,trafficking,Trafficking,unavailable,false,,,,,,,,,United Nations Office on Drugs and Crime|https://dataunodc.un.org/|candidate-not-ingested,No reviewed country-level trafficking dataset is currently checked in; no risk value is inferred.
GT,Guatemala,Americas,financial-secrecy-offshore,Financial secrecy and offshore exposure,unavailable,false,,,,,,,,,OECD Global Forum on Transparency and Exchange of Information for Tax Purposes|https://www.oecd.org/tax/transparency/|candidate-not-ingested,"No reviewed, licence-clean financial-secrecy index is currently checked in; jurisdiction type alone is not used as a proxy."
GT,Guatemala,Americas,tax-cooperation,Tax cooperation,available,false,categorical,Not listed in EU Annex I,not-listed,Council of the European Union,https://www.consilium.europa.eu/en/policies/eu-list-of-non-cooperative-jurisdictions/,,2026-02-17,2026-02-17,"Council of the European Union|https://www.consilium.europa.eu/en/policies/eu-list-of-non-cooperative-jurisdictions/|checked-in-snapshot,OECD Global Forum on Transparency and Exchange of Information for Tax Purposes|https://www.oecd.org/tax/transparency/|candidate-not-ingested","Annex I is a political/legal tax-cooperation list, not a general AML, corruption, or country-risk score."
GT,Guatemala,Americas,political-stability-conflict,Political stability and conflict,available,false,percentile,62/100 WGI percentile,62,World Bank Worldwide Governance Indicators,https://www.worldbank.org/en/publication/worldwide-governance-indicators,CC BY 4.0 — World Bank WGI,2024,2026-08-13T11:45:25.085Z,World Bank Worldwide Governance Indicators|https://www.worldbank.org/en/publication/worldwide-governance-indicators|checked-in-snapshot,"WGI is an institutional perception indicator, not a conflict event feed or a prediction of future violence."
GT,Guatemala,Americas,beneficial-ownership,Beneficial ownership,unavailable,false,,,,,,,,,Open Ownership|https://www.openownership.org/en/map/|checked-in-snapshot,"The Open Ownership map is a live-register snapshot and absence means no register was identified in that snapshot, not that no register exists."
GD,Grenada,Americas,organised-crime,Organised crime,unavailable,false,,,,,,,,,United Nations Office on Drugs and Crime|https://dataunodc.un.org/|candidate-not-ingested,No reviewed country-level organised-crime dataset is currently checked in; no risk value is inferred.
GD,Grenada,Americas,fraud-cybercrime,Fraud and cybercrime,unavailable,false,,,,,,,,,International Telecommunication Union|https://www.itu.int/en/ITU-D/Cybersecurity/Pages/global-cybersecurity-index.aspx|candidate-not-ingested,No reviewed country-level fraud or cybercrime dataset is currently checked in; no risk value is inferred.
GD,Grenada,Americas,terrorism-proliferation,Terrorism and proliferation financing,unavailable,false,,,,,,,,,Financial Action Task Force|https://www.fatf-gafi.org/en/publications/mutualevaluations.html|candidate-not-ingested,No reviewed country-comparable terrorism/proliferation threat dataset is currently checked in; FATF listing status remains a separate overlay.
GD,Grenada,Americas,trafficking,Trafficking,unavailable,false,,,,,,,,,United Nations Office on Drugs and Crime|https://dataunodc.un.org/|candidate-not-ingested,No reviewed country-level trafficking dataset is currently checked in; no risk value is inferred.
GD,Grenada,Americas,financial-secrecy-offshore,Financial secrecy and offshore exposure,unavailable,false,,,,,,,,,OECD Global Forum on Transparency and Exchange of Information for Tax Purposes|https://www.oecd.org/tax/transparency/|candidate-not-ingested,"No reviewed, licence-clean financial-secrecy index is currently checked in; jurisdiction type alone is not used as a proxy."
GD,Grenada,Americas,tax-cooperation,Tax cooperation,available,false,categorical,Not listed in EU Annex I,not-listed,Council of the European Union,https://www.consilium.europa.eu/en/policies/eu-list-of-non-cooperative-jurisdictions/,,2026-02-17,2026-02-17,"Council of the European Union|https://www.consilium.europa.eu/en/policies/eu-list-of-non-cooperative-jurisdictions/|checked-in-snapshot,OECD Global Forum on Transparency and Exchange of Information for Tax Purposes|https://www.oecd.org/tax/transparency/|candidate-not-ingested","Annex I is a political/legal tax-cooperation list, not a general AML, corruption, or country-risk score."
GD,Grenada,Americas,political-stability-conflict,Political stability and conflict,available,false,percentile,86/100 WGI percentile,86,World Bank Worldwide Governance Indicators,https://www.worldbank.org/en/publication/worldwide-governance-indicators,CC BY 4.0 — World Bank WGI,2024,2026-08-13T11:45:25.085Z,World Bank Worldwide Governance Indicators|https://www.worldbank.org/en/publication/worldwide-governance-indicators|checked-in-snapshot,"WGI is an institutional perception indicator, not a conflict event feed or a prediction of future violence."
GD,Grenada,Americas,beneficial-ownership,Beneficial ownership,unavailable,false,,,,,,,,,Open Ownership|https://www.openownership.org/en/map/|checked-in-snapshot,"The Open Ownership map is a live-register snapshot and absence means no register was identified in that snapshot, not that no register exists."
GY,Guyana,Americas,organised-crime,Organised crime,unavailable,false,,,,,,,,,United Nations Office on Drugs and Crime|https://dataunodc.un.org/|candidate-not-ingested,No reviewed country-level organised-crime dataset is currently checked in; no risk value is inferred.
GY,Guyana,Americas,fraud-cybercrime,Fraud and cybercrime,unavailable,false,,,,,,,,,International Telecommunication Union|https://www.itu.int/en/ITU-D/Cybersecurity/Pages/global-cybersecurity-index.aspx|candidate-not-ingested,No reviewed country-level fraud or cybercrime dataset is currently checked in; no risk value is inferred.
GY,Guyana,Americas,terrorism-proliferation,Terrorism and proliferation financing,unavailable,false,,,,,,,,,Financial Action Task Force|https://www.fatf-gafi.org/en/publications/mutualevaluations.html|candidate-not-ingested,No reviewed country-comparable terrorism/proliferation threat dataset is currently checked in; FATF listing status remains a separate overlay.
GY,Guyana,Americas,trafficking,Trafficking,unavailable,false,,,,,,,,,United Nations Office on Drugs and Crime|https://dataunodc.un.org/|candidate-not-ingested,No reviewed country-level trafficking dataset is currently checked in; no risk value is inferred.
GY,Guyana,Americas,financial-secrecy-offshore,Financial secrecy and offshore exposure,unavailable,false,,,,,,,,,OECD Global Forum on Transparency and Exchange of Information for Tax Purposes|https://www.oecd.org/tax/transparency/|candidate-not-ingested,"No reviewed, licence-clean financial-secrecy index is currently checked in; jurisdiction type alone is not used as a proxy."
GY,Guyana,Americas,tax-cooperation,Tax cooperation,available,false,categorical,Not listed in EU Annex I,not-listed,Council of the European Union,https://www.consilium.europa.eu/en/policies/eu-list-of-non-cooperative-jurisdictions/,,2026-02-17,2026-02-17,"Council of the European Union|https://www.consilium.europa.eu/en/policies/eu-list-of-non-cooperative-jurisdictions/|checked-in-snapshot,OECD Global Forum on Transparency and Exchange of Information for Tax Purposes|https://www.oecd.org/tax/transparency/|candidate-not-ingested","Annex I is a political/legal tax-cooperation list, not a general AML, corruption, or country-risk score."
GY,Guyana,Americas,political-stability-conflict,Political stability and conflict,available,false,percentile,70/100 WGI percentile,70,World Bank Worldwide Governance Indicators,https://www.worldbank.org/en/publication/worldwide-governance-indicators,CC BY 4.0 — World Bank WGI,2024,2026-08-13T11:45:25.085Z,World Bank Worldwide Governance Indicators|https://www.worldbank.org/en/publication/worldwide-governance-indicators|checked-in-snapshot,"WGI is an institutional perception indicator, not a conflict event feed or a prediction of future violence."
GY,Guyana,Americas,beneficial-ownership,Beneficial ownership,available,false,register,Register accessible for due diligence,cdd-accessible,Open Ownership,https://www.openownership.org/en/map/,CC BY 4.0 (Open Ownership),2026-08-23T10:55:05.203Z,2026-08-23T10:55:05.203Z,Open Ownership|https://www.openownership.org/en/map/|checked-in-snapshot,"The Open Ownership map is a live-register snapshot and absence means no register was identified in that snapshot, not that no register exists."
HT,Haiti,Americas,organised-crime,Organised crime,unavailable,false,,,,,,,,,United Nations Office on Drugs and Crime|https://dataunodc.un.org/|candidate-not-ingested,No reviewed country-level organised-crime dataset is currently checked in; no risk value is inferred.
HT,Haiti,Americas,fraud-cybercrime,Fraud and cybercrime,unavailable,false,,,,,,,,,International Telecommunication Union|https://www.itu.int/en/ITU-D/Cybersecurity/Pages/global-cybersecurity-index.aspx|candidate-not-ingested,No reviewed country-level fraud or cybercrime dataset is currently checked in; no risk value is inferred.
HT,Haiti,Americas,terrorism-proliferation,Terrorism and proliferation financing,unavailable,false,,,,,,,,,Financial Action Task Force|https://www.fatf-gafi.org/en/publications/mutualevaluations.html|candidate-not-ingested,No reviewed country-comparable terrorism/proliferation threat dataset is currently checked in; FATF listing status remains a separate overlay.
HT,Haiti,Americas,trafficking,Trafficking,unavailable,false,,,,,,,,,United Nations Office on Drugs and Crime|https://dataunodc.un.org/|candidate-not-ingested,No reviewed country-level trafficking dataset is currently checked in; no risk value is inferred.
HT,Haiti,Americas,financial-secrecy-offshore,Financial secrecy and offshore exposure,unavailable,false,,,,,,,,,OECD Global Forum on Transparency and Exchange of Information for Tax Purposes|https://www.oecd.org/tax/transparency/|candidate-not-ingested,"No reviewed, licence-clean financial-secrecy index is currently checked in; jurisdiction type alone is not used as a proxy."
HT,Haiti,Americas,tax-cooperation,Tax cooperation,available,false,categorical,Not listed in EU Annex I,not-listed,Council of the European Union,https://www.consilium.europa.eu/en/policies/eu-list-of-non-cooperative-jurisdictions/,,2026-02-17,2026-02-17,"Council of the European Union|https://www.consilium.europa.eu/en/policies/eu-list-of-non-cooperative-jurisdictions/|checked-in-snapshot,OECD Global Forum on Transparency and Exchange of Information for Tax Purposes|https://www.oecd.org/tax/transparency/|candidate-not-ingested","Annex I is a political/legal tax-cooperation list, not a general AML, corruption, or country-risk score."
HT,Haiti,Americas,political-stability-conflict,Political stability and conflict,available,false,percentile,45/100 WGI percentile,45,World Bank Worldwide Governance Indicators,https://www.worldbank.org/en/publication/worldwide-governance-indicators,CC BY 4.0 — World Bank WGI,2024,2026-08-13T11:45:25.085Z,World Bank Worldwide Governance Indicators|https://www.worldbank.org/en/publication/worldwide-governance-indicators|checked-in-snapshot,"WGI is an institutional perception indicator, not a conflict event feed or a prediction of future violence."
HT,Haiti,Americas,beneficial-ownership,Beneficial ownership,unavailable,false,,,,,,,,,Open Ownership|https://www.openownership.org/en/map/|checked-in-snapshot,"The Open Ownership map is a live-register snapshot and absence means no register was identified in that snapshot, not that no register exists."
HN,Honduras,Americas,organised-crime,Organised crime,unavailable,false,,,,,,,,,United Nations Office on Drugs and Crime|https://dataunodc.un.org/|candidate-not-ingested,No reviewed country-level organised-crime dataset is currently checked in; no risk value is inferred.
HN,Honduras,Americas,fraud-cybercrime,Fraud and cybercrime,unavailable,false,,,,,,,,,International Telecommunication Union|https://www.itu.int/en/ITU-D/Cybersecurity/Pages/global-cybersecurity-index.aspx|candidate-not-ingested,No reviewed country-level fraud or cybercrime dataset is currently checked in; no risk value is inferred.
HN,Honduras,Americas,terrorism-proliferation,Terrorism and proliferation financing,unavailable,false,,,,,,,,,Financial Action Task Force|https://www.fatf-gafi.org/en/publications/mutualevaluations.html|candidate-not-ingested,No reviewed country-comparable terrorism/proliferation threat dataset is currently checked in; FATF listing status remains a separate overlay.
HN,Honduras,Americas,trafficking,Trafficking,unavailable,false,,,,,,,,,United Nations Office on Drugs and Crime|https://dataunodc.un.org/|candidate-not-ingested,No reviewed country-level trafficking dataset is currently checked in; no risk value is inferred.
HN,Honduras,Americas,financial-secrecy-offshore,Financial secrecy and offshore exposure,unavailable,false,,,,,,,,,OECD Global Forum on Transparency and Exchange of Information for Tax Purposes|https://www.oecd.org/tax/transparency/|candidate-not-ingested,"No reviewed, licence-clean financial-secrecy index is currently checked in; jurisdiction type alone is not used as a proxy."
HN,Honduras,Americas,tax-cooperation,Tax cooperation,available,false,categorical,Not listed in EU Annex I,not-listed,Council of the European Union,https://www.consilium.europa.eu/en/policies/eu-list-of-non-cooperative-jurisdictions/,,2026-02-17,2026-02-17,"Council of the European Union|https://www.consilium.europa.eu/en/policies/eu-list-of-non-cooperative-jurisdictions/|checked-in-snapshot,OECD Global Forum on Transparency and Exchange of Information for Tax Purposes|https://www.oecd.org/tax/transparency/|candidate-not-ingested","Annex I is a political/legal tax-cooperation list, not a general AML, corruption, or country-risk score."
HN,Honduras,Americas,political-stability-conflict,Political stability and conflict,available,false,percentile,56/100 WGI percentile,56,World Bank Worldwide Governance Indicators,https://www.worldbank.org/en/publication/worldwide-governance-indicators,CC BY 4.0 — World Bank WGI,2024,2026-08-13T11:45:25.085Z,World Bank Worldwide Governance Indicators|https://www.worldbank.org/en/publication/worldwide-governance-indicators|checked-in-snapshot,"WGI is an institutional perception indicator, not a conflict event feed or a prediction of future violence."
HN,Honduras,Americas,beneficial-ownership,Beneficial ownership,unavailable,false,,,,,,,,,Open Ownership|https://www.openownership.org/en/map/|checked-in-snapshot,"The Open Ownership map is a live-register snapshot and absence means no register was identified in that snapshot, not that no register exists."
JM,Jamaica,Americas,organised-crime,Organised crime,unavailable,false,,,,,,,,,United Nations Office on Drugs and Crime|https://dataunodc.un.org/|candidate-not-ingested,No reviewed country-level organised-crime dataset is currently checked in; no risk value is inferred.
JM,Jamaica,Americas,fraud-cybercrime,Fraud and cybercrime,unavailable,false,,,,,,,,,International Telecommunication Union|https://www.itu.int/en/ITU-D/Cybersecurity/Pages/global-cybersecurity-index.aspx|candidate-not-ingested,No reviewed country-level fraud or cybercrime dataset is currently checked in; no risk value is inferred.
JM,Jamaica,Americas,terrorism-proliferation,Terrorism and proliferation financing,unavailable,false,,,,,,,,,Financial Action Task Force|https://www.fatf-gafi.org/en/publications/mutualevaluations.html|candidate-not-ingested,No reviewed country-comparable terrorism/proliferation threat dataset is currently checked in; FATF listing status remains a separate overlay.
JM,Jamaica,Americas,trafficking,Trafficking,unavailable,false,,,,,,,,,United Nations Office on Drugs and Crime|https://dataunodc.un.org/|candidate-not-ingested,No reviewed country-level trafficking dataset is currently checked in; no risk value is inferred.
JM,Jamaica,Americas,financial-secrecy-offshore,Financial secrecy and offshore exposure,unavailable,false,,,,,,,,,OECD Global Forum on Transparency and Exchange of Information for Tax Purposes|https://www.oecd.org/tax/transparency/|candidate-not-ingested,"No reviewed, licence-clean financial-secrecy index is currently checked in; jurisdiction type alone is not used as a proxy."
JM,Jamaica,Americas,tax-cooperation,Tax cooperation,available,false,categorical,Not listed in EU Annex I,not-listed,Council of the European Union,https://www.consilium.europa.eu/en/policies/eu-list-of-non-cooperative-jurisdictions/,,2026-02-17,2026-02-17,"Council of the European Union|https://www.consilium.europa.eu/en/policies/eu-list-of-non-cooperative-jurisdictions/|checked-in-snapshot,OECD Global Forum on Transparency and Exchange of Information for Tax Purposes|https://www.oecd.org/tax/transparency/|candidate-not-ingested","Annex I is a political/legal tax-cooperation list, not a general AML, corruption, or country-risk score."
JM,Jamaica,Americas,political-stability-conflict,Political stability and conflict,available,false,percentile,74/100 WGI percentile,74,World Bank Worldwide Governance Indicators,https://www.worldbank.org/en/publication/worldwide-governance-indicators,CC BY 4.0 — World Bank WGI,2024,2026-08-13T11:45:25.085Z,World Bank Worldwide Governance Indicators|https://www.worldbank.org/en/publication/worldwide-governance-indicators|checked-in-snapshot,"WGI is an institutional perception indicator, not a conflict event feed or a prediction of future violence."
JM,Jamaica,Americas,beneficial-ownership,Beneficial ownership,available,false,register,Register accessible for due diligence,cdd-accessible,Open Ownership,https://www.openownership.org/en/map/,CC BY 4.0 (Open Ownership),2026-08-23T10:55:05.203Z,2026-08-23T10:55:05.203Z,Open Ownership|https://www.openownership.org/en/map/|checked-in-snapshot,"The Open Ownership map is a live-register snapshot and absence means no register was identified in that snapshot, not that no register exists."
MX,Mexico,Americas,organised-crime,Organised crime,unavailable,false,,,,,,,,,United Nations Office on Drugs and Crime|https://dataunodc.un.org/|candidate-not-ingested,No reviewed country-level organised-crime dataset is currently checked in; no risk value is inferred.
MX,Mexico,Americas,fraud-cybercrime,Fraud and cybercrime,unavailable,false,,,,,,,,,International Telecommunication Union|https://www.itu.int/en/ITU-D/Cybersecurity/Pages/global-cybersecurity-index.aspx|candidate-not-ingested,No reviewed country-level fraud or cybercrime dataset is currently checked in; no risk value is inferred.
MX,Mexico,Americas,terrorism-proliferation,Terrorism and proliferation financing,unavailable,false,,,,,,,,,Financial Action Task Force|https://www.fatf-gafi.org/en/publications/mutualevaluations.html|candidate-not-ingested,No reviewed country-comparable terrorism/proliferation threat dataset is currently checked in; FATF listing status remains a separate overlay.
MX,Mexico,Americas,trafficking,Trafficking,unavailable,false,,,,,,,,,United Nations Office on Drugs and Crime|https://dataunodc.un.org/|candidate-not-ingested,No reviewed country-level trafficking dataset is currently checked in; no risk value is inferred.
MX,Mexico,Americas,financial-secrecy-offshore,Financial secrecy and offshore exposure,unavailable,false,,,,,,,,,OECD Global Forum on Transparency and Exchange of Information for Tax Purposes|https://www.oecd.org/tax/transparency/|candidate-not-ingested,"No reviewed, licence-clean financial-secrecy index is currently checked in; jurisdiction type alone is not used as a proxy."
MX,Mexico,Americas,tax-cooperation,Tax cooperation,available,false,categorical,Not listed in EU Annex I,not-listed,Council of the European Union,https://www.consilium.europa.eu/en/policies/eu-list-of-non-cooperative-jurisdictions/,,2026-02-17,2026-02-17,"Council of the European Union|https://www.consilium.europa.eu/en/policies/eu-list-of-non-cooperative-jurisdictions/|checked-in-snapshot,OECD Global Forum on Transparency and Exchange of Information for Tax Purposes|https://www.oecd.org/tax/transparency/|candidate-not-ingested","Annex I is a political/legal tax-cooperation list, not a general AML, corruption, or country-risk score."
MX,Mexico,Americas,political-stability-conflict,Political stability and conflict,available,false,percentile,54/100 WGI percentile,54,World Bank Worldwide Governance Indicators,https://www.worldbank.org/en/publication/worldwide-governance-indicators,CC BY 4.0 — World Bank WGI,2024,2026-08-13T11:45:25.085Z,World Bank Worldwide Governance Indicators|https://www.worldbank.org/en/publication/worldwide-governance-indicators|checked-in-snapshot,"WGI is an institutional perception indicator, not a conflict event feed or a prediction of future violence."
MX,Mexico,Americas,beneficial-ownership,Beneficial ownership,unavailable,false,,,,,,,,,Open Ownership|https://www.openownership.org/en/map/|checked-in-snapshot,"The Open Ownership map is a live-register snapshot and absence means no register was identified in that snapshot, not that no register exists."
NI,Nicaragua,Americas,organised-crime,Organised crime,unavailable,false,,,,,,,,,United Nations Office on Drugs and Crime|https://dataunodc.un.org/|candidate-not-ingested,No reviewed country-level organised-crime dataset is currently checked in; no risk value is inferred.
NI,Nicaragua,Americas,fraud-cybercrime,Fraud and cybercrime,unavailable,false,,,,,,,,,International Telecommunication Union|https://www.itu.int/en/ITU-D/Cybersecurity/Pages/global-cybersecurity-index.aspx|candidate-not-ingested,No reviewed country-level fraud or cybercrime dataset is currently checked in; no risk value is inferred.
NI,Nicaragua,Americas,terrorism-proliferation,Terrorism and proliferation financing,unavailable,false,,,,,,,,,Financial Action Task Force|https://www.fatf-gafi.org/en/publications/mutualevaluations.html|candidate-not-ingested,No reviewed country-comparable terrorism/proliferation threat dataset is currently checked in; FATF listing status remains a separate overlay.
NI,Nicaragua,Americas,trafficking,Trafficking,unavailable,false,,,,,,,,,United Nations Office on Drugs and Crime|https://dataunodc.un.org/|candidate-not-ingested,No reviewed country-level trafficking dataset is currently checked in; no risk value is inferred.
NI,Nicaragua,Americas,financial-secrecy-offshore,Financial secrecy and offshore exposure,unavailable,false,,,,,,,,,OECD Global Forum on Transparency and Exchange of Information for Tax Purposes|https://www.oecd.org/tax/transparency/|candidate-not-ingested,"No reviewed, licence-clean financial-secrecy index is currently checked in; jurisdiction type alone is not used as a proxy."
NI,Nicaragua,Americas,tax-cooperation,Tax cooperation,available,false,categorical,Not listed in EU Annex I,not-listed,Council of the European Union,https://www.consilium.europa.eu/en/policies/eu-list-of-non-cooperative-jurisdictions/,,2026-02-17,2026-02-17,"Council of the European Union|https://www.consilium.europa.eu/en/policies/eu-list-of-non-cooperative-jurisdictions/|checked-in-snapshot,OECD Global Forum on Transparency and Exchange of Information for Tax Purposes|https://www.oecd.org/tax/transparency/|candidate-not-ingested","Annex I is a political/legal tax-cooperation list, not a general AML, corruption, or country-risk score."
NI,Nicaragua,Americas,political-stability-conflict,Political stability and conflict,available,false,percentile,65/100 WGI percentile,65,World Bank Worldwide Governance Indicators,https://www.worldbank.org/en/publication/worldwide-governance-indicators,CC BY 4.0 — World Bank WGI,2024,2026-08-13T11:45:25.085Z,World Bank Worldwide Governance Indicators|https://www.worldbank.org/en/publication/worldwide-governance-indicators|checked-in-snapshot,"WGI is an institutional perception indicator, not a conflict event feed or a prediction of future violence."
NI,Nicaragua,Americas,beneficial-ownership,Beneficial ownership,available,false,register,Register access not recorded,unrecorded,Open Ownership,https://www.openownership.org/en/map/,CC BY 4.0 (Open Ownership),2026-08-23T10:55:05.203Z,2026-08-23T10:55:05.203Z,Open Ownership|https://www.openownership.org/en/map/|checked-in-snapshot,"The Open Ownership map is a live-register snapshot and absence means no register was identified in that snapshot, not that no register exists."
PA,Panama,Americas,organised-crime,Organised crime,unavailable,false,,,,,,,,,United Nations Office on Drugs and Crime|https://dataunodc.un.org/|candidate-not-ingested,No reviewed country-level organised-crime dataset is currently checked in; no risk value is inferred.
PA,Panama,Americas,fraud-cybercrime,Fraud and cybercrime,unavailable,false,,,,,,,,,International Telecommunication Union|https://www.itu.int/en/ITU-D/Cybersecurity/Pages/global-cybersecurity-index.aspx|candidate-not-ingested,No reviewed country-level fraud or cybercrime dataset is currently checked in; no risk value is inferred.
PA,Panama,Americas,terrorism-proliferation,Terrorism and proliferation financing,unavailable,false,,,,,,,,,Financial Action Task Force|https://www.fatf-gafi.org/en/publications/mutualevaluations.html|candidate-not-ingested,No reviewed country-comparable terrorism/proliferation threat dataset is currently checked in; FATF listing status remains a separate overlay.
PA,Panama,Americas,trafficking,Trafficking,unavailable,false,,,,,,,,,United Nations Office on Drugs and Crime|https://dataunodc.un.org/|candidate-not-ingested,No reviewed country-level trafficking dataset is currently checked in; no risk value is inferred.
PA,Panama,Americas,financial-secrecy-offshore,Financial secrecy and offshore exposure,unavailable,false,,,,,,,,,OECD Global Forum on Transparency and Exchange of Information for Tax Purposes|https://www.oecd.org/tax/transparency/|candidate-not-ingested,"No reviewed, licence-clean financial-secrecy index is currently checked in; jurisdiction type alone is not used as a proxy."
PA,Panama,Americas,tax-cooperation,Tax cooperation,available,false,categorical,EU Annex I listed,listed,Council of the European Union,https://www.consilium.europa.eu/en/policies/eu-list-of-non-cooperative-jurisdictions/,,2026-02-17,2026-02-17,"Council of the European Union|https://www.consilium.europa.eu/en/policies/eu-list-of-non-cooperative-jurisdictions/|checked-in-snapshot,OECD Global Forum on Transparency and Exchange of Information for Tax Purposes|https://www.oecd.org/tax/transparency/|candidate-not-ingested","Annex I is a political/legal tax-cooperation list, not a general AML, corruption, or country-risk score."
PA,Panama,Americas,political-stability-conflict,Political stability and conflict,available,false,percentile,70/100 WGI percentile,70,World Bank Worldwide Governance Indicators,https://www.worldbank.org/en/publication/worldwide-governance-indicators,CC BY 4.0 — World Bank WGI,2024,2026-08-13T11:45:25.085Z,World Bank Worldwide Governance Indicators|https://www.worldbank.org/en/publication/worldwide-governance-indicators|checked-in-snapshot,"WGI is an institutional perception indicator, not a conflict event feed or a prediction of future violence."
PA,Panama,Americas,beneficial-ownership,Beneficial ownership,available,false,register,Register restricted to authorities,authorities-only,Open Ownership,https://www.openownership.org/en/map/,CC BY 4.0 (Open Ownership),2026-08-23T10:55:05.203Z,2026-08-23T10:55:05.203Z,Open Ownership|https://www.openownership.org/en/map/|checked-in-snapshot,"The Open Ownership map is a live-register snapshot and absence means no register was identified in that snapshot, not that no register exists."
PY,Paraguay,Americas,organised-crime,Organised crime,unavailable,false,,,,,,,,,United Nations Office on Drugs and Crime|https://dataunodc.un.org/|candidate-not-ingested,No reviewed country-level organised-crime dataset is currently checked in; no risk value is inferred.
PY,Paraguay,Americas,fraud-cybercrime,Fraud and cybercrime,unavailable,false,,,,,,,,,International Telecommunication Union|https://www.itu.int/en/ITU-D/Cybersecurity/Pages/global-cybersecurity-index.aspx|candidate-not-ingested,No reviewed country-level fraud or cybercrime dataset is currently checked in; no risk value is inferred.
PY,Paraguay,Americas,terrorism-proliferation,Terrorism and proliferation financing,unavailable,false,,,,,,,,,Financial Action Task Force|https://www.fatf-gafi.org/en/publications/mutualevaluations.html|candidate-not-ingested,No reviewed country-comparable terrorism/proliferation threat dataset is currently checked in; FATF listing status remains a separate overlay.
PY,Paraguay,Americas,trafficking,Trafficking,unavailable,false,,,,,,,,,United Nations Office on Drugs and Crime|https://dataunodc.un.org/|candidate-not-ingested,No reviewed country-level trafficking dataset is currently checked in; no risk value is inferred.
PY,Paraguay,Americas,financial-secrecy-offshore,Financial secrecy and offshore exposure,unavailable,false,,,,,,,,,OECD Global Forum on Transparency and Exchange of Information for Tax Purposes|https://www.oecd.org/tax/transparency/|candidate-not-ingested,"No reviewed, licence-clean financial-secrecy index is currently checked in; jurisdiction type alone is not used as a proxy."
PY,Paraguay,Americas,tax-cooperation,Tax cooperation,available,false,categorical,Not listed in EU Annex I,not-listed,Council of the European Union,https://www.consilium.europa.eu/en/policies/eu-list-of-non-cooperative-jurisdictions/,,2026-02-17,2026-02-17,"Council of the European Union|https://www.consilium.europa.eu/en/policies/eu-list-of-non-cooperative-jurisdictions/|checked-in-snapshot,OECD Global Forum on Transparency and Exchange of Information for Tax Purposes|https://www.oecd.org/tax/transparency/|candidate-not-ingested","Annex I is a political/legal tax-cooperation list, not a general AML, corruption, or country-risk score."
PY,Paraguay,Americas,political-stability-conflict,Political stability and conflict,available,false,percentile,65/100 WGI percentile,65,World Bank Worldwide Governance Indicators,https://www.worldbank.org/en/publication/worldwide-governance-indicators,CC BY 4.0 — World Bank WGI,2024,2026-08-13T11:45:25.085Z,World Bank Worldwide Governance Indicators|https://www.worldbank.org/en/publication/worldwide-governance-indicators|checked-in-snapshot,"WGI is an institutional perception indicator, not a conflict event feed or a prediction of future violence."
PY,Paraguay,Americas,beneficial-ownership,Beneficial ownership,available,false,register,Register restricted to authorities,authorities-only,Open Ownership,https://www.openownership.org/en/map/,CC BY 4.0 (Open Ownership),2026-08-23T10:55:05.203Z,2026-08-23T10:55:05.203Z,Open Ownership|https://www.openownership.org/en/map/|checked-in-snapshot,"The Open Ownership map is a live-register snapshot and absence means no register was identified in that snapshot, not that no register exists."
PE,Peru,Americas,organised-crime,Organised crime,unavailable,false,,,,,,,,,United Nations Office on Drugs and Crime|https://dataunodc.un.org/|candidate-not-ingested,No reviewed country-level organised-crime dataset is currently checked in; no risk value is inferred.
PE,Peru,Americas,fraud-cybercrime,Fraud and cybercrime,unavailable,false,,,,,,,,,International Telecommunication Union|https://www.itu.int/en/ITU-D/Cybersecurity/Pages/global-cybersecurity-index.aspx|candidate-not-ingested,No reviewed country-level fraud or cybercrime dataset is currently checked in; no risk value is inferred.
PE,Peru,Americas,terrorism-proliferation,Terrorism and proliferation financing,unavailable,false,,,,,,,,,Financial Action Task Force|https://www.fatf-gafi.org/en/publications/mutualevaluations.html|candidate-not-ingested,No reviewed country-comparable terrorism/proliferation threat dataset is currently checked in; FATF listing status remains a separate overlay.
PE,Peru,Americas,trafficking,Trafficking,unavailable,false,,,,,,,,,United Nations Office on Drugs and Crime|https://dataunodc.un.org/|candidate-not-ingested,No reviewed country-level trafficking dataset is currently checked in; no risk value is inferred.
PE,Peru,Americas,financial-secrecy-offshore,Financial secrecy and offshore exposure,unavailable,false,,,,,,,,,OECD Global Forum on Transparency and Exchange of Information for Tax Purposes|https://www.oecd.org/tax/transparency/|candidate-not-ingested,"No reviewed, licence-clean financial-secrecy index is currently checked in; jurisdiction type alone is not used as a proxy."
PE,Peru,Americas,tax-cooperation,Tax cooperation,available,false,categorical,Not listed in EU Annex I,not-listed,Council of the European Union,https://www.consilium.europa.eu/en/policies/eu-list-of-non-cooperative-jurisdictions/,,2026-02-17,2026-02-17,"Council of the European Union|https://www.consilium.europa.eu/en/policies/eu-list-of-non-cooperative-jurisdictions/|checked-in-snapshot,OECD Global Forum on Transparency and Exchange of Information for Tax Purposes|https://www.oecd.org/tax/transparency/|candidate-not-ingested","Annex I is a political/legal tax-cooperation list, not a general AML, corruption, or country-risk score."
PE,Peru,Americas,political-stability-conflict,Political stability and conflict,available,false,percentile,55/100 WGI percentile,55,World Bank Worldwide Governance Indicators,https://www.worldbank.org/en/publication/worldwide-governance-indicators,CC BY 4.0 — World Bank WGI,2024,2026-08-13T11:45:25.085Z,World Bank Worldwide Governance Indicators|https://www.worldbank.org/en/publication/worldwide-governance-indicators|checked-in-snapshot,"WGI is an institutional perception indicator, not a conflict event feed or a prediction of future violence."
PE,Peru,Americas,beneficial-ownership,Beneficial ownership,available,false,register,Register access not recorded,unrecorded,Open Ownership,https://www.openownership.org/en/map/,CC BY 4.0 (Open Ownership),2026-08-23T10:55:05.203Z,2026-08-23T10:55:05.203Z,Open Ownership|https://www.openownership.org/en/map/|checked-in-snapshot,"The Open Ownership map is a live-register snapshot and absence means no register was identified in that snapshot, not that no register exists."
SR,Suriname,Americas,organised-crime,Organised crime,unavailable,false,,,,,,,,,United Nations Office on Drugs and Crime|https://dataunodc.un.org/|candidate-not-ingested,No reviewed country-level organised-crime dataset is currently checked in; no risk value is inferred.
SR,Suriname,Americas,fraud-cybercrime,Fraud and cybercrime,unavailable,false,,,,,,,,,International Telecommunication Union|https://www.itu.int/en/ITU-D/Cybersecurity/Pages/global-cybersecurity-index.aspx|candidate-not-ingested,No reviewed country-level fraud or cybercrime dataset is currently checked in; no risk value is inferred.
SR,Suriname,Americas,terrorism-proliferation,Terrorism and proliferation financing,unavailable,false,,,,,,,,,Financial Action Task Force|https://www.fatf-gafi.org/en/publications/mutualevaluations.html|candidate-not-ingested,No reviewed country-comparable terrorism/proliferation threat dataset is currently checked in; FATF listing status remains a separate overlay.
SR,Suriname,Americas,trafficking,Trafficking,unavailable,false,,,,,,,,,United Nations Office on Drugs and Crime|https://dataunodc.un.org/|candidate-not-ingested,No reviewed country-level trafficking dataset is currently checked in; no risk value is inferred.
SR,Suriname,Americas,financial-secrecy-offshore,Financial secrecy and offshore exposure,unavailable,false,,,,,,,,,OECD Global Forum on Transparency and Exchange of Information for Tax Purposes|https://www.oecd.org/tax/transparency/|candidate-not-ingested,"No reviewed, licence-clean financial-secrecy index is currently checked in; jurisdiction type alone is not used as a proxy."
SR,Suriname,Americas,tax-cooperation,Tax cooperation,available,false,categorical,Not listed in EU Annex I,not-listed,Council of the European Union,https://www.consilium.europa.eu/en/policies/eu-list-of-non-cooperative-jurisdictions/,,2026-02-17,2026-02-17,"Council of the European Union|https://www.consilium.europa.eu/en/policies/eu-list-of-non-cooperative-jurisdictions/|checked-in-snapshot,OECD Global Forum on Transparency and Exchange of Information for Tax Purposes|https://www.oecd.org/tax/transparency/|candidate-not-ingested","Annex I is a political/legal tax-cooperation list, not a general AML, corruption, or country-risk score."
SR,Suriname,Americas,political-stability-conflict,Political stability and conflict,available,false,percentile,74/100 WGI percentile,74,World Bank Worldwide Governance Indicators,https://www.worldbank.org/en/publication/worldwide-governance-indicators,CC BY 4.0 — World Bank WGI,2024,2026-08-13T11:45:25.085Z,World Bank Worldwide Governance Indicators|https://www.worldbank.org/en/publication/worldwide-governance-indicators|checked-in-snapshot,"WGI is an institutional perception indicator, not a conflict event feed or a prediction of future violence."
SR,Suriname,Americas,beneficial-ownership,Beneficial ownership,unavailable,false,,,,,,,,,Open Ownership|https://www.openownership.org/en/map/|checked-in-snapshot,"The Open Ownership map is a live-register snapshot and absence means no register was identified in that snapshot, not that no register exists."
KN,Saint Kitts and Nevis,Americas,organised-crime,Organised crime,unavailable,false,,,,,,,,,United Nations Office on Drugs and Crime|https://dataunodc.un.org/|candidate-not-ingested,No reviewed country-level organised-crime dataset is currently checked in; no risk value is inferred.
KN,Saint Kitts and Nevis,Americas,fraud-cybercrime,Fraud and cybercrime,unavailable,false,,,,,,,,,International Telecommunication Union|https://www.itu.int/en/ITU-D/Cybersecurity/Pages/global-cybersecurity-index.aspx|candidate-not-ingested,No reviewed country-level fraud or cybercrime dataset is currently checked in; no risk value is inferred.
KN,Saint Kitts and Nevis,Americas,terrorism-proliferation,Terrorism and proliferation financing,unavailable,false,,,,,,,,,Financial Action Task Force|https://www.fatf-gafi.org/en/publications/mutualevaluations.html|candidate-not-ingested,No reviewed country-comparable terrorism/proliferation threat dataset is currently checked in; FATF listing status remains a separate overlay.
KN,Saint Kitts and Nevis,Americas,trafficking,Trafficking,unavailable,false,,,,,,,,,United Nations Office on Drugs and Crime|https://dataunodc.un.org/|candidate-not-ingested,No reviewed country-level trafficking dataset is currently checked in; no risk value is inferred.
KN,Saint Kitts and Nevis,Americas,financial-secrecy-offshore,Financial secrecy and offshore exposure,unavailable,false,,,,,,,,,OECD Global Forum on Transparency and Exchange of Information for Tax Purposes|https://www.oecd.org/tax/transparency/|candidate-not-ingested,"No reviewed, licence-clean financial-secrecy index is currently checked in; jurisdiction type alone is not used as a proxy."
KN,Saint Kitts and Nevis,Americas,tax-cooperation,Tax cooperation,available,false,categorical,Not listed in EU Annex I,not-listed,Council of the European Union,https://www.consilium.europa.eu/en/policies/eu-list-of-non-cooperative-jurisdictions/,,2026-02-17,2026-02-17,"Council of the European Union|https://www.consilium.europa.eu/en/policies/eu-list-of-non-cooperative-jurisdictions/|checked-in-snapshot,OECD Global Forum on Transparency and Exchange of Information for Tax Purposes|https://www.oecd.org/tax/transparency/|candidate-not-ingested","Annex I is a political/legal tax-cooperation list, not a general AML, corruption, or country-risk score."
KN,Saint Kitts and Nevis,Americas,political-stability-conflict,Political stability and conflict,available,false,percentile,81/100 WGI percentile,81,World Bank Worldwide Governance Indicators,https://www.worldbank.org/en/publication/worldwide-governance-indicators,CC BY 4.0 — World Bank WGI,2024,2026-08-13T11:45:25.085Z,World Bank Worldwide Governance Indicators|https://www.worldbank.org/en/publication/worldwide-governance-indicators|checked-in-snapshot,"WGI is an institutional perception indicator, not a conflict event feed or a prediction of future violence."
KN,Saint Kitts and Nevis,Americas,beneficial-ownership,Beneficial ownership,available,false,register,Register access not recorded,unrecorded,Open Ownership,https://www.openownership.org/en/map/,CC BY 4.0 (Open Ownership),2026-08-23T10:55:05.203Z,2026-08-23T10:55:05.203Z,Open Ownership|https://www.openownership.org/en/map/|checked-in-snapshot,"The Open Ownership map is a live-register snapshot and absence means no register was identified in that snapshot, not that no register exists."
LC,Saint Lucia,Americas,organised-crime,Organised crime,unavailable,false,,,,,,,,,United Nations Office on Drugs and Crime|https://dataunodc.un.org/|candidate-not-ingested,No reviewed country-level organised-crime dataset is currently checked in; no risk value is inferred.
LC,Saint Lucia,Americas,fraud-cybercrime,Fraud and cybercrime,unavailable,false,,,,,,,,,International Telecommunication Union|https://www.itu.int/en/ITU-D/Cybersecurity/Pages/global-cybersecurity-index.aspx|candidate-not-ingested,No reviewed country-level fraud or cybercrime dataset is currently checked in; no risk value is inferred.
LC,Saint Lucia,Americas,terrorism-proliferation,Terrorism and proliferation financing,unavailable,false,,,,,,,,,Financial Action Task Force|https://www.fatf-gafi.org/en/publications/mutualevaluations.html|candidate-not-ingested,No reviewed country-comparable terrorism/proliferation threat dataset is currently checked in; FATF listing status remains a separate overlay.
LC,Saint Lucia,Americas,trafficking,Trafficking,unavailable,false,,,,,,,,,United Nations Office on Drugs and Crime|https://dataunodc.un.org/|candidate-not-ingested,No reviewed country-level trafficking dataset is currently checked in; no risk value is inferred.
LC,Saint Lucia,Americas,financial-secrecy-offshore,Financial secrecy and offshore exposure,unavailable,false,,,,,,,,,OECD Global Forum on Transparency and Exchange of Information for Tax Purposes|https://www.oecd.org/tax/transparency/|candidate-not-ingested,"No reviewed, licence-clean financial-secrecy index is currently checked in; jurisdiction type alone is not used as a proxy."
LC,Saint Lucia,Americas,tax-cooperation,Tax cooperation,available,false,categorical,Not listed in EU Annex I,not-listed,Council of the European Union,https://www.consilium.europa.eu/en/policies/eu-list-of-non-cooperative-jurisdictions/,,2026-02-17,2026-02-17,"Council of the European Union|https://www.consilium.europa.eu/en/policies/eu-list-of-non-cooperative-jurisdictions/|checked-in-snapshot,OECD Global Forum on Transparency and Exchange of Information for Tax Purposes|https://www.oecd.org/tax/transparency/|candidate-not-ingested","Annex I is a political/legal tax-cooperation list, not a general AML, corruption, or country-risk score."
LC,Saint Lucia,Americas,political-stability-conflict,Political stability and conflict,available,false,percentile,84/100 WGI percentile,84,World Bank Worldwide Governance Indicators,https://www.worldbank.org/en/publication/worldwide-governance-indicators,CC BY 4.0 — World Bank WGI,2024,2026-08-13T11:45:25.085Z,World Bank Worldwide Governance Indicators|https://www.worldbank.org/en/publication/worldwide-governance-indicators|checked-in-snapshot,"WGI is an institutional perception indicator, not a conflict event feed or a prediction of future violence."
LC,Saint Lucia,Americas,beneficial-ownership,Beneficial ownership,unavailable,false,,,,,,,,,Open Ownership|https://www.openownership.org/en/map/|checked-in-snapshot,"The Open Ownership map is a live-register snapshot and absence means no register was identified in that snapshot, not that no register exists."
VC,Saint Vincent and the Grenadines,Americas,organised-crime,Organised crime,unavailable,false,,,,,,,,,United Nations Office on Drugs and Crime|https://dataunodc.un.org/|candidate-not-ingested,No reviewed country-level organised-crime dataset is currently checked in; no risk value is inferred.
VC,Saint Vincent and the Grenadines,Americas,fraud-cybercrime,Fraud and cybercrime,unavailable,false,,,,,,,,,International Telecommunication Union|https://www.itu.int/en/ITU-D/Cybersecurity/Pages/global-cybersecurity-index.aspx|candidate-not-ingested,No reviewed country-level fraud or cybercrime dataset is currently checked in; no risk value is inferred.
VC,Saint Vincent and the Grenadines,Americas,terrorism-proliferation,Terrorism and proliferation financing,unavailable,false,,,,,,,,,Financial Action Task Force|https://www.fatf-gafi.org/en/publications/mutualevaluations.html|candidate-not-ingested,No reviewed country-comparable terrorism/proliferation threat dataset is currently checked in; FATF listing status remains a separate overlay.
VC,Saint Vincent and the Grenadines,Americas,trafficking,Trafficking,unavailable,false,,,,,,,,,United Nations Office on Drugs and Crime|https://dataunodc.un.org/|candidate-not-ingested,No reviewed country-level trafficking dataset is currently checked in; no risk value is inferred.
VC,Saint Vincent and the Grenadines,Americas,financial-secrecy-offshore,Financial secrecy and offshore exposure,unavailable,false,,,,,,,,,OECD Global Forum on Transparency and Exchange of Information for Tax Purposes|https://www.oecd.org/tax/transparency/|candidate-not-ingested,"No reviewed, licence-clean financial-secrecy index is currently checked in; jurisdiction type alone is not used as a proxy."
VC,Saint Vincent and the Grenadines,Americas,tax-cooperation,Tax cooperation,available,false,categorical,Not listed in EU Annex I,not-listed,Council of the European Union,https://www.consilium.europa.eu/en/policies/eu-list-of-non-cooperative-jurisdictions/,,2026-02-17,2026-02-17,"Council of the European Union|https://www.consilium.europa.eu/en/policies/eu-list-of-non-cooperative-jurisdictions/|checked-in-snapshot,OECD Global Forum on Transparency and Exchange of Information for Tax Purposes|https://www.oecd.org/tax/transparency/|candidate-not-ingested","Annex I is a political/legal tax-cooperation list, not a general AML, corruption, or country-risk score."
VC,Saint Vincent and the Grenadines,Americas,political-stability-conflict,Political stability and conflict,available,false,percentile,84/100 WGI percentile,84,World Bank Worldwide Governance Indicators,https://www.worldbank.org/en/publication/worldwide-governance-indicators,CC BY 4.0 — World Bank WGI,2024,2026-08-13T11:45:25.085Z,World Bank Worldwide Governance Indicators|https://www.worldbank.org/en/publication/worldwide-governance-indicators|checked-in-snapshot,"WGI is an institutional perception indicator, not a conflict event feed or a prediction of future violence."
VC,Saint Vincent and the Grenadines,Americas,beneficial-ownership,Beneficial ownership,unavailable,false,,,,,,,,,Open Ownership|https://www.openownership.org/en/map/|checked-in-snapshot,"The Open Ownership map is a live-register snapshot and absence means no register was identified in that snapshot, not that no register exists."
TT,Trinidad and Tobago,Americas,organised-crime,Organised crime,unavailable,false,,,,,,,,,United Nations Office on Drugs and Crime|https://dataunodc.un.org/|candidate-not-ingested,No reviewed country-level organised-crime dataset is currently checked in; no risk value is inferred.
TT,Trinidad and Tobago,Americas,fraud-cybercrime,Fraud and cybercrime,unavailable,false,,,,,,,,,International Telecommunication Union|https://www.itu.int/en/ITU-D/Cybersecurity/Pages/global-cybersecurity-index.aspx|candidate-not-ingested,No reviewed country-level fraud or cybercrime dataset is currently checked in; no risk value is inferred.
TT,Trinidad and Tobago,Americas,terrorism-proliferation,Terrorism and proliferation financing,unavailable,false,,,,,,,,,Financial Action Task Force|https://www.fatf-gafi.org/en/publications/mutualevaluations.html|candidate-not-ingested,No reviewed country-comparable terrorism/proliferation threat dataset is currently checked in; FATF listing status remains a separate overlay.
TT,Trinidad and Tobago,Americas,trafficking,Trafficking,unavailable,false,,,,,,,,,United Nations Office on Drugs and Crime|https://dataunodc.un.org/|candidate-not-ingested,No reviewed country-level trafficking dataset is currently checked in; no risk value is inferred.
TT,Trinidad and Tobago,Americas,financial-secrecy-offshore,Financial secrecy and offshore exposure,unavailable,false,,,,,,,,,OECD Global Forum on Transparency and Exchange of Information for Tax Purposes|https://www.oecd.org/tax/transparency/|candidate-not-ingested,"No reviewed, licence-clean financial-secrecy index is currently checked in; jurisdiction type alone is not used as a proxy."
TT,Trinidad and Tobago,Americas,tax-cooperation,Tax cooperation,available,false,categorical,Not listed in EU Annex I,not-listed,Council of the European Union,https://www.consilium.europa.eu/en/policies/eu-list-of-non-cooperative-jurisdictions/,,2026-02-17,2026-02-17,"Council of the European Union|https://www.consilium.europa.eu/en/policies/eu-list-of-non-cooperative-jurisdictions/|checked-in-snapshot,OECD Global Forum on Transparency and Exchange of Information for Tax Purposes|https://www.oecd.org/tax/transparency/|candidate-not-ingested","Annex I is a political/legal tax-cooperation list, not a general AML, corruption, or country-risk score."
TT,Trinidad and Tobago,Americas,political-stability-conflict,Political stability and conflict,available,false,percentile,72/100 WGI percentile,72,World Bank Worldwide Governance Indicators,https://www.worldbank.org/en/publication/worldwide-governance-indicators,CC BY 4.0 — World Bank WGI,2024,2026-08-13T11:45:25.085Z,World Bank Worldwide Governance Indicators|https://www.worldbank.org/en/publication/worldwide-governance-indicators|checked-in-snapshot,"WGI is an institutional perception indicator, not a conflict event feed or a prediction of future violence."
TT,Trinidad and Tobago,Americas,beneficial-ownership,Beneficial ownership,available,false,register,Register access not recorded,unrecorded,Open Ownership,https://www.openownership.org/en/map/,CC BY 4.0 (Open Ownership),2026-08-23T10:55:05.203Z,2026-08-23T10:55:05.203Z,Open Ownership|https://www.openownership.org/en/map/|checked-in-snapshot,"The Open Ownership map is a live-register snapshot and absence means no register was identified in that snapshot, not that no register exists."
US,United States,Americas,organised-crime,Organised crime,unavailable,false,,,,,,,,,United Nations Office on Drugs and Crime|https://dataunodc.un.org/|candidate-not-ingested,No reviewed country-level organised-crime dataset is currently checked in; no risk value is inferred.
US,United States,Americas,fraud-cybercrime,Fraud and cybercrime,unavailable,false,,,,,,,,,International Telecommunication Union|https://www.itu.int/en/ITU-D/Cybersecurity/Pages/global-cybersecurity-index.aspx|candidate-not-ingested,No reviewed country-level fraud or cybercrime dataset is currently checked in; no risk value is inferred.
US,United States,Americas,terrorism-proliferation,Terrorism and proliferation financing,unavailable,false,,,,,,,,,Financial Action Task Force|https://www.fatf-gafi.org/en/publications/mutualevaluations.html|candidate-not-ingested,No reviewed country-comparable terrorism/proliferation threat dataset is currently checked in; FATF listing status remains a separate overlay.
US,United States,Americas,trafficking,Trafficking,unavailable,false,,,,,,,,,United Nations Office on Drugs and Crime|https://dataunodc.un.org/|candidate-not-ingested,No reviewed country-level trafficking dataset is currently checked in; no risk value is inferred.
US,United States,Americas,financial-secrecy-offshore,Financial secrecy and offshore exposure,unavailable,false,,,,,,,,,OECD Global Forum on Transparency and Exchange of Information for Tax Purposes|https://www.oecd.org/tax/transparency/|candidate-not-ingested,"No reviewed, licence-clean financial-secrecy index is currently checked in; jurisdiction type alone is not used as a proxy."
US,United States,Americas,tax-cooperation,Tax cooperation,available,false,categorical,Not listed in EU Annex I,not-listed,Council of the European Union,https://www.consilium.europa.eu/en/policies/eu-list-of-non-cooperative-jurisdictions/,,2026-02-17,2026-02-17,"Council of the European Union|https://www.consilium.europa.eu/en/policies/eu-list-of-non-cooperative-jurisdictions/|checked-in-snapshot,OECD Global Forum on Transparency and Exchange of Information for Tax Purposes|https://www.oecd.org/tax/transparency/|candidate-not-ingested","Annex I is a political/legal tax-cooperation list, not a general AML, corruption, or country-risk score."
US,United States,Americas,political-stability-conflict,Political stability and conflict,available,false,percentile,64/100 WGI percentile,64,World Bank Worldwide Governance Indicators,https://www.worldbank.org/en/publication/worldwide-governance-indicators,CC BY 4.0 — World Bank WGI,2024,2026-08-13T11:45:25.085Z,World Bank Worldwide Governance Indicators|https://www.worldbank.org/en/publication/worldwide-governance-indicators|checked-in-snapshot,"WGI is an institutional perception indicator, not a conflict event feed or a prediction of future violence."
US,United States,Americas,beneficial-ownership,Beneficial ownership,available,false,register,Register accessible for due diligence,cdd-accessible,Open Ownership,https://www.openownership.org/en/map/,CC BY 4.0 (Open Ownership),2026-08-23T10:55:05.203Z,2026-08-23T10:55:05.203Z,Open Ownership|https://www.openownership.org/en/map/|checked-in-snapshot,"The Open Ownership map is a live-register snapshot and absence means no register was identified in that snapshot, not that no register exists."
UY,Uruguay,Americas,organised-crime,Organised crime,unavailable,false,,,,,,,,,United Nations Office on Drugs and Crime|https://dataunodc.un.org/|candidate-not-ingested,No reviewed country-level organised-crime dataset is currently checked in; no risk value is inferred.
UY,Uruguay,Americas,fraud-cybercrime,Fraud and cybercrime,unavailable,false,,,,,,,,,International Telecommunication Union|https://www.itu.int/en/ITU-D/Cybersecurity/Pages/global-cybersecurity-index.aspx|candidate-not-ingested,No reviewed country-level fraud or cybercrime dataset is currently checked in; no risk value is inferred.
UY,Uruguay,Americas,terrorism-proliferation,Terrorism and proliferation financing,unavailable,false,,,,,,,,,Financial Action Task Force|https://www.fatf-gafi.org/en/publications/mutualevaluations.html|candidate-not-ingested,No reviewed country-comparable terrorism/proliferation threat dataset is currently checked in; FATF listing status remains a separate overlay.
UY,Uruguay,Americas,trafficking,Trafficking,unavailable,false,,,,,,,,,United Nations Office on Drugs and Crime|https://dataunodc.un.org/|candidate-not-ingested,No reviewed country-level trafficking dataset is currently checked in; no risk value is inferred.
UY,Uruguay,Americas,financial-secrecy-offshore,Financial secrecy and offshore exposure,unavailable,false,,,,,,,,,OECD Global Forum on Transparency and Exchange of Information for Tax Purposes|https://www.oecd.org/tax/transparency/|candidate-not-ingested,"No reviewed, licence-clean financial-secrecy index is currently checked in; jurisdiction type alone is not used as a proxy."
UY,Uruguay,Americas,tax-cooperation,Tax cooperation,available,false,categorical,Not listed in EU Annex I,not-listed,Council of the European Union,https://www.consilium.europa.eu/en/policies/eu-list-of-non-cooperative-jurisdictions/,,2026-02-17,2026-02-17,"Council of the European Union|https://www.consilium.europa.eu/en/policies/eu-list-of-non-cooperative-jurisdictions/|checked-in-snapshot,OECD Global Forum on Transparency and Exchange of Information for Tax Purposes|https://www.oecd.org/tax/transparency/|candidate-not-ingested","Annex I is a political/legal tax-cooperation list, not a general AML, corruption, or country-risk score."
UY,Uruguay,Americas,political-stability-conflict,Political stability and conflict,available,false,percentile,88/100 WGI percentile,88,World Bank Worldwide Governance Indicators,https://www.worldbank.org/en/publication/worldwide-governance-indicators,CC BY 4.0 — World Bank WGI,2024,2026-08-13T11:45:25.085Z,World Bank Worldwide Governance Indicators|https://www.worldbank.org/en/publication/worldwide-governance-indicators|checked-in-snapshot,"WGI is an institutional perception indicator, not a conflict event feed or a prediction of future violence."
UY,Uruguay,Americas,beneficial-ownership,Beneficial ownership,available,false,register,Register restricted to authorities,authorities-only,Open Ownership,https://www.openownership.org/en/map/,CC BY 4.0 (Open Ownership),2026-08-23T10:55:05.203Z,2026-08-23T10:55:05.203Z,Open Ownership|https://www.openownership.org/en/map/|checked-in-snapshot,"The Open Ownership map is a live-register snapshot and absence means no register was identified in that snapshot, not that no register exists."
VE,Venezuela,Americas,organised-crime,Organised crime,unavailable,false,,,,,,,,,United Nations Office on Drugs and Crime|https://dataunodc.un.org/|candidate-not-ingested,No reviewed country-level organised-crime dataset is currently checked in; no risk value is inferred.
VE,Venezuela,Americas,fraud-cybercrime,Fraud and cybercrime,unavailable,false,,,,,,,,,International Telecommunication Union|https://www.itu.int/en/ITU-D/Cybersecurity/Pages/global-cybersecurity-index.aspx|candidate-not-ingested,No reviewed country-level fraud or cybercrime dataset is currently checked in; no risk value is inferred.
VE,Venezuela,Americas,terrorism-proliferation,Terrorism and proliferation financing,unavailable,false,,,,,,,,,Financial Action Task Force|https://www.fatf-gafi.org/en/publications/mutualevaluations.html|candidate-not-ingested,No reviewed country-comparable terrorism/proliferation threat dataset is currently checked in; FATF listing status remains a separate overlay.
VE,Venezuela,Americas,trafficking,Trafficking,unavailable,false,,,,,,,,,United Nations Office on Drugs and Crime|https://dataunodc.un.org/|candidate-not-ingested,No reviewed country-level trafficking dataset is currently checked in; no risk value is inferred.
VE,Venezuela,Americas,financial-secrecy-offshore,Financial secrecy and offshore exposure,unavailable,false,,,,,,,,,OECD Global Forum on Transparency and Exchange of Information for Tax Purposes|https://www.oecd.org/tax/transparency/|candidate-not-ingested,"No reviewed, licence-clean financial-secrecy index is currently checked in; jurisdiction type alone is not used as a proxy."
VE,Venezuela,Americas,tax-cooperation,Tax cooperation,available,false,categorical,Not listed in EU Annex I,not-listed,Council of the European Union,https://www.consilium.europa.eu/en/policies/eu-list-of-non-cooperative-jurisdictions/,,2026-02-17,2026-02-17,"Council of the European Union|https://www.consilium.europa.eu/en/policies/eu-list-of-non-cooperative-jurisdictions/|checked-in-snapshot,OECD Global Forum on Transparency and Exchange of Information for Tax Purposes|https://www.oecd.org/tax/transparency/|candidate-not-ingested","Annex I is a political/legal tax-cooperation list, not a general AML, corruption, or country-risk score."
VE,Venezuela,Americas,political-stability-conflict,Political stability and conflict,available,false,percentile,36/100 WGI percentile,36,World Bank Worldwide Governance Indicators,https://www.worldbank.org/en/publication/worldwide-governance-indicators,CC BY 4.0 — World Bank WGI,2024,2026-08-13T11:45:25.085Z,World Bank Worldwide Governance Indicators|https://www.worldbank.org/en/publication/worldwide-governance-indicators|checked-in-snapshot,"WGI is an institutional perception indicator, not a conflict event feed or a prediction of future violence."
VE,Venezuela,Americas,beneficial-ownership,Beneficial ownership,unavailable,false,,,,,,,,,Open Ownership|https://www.openownership.org/en/map/|checked-in-snapshot,"The Open Ownership map is a live-register snapshot and absence means no register was identified in that snapshot, not that no register exists."
AF,Afghanistan,Asia Pacific,organised-crime,Organised crime,unavailable,false,,,,,,,,,United Nations Office on Drugs and Crime|https://dataunodc.un.org/|candidate-not-ingested,No reviewed country-level organised-crime dataset is currently checked in; no risk value is inferred.
AF,Afghanistan,Asia Pacific,fraud-cybercrime,Fraud and cybercrime,unavailable,false,,,,,,,,,International Telecommunication Union|https://www.itu.int/en/ITU-D/Cybersecurity/Pages/global-cybersecurity-index.aspx|candidate-not-ingested,No reviewed country-level fraud or cybercrime dataset is currently checked in; no risk value is inferred.
AF,Afghanistan,Asia Pacific,terrorism-proliferation,Terrorism and proliferation financing,unavailable,false,,,,,,,,,Financial Action Task Force|https://www.fatf-gafi.org/en/publications/mutualevaluations.html|candidate-not-ingested,No reviewed country-comparable terrorism/proliferation threat dataset is currently checked in; FATF listing status remains a separate overlay.
AF,Afghanistan,Asia Pacific,trafficking,Trafficking,unavailable,false,,,,,,,,,United Nations Office on Drugs and Crime|https://dataunodc.un.org/|candidate-not-ingested,No reviewed country-level trafficking dataset is currently checked in; no risk value is inferred.
AF,Afghanistan,Asia Pacific,financial-secrecy-offshore,Financial secrecy and offshore exposure,unavailable,false,,,,,,,,,OECD Global Forum on Transparency and Exchange of Information for Tax Purposes|https://www.oecd.org/tax/transparency/|candidate-not-ingested,"No reviewed, licence-clean financial-secrecy index is currently checked in; jurisdiction type alone is not used as a proxy."
AF,Afghanistan,Asia Pacific,tax-cooperation,Tax cooperation,available,false,categorical,Not listed in EU Annex I,not-listed,Council of the European Union,https://www.consilium.europa.eu/en/policies/eu-list-of-non-cooperative-jurisdictions/,,2026-02-17,2026-02-17,"Council of the European Union|https://www.consilium.europa.eu/en/policies/eu-list-of-non-cooperative-jurisdictions/|checked-in-snapshot,OECD Global Forum on Transparency and Exchange of Information for Tax Purposes|https://www.oecd.org/tax/transparency/|candidate-not-ingested","Annex I is a political/legal tax-cooperation list, not a general AML, corruption, or country-risk score."
AF,Afghanistan,Asia Pacific,political-stability-conflict,Political stability and conflict,available,false,percentile,28/100 WGI percentile,28,World Bank Worldwide Governance Indicators,https://www.worldbank.org/en/publication/worldwide-governance-indicators,CC BY 4.0 — World Bank WGI,2024,2026-08-13T11:45:25.085Z,World Bank Worldwide Governance Indicators|https://www.worldbank.org/en/publication/worldwide-governance-indicators|checked-in-snapshot,"WGI is an institutional perception indicator, not a conflict event feed or a prediction of future violence."
AF,Afghanistan,Asia Pacific,beneficial-ownership,Beneficial ownership,unavailable,false,,,,,,,,,Open Ownership|https://www.openownership.org/en/map/|checked-in-snapshot,"The Open Ownership map is a live-register snapshot and absence means no register was identified in that snapshot, not that no register exists."
AU,Australia,Asia Pacific,organised-crime,Organised crime,unavailable,false,,,,,,,,,United Nations Office on Drugs and Crime|https://dataunodc.un.org/|candidate-not-ingested,No reviewed country-level organised-crime dataset is currently checked in; no risk value is inferred.
AU,Australia,Asia Pacific,fraud-cybercrime,Fraud and cybercrime,unavailable,false,,,,,,,,,International Telecommunication Union|https://www.itu.int/en/ITU-D/Cybersecurity/Pages/global-cybersecurity-index.aspx|candidate-not-ingested,No reviewed country-level fraud or cybercrime dataset is currently checked in; no risk value is inferred.
AU,Australia,Asia Pacific,terrorism-proliferation,Terrorism and proliferation financing,unavailable,false,,,,,,,,,Financial Action Task Force|https://www.fatf-gafi.org/en/publications/mutualevaluations.html|candidate-not-ingested,No reviewed country-comparable terrorism/proliferation threat dataset is currently checked in; FATF listing status remains a separate overlay.
AU,Australia,Asia Pacific,trafficking,Trafficking,unavailable,false,,,,,,,,,United Nations Office on Drugs and Crime|https://dataunodc.un.org/|candidate-not-ingested,No reviewed country-level trafficking dataset is currently checked in; no risk value is inferred.
AU,Australia,Asia Pacific,financial-secrecy-offshore,Financial secrecy and offshore exposure,unavailable,false,,,,,,,,,OECD Global Forum on Transparency and Exchange of Information for Tax Purposes|https://www.oecd.org/tax/transparency/|candidate-not-ingested,"No reviewed, licence-clean financial-secrecy index is currently checked in; jurisdiction type alone is not used as a proxy."
AU,Australia,Asia Pacific,tax-cooperation,Tax cooperation,available,false,categorical,Not listed in EU Annex I,not-listed,Council of the European Union,https://www.consilium.europa.eu/en/policies/eu-list-of-non-cooperative-jurisdictions/,,2026-02-17,2026-02-17,"Council of the European Union|https://www.consilium.europa.eu/en/policies/eu-list-of-non-cooperative-jurisdictions/|checked-in-snapshot,OECD Global Forum on Transparency and Exchange of Information for Tax Purposes|https://www.oecd.org/tax/transparency/|candidate-not-ingested","Annex I is a political/legal tax-cooperation list, not a general AML, corruption, or country-risk score."
AU,Australia,Asia Pacific,political-stability-conflict,Political stability and conflict,available,false,percentile,79/100 WGI percentile,79,World Bank Worldwide Governance Indicators,https://www.worldbank.org/en/publication/worldwide-governance-indicators,CC BY 4.0 — World Bank WGI,2024,2026-08-13T11:45:25.085Z,World Bank Worldwide Governance Indicators|https://www.worldbank.org/en/publication/worldwide-governance-indicators|checked-in-snapshot,"WGI is an institutional perception indicator, not a conflict event feed or a prediction of future violence."
AU,Australia,Asia Pacific,beneficial-ownership,Beneficial ownership,unavailable,false,,,,,,,,,Open Ownership|https://www.openownership.org/en/map/|checked-in-snapshot,"The Open Ownership map is a live-register snapshot and absence means no register was identified in that snapshot, not that no register exists."
BD,Bangladesh,Asia Pacific,organised-crime,Organised crime,unavailable,false,,,,,,,,,United Nations Office on Drugs and Crime|https://dataunodc.un.org/|candidate-not-ingested,No reviewed country-level organised-crime dataset is currently checked in; no risk value is inferred.
BD,Bangladesh,Asia Pacific,fraud-cybercrime,Fraud and cybercrime,unavailable,false,,,,,,,,,International Telecommunication Union|https://www.itu.int/en/ITU-D/Cybersecurity/Pages/global-cybersecurity-index.aspx|candidate-not-ingested,No reviewed country-level fraud or cybercrime dataset is currently checked in; no risk value is inferred.
BD,Bangladesh,Asia Pacific,terrorism-proliferation,Terrorism and proliferation financing,unavailable,false,,,,,,,,,Financial Action Task Force|https://www.fatf-gafi.org/en/publications/mutualevaluations.html|candidate-not-ingested,No reviewed country-comparable terrorism/proliferation threat dataset is currently checked in; FATF listing status remains a separate overlay.
BD,Bangladesh,Asia Pacific,trafficking,Trafficking,unavailable,false,,,,,,,,,United Nations Office on Drugs and Crime|https://dataunodc.un.org/|candidate-not-ingested,No reviewed country-level trafficking dataset is currently checked in; no risk value is inferred.
BD,Bangladesh,Asia Pacific,financial-secrecy-offshore,Financial secrecy and offshore exposure,unavailable,false,,,,,,,,,OECD Global Forum on Transparency and Exchange of Information for Tax Purposes|https://www.oecd.org/tax/transparency/|candidate-not-ingested,"No reviewed, licence-clean financial-secrecy index is currently checked in; jurisdiction type alone is not used as a proxy."
BD,Bangladesh,Asia Pacific,tax-cooperation,Tax cooperation,available,false,categorical,Not listed in EU Annex I,not-listed,Council of the European Union,https://www.consilium.europa.eu/en/policies/eu-list-of-non-cooperative-jurisdictions/,,2026-02-17,2026-02-17,"Council of the European Union|https://www.consilium.europa.eu/en/policies/eu-list-of-non-cooperative-jurisdictions/|checked-in-snapshot,OECD Global Forum on Transparency and Exchange of Information for Tax Purposes|https://www.oecd.org/tax/transparency/|candidate-not-ingested","Annex I is a political/legal tax-cooperation list, not a general AML, corruption, or country-risk score."
BD,Bangladesh,Asia Pacific,political-stability-conflict,Political stability and conflict,available,false,percentile,41/100 WGI percentile,41,World Bank Worldwide Governance Indicators,https://www.worldbank.org/en/publication/worldwide-governance-indicators,CC BY 4.0 — World Bank WGI,2024,2026-08-13T11:45:25.085Z,World Bank Worldwide Governance Indicators|https://www.worldbank.org/en/publication/worldwide-governance-indicators|checked-in-snapshot,"WGI is an institutional perception indicator, not a conflict event feed or a prediction of future violence."
BD,Bangladesh,Asia Pacific,beneficial-ownership,Beneficial ownership,unavailable,false,,,,,,,,,Open Ownership|https://www.openownership.org/en/map/|checked-in-snapshot,"The Open Ownership map is a live-register snapshot and absence means no register was identified in that snapshot, not that no register exists."
BT,Bhutan,Asia Pacific,organised-crime,Organised crime,unavailable,false,,,,,,,,,United Nations Office on Drugs and Crime|https://dataunodc.un.org/|candidate-not-ingested,No reviewed country-level organised-crime dataset is currently checked in; no risk value is inferred.
BT,Bhutan,Asia Pacific,fraud-cybercrime,Fraud and cybercrime,unavailable,false,,,,,,,,,International Telecommunication Union|https://www.itu.int/en/ITU-D/Cybersecurity/Pages/global-cybersecurity-index.aspx|candidate-not-ingested,No reviewed country-level fraud or cybercrime dataset is currently checked in; no risk value is inferred.
BT,Bhutan,Asia Pacific,terrorism-proliferation,Terrorism and proliferation financing,unavailable,false,,,,,,,,,Financial Action Task Force|https://www.fatf-gafi.org/en/publications/mutualevaluations.html|candidate-not-ingested,No reviewed country-comparable terrorism/proliferation threat dataset is currently checked in; FATF listing status remains a separate overlay.
BT,Bhutan,Asia Pacific,trafficking,Trafficking,unavailable,false,,,,,,,,,United Nations Office on Drugs and Crime|https://dataunodc.un.org/|candidate-not-ingested,No reviewed country-level trafficking dataset is currently checked in; no risk value is inferred.
BT,Bhutan,Asia Pacific,financial-secrecy-offshore,Financial secrecy and offshore exposure,unavailable,false,,,,,,,,,OECD Global Forum on Transparency and Exchange of Information for Tax Purposes|https://www.oecd.org/tax/transparency/|candidate-not-ingested,"No reviewed, licence-clean financial-secrecy index is currently checked in; jurisdiction type alone is not used as a proxy."
BT,Bhutan,Asia Pacific,tax-cooperation,Tax cooperation,available,false,categorical,Not listed in EU Annex I,not-listed,Council of the European Union,https://www.consilium.europa.eu/en/policies/eu-list-of-non-cooperative-jurisdictions/,,2026-02-17,2026-02-17,"Council of the European Union|https://www.consilium.europa.eu/en/policies/eu-list-of-non-cooperative-jurisdictions/|checked-in-snapshot,OECD Global Forum on Transparency and Exchange of Information for Tax Purposes|https://www.oecd.org/tax/transparency/|candidate-not-ingested","Annex I is a political/legal tax-cooperation list, not a general AML, corruption, or country-risk score."
BT,Bhutan,Asia Pacific,political-stability-conflict,Political stability and conflict,available,false,percentile,89/100 WGI percentile,89,World Bank Worldwide Governance Indicators,https://www.worldbank.org/en/publication/worldwide-governance-indicators,CC BY 4.0 — World Bank WGI,2024,2026-08-13T11:45:25.085Z,World Bank Worldwide Governance Indicators|https://www.worldbank.org/en/publication/worldwide-governance-indicators|checked-in-snapshot,"WGI is an institutional perception indicator, not a conflict event feed or a prediction of future violence."
BT,Bhutan,Asia Pacific,beneficial-ownership,Beneficial ownership,unavailable,false,,,,,,,,,Open Ownership|https://www.openownership.org/en/map/|checked-in-snapshot,"The Open Ownership map is a live-register snapshot and absence means no register was identified in that snapshot, not that no register exists."
BN,Brunei,Asia Pacific,organised-crime,Organised crime,unavailable,false,,,,,,,,,United Nations Office on Drugs and Crime|https://dataunodc.un.org/|candidate-not-ingested,No reviewed country-level organised-crime dataset is currently checked in; no risk value is inferred.
BN,Brunei,Asia Pacific,fraud-cybercrime,Fraud and cybercrime,unavailable,false,,,,,,,,,International Telecommunication Union|https://www.itu.int/en/ITU-D/Cybersecurity/Pages/global-cybersecurity-index.aspx|candidate-not-ingested,No reviewed country-level fraud or cybercrime dataset is currently checked in; no risk value is inferred.
BN,Brunei,Asia Pacific,terrorism-proliferation,Terrorism and proliferation financing,unavailable,false,,,,,,,,,Financial Action Task Force|https://www.fatf-gafi.org/en/publications/mutualevaluations.html|candidate-not-ingested,No reviewed country-comparable terrorism/proliferation threat dataset is currently checked in; FATF listing status remains a separate overlay.
BN,Brunei,Asia Pacific,trafficking,Trafficking,unavailable,false,,,,,,,,,United Nations Office on Drugs and Crime|https://dataunodc.un.org/|candidate-not-ingested,No reviewed country-level trafficking dataset is currently checked in; no risk value is inferred.
BN,Brunei,Asia Pacific,financial-secrecy-offshore,Financial secrecy and offshore exposure,unavailable,false,,,,,,,,,OECD Global Forum on Transparency and Exchange of Information for Tax Purposes|https://www.oecd.org/tax/transparency/|candidate-not-ingested,"No reviewed, licence-clean financial-secrecy index is currently checked in; jurisdiction type alone is not used as a proxy."
BN,Brunei,Asia Pacific,tax-cooperation,Tax cooperation,available,false,categorical,Not listed in EU Annex I,not-listed,Council of the European Union,https://www.consilium.europa.eu/en/policies/eu-list-of-non-cooperative-jurisdictions/,,2026-02-17,2026-02-17,"Council of the European Union|https://www.consilium.europa.eu/en/policies/eu-list-of-non-cooperative-jurisdictions/|checked-in-snapshot,OECD Global Forum on Transparency and Exchange of Information for Tax Purposes|https://www.oecd.org/tax/transparency/|candidate-not-ingested","Annex I is a political/legal tax-cooperation list, not a general AML, corruption, or country-risk score."
BN,Brunei,Asia Pacific,political-stability-conflict,Political stability and conflict,available,false,percentile,86/100 WGI percentile,86,World Bank Worldwide Governance Indicators,https://www.worldbank.org/en/publication/worldwide-governance-indicators,CC BY 4.0 — World Bank WGI,2024,2026-08-13T11:45:25.085Z,World Bank Worldwide Governance Indicators|https://www.worldbank.org/en/publication/worldwide-governance-indicators|checked-in-snapshot,"WGI is an institutional perception indicator, not a conflict event feed or a prediction of future violence."
BN,Brunei,Asia Pacific,beneficial-ownership,Beneficial ownership,available,false,register,Register restricted to authorities,authorities-only,Open Ownership,https://www.openownership.org/en/map/,CC BY 4.0 (Open Ownership),2026-08-23T10:55:05.203Z,2026-08-23T10:55:05.203Z,Open Ownership|https://www.openownership.org/en/map/|checked-in-snapshot,"The Open Ownership map is a live-register snapshot and absence means no register was identified in that snapshot, not that no register exists."
KH,Cambodia,Asia Pacific,organised-crime,Organised crime,unavailable,false,,,,,,,,,United Nations Office on Drugs and Crime|https://dataunodc.un.org/|candidate-not-ingested,No reviewed country-level organised-crime dataset is currently checked in; no risk value is inferred.
KH,Cambodia,Asia Pacific,fraud-cybercrime,Fraud and cybercrime,unavailable,false,,,,,,,,,International Telecommunication Union|https://www.itu.int/en/ITU-D/Cybersecurity/Pages/global-cybersecurity-index.aspx|candidate-not-ingested,No reviewed country-level fraud or cybercrime dataset is currently checked in; no risk value is inferred.
KH,Cambodia,Asia Pacific,terrorism-proliferation,Terrorism and proliferation financing,unavailable,false,,,,,,,,,Financial Action Task Force|https://www.fatf-gafi.org/en/publications/mutualevaluations.html|candidate-not-ingested,No reviewed country-comparable terrorism/proliferation threat dataset is currently checked in; FATF listing status remains a separate overlay.
KH,Cambodia,Asia Pacific,trafficking,Trafficking,unavailable,false,,,,,,,,,United Nations Office on Drugs and Crime|https://dataunodc.un.org/|candidate-not-ingested,No reviewed country-level trafficking dataset is currently checked in; no risk value is inferred.
KH,Cambodia,Asia Pacific,financial-secrecy-offshore,Financial secrecy and offshore exposure,unavailable,false,,,,,,,,,OECD Global Forum on Transparency and Exchange of Information for Tax Purposes|https://www.oecd.org/tax/transparency/|candidate-not-ingested,"No reviewed, licence-clean financial-secrecy index is currently checked in; jurisdiction type alone is not used as a proxy."
KH,Cambodia,Asia Pacific,tax-cooperation,Tax cooperation,available,false,categorical,Not listed in EU Annex I,not-listed,Council of the European Union,https://www.consilium.europa.eu/en/policies/eu-list-of-non-cooperative-jurisdictions/,,2026-02-17,2026-02-17,"Council of the European Union|https://www.consilium.europa.eu/en/policies/eu-list-of-non-cooperative-jurisdictions/|checked-in-snapshot,OECD Global Forum on Transparency and Exchange of Information for Tax Purposes|https://www.oecd.org/tax/transparency/|candidate-not-ingested","Annex I is a political/legal tax-cooperation list, not a general AML, corruption, or country-risk score."
KH,Cambodia,Asia Pacific,political-stability-conflict,Political stability and conflict,available,false,percentile,68/100 WGI percentile,68,World Bank Worldwide Governance Indicators,https://www.worldbank.org/en/publication/worldwide-governance-indicators,CC BY 4.0 — World Bank WGI,2024,2026-08-13T11:45:25.085Z,World Bank Worldwide Governance Indicators|https://www.worldbank.org/en/publication/worldwide-governance-indicators|checked-in-snapshot,"WGI is an institutional perception indicator, not a conflict event feed or a prediction of future violence."
KH,Cambodia,Asia Pacific,beneficial-ownership,Beneficial ownership,unavailable,false,,,,,,,,,Open Ownership|https://www.openownership.org/en/map/|checked-in-snapshot,"The Open Ownership map is a live-register snapshot and absence means no register was identified in that snapshot, not that no register exists."
CN,China,Asia Pacific,organised-crime,Organised crime,unavailable,false,,,,,,,,,United Nations Office on Drugs and Crime|https://dataunodc.un.org/|candidate-not-ingested,No reviewed country-level organised-crime dataset is currently checked in; no risk value is inferred.
CN,China,Asia Pacific,fraud-cybercrime,Fraud and cybercrime,unavailable,false,,,,,,,,,International Telecommunication Union|https://www.itu.int/en/ITU-D/Cybersecurity/Pages/global-cybersecurity-index.aspx|candidate-not-ingested,No reviewed country-level fraud or cybercrime dataset is currently checked in; no risk value is inferred.
CN,China,Asia Pacific,terrorism-proliferation,Terrorism and proliferation financing,unavailable,false,,,,,,,,,Financial Action Task Force|https://www.fatf-gafi.org/en/publications/mutualevaluations.html|candidate-not-ingested,No reviewed country-comparable terrorism/proliferation threat dataset is currently checked in; FATF listing status remains a separate overlay.
CN,China,Asia Pacific,trafficking,Trafficking,unavailable,false,,,,,,,,,United Nations Office on Drugs and Crime|https://dataunodc.un.org/|candidate-not-ingested,No reviewed country-level trafficking dataset is currently checked in; no risk value is inferred.
CN,China,Asia Pacific,financial-secrecy-offshore,Financial secrecy and offshore exposure,unavailable,false,,,,,,,,,OECD Global Forum on Transparency and Exchange of Information for Tax Purposes|https://www.oecd.org/tax/transparency/|candidate-not-ingested,"No reviewed, licence-clean financial-secrecy index is currently checked in; jurisdiction type alone is not used as a proxy."
CN,China,Asia Pacific,tax-cooperation,Tax cooperation,available,false,categorical,Not listed in EU Annex I,not-listed,Council of the European Union,https://www.consilium.europa.eu/en/policies/eu-list-of-non-cooperative-jurisdictions/,,2026-02-17,2026-02-17,"Council of the European Union|https://www.consilium.europa.eu/en/policies/eu-list-of-non-cooperative-jurisdictions/|checked-in-snapshot,OECD Global Forum on Transparency and Exchange of Information for Tax Purposes|https://www.oecd.org/tax/transparency/|candidate-not-ingested","Annex I is a political/legal tax-cooperation list, not a general AML, corruption, or country-risk score."
CN,China,Asia Pacific,political-stability-conflict,Political stability and conflict,available,false,percentile,63/100 WGI percentile,63,World Bank Worldwide Governance Indicators,https://www.worldbank.org/en/publication/worldwide-governance-indicators,CC BY 4.0 — World Bank WGI,2024,2026-08-13T11:45:25.085Z,World Bank Worldwide Governance Indicators|https://www.worldbank.org/en/publication/worldwide-governance-indicators|checked-in-snapshot,"WGI is an institutional perception indicator, not a conflict event feed or a prediction of future violence."
CN,China,Asia Pacific,beneficial-ownership,Beneficial ownership,available,false,register,Register accessible for due diligence,cdd-accessible,Open Ownership,https://www.openownership.org/en/map/,CC BY 4.0 (Open Ownership),2026-08-23T10:55:05.203Z,2026-08-23T10:55:05.203Z,Open Ownership|https://www.openownership.org/en/map/|checked-in-snapshot,"The Open Ownership map is a live-register snapshot and absence means no register was identified in that snapshot, not that no register exists."
CK,Cook Islands,Asia Pacific,organised-crime,Organised crime,unavailable,false,,,,,,,,,United Nations Office on Drugs and Crime|https://dataunodc.un.org/|candidate-not-ingested,No reviewed country-level organised-crime dataset is currently checked in; no risk value is inferred.
CK,Cook Islands,Asia Pacific,fraud-cybercrime,Fraud and cybercrime,unavailable,false,,,,,,,,,International Telecommunication Union|https://www.itu.int/en/ITU-D/Cybersecurity/Pages/global-cybersecurity-index.aspx|candidate-not-ingested,No reviewed country-level fraud or cybercrime dataset is currently checked in; no risk value is inferred.
CK,Cook Islands,Asia Pacific,terrorism-proliferation,Terrorism and proliferation financing,unavailable,false,,,,,,,,,Financial Action Task Force|https://www.fatf-gafi.org/en/publications/mutualevaluations.html|candidate-not-ingested,No reviewed country-comparable terrorism/proliferation threat dataset is currently checked in; FATF listing status remains a separate overlay.
CK,Cook Islands,Asia Pacific,trafficking,Trafficking,unavailable,false,,,,,,,,,United Nations Office on Drugs and Crime|https://dataunodc.un.org/|candidate-not-ingested,No reviewed country-level trafficking dataset is currently checked in; no risk value is inferred.
CK,Cook Islands,Asia Pacific,financial-secrecy-offshore,Financial secrecy and offshore exposure,unavailable,false,,,,,,,,,OECD Global Forum on Transparency and Exchange of Information for Tax Purposes|https://www.oecd.org/tax/transparency/|candidate-not-ingested,"No reviewed, licence-clean financial-secrecy index is currently checked in; jurisdiction type alone is not used as a proxy."
CK,Cook Islands,Asia Pacific,tax-cooperation,Tax cooperation,available,false,categorical,Not listed in EU Annex I,not-listed,Council of the European Union,https://www.consilium.europa.eu/en/policies/eu-list-of-non-cooperative-jurisdictions/,,2026-02-17,2026-02-17,"Council of the European Union|https://www.consilium.europa.eu/en/policies/eu-list-of-non-cooperative-jurisdictions/|checked-in-snapshot,OECD Global Forum on Transparency and Exchange of Information for Tax Purposes|https://www.oecd.org/tax/transparency/|candidate-not-ingested","Annex I is a political/legal tax-cooperation list, not a general AML, corruption, or country-risk score."
CK,Cook Islands,Asia Pacific,political-stability-conflict,Political stability and conflict,available,false,percentile,86/100 WGI percentile,86,World Bank Worldwide Governance Indicators,https://www.worldbank.org/en/publication/worldwide-governance-indicators,CC BY 4.0 — World Bank WGI,2024,2026-08-13T11:45:25.085Z,World Bank Worldwide Governance Indicators|https://www.worldbank.org/en/publication/worldwide-governance-indicators|checked-in-snapshot,"WGI is an institutional perception indicator, not a conflict event feed or a prediction of future violence."
CK,Cook Islands,Asia Pacific,beneficial-ownership,Beneficial ownership,unavailable,false,,,,,,,,,Open Ownership|https://www.openownership.org/en/map/|checked-in-snapshot,"The Open Ownership map is a live-register snapshot and absence means no register was identified in that snapshot, not that no register exists."
FJ,Fiji,Asia Pacific,organised-crime,Organised crime,unavailable,false,,,,,,,,,United Nations Office on Drugs and Crime|https://dataunodc.un.org/|candidate-not-ingested,No reviewed country-level organised-crime dataset is currently checked in; no risk value is inferred.
FJ,Fiji,Asia Pacific,fraud-cybercrime,Fraud and cybercrime,unavailable,false,,,,,,,,,International Telecommunication Union|https://www.itu.int/en/ITU-D/Cybersecurity/Pages/global-cybersecurity-index.aspx|candidate-not-ingested,No reviewed country-level fraud or cybercrime dataset is currently checked in; no risk value is inferred.
FJ,Fiji,Asia Pacific,terrorism-proliferation,Terrorism and proliferation financing,unavailable,false,,,,,,,,,Financial Action Task Force|https://www.fatf-gafi.org/en/publications/mutualevaluations.html|candidate-not-ingested,No reviewed country-comparable terrorism/proliferation threat dataset is currently checked in; FATF listing status remains a separate overlay.
FJ,Fiji,Asia Pacific,trafficking,Trafficking,unavailable,false,,,,,,,,,United Nations Office on Drugs and Crime|https://dataunodc.un.org/|candidate-not-ingested,No reviewed country-level trafficking dataset is currently checked in; no risk value is inferred.
FJ,Fiji,Asia Pacific,financial-secrecy-offshore,Financial secrecy and offshore exposure,unavailable,false,,,,,,,,,OECD Global Forum on Transparency and Exchange of Information for Tax Purposes|https://www.oecd.org/tax/transparency/|candidate-not-ingested,"No reviewed, licence-clean financial-secrecy index is currently checked in; jurisdiction type alone is not used as a proxy."
FJ,Fiji,Asia Pacific,tax-cooperation,Tax cooperation,available,false,categorical,Not listed in EU Annex I,not-listed,Council of the European Union,https://www.consilium.europa.eu/en/policies/eu-list-of-non-cooperative-jurisdictions/,,2026-02-17,2026-02-17,"Council of the European Union|https://www.consilium.europa.eu/en/policies/eu-list-of-non-cooperative-jurisdictions/|checked-in-snapshot,OECD Global Forum on Transparency and Exchange of Information for Tax Purposes|https://www.oecd.org/tax/transparency/|candidate-not-ingested","Annex I is a political/legal tax-cooperation list, not a general AML, corruption, or country-risk score."
FJ,Fiji,Asia Pacific,political-stability-conflict,Political stability and conflict,available,false,percentile,78/100 WGI percentile,78,World Bank Worldwide Governance Indicators,https://www.worldbank.org/en/publication/worldwide-governance-indicators,CC BY 4.0 — World Bank WGI,2024,2026-08-13T11:45:25.085Z,World Bank Worldwide Governance Indicators|https://www.worldbank.org/en/publication/worldwide-governance-indicators|checked-in-snapshot,"WGI is an institutional perception indicator, not a conflict event feed or a prediction of future violence."
FJ,Fiji,Asia Pacific,beneficial-ownership,Beneficial ownership,unavailable,false,,,,,,,,,Open Ownership|https://www.openownership.org/en/map/|checked-in-snapshot,"The Open Ownership map is a live-register snapshot and absence means no register was identified in that snapshot, not that no register exists."
IN,India,Asia Pacific,organised-crime,Organised crime,unavailable,false,,,,,,,,,United Nations Office on Drugs and Crime|https://dataunodc.un.org/|candidate-not-ingested,No reviewed country-level organised-crime dataset is currently checked in; no risk value is inferred.
IN,India,Asia Pacific,fraud-cybercrime,Fraud and cybercrime,unavailable,false,,,,,,,,,International Telecommunication Union|https://www.itu.int/en/ITU-D/Cybersecurity/Pages/global-cybersecurity-index.aspx|candidate-not-ingested,No reviewed country-level fraud or cybercrime dataset is currently checked in; no risk value is inferred.
IN,India,Asia Pacific,terrorism-proliferation,Terrorism and proliferation financing,unavailable,false,,,,,,,,,Financial Action Task Force|https://www.fatf-gafi.org/en/publications/mutualevaluations.html|candidate-not-ingested,No reviewed country-comparable terrorism/proliferation threat dataset is currently checked in; FATF listing status remains a separate overlay.
IN,India,Asia Pacific,trafficking,Trafficking,unavailable,false,,,,,,,,,United Nations Office on Drugs and Crime|https://dataunodc.un.org/|candidate-not-ingested,No reviewed country-level trafficking dataset is currently checked in; no risk value is inferred.
IN,India,Asia Pacific,financial-secrecy-offshore,Financial secrecy and offshore exposure,unavailable,false,,,,,,,,,OECD Global Forum on Transparency and Exchange of Information for Tax Purposes|https://www.oecd.org/tax/transparency/|candidate-not-ingested,"No reviewed, licence-clean financial-secrecy index is currently checked in; jurisdiction type alone is not used as a proxy."
IN,India,Asia Pacific,tax-cooperation,Tax cooperation,available,false,categorical,Not listed in EU Annex I,not-listed,Council of the European Union,https://www.consilium.europa.eu/en/policies/eu-list-of-non-cooperative-jurisdictions/,,2026-02-17,2026-02-17,"Council of the European Union|https://www.consilium.europa.eu/en/policies/eu-list-of-non-cooperative-jurisdictions/|checked-in-snapshot,OECD Global Forum on Transparency and Exchange of Information for Tax Purposes|https://www.oecd.org/tax/transparency/|candidate-not-ingested","Annex I is a political/legal tax-cooperation list, not a general AML, corruption, or country-risk score."
IN,India,Asia Pacific,political-stability-conflict,Political stability and conflict,available,false,percentile,52/100 WGI percentile,52,World Bank Worldwide Governance Indicators,https://www.worldbank.org/en/publication/worldwide-governance-indicators,CC BY 4.0 — World Bank WGI,2024,2026-08-13T11:45:25.085Z,World Bank Worldwide Governance Indicators|https://www.worldbank.org/en/publication/worldwide-governance-indicators|checked-in-snapshot,"WGI is an institutional perception indicator, not a conflict event feed or a prediction of future violence."
IN,India,Asia Pacific,beneficial-ownership,Beneficial ownership,available,false,register,Register restricted to authorities,authorities-only,Open Ownership,https://www.openownership.org/en/map/,CC BY 4.0 (Open Ownership),2026-08-23T10:55:05.203Z,2026-08-23T10:55:05.203Z,Open Ownership|https://www.openownership.org/en/map/|checked-in-snapshot,"The Open Ownership map is a live-register snapshot and absence means no register was identified in that snapshot, not that no register exists."
ID,Indonesia,Asia Pacific,organised-crime,Organised crime,unavailable,false,,,,,,,,,United Nations Office on Drugs and Crime|https://dataunodc.un.org/|candidate-not-ingested,No reviewed country-level organised-crime dataset is currently checked in; no risk value is inferred.
ID,Indonesia,Asia Pacific,fraud-cybercrime,Fraud and cybercrime,unavailable,false,,,,,,,,,International Telecommunication Union|https://www.itu.int/en/ITU-D/Cybersecurity/Pages/global-cybersecurity-index.aspx|candidate-not-ingested,No reviewed country-level fraud or cybercrime dataset is currently checked in; no risk value is inferred.
ID,Indonesia,Asia Pacific,terrorism-proliferation,Terrorism and proliferation financing,unavailable,false,,,,,,,,,Financial Action Task Force|https://www.fatf-gafi.org/en/publications/mutualevaluations.html|candidate-not-ingested,No reviewed country-comparable terrorism/proliferation threat dataset is currently checked in; FATF listing status remains a separate overlay.
ID,Indonesia,Asia Pacific,trafficking,Trafficking,unavailable,false,,,,,,,,,United Nations Office on Drugs and Crime|https://dataunodc.un.org/|candidate-not-ingested,No reviewed country-level trafficking dataset is currently checked in; no risk value is inferred.
ID,Indonesia,Asia Pacific,financial-secrecy-offshore,Financial secrecy and offshore exposure,unavailable,false,,,,,,,,,OECD Global Forum on Transparency and Exchange of Information for Tax Purposes|https://www.oecd.org/tax/transparency/|candidate-not-ingested,"No reviewed, licence-clean financial-secrecy index is currently checked in; jurisdiction type alone is not used as a proxy."
ID,Indonesia,Asia Pacific,tax-cooperation,Tax cooperation,available,false,categorical,Not listed in EU Annex I,not-listed,Council of the European Union,https://www.consilium.europa.eu/en/policies/eu-list-of-non-cooperative-jurisdictions/,,2026-02-17,2026-02-17,"Council of the European Union|https://www.consilium.europa.eu/en/policies/eu-list-of-non-cooperative-jurisdictions/|checked-in-snapshot,OECD Global Forum on Transparency and Exchange of Information for Tax Purposes|https://www.oecd.org/tax/transparency/|candidate-not-ingested","Annex I is a political/legal tax-cooperation list, not a general AML, corruption, or country-risk score."
ID,Indonesia,Asia Pacific,political-stability-conflict,Political stability and conflict,available,false,percentile,55/100 WGI percentile,55,World Bank Worldwide Governance Indicators,https://www.worldbank.org/en/publication/worldwide-governance-indicators,CC BY 4.0 — World Bank WGI,2024,2026-08-13T11:45:25.085Z,World Bank Worldwide Governance Indicators|https://www.worldbank.org/en/publication/worldwide-governance-indicators|checked-in-snapshot,"WGI is an institutional perception indicator, not a conflict event feed or a prediction of future violence."
ID,Indonesia,Asia Pacific,beneficial-ownership,Beneficial ownership,available,false,register,Register accessible for due diligence,cdd-accessible,Open Ownership,https://www.openownership.org/en/map/,CC BY 4.0 (Open Ownership),2026-08-23T10:55:05.203Z,2026-08-23T10:55:05.203Z,Open Ownership|https://www.openownership.org/en/map/|checked-in-snapshot,"The Open Ownership map is a live-register snapshot and absence means no register was identified in that snapshot, not that no register exists."
JP,Japan,Asia Pacific,organised-crime,Organised crime,unavailable,false,,,,,,,,,United Nations Office on Drugs and Crime|https://dataunodc.un.org/|candidate-not-ingested,No reviewed country-level organised-crime dataset is currently checked in; no risk value is inferred.
JP,Japan,Asia Pacific,fraud-cybercrime,Fraud and cybercrime,unavailable,false,,,,,,,,,International Telecommunication Union|https://www.itu.int/en/ITU-D/Cybersecurity/Pages/global-cybersecurity-index.aspx|candidate-not-ingested,No reviewed country-level fraud or cybercrime dataset is currently checked in; no risk value is inferred.
JP,Japan,Asia Pacific,terrorism-proliferation,Terrorism and proliferation financing,unavailable,false,,,,,,,,,Financial Action Task Force|https://www.fatf-gafi.org/en/publications/mutualevaluations.html|candidate-not-ingested,No reviewed country-comparable terrorism/proliferation threat dataset is currently checked in; FATF listing status remains a separate overlay.
JP,Japan,Asia Pacific,trafficking,Trafficking,unavailable,false,,,,,,,,,United Nations Office on Drugs and Crime|https://dataunodc.un.org/|candidate-not-ingested,No reviewed country-level trafficking dataset is currently checked in; no risk value is inferred.
JP,Japan,Asia Pacific,financial-secrecy-offshore,Financial secrecy and offshore exposure,unavailable,false,,,,,,,,,OECD Global Forum on Transparency and Exchange of Information for Tax Purposes|https://www.oecd.org/tax/transparency/|candidate-not-ingested,"No reviewed, licence-clean financial-secrecy index is currently checked in; jurisdiction type alone is not used as a proxy."
JP,Japan,Asia Pacific,tax-cooperation,Tax cooperation,available,false,categorical,Not listed in EU Annex I,not-listed,Council of the European Union,https://www.consilium.europa.eu/en/policies/eu-list-of-non-cooperative-jurisdictions/,,2026-02-17,2026-02-17,"Council of the European Union|https://www.consilium.europa.eu/en/policies/eu-list-of-non-cooperative-jurisdictions/|checked-in-snapshot,OECD Global Forum on Transparency and Exchange of Information for Tax Purposes|https://www.oecd.org/tax/transparency/|candidate-not-ingested","Annex I is a political/legal tax-cooperation list, not a general AML, corruption, or country-risk score."
JP,Japan,Asia Pacific,political-stability-conflict,Political stability and conflict,available,false,percentile,85/100 WGI percentile,85,World Bank Worldwide Governance Indicators,https://www.worldbank.org/en/publication/worldwide-governance-indicators,CC BY 4.0 — World Bank WGI,2024,2026-08-13T11:45:25.085Z,World Bank Worldwide Governance Indicators|https://www.worldbank.org/en/publication/worldwide-governance-indicators|checked-in-snapshot,"WGI is an institutional perception indicator, not a conflict event feed or a prediction of future violence."
JP,Japan,Asia Pacific,beneficial-ownership,Beneficial ownership,available,false,register,Register restricted to authorities,authorities-only,Open Ownership,https://www.openownership.org/en/map/,CC BY 4.0 (Open Ownership),2026-08-23T10:55:05.203Z,2026-08-23T10:55:05.203Z,Open Ownership|https://www.openownership.org/en/map/|checked-in-snapshot,"The Open Ownership map is a live-register snapshot and absence means no register was identified in that snapshot, not that no register exists."
KZ,Kazakhstan,Asia Pacific,organised-crime,Organised crime,unavailable,false,,,,,,,,,United Nations Office on Drugs and Crime|https://dataunodc.un.org/|candidate-not-ingested,No reviewed country-level organised-crime dataset is currently checked in; no risk value is inferred.
KZ,Kazakhstan,Asia Pacific,fraud-cybercrime,Fraud and cybercrime,unavailable,false,,,,,,,,,International Telecommunication Union|https://www.itu.int/en/ITU-D/Cybersecurity/Pages/global-cybersecurity-index.aspx|candidate-not-ingested,No reviewed country-level fraud or cybercrime dataset is currently checked in; no risk value is inferred.
KZ,Kazakhstan,Asia Pacific,terrorism-proliferation,Terrorism and proliferation financing,unavailable,false,,,,,,,,,Financial Action Task Force|https://www.fatf-gafi.org/en/publications/mutualevaluations.html|candidate-not-ingested,No reviewed country-comparable terrorism/proliferation threat dataset is currently checked in; FATF listing status remains a separate overlay.
KZ,Kazakhstan,Asia Pacific,trafficking,Trafficking,unavailable,false,,,,,,,,,United Nations Office on Drugs and Crime|https://dataunodc.un.org/|candidate-not-ingested,No reviewed country-level trafficking dataset is currently checked in; no risk value is inferred.
KZ,Kazakhstan,Asia Pacific,financial-secrecy-offshore,Financial secrecy and offshore exposure,unavailable,false,,,,,,,,,OECD Global Forum on Transparency and Exchange of Information for Tax Purposes|https://www.oecd.org/tax/transparency/|candidate-not-ingested,"No reviewed, licence-clean financial-secrecy index is currently checked in; jurisdiction type alone is not used as a proxy."
KZ,Kazakhstan,Asia Pacific,tax-cooperation,Tax cooperation,available,false,categorical,Not listed in EU Annex I,not-listed,Council of the European Union,https://www.consilium.europa.eu/en/policies/eu-list-of-non-cooperative-jurisdictions/,,2026-02-17,2026-02-17,"Council of the European Union|https://www.consilium.europa.eu/en/policies/eu-list-of-non-cooperative-jurisdictions/|checked-in-snapshot,OECD Global Forum on Transparency and Exchange of Information for Tax Purposes|https://www.oecd.org/tax/transparency/|candidate-not-ingested","Annex I is a political/legal tax-cooperation list, not a general AML, corruption, or country-risk score."
KZ,Kazakhstan,Asia Pacific,political-stability-conflict,Political stability and conflict,available,false,percentile,61/100 WGI percentile,61,World Bank Worldwide Governance Indicators,https://www.worldbank.org/en/publication/worldwide-governance-indicators,CC BY 4.0 — World Bank WGI,2024,2026-08-13T11:45:25.085Z,World Bank Worldwide Governance Indicators|https://www.worldbank.org/en/publication/worldwide-governance-indicators|checked-in-snapshot,"WGI is an institutional perception indicator, not a conflict event feed or a prediction of future violence."
KZ,Kazakhstan,Asia Pacific,beneficial-ownership,Beneficial ownership,available,false,register,Register restricted to authorities,authorities-only,Open Ownership,https://www.openownership.org/en/map/,CC BY 4.0 (Open Ownership),2026-08-23T10:55:05.203Z,2026-08-23T10:55:05.203Z,Open Ownership|https://www.openownership.org/en/map/|checked-in-snapshot,"The Open Ownership map is a live-register snapshot and absence means no register was identified in that snapshot, not that no register exists."
KP,North Korea,Asia Pacific,organised-crime,Organised crime,unavailable,false,,,,,,,,,United Nations Office on Drugs and Crime|https://dataunodc.un.org/|candidate-not-ingested,No reviewed country-level organised-crime dataset is currently checked in; no risk value is inferred.
KP,North Korea,Asia Pacific,fraud-cybercrime,Fraud and cybercrime,unavailable,false,,,,,,,,,International Telecommunication Union|https://www.itu.int/en/ITU-D/Cybersecurity/Pages/global-cybersecurity-index.aspx|candidate-not-ingested,No reviewed country-level fraud or cybercrime dataset is currently checked in; no risk value is inferred.
KP,North Korea,Asia Pacific,terrorism-proliferation,Terrorism and proliferation financing,unavailable,false,,,,,,,,,Financial Action Task Force|https://www.fatf-gafi.org/en/publications/mutualevaluations.html|candidate-not-ingested,No reviewed country-comparable terrorism/proliferation threat dataset is currently checked in; FATF listing status remains a separate overlay.
KP,North Korea,Asia Pacific,trafficking,Trafficking,unavailable,false,,,,,,,,,United Nations Office on Drugs and Crime|https://dataunodc.un.org/|candidate-not-ingested,No reviewed country-level trafficking dataset is currently checked in; no risk value is inferred.
KP,North Korea,Asia Pacific,financial-secrecy-offshore,Financial secrecy and offshore exposure,unavailable,false,,,,,,,,,OECD Global Forum on Transparency and Exchange of Information for Tax Purposes|https://www.oecd.org/tax/transparency/|candidate-not-ingested,"No reviewed, licence-clean financial-secrecy index is currently checked in; jurisdiction type alone is not used as a proxy."
KP,North Korea,Asia Pacific,tax-cooperation,Tax cooperation,available,false,categorical,Not listed in EU Annex I,not-listed,Council of the European Union,https://www.consilium.europa.eu/en/policies/eu-list-of-non-cooperative-jurisdictions/,,2026-02-17,2026-02-17,"Council of the European Union|https://www.consilium.europa.eu/en/policies/eu-list-of-non-cooperative-jurisdictions/|checked-in-snapshot,OECD Global Forum on Transparency and Exchange of Information for Tax Purposes|https://www.oecd.org/tax/transparency/|candidate-not-ingested","Annex I is a political/legal tax-cooperation list, not a general AML, corruption, or country-risk score."
KP,North Korea,Asia Pacific,political-stability-conflict,Political stability and conflict,available,false,percentile,71/100 WGI percentile,71,World Bank Worldwide Governance Indicators,https://www.worldbank.org/en/publication/worldwide-governance-indicators,CC BY 4.0 — World Bank WGI,2024,2026-08-13T11:45:25.085Z,World Bank Worldwide Governance Indicators|https://www.worldbank.org/en/publication/worldwide-governance-indicators|checked-in-snapshot,"WGI is an institutional perception indicator, not a conflict event feed or a prediction of future violence."
KP,North Korea,Asia Pacific,beneficial-ownership,Beneficial ownership,unavailable,false,,,,,,,,,Open Ownership|https://www.openownership.org/en/map/|checked-in-snapshot,"The Open Ownership map is a live-register snapshot and absence means no register was identified in that snapshot, not that no register exists."
KR,South Korea,Asia Pacific,organised-crime,Organised crime,unavailable,false,,,,,,,,,United Nations Office on Drugs and Crime|https://dataunodc.un.org/|candidate-not-ingested,No reviewed country-level organised-crime dataset is currently checked in; no risk value is inferred.
KR,South Korea,Asia Pacific,fraud-cybercrime,Fraud and cybercrime,unavailable,false,,,,,,,,,International Telecommunication Union|https://www.itu.int/en/ITU-D/Cybersecurity/Pages/global-cybersecurity-index.aspx|candidate-not-ingested,No reviewed country-level fraud or cybercrime dataset is currently checked in; no risk value is inferred.
KR,South Korea,Asia Pacific,terrorism-proliferation,Terrorism and proliferation financing,unavailable,false,,,,,,,,,Financial Action Task Force|https://www.fatf-gafi.org/en/publications/mutualevaluations.html|candidate-not-ingested,No reviewed country-comparable terrorism/proliferation threat dataset is currently checked in; FATF listing status remains a separate overlay.
KR,South Korea,Asia Pacific,trafficking,Trafficking,unavailable,false,,,,,,,,,United Nations Office on Drugs and Crime|https://dataunodc.un.org/|candidate-not-ingested,No reviewed country-level trafficking dataset is currently checked in; no risk value is inferred.
KR,South Korea,Asia Pacific,financial-secrecy-offshore,Financial secrecy and offshore exposure,unavailable,false,,,,,,,,,OECD Global Forum on Transparency and Exchange of Information for Tax Purposes|https://www.oecd.org/tax/transparency/|candidate-not-ingested,"No reviewed, licence-clean financial-secrecy index is currently checked in; jurisdiction type alone is not used as a proxy."
KR,South Korea,Asia Pacific,tax-cooperation,Tax cooperation,available,false,categorical,Not listed in EU Annex I,not-listed,Council of the European Union,https://www.consilium.europa.eu/en/policies/eu-list-of-non-cooperative-jurisdictions/,,2026-02-17,2026-02-17,"Council of the European Union|https://www.consilium.europa.eu/en/policies/eu-list-of-non-cooperative-jurisdictions/|checked-in-snapshot,OECD Global Forum on Transparency and Exchange of Information for Tax Purposes|https://www.oecd.org/tax/transparency/|candidate-not-ingested","Annex I is a political/legal tax-cooperation list, not a general AML, corruption, or country-risk score."
KR,South Korea,Asia Pacific,political-stability-conflict,Political stability and conflict,available,false,percentile,77/100 WGI percentile,77,World Bank Worldwide Governance Indicators,https://www.worldbank.org/en/publication/worldwide-governance-indicators,CC BY 4.0 — World Bank WGI,2024,2026-08-13T11:45:25.085Z,World Bank Worldwide Governance Indicators|https://www.worldbank.org/en/publication/worldwide-governance-indicators|checked-in-snapshot,"WGI is an institutional perception indicator, not a conflict event feed or a prediction of future violence."
KR,South Korea,Asia Pacific,beneficial-ownership,Beneficial ownership,unavailable,false,,,,,,,,,Open Ownership|https://www.openownership.org/en/map/|checked-in-snapshot,"The Open Ownership map is a live-register snapshot and absence means no register was identified in that snapshot, not that no register exists."
KG,Kyrgyzstan,Asia Pacific,organised-crime,Organised crime,unavailable,false,,,,,,,,,United Nations Office on Drugs and Crime|https://dataunodc.un.org/|candidate-not-ingested,No reviewed country-level organised-crime dataset is currently checked in; no risk value is inferred.
KG,Kyrgyzstan,Asia Pacific,fraud-cybercrime,Fraud and cybercrime,unavailable,false,,,,,,,,,International Telecommunication Union|https://www.itu.int/en/ITU-D/Cybersecurity/Pages/global-cybersecurity-index.aspx|candidate-not-ingested,No reviewed country-level fraud or cybercrime dataset is currently checked in; no risk value is inferred.
KG,Kyrgyzstan,Asia Pacific,terrorism-proliferation,Terrorism and proliferation financing,unavailable,false,,,,,,,,,Financial Action Task Force|https://www.fatf-gafi.org/en/publications/mutualevaluations.html|candidate-not-ingested,No reviewed country-comparable terrorism/proliferation threat dataset is currently checked in; FATF listing status remains a separate overlay.
KG,Kyrgyzstan,Asia Pacific,trafficking,Trafficking,unavailable,false,,,,,,,,,United Nations Office on Drugs and Crime|https://dataunodc.un.org/|candidate-not-ingested,No reviewed country-level trafficking dataset is currently checked in; no risk value is inferred.
KG,Kyrgyzstan,Asia Pacific,financial-secrecy-offshore,Financial secrecy and offshore exposure,unavailable,false,,,,,,,,,OECD Global Forum on Transparency and Exchange of Information for Tax Purposes|https://www.oecd.org/tax/transparency/|candidate-not-ingested,"No reviewed, licence-clean financial-secrecy index is currently checked in; jurisdiction type alone is not used as a proxy."
KG,Kyrgyzstan,Asia Pacific,tax-cooperation,Tax cooperation,available,false,categorical,Not listed in EU Annex I,not-listed,Council of the European Union,https://www.consilium.europa.eu/en/policies/eu-list-of-non-cooperative-jurisdictions/,,2026-02-17,2026-02-17,"Council of the European Union|https://www.consilium.europa.eu/en/policies/eu-list-of-non-cooperative-jurisdictions/|checked-in-snapshot,OECD Global Forum on Transparency and Exchange of Information for Tax Purposes|https://www.oecd.org/tax/transparency/|candidate-not-ingested","Annex I is a political/legal tax-cooperation list, not a general AML, corruption, or country-risk score."
KG,Kyrgyzstan,Asia Pacific,political-stability-conflict,Political stability and conflict,available,false,percentile,57/100 WGI percentile,57,World Bank Worldwide Governance Indicators,https://www.worldbank.org/en/publication/worldwide-governance-indicators,CC BY 4.0 — World Bank WGI,2024,2026-08-13T11:45:25.085Z,World Bank Worldwide Governance Indicators|https://www.worldbank.org/en/publication/worldwide-governance-indicators|checked-in-snapshot,"WGI is an institutional perception indicator, not a conflict event feed or a prediction of future violence."
KG,Kyrgyzstan,Asia Pacific,beneficial-ownership,Beneficial ownership,unavailable,false,,,,,,,,,Open Ownership|https://www.openownership.org/en/map/|checked-in-snapshot,"The Open Ownership map is a live-register snapshot and absence means no register was identified in that snapshot, not that no register exists."
LA,Laos,Asia Pacific,organised-crime,Organised crime,unavailable,false,,,,,,,,,United Nations Office on Drugs and Crime|https://dataunodc.un.org/|candidate-not-ingested,No reviewed country-level organised-crime dataset is currently checked in; no risk value is inferred.
LA,Laos,Asia Pacific,fraud-cybercrime,Fraud and cybercrime,unavailable,false,,,,,,,,,International Telecommunication Union|https://www.itu.int/en/ITU-D/Cybersecurity/Pages/global-cybersecurity-index.aspx|candidate-not-ingested,No reviewed country-level fraud or cybercrime dataset is currently checked in; no risk value is inferred.
LA,Laos,Asia Pacific,terrorism-proliferation,Terrorism and proliferation financing,unavailable,false,,,,,,,,,Financial Action Task Force|https://www.fatf-gafi.org/en/publications/mutualevaluations.html|candidate-not-ingested,No reviewed country-comparable terrorism/proliferation threat dataset is currently checked in; FATF listing status remains a separate overlay.
LA,Laos,Asia Pacific,trafficking,Trafficking,unavailable,false,,,,,,,,,United Nations Office on Drugs and Crime|https://dataunodc.un.org/|candidate-not-ingested,No reviewed country-level trafficking dataset is currently checked in; no risk value is inferred.
LA,Laos,Asia Pacific,financial-secrecy-offshore,Financial secrecy and offshore exposure,unavailable,false,,,,,,,,,OECD Global Forum on Transparency and Exchange of Information for Tax Purposes|https://www.oecd.org/tax/transparency/|candidate-not-ingested,"No reviewed, licence-clean financial-secrecy index is currently checked in; jurisdiction type alone is not used as a proxy."
LA,Laos,Asia Pacific,tax-cooperation,Tax cooperation,available,false,categorical,Not listed in EU Annex I,not-listed,Council of the European Union,https://www.consilium.europa.eu/en/policies/eu-list-of-non-cooperative-jurisdictions/,,2026-02-17,2026-02-17,"Council of the European Union|https://www.consilium.europa.eu/en/policies/eu-list-of-non-cooperative-jurisdictions/|checked-in-snapshot,OECD Global Forum on Transparency and Exchange of Information for Tax Purposes|https://www.oecd.org/tax/transparency/|candidate-not-ingested","Annex I is a political/legal tax-cooperation list, not a general AML, corruption, or country-risk score."
LA,Laos,Asia Pacific,political-stability-conflict,Political stability and conflict,available,false,percentile,75/100 WGI percentile,75,World Bank Worldwide Governance Indicators,https://www.worldbank.org/en/publication/worldwide-governance-indicators,CC BY 4.0 — World Bank WGI,2024,2026-08-13T11:45:25.085Z,World Bank Worldwide Governance Indicators|https://www.worldbank.org/en/publication/worldwide-governance-indicators|checked-in-snapshot,"WGI is an institutional perception indicator, not a conflict event feed or a prediction of future violence."
LA,Laos,Asia Pacific,beneficial-ownership,Beneficial ownership,unavailable,false,,,,,,,,,Open Ownership|https://www.openownership.org/en/map/|checked-in-snapshot,"The Open Ownership map is a live-register snapshot and absence means no register was identified in that snapshot, not that no register exists."
MY,Malaysia,Asia Pacific,organised-crime,Organised crime,unavailable,false,,,,,,,,,United Nations Office on Drugs and Crime|https://dataunodc.un.org/|candidate-not-ingested,No reviewed country-level organised-crime dataset is currently checked in; no risk value is inferred.
MY,Malaysia,Asia Pacific,fraud-cybercrime,Fraud and cybercrime,unavailable,false,,,,,,,,,International Telecommunication Union|https://www.itu.int/en/ITU-D/Cybersecurity/Pages/global-cybersecurity-index.aspx|candidate-not-ingested,No reviewed country-level fraud or cybercrime dataset is currently checked in; no risk value is inferred.
MY,Malaysia,Asia Pacific,terrorism-proliferation,Terrorism and proliferation financing,unavailable,false,,,,,,,,,Financial Action Task Force|https://www.fatf-gafi.org/en/publications/mutualevaluations.html|candidate-not-ingested,No reviewed country-comparable terrorism/proliferation threat dataset is currently checked in; FATF listing status remains a separate overlay.
MY,Malaysia,Asia Pacific,trafficking,Trafficking,unavailable,false,,,,,,,,,United Nations Office on Drugs and Crime|https://dataunodc.un.org/|candidate-not-ingested,No reviewed country-level trafficking dataset is currently checked in; no risk value is inferred.
MY,Malaysia,Asia Pacific,financial-secrecy-offshore,Financial secrecy and offshore exposure,unavailable,false,,,,,,,,,OECD Global Forum on Transparency and Exchange of Information for Tax Purposes|https://www.oecd.org/tax/transparency/|candidate-not-ingested,"No reviewed, licence-clean financial-secrecy index is currently checked in; jurisdiction type alone is not used as a proxy."
MY,Malaysia,Asia Pacific,tax-cooperation,Tax cooperation,available,false,categorical,Not listed in EU Annex I,not-listed,Council of the European Union,https://www.consilium.europa.eu/en/policies/eu-list-of-non-cooperative-jurisdictions/,,2026-02-17,2026-02-17,"Council of the European Union|https://www.consilium.europa.eu/en/policies/eu-list-of-non-cooperative-jurisdictions/|checked-in-snapshot,OECD Global Forum on Transparency and Exchange of Information for Tax Purposes|https://www.oecd.org/tax/transparency/|candidate-not-ingested","Annex I is a political/legal tax-cooperation list, not a general AML, corruption, or country-risk score."
MY,Malaysia,Asia Pacific,political-stability-conflict,Political stability and conflict,available,false,percentile,72/100 WGI percentile,72,World Bank Worldwide Governance Indicators,https://www.worldbank.org/en/publication/worldwide-governance-indicators,CC BY 4.0 — World Bank WGI,2024,2026-08-13T11:45:25.085Z,World Bank Worldwide Governance Indicators|https://www.worldbank.org/en/publication/worldwide-governance-indicators|checked-in-snapshot,"WGI is an institutional perception indicator, not a conflict event feed or a prediction of future violence."
MY,Malaysia,Asia Pacific,beneficial-ownership,Beneficial ownership,available,false,register,Register accessible for due diligence,cdd-accessible,Open Ownership,https://www.openownership.org/en/map/,CC BY 4.0 (Open Ownership),2026-08-23T10:55:05.203Z,2026-08-23T10:55:05.203Z,Open Ownership|https://www.openownership.org/en/map/|checked-in-snapshot,"The Open Ownership map is a live-register snapshot and absence means no register was identified in that snapshot, not that no register exists."
MV,Maldives,Asia Pacific,organised-crime,Organised crime,unavailable,false,,,,,,,,,United Nations Office on Drugs and Crime|https://dataunodc.un.org/|candidate-not-ingested,No reviewed country-level organised-crime dataset is currently checked in; no risk value is inferred.
MV,Maldives,Asia Pacific,fraud-cybercrime,Fraud and cybercrime,unavailable,false,,,,,,,,,International Telecommunication Union|https://www.itu.int/en/ITU-D/Cybersecurity/Pages/global-cybersecurity-index.aspx|candidate-not-ingested,No reviewed country-level fraud or cybercrime dataset is currently checked in; no risk value is inferred.
MV,Maldives,Asia Pacific,terrorism-proliferation,Terrorism and proliferation financing,unavailable,false,,,,,,,,,Financial Action Task Force|https://www.fatf-gafi.org/en/publications/mutualevaluations.html|candidate-not-ingested,No reviewed country-comparable terrorism/proliferation threat dataset is currently checked in; FATF listing status remains a separate overlay.
MV,Maldives,Asia Pacific,trafficking,Trafficking,unavailable,false,,,,,,,,,United Nations Office on Drugs and Crime|https://dataunodc.un.org/|candidate-not-ingested,No reviewed country-level trafficking dataset is currently checked in; no risk value is inferred.
MV,Maldives,Asia Pacific,financial-secrecy-offshore,Financial secrecy and offshore exposure,unavailable,false,,,,,,,,,OECD Global Forum on Transparency and Exchange of Information for Tax Purposes|https://www.oecd.org/tax/transparency/|candidate-not-ingested,"No reviewed, licence-clean financial-secrecy index is currently checked in; jurisdiction type alone is not used as a proxy."
MV,Maldives,Asia Pacific,tax-cooperation,Tax cooperation,available,false,categorical,Not listed in EU Annex I,not-listed,Council of the European Union,https://www.consilium.europa.eu/en/policies/eu-list-of-non-cooperative-jurisdictions/,,2026-02-17,2026-02-17,"Council of the European Union|https://www.consilium.europa.eu/en/policies/eu-list-of-non-cooperative-jurisdictions/|checked-in-snapshot,OECD Global Forum on Transparency and Exchange of Information for Tax Purposes|https://www.oecd.org/tax/transparency/|candidate-not-ingested","Annex I is a political/legal tax-cooperation list, not a general AML, corruption, or country-risk score."
MV,Maldives,Asia Pacific,political-stability-conflict,Political stability and conflict,available,false,percentile,65/100 WGI percentile,65,World Bank Worldwide Governance Indicators,https://www.worldbank.org/en/publication/worldwide-governance-indicators,CC BY 4.0 — World Bank WGI,2024,2026-08-13T11:45:25.085Z,World Bank Worldwide Governance Indicators|https://www.worldbank.org/en/publication/worldwide-governance-indicators|checked-in-snapshot,"WGI is an institutional perception indicator, not a conflict event feed or a prediction of future violence."
MV,Maldives,Asia Pacific,beneficial-ownership,Beneficial ownership,unavailable,false,,,,,,,,,Open Ownership|https://www.openownership.org/en/map/|checked-in-snapshot,"The Open Ownership map is a live-register snapshot and absence means no register was identified in that snapshot, not that no register exists."
MH,Marshall Islands,Asia Pacific,organised-crime,Organised crime,unavailable,false,,,,,,,,,United Nations Office on Drugs and Crime|https://dataunodc.un.org/|candidate-not-ingested,No reviewed country-level organised-crime dataset is currently checked in; no risk value is inferred.
MH,Marshall Islands,Asia Pacific,fraud-cybercrime,Fraud and cybercrime,unavailable,false,,,,,,,,,International Telecommunication Union|https://www.itu.int/en/ITU-D/Cybersecurity/Pages/global-cybersecurity-index.aspx|candidate-not-ingested,No reviewed country-level fraud or cybercrime dataset is currently checked in; no risk value is inferred.
MH,Marshall Islands,Asia Pacific,terrorism-proliferation,Terrorism and proliferation financing,unavailable,false,,,,,,,,,Financial Action Task Force|https://www.fatf-gafi.org/en/publications/mutualevaluations.html|candidate-not-ingested,No reviewed country-comparable terrorism/proliferation threat dataset is currently checked in; FATF listing status remains a separate overlay.
MH,Marshall Islands,Asia Pacific,trafficking,Trafficking,unavailable,false,,,,,,,,,United Nations Office on Drugs and Crime|https://dataunodc.un.org/|candidate-not-ingested,No reviewed country-level trafficking dataset is currently checked in; no risk value is inferred.
MH,Marshall Islands,Asia Pacific,financial-secrecy-offshore,Financial secrecy and offshore exposure,unavailable,false,,,,,,,,,OECD Global Forum on Transparency and Exchange of Information for Tax Purposes|https://www.oecd.org/tax/transparency/|candidate-not-ingested,"No reviewed, licence-clean financial-secrecy index is currently checked in; jurisdiction type alone is not used as a proxy."
MH,Marshall Islands,Asia Pacific,tax-cooperation,Tax cooperation,available,false,categorical,Not listed in EU Annex I,not-listed,Council of the European Union,https://www.consilium.europa.eu/en/policies/eu-list-of-non-cooperative-jurisdictions/,,2026-02-17,2026-02-17,"Council of the European Union|https://www.consilium.europa.eu/en/policies/eu-list-of-non-cooperative-jurisdictions/|checked-in-snapshot,OECD Global Forum on Transparency and Exchange of Information for Tax Purposes|https://www.oecd.org/tax/transparency/|candidate-not-ingested","Annex I is a political/legal tax-cooperation list, not a general AML, corruption, or country-risk score."
MH,Marshall Islands,Asia Pacific,political-stability-conflict,Political stability and conflict,available,false,percentile,88/100 WGI percentile,88,World Bank Worldwide Governance Indicators,https://www.worldbank.org/en/publication/worldwide-governance-indicators,CC BY 4.0 — World Bank WGI,2024,2026-08-13T11:45:25.085Z,World Bank Worldwide Governance Indicators|https://www.worldbank.org/en/publication/worldwide-governance-indicators|checked-in-snapshot,"WGI is an institutional perception indicator, not a conflict event feed or a prediction of future violence."
MH,Marshall Islands,Asia Pacific,beneficial-ownership,Beneficial ownership,unavailable,false,,,,,,,,,Open Ownership|https://www.openownership.org/en/map/|checked-in-snapshot,"The Open Ownership map is a live-register snapshot and absence means no register was identified in that snapshot, not that no register exists."
MN,Mongolia,Asia Pacific,organised-crime,Organised crime,unavailable,false,,,,,,,,,United Nations Office on Drugs and Crime|https://dataunodc.un.org/|candidate-not-ingested,No reviewed country-level organised-crime dataset is currently checked in; no risk value is inferred.
MN,Mongolia,Asia Pacific,fraud-cybercrime,Fraud and cybercrime,unavailable,false,,,,,,,,,International Telecommunication Union|https://www.itu.int/en/ITU-D/Cybersecurity/Pages/global-cybersecurity-index.aspx|candidate-not-ingested,No reviewed country-level fraud or cybercrime dataset is currently checked in; no risk value is inferred.
MN,Mongolia,Asia Pacific,terrorism-proliferation,Terrorism and proliferation financing,unavailable,false,,,,,,,,,Financial Action Task Force|https://www.fatf-gafi.org/en/publications/mutualevaluations.html|candidate-not-ingested,No reviewed country-comparable terrorism/proliferation threat dataset is currently checked in; FATF listing status remains a separate overlay.
MN,Mongolia,Asia Pacific,trafficking,Trafficking,unavailable,false,,,,,,,,,United Nations Office on Drugs and Crime|https://dataunodc.un.org/|candidate-not-ingested,No reviewed country-level trafficking dataset is currently checked in; no risk value is inferred.
MN,Mongolia,Asia Pacific,financial-secrecy-offshore,Financial secrecy and offshore exposure,unavailable,false,,,,,,,,,OECD Global Forum on Transparency and Exchange of Information for Tax Purposes|https://www.oecd.org/tax/transparency/|candidate-not-ingested,"No reviewed, licence-clean financial-secrecy index is currently checked in; jurisdiction type alone is not used as a proxy."
MN,Mongolia,Asia Pacific,tax-cooperation,Tax cooperation,available,false,categorical,Not listed in EU Annex I,not-listed,Council of the European Union,https://www.consilium.europa.eu/en/policies/eu-list-of-non-cooperative-jurisdictions/,,2026-02-17,2026-02-17,"Council of the European Union|https://www.consilium.europa.eu/en/policies/eu-list-of-non-cooperative-jurisdictions/|checked-in-snapshot,OECD Global Forum on Transparency and Exchange of Information for Tax Purposes|https://www.oecd.org/tax/transparency/|candidate-not-ingested","Annex I is a political/legal tax-cooperation list, not a general AML, corruption, or country-risk score."
MN,Mongolia,Asia Pacific,political-stability-conflict,Political stability and conflict,available,false,percentile,73/100 WGI percentile,73,World Bank Worldwide Governance Indicators,https://www.worldbank.org/en/publication/worldwide-governance-indicators,CC BY 4.0 — World Bank WGI,2024,2026-08-13T11:45:25.085Z,World Bank Worldwide Governance Indicators|https://www.worldbank.org/en/publication/worldwide-governance-indicators|checked-in-snapshot,"WGI is an institutional perception indicator, not a conflict event feed or a prediction of future violence."
MN,Mongolia,Asia Pacific,beneficial-ownership,Beneficial ownership,available,false,register,Register accessible for due diligence,cdd-accessible,Open Ownership,https://www.openownership.org/en/map/,CC BY 4.0 (Open Ownership),2026-08-23T10:55:05.203Z,2026-08-23T10:55:05.203Z,Open Ownership|https://www.openownership.org/en/map/|checked-in-snapshot,"The Open Ownership map is a live-register snapshot and absence means no register was identified in that snapshot, not that no register exists."
MM,Myanmar,Asia Pacific,organised-crime,Organised crime,unavailable,false,,,,,,,,,United Nations Office on Drugs and Crime|https://dataunodc.un.org/|candidate-not-ingested,No reviewed country-level organised-crime dataset is currently checked in; no risk value is inferred.
MM,Myanmar,Asia Pacific,fraud-cybercrime,Fraud and cybercrime,unavailable,false,,,,,,,,,International Telecommunication Union|https://www.itu.int/en/ITU-D/Cybersecurity/Pages/global-cybersecurity-index.aspx|candidate-not-ingested,No reviewed country-level fraud or cybercrime dataset is currently checked in; no risk value is inferred.
MM,Myanmar,Asia Pacific,terrorism-proliferation,Terrorism and proliferation financing,unavailable,false,,,,,,,,,Financial Action Task Force|https://www.fatf-gafi.org/en/publications/mutualevaluations.html|candidate-not-ingested,No reviewed country-comparable terrorism/proliferation threat dataset is currently checked in; FATF listing status remains a separate overlay.
MM,Myanmar,Asia Pacific,trafficking,Trafficking,unavailable,false,,,,,,,,,United Nations Office on Drugs and Crime|https://dataunodc.un.org/|candidate-not-ingested,No reviewed country-level trafficking dataset is currently checked in; no risk value is inferred.
MM,Myanmar,Asia Pacific,financial-secrecy-offshore,Financial secrecy and offshore exposure,unavailable,false,,,,,,,,,OECD Global Forum on Transparency and Exchange of Information for Tax Purposes|https://www.oecd.org/tax/transparency/|candidate-not-ingested,"No reviewed, licence-clean financial-secrecy index is currently checked in; jurisdiction type alone is not used as a proxy."
MM,Myanmar,Asia Pacific,tax-cooperation,Tax cooperation,available,false,categorical,Not listed in EU Annex I,not-listed,Council of the European Union,https://www.consilium.europa.eu/en/policies/eu-list-of-non-cooperative-jurisdictions/,,2026-02-17,2026-02-17,"Council of the European Union|https://www.consilium.europa.eu/en/policies/eu-list-of-non-cooperative-jurisdictions/|checked-in-snapshot,OECD Global Forum on Transparency and Exchange of Information for Tax Purposes|https://www.oecd.org/tax/transparency/|candidate-not-ingested","Annex I is a political/legal tax-cooperation list, not a general AML, corruption, or country-risk score."
MM,Myanmar,Asia Pacific,political-stability-conflict,Political stability and conflict,available,false,percentile,30/100 WGI percentile,30,World Bank Worldwide Governance Indicators,https://www.worldbank.org/en/publication/worldwide-governance-indicators,CC BY 4.0 — World Bank WGI,2024,2026-08-13T11:45:25.085Z,World Bank Worldwide Governance Indicators|https://www.worldbank.org/en/publication/worldwide-governance-indicators|checked-in-snapshot,"WGI is an institutional perception indicator, not a conflict event feed or a prediction of future violence."
MM,Myanmar,Asia Pacific,beneficial-ownership,Beneficial ownership,unavailable,false,,,,,,,,,Open Ownership|https://www.openownership.org/en/map/|checked-in-snapshot,"The Open Ownership map is a live-register snapshot and absence means no register was identified in that snapshot, not that no register exists."
NP,Nepal,Asia Pacific,organised-crime,Organised crime,unavailable,false,,,,,,,,,United Nations Office on Drugs and Crime|https://dataunodc.un.org/|candidate-not-ingested,No reviewed country-level organised-crime dataset is currently checked in; no risk value is inferred.
NP,Nepal,Asia Pacific,fraud-cybercrime,Fraud and cybercrime,unavailable,false,,,,,,,,,International Telecommunication Union|https://www.itu.int/en/ITU-D/Cybersecurity/Pages/global-cybersecurity-index.aspx|candidate-not-ingested,No reviewed country-level fraud or cybercrime dataset is currently checked in; no risk value is inferred.
NP,Nepal,Asia Pacific,terrorism-proliferation,Terrorism and proliferation financing,unavailable,false,,,,,,,,,Financial Action Task Force|https://www.fatf-gafi.org/en/publications/mutualevaluations.html|candidate-not-ingested,No reviewed country-comparable terrorism/proliferation threat dataset is currently checked in; FATF listing status remains a separate overlay.
NP,Nepal,Asia Pacific,trafficking,Trafficking,unavailable,false,,,,,,,,,United Nations Office on Drugs and Crime|https://dataunodc.un.org/|candidate-not-ingested,No reviewed country-level trafficking dataset is currently checked in; no risk value is inferred.
NP,Nepal,Asia Pacific,financial-secrecy-offshore,Financial secrecy and offshore exposure,unavailable,false,,,,,,,,,OECD Global Forum on Transparency and Exchange of Information for Tax Purposes|https://www.oecd.org/tax/transparency/|candidate-not-ingested,"No reviewed, licence-clean financial-secrecy index is currently checked in; jurisdiction type alone is not used as a proxy."
NP,Nepal,Asia Pacific,tax-cooperation,Tax cooperation,available,false,categorical,Not listed in EU Annex I,not-listed,Council of the European Union,https://www.consilium.europa.eu/en/policies/eu-list-of-non-cooperative-jurisdictions/,,2026-02-17,2026-02-17,"Council of the European Union|https://www.consilium.europa.eu/en/policies/eu-list-of-non-cooperative-jurisdictions/|checked-in-snapshot,OECD Global Forum on Transparency and Exchange of Information for Tax Purposes|https://www.oecd.org/tax/transparency/|candidate-not-ingested","Annex I is a political/legal tax-cooperation list, not a general AML, corruption, or country-risk score."
NP,Nepal,Asia Pacific,political-stability-conflict,Political stability and conflict,available,false,percentile,59/100 WGI percentile,59,World Bank Worldwide Governance Indicators,https://www.worldbank.org/en/publication/worldwide-governance-indicators,CC BY 4.0 — World Bank WGI,2024,2026-08-13T11:45:25.085Z,World Bank Worldwide Governance Indicators|https://www.worldbank.org/en/publication/worldwide-governance-indicators|checked-in-snapshot,"WGI is an institutional perception indicator, not a conflict event feed or a prediction of future violence."
NP,Nepal,Asia Pacific,beneficial-ownership,Beneficial ownership,unavailable,false,,,,,,,,,Open Ownership|https://www.openownership.org/en/map/|checked-in-snapshot,"The Open Ownership map is a live-register snapshot and absence means no register was identified in that snapshot, not that no register exists."
NR,Nauru,Asia Pacific,organised-crime,Organised crime,unavailable,false,,,,,,,,,United Nations Office on Drugs and Crime|https://dataunodc.un.org/|candidate-not-ingested,No reviewed country-level organised-crime dataset is currently checked in; no risk value is inferred.
NR,Nauru,Asia Pacific,fraud-cybercrime,Fraud and cybercrime,unavailable,false,,,,,,,,,International Telecommunication Union|https://www.itu.int/en/ITU-D/Cybersecurity/Pages/global-cybersecurity-index.aspx|candidate-not-ingested,No reviewed country-level fraud or cybercrime dataset is currently checked in; no risk value is inferred.
NR,Nauru,Asia Pacific,terrorism-proliferation,Terrorism and proliferation financing,unavailable,false,,,,,,,,,Financial Action Task Force|https://www.fatf-gafi.org/en/publications/mutualevaluations.html|candidate-not-ingested,No reviewed country-comparable terrorism/proliferation threat dataset is currently checked in; FATF listing status remains a separate overlay.
NR,Nauru,Asia Pacific,trafficking,Trafficking,unavailable,false,,,,,,,,,United Nations Office on Drugs and Crime|https://dataunodc.un.org/|candidate-not-ingested,No reviewed country-level trafficking dataset is currently checked in; no risk value is inferred.
NR,Nauru,Asia Pacific,financial-secrecy-offshore,Financial secrecy and offshore exposure,unavailable,false,,,,,,,,,OECD Global Forum on Transparency and Exchange of Information for Tax Purposes|https://www.oecd.org/tax/transparency/|candidate-not-ingested,"No reviewed, licence-clean financial-secrecy index is currently checked in; jurisdiction type alone is not used as a proxy."
NR,Nauru,Asia Pacific,tax-cooperation,Tax cooperation,available,false,categorical,Not listed in EU Annex I,not-listed,Council of the European Union,https://www.consilium.europa.eu/en/policies/eu-list-of-non-cooperative-jurisdictions/,,2026-02-17,2026-02-17,"Council of the European Union|https://www.consilium.europa.eu/en/policies/eu-list-of-non-cooperative-jurisdictions/|checked-in-snapshot,OECD Global Forum on Transparency and Exchange of Information for Tax Purposes|https://www.oecd.org/tax/transparency/|candidate-not-ingested","Annex I is a political/legal tax-cooperation list, not a general AML, corruption, or country-risk score."
NR,Nauru,Asia Pacific,political-stability-conflict,Political stability and conflict,available,false,percentile,85/100 WGI percentile,85,World Bank Worldwide Governance Indicators,https://www.worldbank.org/en/publication/worldwide-governance-indicators,CC BY 4.0 — World Bank WGI,2024,2026-08-13T11:45:25.085Z,World Bank Worldwide Governance Indicators|https://www.worldbank.org/en/publication/worldwide-governance-indicators|checked-in-snapshot,"WGI is an institutional perception indicator, not a conflict event feed or a prediction of future violence."
NR,Nauru,Asia Pacific,beneficial-ownership,Beneficial ownership,unavailable,false,,,,,,,,,Open Ownership|https://www.openownership.org/en/map/|checked-in-snapshot,"The Open Ownership map is a live-register snapshot and absence means no register was identified in that snapshot, not that no register exists."
NZ,New Zealand,Asia Pacific,organised-crime,Organised crime,unavailable,false,,,,,,,,,United Nations Office on Drugs and Crime|https://dataunodc.un.org/|candidate-not-ingested,No reviewed country-level organised-crime dataset is currently checked in; no risk value is inferred.
NZ,New Zealand,Asia Pacific,fraud-cybercrime,Fraud and cybercrime,unavailable,false,,,,,,,,,International Telecommunication Union|https://www.itu.int/en/ITU-D/Cybersecurity/Pages/global-cybersecurity-index.aspx|candidate-not-ingested,No reviewed country-level fraud or cybercrime dataset is currently checked in; no risk value is inferred.
NZ,New Zealand,Asia Pacific,terrorism-proliferation,Terrorism and proliferation financing,unavailable,false,,,,,,,,,Financial Action Task Force|https://www.fatf-gafi.org/en/publications/mutualevaluations.html|candidate-not-ingested,No reviewed country-comparable terrorism/proliferation threat dataset is currently checked in; FATF listing status remains a separate overlay.
NZ,New Zealand,Asia Pacific,trafficking,Trafficking,unavailable,false,,,,,,,,,United Nations Office on Drugs and Crime|https://dataunodc.un.org/|candidate-not-ingested,No reviewed country-level trafficking dataset is currently checked in; no risk value is inferred.
NZ,New Zealand,Asia Pacific,financial-secrecy-offshore,Financial secrecy and offshore exposure,unavailable,false,,,,,,,,,OECD Global Forum on Transparency and Exchange of Information for Tax Purposes|https://www.oecd.org/tax/transparency/|candidate-not-ingested,"No reviewed, licence-clean financial-secrecy index is currently checked in; jurisdiction type alone is not used as a proxy."
NZ,New Zealand,Asia Pacific,tax-cooperation,Tax cooperation,available,false,categorical,Not listed in EU Annex I,not-listed,Council of the European Union,https://www.consilium.europa.eu/en/policies/eu-list-of-non-cooperative-jurisdictions/,,2026-02-17,2026-02-17,"Council of the European Union|https://www.consilium.europa.eu/en/policies/eu-list-of-non-cooperative-jurisdictions/|checked-in-snapshot,OECD Global Forum on Transparency and Exchange of Information for Tax Purposes|https://www.oecd.org/tax/transparency/|candidate-not-ingested","Annex I is a political/legal tax-cooperation list, not a general AML, corruption, or country-risk score."
NZ,New Zealand,Asia Pacific,political-stability-conflict,Political stability and conflict,available,false,percentile,86/100 WGI percentile,86,World Bank Worldwide Governance Indicators,https://www.worldbank.org/en/publication/worldwide-governance-indicators,CC BY 4.0 — World Bank WGI,2024,2026-08-13T11:45:25.085Z,World Bank Worldwide Governance Indicators|https://www.worldbank.org/en/publication/worldwide-governance-indicators|checked-in-snapshot,"WGI is an institutional perception indicator, not a conflict event feed or a prediction of future violence."
NZ,New Zealand,Asia Pacific,beneficial-ownership,Beneficial ownership,unavailable,false,,,,,,,,,Open Ownership|https://www.openownership.org/en/map/|checked-in-snapshot,"The Open Ownership map is a live-register snapshot and absence means no register was identified in that snapshot, not that no register exists."
NU,Niue,Asia Pacific,organised-crime,Organised crime,unavailable,false,,,,,,,,,United Nations Office on Drugs and Crime|https://dataunodc.un.org/|candidate-not-ingested,No reviewed country-level organised-crime dataset is currently checked in; no risk value is inferred.
NU,Niue,Asia Pacific,fraud-cybercrime,Fraud and cybercrime,unavailable,false,,,,,,,,,International Telecommunication Union|https://www.itu.int/en/ITU-D/Cybersecurity/Pages/global-cybersecurity-index.aspx|candidate-not-ingested,No reviewed country-level fraud or cybercrime dataset is currently checked in; no risk value is inferred.
NU,Niue,Asia Pacific,terrorism-proliferation,Terrorism and proliferation financing,unavailable,false,,,,,,,,,Financial Action Task Force|https://www.fatf-gafi.org/en/publications/mutualevaluations.html|candidate-not-ingested,No reviewed country-comparable terrorism/proliferation threat dataset is currently checked in; FATF listing status remains a separate overlay.
NU,Niue,Asia Pacific,trafficking,Trafficking,unavailable,false,,,,,,,,,United Nations Office on Drugs and Crime|https://dataunodc.un.org/|candidate-not-ingested,No reviewed country-level trafficking dataset is currently checked in; no risk value is inferred.
NU,Niue,Asia Pacific,financial-secrecy-offshore,Financial secrecy and offshore exposure,unavailable,false,,,,,,,,,OECD Global Forum on Transparency and Exchange of Information for Tax Purposes|https://www.oecd.org/tax/transparency/|candidate-not-ingested,"No reviewed, licence-clean financial-secrecy index is currently checked in; jurisdiction type alone is not used as a proxy."
NU,Niue,Asia Pacific,tax-cooperation,Tax cooperation,available,false,categorical,Not listed in EU Annex I,not-listed,Council of the European Union,https://www.consilium.europa.eu/en/policies/eu-list-of-non-cooperative-jurisdictions/,,2026-02-17,2026-02-17,"Council of the European Union|https://www.consilium.europa.eu/en/policies/eu-list-of-non-cooperative-jurisdictions/|checked-in-snapshot,OECD Global Forum on Transparency and Exchange of Information for Tax Purposes|https://www.oecd.org/tax/transparency/|candidate-not-ingested","Annex I is a political/legal tax-cooperation list, not a general AML, corruption, or country-risk score."
NU,Niue,Asia Pacific,political-stability-conflict,Political stability and conflict,available,false,percentile,90/100 WGI percentile,90,World Bank Worldwide Governance Indicators,https://www.worldbank.org/en/publication/worldwide-governance-indicators,CC BY 4.0 — World Bank WGI,2024,2026-08-13T11:45:25.085Z,World Bank Worldwide Governance Indicators|https://www.worldbank.org/en/publication/worldwide-governance-indicators|checked-in-snapshot,"WGI is an institutional perception indicator, not a conflict event feed or a prediction of future violence."
NU,Niue,Asia Pacific,beneficial-ownership,Beneficial ownership,unavailable,false,,,,,,,,,Open Ownership|https://www.openownership.org/en/map/|checked-in-snapshot,"The Open Ownership map is a live-register snapshot and absence means no register was identified in that snapshot, not that no register exists."
PK,Pakistan,Asia Pacific,organised-crime,Organised crime,unavailable,false,,,,,,,,,United Nations Office on Drugs and Crime|https://dataunodc.un.org/|candidate-not-ingested,No reviewed country-level organised-crime dataset is currently checked in; no risk value is inferred.
PK,Pakistan,Asia Pacific,fraud-cybercrime,Fraud and cybercrime,unavailable,false,,,,,,,,,International Telecommunication Union|https://www.itu.int/en/ITU-D/Cybersecurity/Pages/global-cybersecurity-index.aspx|candidate-not-ingested,No reviewed country-level fraud or cybercrime dataset is currently checked in; no risk value is inferred.
PK,Pakistan,Asia Pacific,terrorism-proliferation,Terrorism and proliferation financing,unavailable,false,,,,,,,,,Financial Action Task Force|https://www.fatf-gafi.org/en/publications/mutualevaluations.html|candidate-not-ingested,No reviewed country-comparable terrorism/proliferation threat dataset is currently checked in; FATF listing status remains a separate overlay.
PK,Pakistan,Asia Pacific,trafficking,Trafficking,unavailable,false,,,,,,,,,United Nations Office on Drugs and Crime|https://dataunodc.un.org/|candidate-not-ingested,No reviewed country-level trafficking dataset is currently checked in; no risk value is inferred.
PK,Pakistan,Asia Pacific,financial-secrecy-offshore,Financial secrecy and offshore exposure,unavailable,false,,,,,,,,,OECD Global Forum on Transparency and Exchange of Information for Tax Purposes|https://www.oecd.org/tax/transparency/|candidate-not-ingested,"No reviewed, licence-clean financial-secrecy index is currently checked in; jurisdiction type alone is not used as a proxy."
PK,Pakistan,Asia Pacific,tax-cooperation,Tax cooperation,available,false,categorical,Not listed in EU Annex I,not-listed,Council of the European Union,https://www.consilium.europa.eu/en/policies/eu-list-of-non-cooperative-jurisdictions/,,2026-02-17,2026-02-17,"Council of the European Union|https://www.consilium.europa.eu/en/policies/eu-list-of-non-cooperative-jurisdictions/|checked-in-snapshot,OECD Global Forum on Transparency and Exchange of Information for Tax Purposes|https://www.oecd.org/tax/transparency/|candidate-not-ingested","Annex I is a political/legal tax-cooperation list, not a general AML, corruption, or country-risk score."
PK,Pakistan,Asia Pacific,political-stability-conflict,Political stability and conflict,available,false,percentile,31/100 WGI percentile,31,World Bank Worldwide Governance Indicators,https://www.worldbank.org/en/publication/worldwide-governance-indicators,CC BY 4.0 — World Bank WGI,2024,2026-08-13T11:45:25.085Z,World Bank Worldwide Governance Indicators|https://www.worldbank.org/en/publication/worldwide-governance-indicators|checked-in-snapshot,"WGI is an institutional perception indicator, not a conflict event feed or a prediction of future violence."
PK,Pakistan,Asia Pacific,beneficial-ownership,Beneficial ownership,unavailable,false,,,,,,,,,Open Ownership|https://www.openownership.org/en/map/|checked-in-snapshot,"The Open Ownership map is a live-register snapshot and absence means no register was identified in that snapshot, not that no register exists."
PW,Palau,Asia Pacific,organised-crime,Organised crime,unavailable,false,,,,,,,,,United Nations Office on Drugs and Crime|https://dataunodc.un.org/|candidate-not-ingested,No reviewed country-level organised-crime dataset is currently checked in; no risk value is inferred.
PW,Palau,Asia Pacific,fraud-cybercrime,Fraud and cybercrime,unavailable,false,,,,,,,,,International Telecommunication Union|https://www.itu.int/en/ITU-D/Cybersecurity/Pages/global-cybersecurity-index.aspx|candidate-not-ingested,No reviewed country-level fraud or cybercrime dataset is currently checked in; no risk value is inferred.
PW,Palau,Asia Pacific,terrorism-proliferation,Terrorism and proliferation financing,unavailable,false,,,,,,,,,Financial Action Task Force|https://www.fatf-gafi.org/en/publications/mutualevaluations.html|candidate-not-ingested,No reviewed country-comparable terrorism/proliferation threat dataset is currently checked in; FATF listing status remains a separate overlay.
PW,Palau,Asia Pacific,trafficking,Trafficking,unavailable,false,,,,,,,,,United Nations Office on Drugs and Crime|https://dataunodc.un.org/|candidate-not-ingested,No reviewed country-level trafficking dataset is currently checked in; no risk value is inferred.
PW,Palau,Asia Pacific,financial-secrecy-offshore,Financial secrecy and offshore exposure,unavailable,false,,,,,,,,,OECD Global Forum on Transparency and Exchange of Information for Tax Purposes|https://www.oecd.org/tax/transparency/|candidate-not-ingested,"No reviewed, licence-clean financial-secrecy index is currently checked in; jurisdiction type alone is not used as a proxy."
PW,Palau,Asia Pacific,tax-cooperation,Tax cooperation,available,false,categorical,EU Annex I listed,listed,Council of the European Union,https://www.consilium.europa.eu/en/policies/eu-list-of-non-cooperative-jurisdictions/,,2026-02-17,2026-02-17,"Council of the European Union|https://www.consilium.europa.eu/en/policies/eu-list-of-non-cooperative-jurisdictions/|checked-in-snapshot,OECD Global Forum on Transparency and Exchange of Information for Tax Purposes|https://www.oecd.org/tax/transparency/|candidate-not-ingested","Annex I is a political/legal tax-cooperation list, not a general AML, corruption, or country-risk score."
PW,Palau,Asia Pacific,political-stability-conflict,Political stability and conflict,available,false,percentile,87/100 WGI percentile,87,World Bank Worldwide Governance Indicators,https://www.worldbank.org/en/publication/worldwide-governance-indicators,CC BY 4.0 — World Bank WGI,2024,2026-08-13T11:45:25.085Z,World Bank Worldwide Governance Indicators|https://www.worldbank.org/en/publication/worldwide-governance-indicators|checked-in-snapshot,"WGI is an institutional perception indicator, not a conflict event feed or a prediction of future violence."
PW,Palau,Asia Pacific,beneficial-ownership,Beneficial ownership,unavailable,false,,,,,,,,,Open Ownership|https://www.openownership.org/en/map/|checked-in-snapshot,"The Open Ownership map is a live-register snapshot and absence means no register was identified in that snapshot, not that no register exists."
PG,Papua New Guinea,Asia Pacific,organised-crime,Organised crime,unavailable,false,,,,,,,,,United Nations Office on Drugs and Crime|https://dataunodc.un.org/|candidate-not-ingested,No reviewed country-level organised-crime dataset is currently checked in; no risk value is inferred.
PG,Papua New Guinea,Asia Pacific,fraud-cybercrime,Fraud and cybercrime,unavailable,false,,,,,,,,,International Telecommunication Union|https://www.itu.int/en/ITU-D/Cybersecurity/Pages/global-cybersecurity-index.aspx|candidate-not-ingested,No reviewed country-level fraud or cybercrime dataset is currently checked in; no risk value is inferred.
PG,Papua New Guinea,Asia Pacific,terrorism-proliferation,Terrorism and proliferation financing,unavailable,false,,,,,,,,,Financial Action Task Force|https://www.fatf-gafi.org/en/publications/mutualevaluations.html|candidate-not-ingested,No reviewed country-comparable terrorism/proliferation threat dataset is currently checked in; FATF listing status remains a separate overlay.
PG,Papua New Guinea,Asia Pacific,trafficking,Trafficking,unavailable,false,,,,,,,,,United Nations Office on Drugs and Crime|https://dataunodc.un.org/|candidate-not-ingested,No reviewed country-level trafficking dataset is currently checked in; no risk value is inferred.
PG,Papua New Guinea,Asia Pacific,financial-secrecy-offshore,Financial secrecy and offshore exposure,unavailable,false,,,,,,,,,OECD Global Forum on Transparency and Exchange of Information for Tax Purposes|https://www.oecd.org/tax/transparency/|candidate-not-ingested,"No reviewed, licence-clean financial-secrecy index is currently checked in; jurisdiction type alone is not used as a proxy."
PG,Papua New Guinea,Asia Pacific,tax-cooperation,Tax cooperation,available,false,categorical,Not listed in EU Annex I,not-listed,Council of the European Union,https://www.consilium.europa.eu/en/policies/eu-list-of-non-cooperative-jurisdictions/,,2026-02-17,2026-02-17,"Council of the European Union|https://www.consilium.europa.eu/en/policies/eu-list-of-non-cooperative-jurisdictions/|checked-in-snapshot,OECD Global Forum on Transparency and Exchange of Information for Tax Purposes|https://www.oecd.org/tax/transparency/|candidate-not-ingested","Annex I is a political/legal tax-cooperation list, not a general AML, corruption, or country-risk score."
PG,Papua New Guinea,Asia Pacific,political-stability-conflict,Political stability and conflict,available,false,percentile,55/100 WGI percentile,55,World Bank Worldwide Governance Indicators,https://www.worldbank.org/en/publication/worldwide-governance-indicators,CC BY 4.0 — World Bank WGI,2024,2026-08-13T11:45:25.085Z,World Bank Worldwide Governance Indicators|https://www.worldbank.org/en/publication/worldwide-governance-indicators|checked-in-snapshot,"WGI is an institutional perception indicator, not a conflict event feed or a prediction of future violence."
PG,Papua New Guinea,Asia Pacific,beneficial-ownership,Beneficial ownership,unavailable,false,,,,,,,,,Open Ownership|https://www.openownership.org/en/map/|checked-in-snapshot,"The Open Ownership map is a live-register snapshot and absence means no register was identified in that snapshot, not that no register exists."
PH,Philippines,Asia Pacific,organised-crime,Organised crime,unavailable,false,,,,,,,,,United Nations Office on Drugs and Crime|https://dataunodc.un.org/|candidate-not-ingested,No reviewed country-level organised-crime dataset is currently checked in; no risk value is inferred.
PH,Philippines,Asia Pacific,fraud-cybercrime,Fraud and cybercrime,unavailable,false,,,,,,,,,International Telecommunication Union|https://www.itu.int/en/ITU-D/Cybersecurity/Pages/global-cybersecurity-index.aspx|candidate-not-ingested,No reviewed country-level fraud or cybercrime dataset is currently checked in; no risk value is inferred.
PH,Philippines,Asia Pacific,terrorism-proliferation,Terrorism and proliferation financing,unavailable,false,,,,,,,,,Financial Action Task Force|https://www.fatf-gafi.org/en/publications/mutualevaluations.html|candidate-not-ingested,No reviewed country-comparable terrorism/proliferation threat dataset is currently checked in; FATF listing status remains a separate overlay.
PH,Philippines,Asia Pacific,trafficking,Trafficking,unavailable,false,,,,,,,,,United Nations Office on Drugs and Crime|https://dataunodc.un.org/|candidate-not-ingested,No reviewed country-level trafficking dataset is currently checked in; no risk value is inferred.
PH,Philippines,Asia Pacific,financial-secrecy-offshore,Financial secrecy and offshore exposure,unavailable,false,,,,,,,,,OECD Global Forum on Transparency and Exchange of Information for Tax Purposes|https://www.oecd.org/tax/transparency/|candidate-not-ingested,"No reviewed, licence-clean financial-secrecy index is currently checked in; jurisdiction type alone is not used as a proxy."
PH,Philippines,Asia Pacific,tax-cooperation,Tax cooperation,available,false,categorical,Not listed in EU Annex I,not-listed,Council of the European Union,https://www.consilium.europa.eu/en/policies/eu-list-of-non-cooperative-jurisdictions/,,2026-02-17,2026-02-17,"Council of the European Union|https://www.consilium.europa.eu/en/policies/eu-list-of-non-cooperative-jurisdictions/|checked-in-snapshot,OECD Global Forum on Transparency and Exchange of Information for Tax Purposes|https://www.oecd.org/tax/transparency/|candidate-not-ingested","Annex I is a political/legal tax-cooperation list, not a general AML, corruption, or country-risk score."
PH,Philippines,Asia Pacific,political-stability-conflict,Political stability and conflict,available,false,percentile,53/100 WGI percentile,53,World Bank Worldwide Governance Indicators,https://www.worldbank.org/en/publication/worldwide-governance-indicators,CC BY 4.0 — World Bank WGI,2024,2026-08-13T11:45:25.085Z,World Bank Worldwide Governance Indicators|https://www.worldbank.org/en/publication/worldwide-governance-indicators|checked-in-snapshot,"WGI is an institutional perception indicator, not a conflict event feed or a prediction of future violence."
PH,Philippines,Asia Pacific,beneficial-ownership,Beneficial ownership,available,false,register,Register restricted to authorities,authorities-only,Open Ownership,https://www.openownership.org/en/map/,CC BY 4.0 (Open Ownership),2026-08-23T10:55:05.203Z,2026-08-23T10:55:05.203Z,Open Ownership|https://www.openownership.org/en/map/|checked-in-snapshot,"The Open Ownership map is a live-register snapshot and absence means no register was identified in that snapshot, not that no register exists."
WS,Samoa,Asia Pacific,organised-crime,Organised crime,unavailable,false,,,,,,,,,United Nations Office on Drugs and Crime|https://dataunodc.un.org/|candidate-not-ingested,No reviewed country-level organised-crime dataset is currently checked in; no risk value is inferred.
WS,Samoa,Asia Pacific,fraud-cybercrime,Fraud and cybercrime,unavailable,false,,,,,,,,,International Telecommunication Union|https://www.itu.int/en/ITU-D/Cybersecurity/Pages/global-cybersecurity-index.aspx|candidate-not-ingested,No reviewed country-level fraud or cybercrime dataset is currently checked in; no risk value is inferred.
WS,Samoa,Asia Pacific,terrorism-proliferation,Terrorism and proliferation financing,unavailable,false,,,,,,,,,Financial Action Task Force|https://www.fatf-gafi.org/en/publications/mutualevaluations.html|candidate-not-ingested,No reviewed country-comparable terrorism/proliferation threat dataset is currently checked in; FATF listing status remains a separate overlay.
WS,Samoa,Asia Pacific,trafficking,Trafficking,unavailable,false,,,,,,,,,United Nations Office on Drugs and Crime|https://dataunodc.un.org/|candidate-not-ingested,No reviewed country-level trafficking dataset is currently checked in; no risk value is inferred.
WS,Samoa,Asia Pacific,financial-secrecy-offshore,Financial secrecy and offshore exposure,unavailable,false,,,,,,,,,OECD Global Forum on Transparency and Exchange of Information for Tax Purposes|https://www.oecd.org/tax/transparency/|candidate-not-ingested,"No reviewed, licence-clean financial-secrecy index is currently checked in; jurisdiction type alone is not used as a proxy."
WS,Samoa,Asia Pacific,tax-cooperation,Tax cooperation,available,false,categorical,Not listed in EU Annex I,not-listed,Council of the European Union,https://www.consilium.europa.eu/en/policies/eu-list-of-non-cooperative-jurisdictions/,,2026-02-17,2026-02-17,"Council of the European Union|https://www.consilium.europa.eu/en/policies/eu-list-of-non-cooperative-jurisdictions/|checked-in-snapshot,OECD Global Forum on Transparency and Exchange of Information for Tax Purposes|https://www.oecd.org/tax/transparency/|candidate-not-ingested","Annex I is a political/legal tax-cooperation list, not a general AML, corruption, or country-risk score."
WS,Samoa,Asia Pacific,political-stability-conflict,Political stability and conflict,available,false,percentile,87/100 WGI percentile,87,World Bank Worldwide Governance Indicators,https://www.worldbank.org/en/publication/worldwide-governance-indicators,CC BY 4.0 — World Bank WGI,2024,2026-08-13T11:45:25.085Z,World Bank Worldwide Governance Indicators|https://www.worldbank.org/en/publication/worldwide-governance-indicators|checked-in-snapshot,"WGI is an institutional perception indicator, not a conflict event feed or a prediction of future violence."
WS,Samoa,Asia Pacific,beneficial-ownership,Beneficial ownership,unavailable,false,,,,,,,,,Open Ownership|https://www.openownership.org/en/map/|checked-in-snapshot,"The Open Ownership map is a live-register snapshot and absence means no register was identified in that snapshot, not that no register exists."
SG,Singapore,Asia Pacific,organised-crime,Organised crime,unavailable,false,,,,,,,,,United Nations Office on Drugs and Crime|https://dataunodc.un.org/|candidate-not-ingested,No reviewed country-level organised-crime dataset is currently checked in; no risk value is inferred.
SG,Singapore,Asia Pacific,fraud-cybercrime,Fraud and cybercrime,unavailable,false,,,,,,,,,International Telecommunication Union|https://www.itu.int/en/ITU-D/Cybersecurity/Pages/global-cybersecurity-index.aspx|candidate-not-ingested,No reviewed country-level fraud or cybercrime dataset is currently checked in; no risk value is inferred.
SG,Singapore,Asia Pacific,terrorism-proliferation,Terrorism and proliferation financing,unavailable,false,,,,,,,,,Financial Action Task Force|https://www.fatf-gafi.org/en/publications/mutualevaluations.html|candidate-not-ingested,No reviewed country-comparable terrorism/proliferation threat dataset is currently checked in; FATF listing status remains a separate overlay.
SG,Singapore,Asia Pacific,trafficking,Trafficking,unavailable,false,,,,,,,,,United Nations Office on Drugs and Crime|https://dataunodc.un.org/|candidate-not-ingested,No reviewed country-level trafficking dataset is currently checked in; no risk value is inferred.
SG,Singapore,Asia Pacific,financial-secrecy-offshore,Financial secrecy and offshore exposure,unavailable,false,,,,,,,,,OECD Global Forum on Transparency and Exchange of Information for Tax Purposes|https://www.oecd.org/tax/transparency/|candidate-not-ingested,"No reviewed, licence-clean financial-secrecy index is currently checked in; jurisdiction type alone is not used as a proxy."
SG,Singapore,Asia Pacific,tax-cooperation,Tax cooperation,available,false,categorical,Not listed in EU Annex I,not-listed,Council of the European Union,https://www.consilium.europa.eu/en/policies/eu-list-of-non-cooperative-jurisdictions/,,2026-02-17,2026-02-17,"Council of the European Union|https://www.consilium.europa.eu/en/policies/eu-list-of-non-cooperative-jurisdictions/|checked-in-snapshot,OECD Global Forum on Transparency and Exchange of Information for Tax Purposes|https://www.oecd.org/tax/transparency/|candidate-not-ingested","Annex I is a political/legal tax-cooperation list, not a general AML, corruption, or country-risk score."
SG,Singapore,Asia Pacific,political-stability-conflict,Political stability and conflict,available,false,percentile,87/100 WGI percentile,87,World Bank Worldwide Governance Indicators,https://www.worldbank.org/en/publication/worldwide-governance-indicators,CC BY 4.0 — World Bank WGI,2024,2026-08-13T11:45:25.085Z,World Bank Worldwide Governance Indicators|https://www.worldbank.org/en/publication/worldwide-governance-indicators|checked-in-snapshot,"WGI is an institutional perception indicator, not a conflict event feed or a prediction of future violence."
SG,Singapore,Asia Pacific,beneficial-ownership,Beneficial ownership,available,false,register,Register restricted to authorities,authorities-only,Open Ownership,https://www.openownership.org/en/map/,CC BY 4.0 (Open Ownership),2026-08-23T10:55:05.203Z,2026-08-23T10:55:05.203Z,Open Ownership|https://www.openownership.org/en/map/|checked-in-snapshot,"The Open Ownership map is a live-register snapshot and absence means no register was identified in that snapshot, not that no register exists."
SB,Solomon Islands,Asia Pacific,organised-crime,Organised crime,unavailable,false,,,,,,,,,United Nations Office on Drugs and Crime|https://dataunodc.un.org/|candidate-not-ingested,No reviewed country-level organised-crime dataset is currently checked in; no risk value is inferred.
SB,Solomon Islands,Asia Pacific,fraud-cybercrime,Fraud and cybercrime,unavailable,false,,,,,,,,,International Telecommunication Union|https://www.itu.int/en/ITU-D/Cybersecurity/Pages/global-cybersecurity-index.aspx|candidate-not-ingested,No reviewed country-level fraud or cybercrime dataset is currently checked in; no risk value is inferred.
SB,Solomon Islands,Asia Pacific,terrorism-proliferation,Terrorism and proliferation financing,unavailable,false,,,,,,,,,Financial Action Task Force|https://www.fatf-gafi.org/en/publications/mutualevaluations.html|candidate-not-ingested,No reviewed country-comparable terrorism/proliferation threat dataset is currently checked in; FATF listing status remains a separate overlay.
SB,Solomon Islands,Asia Pacific,trafficking,Trafficking,unavailable,false,,,,,,,,,United Nations Office on Drugs and Crime|https://dataunodc.un.org/|candidate-not-ingested,No reviewed country-level trafficking dataset is currently checked in; no risk value is inferred.
SB,Solomon Islands,Asia Pacific,financial-secrecy-offshore,Financial secrecy and offshore exposure,unavailable,false,,,,,,,,,OECD Global Forum on Transparency and Exchange of Information for Tax Purposes|https://www.oecd.org/tax/transparency/|candidate-not-ingested,"No reviewed, licence-clean financial-secrecy index is currently checked in; jurisdiction type alone is not used as a proxy."
SB,Solomon Islands,Asia Pacific,tax-cooperation,Tax cooperation,available,false,categorical,Not listed in EU Annex I,not-listed,Council of the European Union,https://www.consilium.europa.eu/en/policies/eu-list-of-non-cooperative-jurisdictions/,,2026-02-17,2026-02-17,"Council of the European Union|https://www.consilium.europa.eu/en/policies/eu-list-of-non-cooperative-jurisdictions/|checked-in-snapshot,OECD Global Forum on Transparency and Exchange of Information for Tax Purposes|https://www.oecd.org/tax/transparency/|candidate-not-ingested","Annex I is a political/legal tax-cooperation list, not a general AML, corruption, or country-risk score."
SB,Solomon Islands,Asia Pacific,political-stability-conflict,Political stability and conflict,available,false,percentile,79/100 WGI percentile,79,World Bank Worldwide Governance Indicators,https://www.worldbank.org/en/publication/worldwide-governance-indicators,CC BY 4.0 — World Bank WGI,2024,2026-08-13T11:45:25.085Z,World Bank Worldwide Governance Indicators|https://www.worldbank.org/en/publication/worldwide-governance-indicators|checked-in-snapshot,"WGI is an institutional perception indicator, not a conflict event feed or a prediction of future violence."
SB,Solomon Islands,Asia Pacific,beneficial-ownership,Beneficial ownership,unavailable,false,,,,,,,,,Open Ownership|https://www.openownership.org/en/map/|checked-in-snapshot,"The Open Ownership map is a live-register snapshot and absence means no register was identified in that snapshot, not that no register exists."
LK,Sri Lanka,Asia Pacific,organised-crime,Organised crime,unavailable,false,,,,,,,,,United Nations Office on Drugs and Crime|https://dataunodc.un.org/|candidate-not-ingested,No reviewed country-level organised-crime dataset is currently checked in; no risk value is inferred.
LK,Sri Lanka,Asia Pacific,fraud-cybercrime,Fraud and cybercrime,unavailable,false,,,,,,,,,International Telecommunication Union|https://www.itu.int/en/ITU-D/Cybersecurity/Pages/global-cybersecurity-index.aspx|candidate-not-ingested,No reviewed country-level fraud or cybercrime dataset is currently checked in; no risk value is inferred.
LK,Sri Lanka,Asia Pacific,terrorism-proliferation,Terrorism and proliferation financing,unavailable,false,,,,,,,,,Financial Action Task Force|https://www.fatf-gafi.org/en/publications/mutualevaluations.html|candidate-not-ingested,No reviewed country-comparable terrorism/proliferation threat dataset is currently checked in; FATF listing status remains a separate overlay.
LK,Sri Lanka,Asia Pacific,trafficking,Trafficking,unavailable,false,,,,,,,,,United Nations Office on Drugs and Crime|https://dataunodc.un.org/|candidate-not-ingested,No reviewed country-level trafficking dataset is currently checked in; no risk value is inferred.
LK,Sri Lanka,Asia Pacific,financial-secrecy-offshore,Financial secrecy and offshore exposure,unavailable,false,,,,,,,,,OECD Global Forum on Transparency and Exchange of Information for Tax Purposes|https://www.oecd.org/tax/transparency/|candidate-not-ingested,"No reviewed, licence-clean financial-secrecy index is currently checked in; jurisdiction type alone is not used as a proxy."
LK,Sri Lanka,Asia Pacific,tax-cooperation,Tax cooperation,available,false,categorical,Not listed in EU Annex I,not-listed,Council of the European Union,https://www.consilium.europa.eu/en/policies/eu-list-of-non-cooperative-jurisdictions/,,2026-02-17,2026-02-17,"Council of the European Union|https://www.consilium.europa.eu/en/policies/eu-list-of-non-cooperative-jurisdictions/|checked-in-snapshot,OECD Global Forum on Transparency and Exchange of Information for Tax Purposes|https://www.oecd.org/tax/transparency/|candidate-not-ingested","Annex I is a political/legal tax-cooperation list, not a general AML, corruption, or country-risk score."
LK,Sri Lanka,Asia Pacific,political-stability-conflict,Political stability and conflict,available,false,percentile,60/100 WGI percentile,60,World Bank Worldwide Governance Indicators,https://www.worldbank.org/en/publication/worldwide-governance-indicators,CC BY 4.0 — World Bank WGI,2024,2026-08-13T11:45:25.085Z,World Bank Worldwide Governance Indicators|https://www.worldbank.org/en/publication/worldwide-governance-indicators|checked-in-snapshot,"WGI is an institutional perception indicator, not a conflict event feed or a prediction of future violence."
LK,Sri Lanka,Asia Pacific,beneficial-ownership,Beneficial ownership,unavailable,false,,,,,,,,,Open Ownership|https://www.openownership.org/en/map/|checked-in-snapshot,"The Open Ownership map is a live-register snapshot and absence means no register was identified in that snapshot, not that no register exists."
TW,Taiwan,Asia Pacific,organised-crime,Organised crime,unavailable,false,,,,,,,,,United Nations Office on Drugs and Crime|https://dataunodc.un.org/|candidate-not-ingested,No reviewed country-level organised-crime dataset is currently checked in; no risk value is inferred.
TW,Taiwan,Asia Pacific,fraud-cybercrime,Fraud and cybercrime,unavailable,false,,,,,,,,,International Telecommunication Union|https://www.itu.int/en/ITU-D/Cybersecurity/Pages/global-cybersecurity-index.aspx|candidate-not-ingested,No reviewed country-level fraud or cybercrime dataset is currently checked in; no risk value is inferred.
TW,Taiwan,Asia Pacific,terrorism-proliferation,Terrorism and proliferation financing,unavailable,false,,,,,,,,,Financial Action Task Force|https://www.fatf-gafi.org/en/publications/mutualevaluations.html|candidate-not-ingested,No reviewed country-comparable terrorism/proliferation threat dataset is currently checked in; FATF listing status remains a separate overlay.
TW,Taiwan,Asia Pacific,trafficking,Trafficking,unavailable,false,,,,,,,,,United Nations Office on Drugs and Crime|https://dataunodc.un.org/|candidate-not-ingested,No reviewed country-level trafficking dataset is currently checked in; no risk value is inferred.
TW,Taiwan,Asia Pacific,financial-secrecy-offshore,Financial secrecy and offshore exposure,unavailable,false,,,,,,,,,OECD Global Forum on Transparency and Exchange of Information for Tax Purposes|https://www.oecd.org/tax/transparency/|candidate-not-ingested,"No reviewed, licence-clean financial-secrecy index is currently checked in; jurisdiction type alone is not used as a proxy."
TW,Taiwan,Asia Pacific,tax-cooperation,Tax cooperation,available,false,categorical,Not listed in EU Annex I,not-listed,Council of the European Union,https://www.consilium.europa.eu/en/policies/eu-list-of-non-cooperative-jurisdictions/,,2026-02-17,2026-02-17,"Council of the European Union|https://www.consilium.europa.eu/en/policies/eu-list-of-non-cooperative-jurisdictions/|checked-in-snapshot,OECD Global Forum on Transparency and Exchange of Information for Tax Purposes|https://www.oecd.org/tax/transparency/|candidate-not-ingested","Annex I is a political/legal tax-cooperation list, not a general AML, corruption, or country-risk score."
TW,Taiwan,Asia Pacific,political-stability-conflict,Political stability and conflict,available,false,percentile,82/100 WGI percentile,82,World Bank Worldwide Governance Indicators,https://www.worldbank.org/en/publication/worldwide-governance-indicators,CC BY 4.0 — World Bank WGI,2024,2026-08-13T11:45:25.085Z,World Bank Worldwide Governance Indicators|https://www.worldbank.org/en/publication/worldwide-governance-indicators|checked-in-snapshot,"WGI is an institutional perception indicator, not a conflict event feed or a prediction of future violence."
TW,Taiwan,Asia Pacific,beneficial-ownership,Beneficial ownership,unavailable,false,,,,,,,,,Open Ownership|https://www.openownership.org/en/map/|checked-in-snapshot,"The Open Ownership map is a live-register snapshot and absence means no register was identified in that snapshot, not that no register exists."
TJ,Tajikistan,Asia Pacific,organised-crime,Organised crime,unavailable,false,,,,,,,,,United Nations Office on Drugs and Crime|https://dataunodc.un.org/|candidate-not-ingested,No reviewed country-level organised-crime dataset is currently checked in; no risk value is inferred.
TJ,Tajikistan,Asia Pacific,fraud-cybercrime,Fraud and cybercrime,unavailable,false,,,,,,,,,International Telecommunication Union|https://www.itu.int/en/ITU-D/Cybersecurity/Pages/global-cybersecurity-index.aspx|candidate-not-ingested,No reviewed country-level fraud or cybercrime dataset is currently checked in; no risk value is inferred.
TJ,Tajikistan,Asia Pacific,terrorism-proliferation,Terrorism and proliferation financing,unavailable,false,,,,,,,,,Financial Action Task Force|https://www.fatf-gafi.org/en/publications/mutualevaluations.html|candidate-not-ingested,No reviewed country-comparable terrorism/proliferation threat dataset is currently checked in; FATF listing status remains a separate overlay.
TJ,Tajikistan,Asia Pacific,trafficking,Trafficking,unavailable,false,,,,,,,,,United Nations Office on Drugs and Crime|https://dataunodc.un.org/|candidate-not-ingested,No reviewed country-level trafficking dataset is currently checked in; no risk value is inferred.
TJ,Tajikistan,Asia Pacific,financial-secrecy-offshore,Financial secrecy and offshore exposure,unavailable,false,,,,,,,,,OECD Global Forum on Transparency and Exchange of Information for Tax Purposes|https://www.oecd.org/tax/transparency/|candidate-not-ingested,"No reviewed, licence-clean financial-secrecy index is currently checked in; jurisdiction type alone is not used as a proxy."
TJ,Tajikistan,Asia Pacific,tax-cooperation,Tax cooperation,available,false,categorical,Not listed in EU Annex I,not-listed,Council of the European Union,https://www.consilium.europa.eu/en/policies/eu-list-of-non-cooperative-jurisdictions/,,2026-02-17,2026-02-17,"Council of the European Union|https://www.consilium.europa.eu/en/policies/eu-list-of-non-cooperative-jurisdictions/|checked-in-snapshot,OECD Global Forum on Transparency and Exchange of Information for Tax Purposes|https://www.oecd.org/tax/transparency/|candidate-not-ingested","Annex I is a political/legal tax-cooperation list, not a general AML, corruption, or country-risk score."
TJ,Tajikistan,Asia Pacific,political-stability-conflict,Political stability and conflict,available,false,percentile,61/100 WGI percentile,61,World Bank Worldwide Governance Indicators,https://www.worldbank.org/en/publication/worldwide-governance-indicators,CC BY 4.0 — World Bank WGI,2024,2026-08-13T11:45:25.085Z,World Bank Worldwide Governance Indicators|https://www.worldbank.org/en/publication/worldwide-governance-indicators|checked-in-snapshot,"WGI is an institutional perception indicator, not a conflict event feed or a prediction of future violence."
TJ,Tajikistan,Asia Pacific,beneficial-ownership,Beneficial ownership,available,false,register,Register accessible for due diligence,cdd-accessible,Open Ownership,https://www.openownership.org/en/map/,CC BY 4.0 (Open Ownership),2026-08-23T10:55:05.203Z,2026-08-23T10:55:05.203Z,Open Ownership|https://www.openownership.org/en/map/|checked-in-snapshot,"The Open Ownership map is a live-register snapshot and absence means no register was identified in that snapshot, not that no register exists."
TH,Thailand,Asia Pacific,organised-crime,Organised crime,unavailable,false,,,,,,,,,United Nations Office on Drugs and Crime|https://dataunodc.un.org/|candidate-not-ingested,No reviewed country-level organised-crime dataset is currently checked in; no risk value is inferred.
TH,Thailand,Asia Pacific,fraud-cybercrime,Fraud and cybercrime,unavailable,false,,,,,,,,,International Telecommunication Union|https://www.itu.int/en/ITU-D/Cybersecurity/Pages/global-cybersecurity-index.aspx|candidate-not-ingested,No reviewed country-level fraud or cybercrime dataset is currently checked in; no risk value is inferred.
TH,Thailand,Asia Pacific,terrorism-proliferation,Terrorism and proliferation financing,unavailable,false,,,,,,,,,Financial Action Task Force|https://www.fatf-gafi.org/en/publications/mutualevaluations.html|candidate-not-ingested,No reviewed country-comparable terrorism/proliferation threat dataset is currently checked in; FATF listing status remains a separate overlay.
TH,Thailand,Asia Pacific,trafficking,Trafficking,unavailable,false,,,,,,,,,United Nations Office on Drugs and Crime|https://dataunodc.un.org/|candidate-not-ingested,No reviewed country-level trafficking dataset is currently checked in; no risk value is inferred.
TH,Thailand,Asia Pacific,financial-secrecy-offshore,Financial secrecy and offshore exposure,unavailable,false,,,,,,,,,OECD Global Forum on Transparency and Exchange of Information for Tax Purposes|https://www.oecd.org/tax/transparency/|candidate-not-ingested,"No reviewed, licence-clean financial-secrecy index is currently checked in; jurisdiction type alone is not used as a proxy."
TH,Thailand,Asia Pacific,tax-cooperation,Tax cooperation,available,false,categorical,Not listed in EU Annex I,not-listed,Council of the European Union,https://www.consilium.europa.eu/en/policies/eu-list-of-non-cooperative-jurisdictions/,,2026-02-17,2026-02-17,"Council of the European Union|https://www.consilium.europa.eu/en/policies/eu-list-of-non-cooperative-jurisdictions/|checked-in-snapshot,OECD Global Forum on Transparency and Exchange of Information for Tax Purposes|https://www.oecd.org/tax/transparency/|candidate-not-ingested","Annex I is a political/legal tax-cooperation list, not a general AML, corruption, or country-risk score."
TH,Thailand,Asia Pacific,political-stability-conflict,Political stability and conflict,available,false,percentile,54/100 WGI percentile,54,World Bank Worldwide Governance Indicators,https://www.worldbank.org/en/publication/worldwide-governance-indicators,CC BY 4.0 — World Bank WGI,2024,2026-08-13T11:45:25.085Z,World Bank Worldwide Governance Indicators|https://www.worldbank.org/en/publication/worldwide-governance-indicators|checked-in-snapshot,"WGI is an institutional perception indicator, not a conflict event feed or a prediction of future violence."
TH,Thailand,Asia Pacific,beneficial-ownership,Beneficial ownership,unavailable,false,,,,,,,,,Open Ownership|https://www.openownership.org/en/map/|checked-in-snapshot,"The Open Ownership map is a live-register snapshot and absence means no register was identified in that snapshot, not that no register exists."
TO,Tonga,Asia Pacific,organised-crime,Organised crime,unavailable,false,,,,,,,,,United Nations Office on Drugs and Crime|https://dataunodc.un.org/|candidate-not-ingested,No reviewed country-level organised-crime dataset is currently checked in; no risk value is inferred.
TO,Tonga,Asia Pacific,fraud-cybercrime,Fraud and cybercrime,unavailable,false,,,,,,,,,International Telecommunication Union|https://www.itu.int/en/ITU-D/Cybersecurity/Pages/global-cybersecurity-index.aspx|candidate-not-ingested,No reviewed country-level fraud or cybercrime dataset is currently checked in; no risk value is inferred.
TO,Tonga,Asia Pacific,terrorism-proliferation,Terrorism and proliferation financing,unavailable,false,,,,,,,,,Financial Action Task Force|https://www.fatf-gafi.org/en/publications/mutualevaluations.html|candidate-not-ingested,No reviewed country-comparable terrorism/proliferation threat dataset is currently checked in; FATF listing status remains a separate overlay.
TO,Tonga,Asia Pacific,trafficking,Trafficking,unavailable,false,,,,,,,,,United Nations Office on Drugs and Crime|https://dataunodc.un.org/|candidate-not-ingested,No reviewed country-level trafficking dataset is currently checked in; no risk value is inferred.
TO,Tonga,Asia Pacific,financial-secrecy-offshore,Financial secrecy and offshore exposure,unavailable,false,,,,,,,,,OECD Global Forum on Transparency and Exchange of Information for Tax Purposes|https://www.oecd.org/tax/transparency/|candidate-not-ingested,"No reviewed, licence-clean financial-secrecy index is currently checked in; jurisdiction type alone is not used as a proxy."
TO,Tonga,Asia Pacific,tax-cooperation,Tax cooperation,available,false,categorical,Not listed in EU Annex I,not-listed,Council of the European Union,https://www.consilium.europa.eu/en/policies/eu-list-of-non-cooperative-jurisdictions/,,2026-02-17,2026-02-17,"Council of the European Union|https://www.consilium.europa.eu/en/policies/eu-list-of-non-cooperative-jurisdictions/|checked-in-snapshot,OECD Global Forum on Transparency and Exchange of Information for Tax Purposes|https://www.oecd.org/tax/transparency/|candidate-not-ingested","Annex I is a political/legal tax-cooperation list, not a general AML, corruption, or country-risk score."
TO,Tonga,Asia Pacific,political-stability-conflict,Political stability and conflict,available,false,percentile,87/100 WGI percentile,87,World Bank Worldwide Governance Indicators,https://www.worldbank.org/en/publication/worldwide-governance-indicators,CC BY 4.0 — World Bank WGI,2024,2026-08-13T11:45:25.085Z,World Bank Worldwide Governance Indicators|https://www.worldbank.org/en/publication/worldwide-governance-indicators|checked-in-snapshot,"WGI is an institutional perception indicator, not a conflict event feed or a prediction of future violence."
TO,Tonga,Asia Pacific,beneficial-ownership,Beneficial ownership,unavailable,false,,,,,,,,,Open Ownership|https://www.openownership.org/en/map/|checked-in-snapshot,"The Open Ownership map is a live-register snapshot and absence means no register was identified in that snapshot, not that no register exists."
TL,Timor-Leste,Asia Pacific,organised-crime,Organised crime,unavailable,false,,,,,,,,,United Nations Office on Drugs and Crime|https://dataunodc.un.org/|candidate-not-ingested,No reviewed country-level organised-crime dataset is currently checked in; no risk value is inferred.
TL,Timor-Leste,Asia Pacific,fraud-cybercrime,Fraud and cybercrime,unavailable,false,,,,,,,,,International Telecommunication Union|https://www.itu.int/en/ITU-D/Cybersecurity/Pages/global-cybersecurity-index.aspx|candidate-not-ingested,No reviewed country-level fraud or cybercrime dataset is currently checked in; no risk value is inferred.
TL,Timor-Leste,Asia Pacific,terrorism-proliferation,Terrorism and proliferation financing,unavailable,false,,,,,,,,,Financial Action Task Force|https://www.fatf-gafi.org/en/publications/mutualevaluations.html|candidate-not-ingested,No reviewed country-comparable terrorism/proliferation threat dataset is currently checked in; FATF listing status remains a separate overlay.
TL,Timor-Leste,Asia Pacific,trafficking,Trafficking,unavailable,false,,,,,,,,,United Nations Office on Drugs and Crime|https://dataunodc.un.org/|candidate-not-ingested,No reviewed country-level trafficking dataset is currently checked in; no risk value is inferred.
TL,Timor-Leste,Asia Pacific,financial-secrecy-offshore,Financial secrecy and offshore exposure,unavailable,false,,,,,,,,,OECD Global Forum on Transparency and Exchange of Information for Tax Purposes|https://www.oecd.org/tax/transparency/|candidate-not-ingested,"No reviewed, licence-clean financial-secrecy index is currently checked in; jurisdiction type alone is not used as a proxy."
TL,Timor-Leste,Asia Pacific,tax-cooperation,Tax cooperation,available,false,categorical,Not listed in EU Annex I,not-listed,Council of the European Union,https://www.consilium.europa.eu/en/policies/eu-list-of-non-cooperative-jurisdictions/,,2026-02-17,2026-02-17,"Council of the European Union|https://www.consilium.europa.eu/en/policies/eu-list-of-non-cooperative-jurisdictions/|checked-in-snapshot,OECD Global Forum on Transparency and Exchange of Information for Tax Purposes|https://www.oecd.org/tax/transparency/|candidate-not-ingested","Annex I is a political/legal tax-cooperation list, not a general AML, corruption, or country-risk score."
TL,Timor-Leste,Asia Pacific,political-stability-conflict,Political stability and conflict,available,false,percentile,75/100 WGI percentile,75,World Bank Worldwide Governance Indicators,https://www.worldbank.org/en/publication/worldwide-governance-indicators,CC BY 4.0 — World Bank WGI,2024,2026-08-13T11:45:25.085Z,World Bank Worldwide Governance Indicators|https://www.worldbank.org/en/publication/worldwide-governance-indicators|checked-in-snapshot,"WGI is an institutional perception indicator, not a conflict event feed or a prediction of future violence."
TL,Timor-Leste,Asia Pacific,beneficial-ownership,Beneficial ownership,unavailable,false,,,,,,,,,Open Ownership|https://www.openownership.org/en/map/|checked-in-snapshot,"The Open Ownership map is a live-register snapshot and absence means no register was identified in that snapshot, not that no register exists."
TM,Turkmenistan,Asia Pacific,organised-crime,Organised crime,unavailable,false,,,,,,,,,United Nations Office on Drugs and Crime|https://dataunodc.un.org/|candidate-not-ingested,No reviewed country-level organised-crime dataset is currently checked in; no risk value is inferred.
TM,Turkmenistan,Asia Pacific,fraud-cybercrime,Fraud and cybercrime,unavailable,false,,,,,,,,,International Telecommunication Union|https://www.itu.int/en/ITU-D/Cybersecurity/Pages/global-cybersecurity-index.aspx|candidate-not-ingested,No reviewed country-level fraud or cybercrime dataset is currently checked in; no risk value is inferred.
TM,Turkmenistan,Asia Pacific,terrorism-proliferation,Terrorism and proliferation financing,unavailable,false,,,,,,,,,Financial Action Task Force|https://www.fatf-gafi.org/en/publications/mutualevaluations.html|candidate-not-ingested,No reviewed country-comparable terrorism/proliferation threat dataset is currently checked in; FATF listing status remains a separate overlay.
TM,Turkmenistan,Asia Pacific,trafficking,Trafficking,unavailable,false,,,,,,,,,United Nations Office on Drugs and Crime|https://dataunodc.un.org/|candidate-not-ingested,No reviewed country-level trafficking dataset is currently checked in; no risk value is inferred.
TM,Turkmenistan,Asia Pacific,financial-secrecy-offshore,Financial secrecy and offshore exposure,unavailable,false,,,,,,,,,OECD Global Forum on Transparency and Exchange of Information for Tax Purposes|https://www.oecd.org/tax/transparency/|candidate-not-ingested,"No reviewed, licence-clean financial-secrecy index is currently checked in; jurisdiction type alone is not used as a proxy."
TM,Turkmenistan,Asia Pacific,tax-cooperation,Tax cooperation,available,false,categorical,Not listed in EU Annex I,not-listed,Council of the European Union,https://www.consilium.europa.eu/en/policies/eu-list-of-non-cooperative-jurisdictions/,,2026-02-17,2026-02-17,"Council of the European Union|https://www.consilium.europa.eu/en/policies/eu-list-of-non-cooperative-jurisdictions/|checked-in-snapshot,OECD Global Forum on Transparency and Exchange of Information for Tax Purposes|https://www.oecd.org/tax/transparency/|candidate-not-ingested","Annex I is a political/legal tax-cooperation list, not a general AML, corruption, or country-risk score."
TM,Turkmenistan,Asia Pacific,political-stability-conflict,Political stability and conflict,available,false,percentile,70/100 WGI percentile,70,World Bank Worldwide Governance Indicators,https://www.worldbank.org/en/publication/worldwide-governance-indicators,CC BY 4.0 — World Bank WGI,2024,2026-08-13T11:45:25.085Z,World Bank Worldwide Governance Indicators|https://www.worldbank.org/en/publication/worldwide-governance-indicators|checked-in-snapshot,"WGI is an institutional perception indicator, not a conflict event feed or a prediction of future violence."
TM,Turkmenistan,Asia Pacific,beneficial-ownership,Beneficial ownership,unavailable,false,,,,,,,,,Open Ownership|https://www.openownership.org/en/map/|checked-in-snapshot,"The Open Ownership map is a live-register snapshot and absence means no register was identified in that snapshot, not that no register exists."
UZ,Uzbekistan,Asia Pacific,organised-crime,Organised crime,unavailable,false,,,,,,,,,United Nations Office on Drugs and Crime|https://dataunodc.un.org/|candidate-not-ingested,No reviewed country-level organised-crime dataset is currently checked in; no risk value is inferred.
UZ,Uzbekistan,Asia Pacific,fraud-cybercrime,Fraud and cybercrime,unavailable,false,,,,,,,,,International Telecommunication Union|https://www.itu.int/en/ITU-D/Cybersecurity/Pages/global-cybersecurity-index.aspx|candidate-not-ingested,No reviewed country-level fraud or cybercrime dataset is currently checked in; no risk value is inferred.
UZ,Uzbekistan,Asia Pacific,terrorism-proliferation,Terrorism and proliferation financing,unavailable,false,,,,,,,,,Financial Action Task Force|https://www.fatf-gafi.org/en/publications/mutualevaluations.html|candidate-not-ingested,No reviewed country-comparable terrorism/proliferation threat dataset is currently checked in; FATF listing status remains a separate overlay.
UZ,Uzbekistan,Asia Pacific,trafficking,Trafficking,unavailable,false,,,,,,,,,United Nations Office on Drugs and Crime|https://dataunodc.un.org/|candidate-not-ingested,No reviewed country-level trafficking dataset is currently checked in; no risk value is inferred.
UZ,Uzbekistan,Asia Pacific,financial-secrecy-offshore,Financial secrecy and offshore exposure,unavailable,false,,,,,,,,,OECD Global Forum on Transparency and Exchange of Information for Tax Purposes|https://www.oecd.org/tax/transparency/|candidate-not-ingested,"No reviewed, licence-clean financial-secrecy index is currently checked in; jurisdiction type alone is not used as a proxy."
UZ,Uzbekistan,Asia Pacific,tax-cooperation,Tax cooperation,available,false,categorical,Not listed in EU Annex I,not-listed,Council of the European Union,https://www.consilium.europa.eu/en/policies/eu-list-of-non-cooperative-jurisdictions/,,2026-02-17,2026-02-17,"Council of the European Union|https://www.consilium.europa.eu/en/policies/eu-list-of-non-cooperative-jurisdictions/|checked-in-snapshot,OECD Global Forum on Transparency and Exchange of Information for Tax Purposes|https://www.oecd.org/tax/transparency/|candidate-not-ingested","Annex I is a political/legal tax-cooperation list, not a general AML, corruption, or country-risk score."
UZ,Uzbekistan,Asia Pacific,political-stability-conflict,Political stability and conflict,available,false,percentile,65/100 WGI percentile,65,World Bank Worldwide Governance Indicators,https://www.worldbank.org/en/publication/worldwide-governance-indicators,CC BY 4.0 — World Bank WGI,2024,2026-08-13T11:45:25.085Z,World Bank Worldwide Governance Indicators|https://www.worldbank.org/en/publication/worldwide-governance-indicators|checked-in-snapshot,"WGI is an institutional perception indicator, not a conflict event feed or a prediction of future violence."
UZ,Uzbekistan,Asia Pacific,beneficial-ownership,Beneficial ownership,unavailable,false,,,,,,,,,Open Ownership|https://www.openownership.org/en/map/|checked-in-snapshot,"The Open Ownership map is a live-register snapshot and absence means no register was identified in that snapshot, not that no register exists."
VU,Vanuatu,Asia Pacific,organised-crime,Organised crime,unavailable,false,,,,,,,,,United Nations Office on Drugs and Crime|https://dataunodc.un.org/|candidate-not-ingested,No reviewed country-level organised-crime dataset is currently checked in; no risk value is inferred.
VU,Vanuatu,Asia Pacific,fraud-cybercrime,Fraud and cybercrime,unavailable,false,,,,,,,,,International Telecommunication Union|https://www.itu.int/en/ITU-D/Cybersecurity/Pages/global-cybersecurity-index.aspx|candidate-not-ingested,No reviewed country-level fraud or cybercrime dataset is currently checked in; no risk value is inferred.
VU,Vanuatu,Asia Pacific,terrorism-proliferation,Terrorism and proliferation financing,unavailable,false,,,,,,,,,Financial Action Task Force|https://www.fatf-gafi.org/en/publications/mutualevaluations.html|candidate-not-ingested,No reviewed country-comparable terrorism/proliferation threat dataset is currently checked in; FATF listing status remains a separate overlay.
VU,Vanuatu,Asia Pacific,trafficking,Trafficking,unavailable,false,,,,,,,,,United Nations Office on Drugs and Crime|https://dataunodc.un.org/|candidate-not-ingested,No reviewed country-level trafficking dataset is currently checked in; no risk value is inferred.
VU,Vanuatu,Asia Pacific,financial-secrecy-offshore,Financial secrecy and offshore exposure,unavailable,false,,,,,,,,,OECD Global Forum on Transparency and Exchange of Information for Tax Purposes|https://www.oecd.org/tax/transparency/|candidate-not-ingested,"No reviewed, licence-clean financial-secrecy index is currently checked in; jurisdiction type alone is not used as a proxy."
VU,Vanuatu,Asia Pacific,tax-cooperation,Tax cooperation,available,false,categorical,EU Annex I listed,listed,Council of the European Union,https://www.consilium.europa.eu/en/policies/eu-list-of-non-cooperative-jurisdictions/,,2026-02-17,2026-02-17,"Council of the European Union|https://www.consilium.europa.eu/en/policies/eu-list-of-non-cooperative-jurisdictions/|checked-in-snapshot,OECD Global Forum on Transparency and Exchange of Information for Tax Purposes|https://www.oecd.org/tax/transparency/|candidate-not-ingested","Annex I is a political/legal tax-cooperation list, not a general AML, corruption, or country-risk score."
VU,Vanuatu,Asia Pacific,political-stability-conflict,Political stability and conflict,available,false,percentile,82/100 WGI percentile,82,World Bank Worldwide Governance Indicators,https://www.worldbank.org/en/publication/worldwide-governance-indicators,CC BY 4.0 — World Bank WGI,2024,2026-08-13T11:45:25.085Z,World Bank Worldwide Governance Indicators|https://www.worldbank.org/en/publication/worldwide-governance-indicators|checked-in-snapshot,"WGI is an institutional perception indicator, not a conflict event feed or a prediction of future violence."
VU,Vanuatu,Asia Pacific,beneficial-ownership,Beneficial ownership,unavailable,false,,,,,,,,,Open Ownership|https://www.openownership.org/en/map/|checked-in-snapshot,"The Open Ownership map is a live-register snapshot and absence means no register was identified in that snapshot, not that no register exists."
VN,Vietnam,Asia Pacific,organised-crime,Organised crime,unavailable,false,,,,,,,,,United Nations Office on Drugs and Crime|https://dataunodc.un.org/|candidate-not-ingested,No reviewed country-level organised-crime dataset is currently checked in; no risk value is inferred.
VN,Vietnam,Asia Pacific,fraud-cybercrime,Fraud and cybercrime,unavailable,false,,,,,,,,,International Telecommunication Union|https://www.itu.int/en/ITU-D/Cybersecurity/Pages/global-cybersecurity-index.aspx|candidate-not-ingested,No reviewed country-level fraud or cybercrime dataset is currently checked in; no risk value is inferred.
VN,Vietnam,Asia Pacific,terrorism-proliferation,Terrorism and proliferation financing,unavailable,false,,,,,,,,,Financial Action Task Force|https://www.fatf-gafi.org/en/publications/mutualevaluations.html|candidate-not-ingested,No reviewed country-comparable terrorism/proliferation threat dataset is currently checked in; FATF listing status remains a separate overlay.
VN,Vietnam,Asia Pacific,trafficking,Trafficking,unavailable,false,,,,,,,,,United Nations Office on Drugs and Crime|https://dataunodc.un.org/|candidate-not-ingested,No reviewed country-level trafficking dataset is currently checked in; no risk value is inferred.
VN,Vietnam,Asia Pacific,financial-secrecy-offshore,Financial secrecy and offshore exposure,unavailable,false,,,,,,,,,OECD Global Forum on Transparency and Exchange of Information for Tax Purposes|https://www.oecd.org/tax/transparency/|candidate-not-ingested,"No reviewed, licence-clean financial-secrecy index is currently checked in; jurisdiction type alone is not used as a proxy."
VN,Vietnam,Asia Pacific,tax-cooperation,Tax cooperation,available,false,categorical,EU Annex I listed,listed,Council of the European Union,https://www.consilium.europa.eu/en/policies/eu-list-of-non-cooperative-jurisdictions/,,2026-02-17,2026-02-17,"Council of the European Union|https://www.consilium.europa.eu/en/policies/eu-list-of-non-cooperative-jurisdictions/|checked-in-snapshot,OECD Global Forum on Transparency and Exchange of Information for Tax Purposes|https://www.oecd.org/tax/transparency/|candidate-not-ingested","Annex I is a political/legal tax-cooperation list, not a general AML, corruption, or country-risk score."
VN,Vietnam,Asia Pacific,political-stability-conflict,Political stability and conflict,available,false,percentile,66/100 WGI percentile,66,World Bank Worldwide Governance Indicators,https://www.worldbank.org/en/publication/worldwide-governance-indicators,CC BY 4.0 — World Bank WGI,2024,2026-08-13T11:45:25.085Z,World Bank Worldwide Governance Indicators|https://www.worldbank.org/en/publication/worldwide-governance-indicators|checked-in-snapshot,"WGI is an institutional perception indicator, not a conflict event feed or a prediction of future violence."
VN,Vietnam,Asia Pacific,beneficial-ownership,Beneficial ownership,unavailable,false,,,,,,,,,Open Ownership|https://www.openownership.org/en/map/|checked-in-snapshot,"The Open Ownership map is a live-register snapshot and absence means no register was identified in that snapshot, not that no register exists."
HK,Hong Kong,Asia Pacific,organised-crime,Organised crime,unavailable,false,,,,,,,,,United Nations Office on Drugs and Crime|https://dataunodc.un.org/|candidate-not-ingested,No reviewed country-level organised-crime dataset is currently checked in; no risk value is inferred.
HK,Hong Kong,Asia Pacific,fraud-cybercrime,Fraud and cybercrime,unavailable,false,,,,,,,,,International Telecommunication Union|https://www.itu.int/en/ITU-D/Cybersecurity/Pages/global-cybersecurity-index.aspx|candidate-not-ingested,No reviewed country-level fraud or cybercrime dataset is currently checked in; no risk value is inferred.
HK,Hong Kong,Asia Pacific,terrorism-proliferation,Terrorism and proliferation financing,unavailable,false,,,,,,,,,Financial Action Task Force|https://www.fatf-gafi.org/en/publications/mutualevaluations.html|candidate-not-ingested,No reviewed country-comparable terrorism/proliferation threat dataset is currently checked in; FATF listing status remains a separate overlay.
HK,Hong Kong,Asia Pacific,trafficking,Trafficking,unavailable,false,,,,,,,,,United Nations Office on Drugs and Crime|https://dataunodc.un.org/|candidate-not-ingested,No reviewed country-level trafficking dataset is currently checked in; no risk value is inferred.
HK,Hong Kong,Asia Pacific,financial-secrecy-offshore,Financial secrecy and offshore exposure,unavailable,false,,,,,,,,,OECD Global Forum on Transparency and Exchange of Information for Tax Purposes|https://www.oecd.org/tax/transparency/|candidate-not-ingested,"No reviewed, licence-clean financial-secrecy index is currently checked in; jurisdiction type alone is not used as a proxy."
HK,Hong Kong,Asia Pacific,tax-cooperation,Tax cooperation,available,false,categorical,Not listed in EU Annex I,not-listed,Council of the European Union,https://www.consilium.europa.eu/en/policies/eu-list-of-non-cooperative-jurisdictions/,,2026-02-17,2026-02-17,"Council of the European Union|https://www.consilium.europa.eu/en/policies/eu-list-of-non-cooperative-jurisdictions/|checked-in-snapshot,OECD Global Forum on Transparency and Exchange of Information for Tax Purposes|https://www.oecd.org/tax/transparency/|candidate-not-ingested","Annex I is a political/legal tax-cooperation list, not a general AML, corruption, or country-risk score."
HK,Hong Kong,Asia Pacific,political-stability-conflict,Political stability and conflict,available,false,percentile,77/100 WGI percentile,77,World Bank Worldwide Governance Indicators,https://www.worldbank.org/en/publication/worldwide-governance-indicators,CC BY 4.0 — World Bank WGI,2024,2026-08-13T11:45:25.085Z,World Bank Worldwide Governance Indicators|https://www.worldbank.org/en/publication/worldwide-governance-indicators|checked-in-snapshot,"WGI is an institutional perception indicator, not a conflict event feed or a prediction of future violence."
HK,Hong Kong,Asia Pacific,beneficial-ownership,Beneficial ownership,unavailable,false,,,,,,,,,Open Ownership|https://www.openownership.org/en/map/|checked-in-snapshot,"The Open Ownership map is a live-register snapshot and absence means no register was identified in that snapshot, not that no register exists."
MO,Macau,Asia Pacific,organised-crime,Organised crime,unavailable,false,,,,,,,,,United Nations Office on Drugs and Crime|https://dataunodc.un.org/|candidate-not-ingested,No reviewed country-level organised-crime dataset is currently checked in; no risk value is inferred.
MO,Macau,Asia Pacific,fraud-cybercrime,Fraud and cybercrime,unavailable,false,,,,,,,,,International Telecommunication Union|https://www.itu.int/en/ITU-D/Cybersecurity/Pages/global-cybersecurity-index.aspx|candidate-not-ingested,No reviewed country-level fraud or cybercrime dataset is currently checked in; no risk value is inferred.
MO,Macau,Asia Pacific,terrorism-proliferation,Terrorism and proliferation financing,unavailable,false,,,,,,,,,Financial Action Task Force|https://www.fatf-gafi.org/en/publications/mutualevaluations.html|candidate-not-ingested,No reviewed country-comparable terrorism/proliferation threat dataset is currently checked in; FATF listing status remains a separate overlay.
MO,Macau,Asia Pacific,trafficking,Trafficking,unavailable,false,,,,,,,,,United Nations Office on Drugs and Crime|https://dataunodc.un.org/|candidate-not-ingested,No reviewed country-level trafficking dataset is currently checked in; no risk value is inferred.
MO,Macau,Asia Pacific,financial-secrecy-offshore,Financial secrecy and offshore exposure,unavailable,false,,,,,,,,,OECD Global Forum on Transparency and Exchange of Information for Tax Purposes|https://www.oecd.org/tax/transparency/|candidate-not-ingested,"No reviewed, licence-clean financial-secrecy index is currently checked in; jurisdiction type alone is not used as a proxy."
MO,Macau,Asia Pacific,tax-cooperation,Tax cooperation,available,false,categorical,Not listed in EU Annex I,not-listed,Council of the European Union,https://www.consilium.europa.eu/en/policies/eu-list-of-non-cooperative-jurisdictions/,,2026-02-17,2026-02-17,"Council of the European Union|https://www.consilium.europa.eu/en/policies/eu-list-of-non-cooperative-jurisdictions/|checked-in-snapshot,OECD Global Forum on Transparency and Exchange of Information for Tax Purposes|https://www.oecd.org/tax/transparency/|candidate-not-ingested","Annex I is a political/legal tax-cooperation list, not a general AML, corruption, or country-risk score."
MO,Macau,Asia Pacific,political-stability-conflict,Political stability and conflict,available,false,percentile,84/100 WGI percentile,84,World Bank Worldwide Governance Indicators,https://www.worldbank.org/en/publication/worldwide-governance-indicators,CC BY 4.0 — World Bank WGI,2024,2026-08-13T11:45:25.085Z,World Bank Worldwide Governance Indicators|https://www.worldbank.org/en/publication/worldwide-governance-indicators|checked-in-snapshot,"WGI is an institutional perception indicator, not a conflict event feed or a prediction of future violence."
MO,Macau,Asia Pacific,beneficial-ownership,Beneficial ownership,unavailable,false,,,,,,,,,Open Ownership|https://www.openownership.org/en/map/|checked-in-snapshot,"The Open Ownership map is a live-register snapshot and absence means no register was identified in that snapshot, not that no register exists."
AL,Albania,Europe,organised-crime,Organised crime,unavailable,false,,,,,,,,,United Nations Office on Drugs and Crime|https://dataunodc.un.org/|candidate-not-ingested,No reviewed country-level organised-crime dataset is currently checked in; no risk value is inferred.
AL,Albania,Europe,fraud-cybercrime,Fraud and cybercrime,unavailable,false,,,,,,,,,International Telecommunication Union|https://www.itu.int/en/ITU-D/Cybersecurity/Pages/global-cybersecurity-index.aspx|candidate-not-ingested,No reviewed country-level fraud or cybercrime dataset is currently checked in; no risk value is inferred.
AL,Albania,Europe,terrorism-proliferation,Terrorism and proliferation financing,unavailable,false,,,,,,,,,Financial Action Task Force|https://www.fatf-gafi.org/en/publications/mutualevaluations.html|candidate-not-ingested,No reviewed country-comparable terrorism/proliferation threat dataset is currently checked in; FATF listing status remains a separate overlay.
AL,Albania,Europe,trafficking,Trafficking,unavailable,false,,,,,,,,,United Nations Office on Drugs and Crime|https://dataunodc.un.org/|candidate-not-ingested,No reviewed country-level trafficking dataset is currently checked in; no risk value is inferred.
AL,Albania,Europe,financial-secrecy-offshore,Financial secrecy and offshore exposure,unavailable,false,,,,,,,,,OECD Global Forum on Transparency and Exchange of Information for Tax Purposes|https://www.oecd.org/tax/transparency/|candidate-not-ingested,"No reviewed, licence-clean financial-secrecy index is currently checked in; jurisdiction type alone is not used as a proxy."
AL,Albania,Europe,tax-cooperation,Tax cooperation,available,false,categorical,Not listed in EU Annex I,not-listed,Council of the European Union,https://www.consilium.europa.eu/en/policies/eu-list-of-non-cooperative-jurisdictions/,,2026-02-17,2026-02-17,"Council of the European Union|https://www.consilium.europa.eu/en/policies/eu-list-of-non-cooperative-jurisdictions/|checked-in-snapshot,OECD Global Forum on Transparency and Exchange of Information for Tax Purposes|https://www.oecd.org/tax/transparency/|candidate-not-ingested","Annex I is a political/legal tax-cooperation list, not a general AML, corruption, or country-risk score."
AL,Albania,Europe,political-stability-conflict,Political stability and conflict,available,false,percentile,66/100 WGI percentile,66,World Bank Worldwide Governance Indicators,https://www.worldbank.org/en/publication/worldwide-governance-indicators,CC BY 4.0 — World Bank WGI,2024,2026-08-13T11:45:25.085Z,World Bank Worldwide Governance Indicators|https://www.worldbank.org/en/publication/worldwide-governance-indicators|checked-in-snapshot,"WGI is an institutional perception indicator, not a conflict event feed or a prediction of future violence."
AL,Albania,Europe,beneficial-ownership,Beneficial ownership,available,false,register,Register accessible for due diligence,cdd-accessible,Open Ownership,https://www.openownership.org/en/map/,CC BY 4.0 (Open Ownership),2026-08-23T10:55:05.203Z,2026-08-23T10:55:05.203Z,Open Ownership|https://www.openownership.org/en/map/|checked-in-snapshot,"The Open Ownership map is a live-register snapshot and absence means no register was identified in that snapshot, not that no register exists."
AD,Andorra,Europe,organised-crime,Organised crime,unavailable,false,,,,,,,,,United Nations Office on Drugs and Crime|https://dataunodc.un.org/|candidate-not-ingested,No reviewed country-level organised-crime dataset is currently checked in; no risk value is inferred.
AD,Andorra,Europe,fraud-cybercrime,Fraud and cybercrime,unavailable,false,,,,,,,,,International Telecommunication Union|https://www.itu.int/en/ITU-D/Cybersecurity/Pages/global-cybersecurity-index.aspx|candidate-not-ingested,No reviewed country-level fraud or cybercrime dataset is currently checked in; no risk value is inferred.
AD,Andorra,Europe,terrorism-proliferation,Terrorism and proliferation financing,unavailable,false,,,,,,,,,Financial Action Task Force|https://www.fatf-gafi.org/en/publications/mutualevaluations.html|candidate-not-ingested,No reviewed country-comparable terrorism/proliferation threat dataset is currently checked in; FATF listing status remains a separate overlay.
AD,Andorra,Europe,trafficking,Trafficking,unavailable,false,,,,,,,,,United Nations Office on Drugs and Crime|https://dataunodc.un.org/|candidate-not-ingested,No reviewed country-level trafficking dataset is currently checked in; no risk value is inferred.
AD,Andorra,Europe,financial-secrecy-offshore,Financial secrecy and offshore exposure,unavailable,false,,,,,,,,,OECD Global Forum on Transparency and Exchange of Information for Tax Purposes|https://www.oecd.org/tax/transparency/|candidate-not-ingested,"No reviewed, licence-clean financial-secrecy index is currently checked in; jurisdiction type alone is not used as a proxy."
AD,Andorra,Europe,tax-cooperation,Tax cooperation,available,false,categorical,Not listed in EU Annex I,not-listed,Council of the European Union,https://www.consilium.europa.eu/en/policies/eu-list-of-non-cooperative-jurisdictions/,,2026-02-17,2026-02-17,"Council of the European Union|https://www.consilium.europa.eu/en/policies/eu-list-of-non-cooperative-jurisdictions/|checked-in-snapshot,OECD Global Forum on Transparency and Exchange of Information for Tax Purposes|https://www.oecd.org/tax/transparency/|candidate-not-ingested","Annex I is a political/legal tax-cooperation list, not a general AML, corruption, or country-risk score."
AD,Andorra,Europe,political-stability-conflict,Political stability and conflict,available,false,percentile,92/100 WGI percentile,92,World Bank Worldwide Governance Indicators,https://www.worldbank.org/en/publication/worldwide-governance-indicators,CC BY 4.0 — World Bank WGI,2024,2026-08-13T11:45:25.085Z,World Bank Worldwide Governance Indicators|https://www.worldbank.org/en/publication/worldwide-governance-indicators|checked-in-snapshot,"WGI is an institutional perception indicator, not a conflict event feed or a prediction of future violence."
AD,Andorra,Europe,beneficial-ownership,Beneficial ownership,unavailable,false,,,,,,,,,Open Ownership|https://www.openownership.org/en/map/|checked-in-snapshot,"The Open Ownership map is a live-register snapshot and absence means no register was identified in that snapshot, not that no register exists."
AM,Armenia,Europe,organised-crime,Organised crime,unavailable,false,,,,,,,,,United Nations Office on Drugs and Crime|https://dataunodc.un.org/|candidate-not-ingested,No reviewed country-level organised-crime dataset is currently checked in; no risk value is inferred.
AM,Armenia,Europe,fraud-cybercrime,Fraud and cybercrime,unavailable,false,,,,,,,,,International Telecommunication Union|https://www.itu.int/en/ITU-D/Cybersecurity/Pages/global-cybersecurity-index.aspx|candidate-not-ingested,No reviewed country-level fraud or cybercrime dataset is currently checked in; no risk value is inferred.
AM,Armenia,Europe,terrorism-proliferation,Terrorism and proliferation financing,unavailable,false,,,,,,,,,Financial Action Task Force|https://www.fatf-gafi.org/en/publications/mutualevaluations.html|candidate-not-ingested,No reviewed country-comparable terrorism/proliferation threat dataset is currently checked in; FATF listing status remains a separate overlay.
AM,Armenia,Europe,trafficking,Trafficking,unavailable,false,,,,,,,,,United Nations Office on Drugs and Crime|https://dataunodc.un.org/|candidate-not-ingested,No reviewed country-level trafficking dataset is currently checked in; no risk value is inferred.
AM,Armenia,Europe,financial-secrecy-offshore,Financial secrecy and offshore exposure,unavailable,false,,,,,,,,,OECD Global Forum on Transparency and Exchange of Information for Tax Purposes|https://www.oecd.org/tax/transparency/|candidate-not-ingested,"No reviewed, licence-clean financial-secrecy index is currently checked in; jurisdiction type alone is not used as a proxy."
AM,Armenia,Europe,tax-cooperation,Tax cooperation,available,false,categorical,Not listed in EU Annex I,not-listed,Council of the European Union,https://www.consilium.europa.eu/en/policies/eu-list-of-non-cooperative-jurisdictions/,,2026-02-17,2026-02-17,"Council of the European Union|https://www.consilium.europa.eu/en/policies/eu-list-of-non-cooperative-jurisdictions/|checked-in-snapshot,OECD Global Forum on Transparency and Exchange of Information for Tax Purposes|https://www.oecd.org/tax/transparency/|candidate-not-ingested","Annex I is a political/legal tax-cooperation list, not a general AML, corruption, or country-risk score."
AM,Armenia,Europe,political-stability-conflict,Political stability and conflict,available,false,percentile,54/100 WGI percentile,54,World Bank Worldwide Governance Indicators,https://www.worldbank.org/en/publication/worldwide-governance-indicators,CC BY 4.0 — World Bank WGI,2024,2026-08-13T11:45:25.085Z,World Bank Worldwide Governance Indicators|https://www.worldbank.org/en/publication/worldwide-governance-indicators|checked-in-snapshot,"WGI is an institutional perception indicator, not a conflict event feed or a prediction of future violence."
AM,Armenia,Europe,beneficial-ownership,Beneficial ownership,available,false,register,Register accessible for due diligence,cdd-accessible,Open Ownership,https://www.openownership.org/en/map/,CC BY 4.0 (Open Ownership),2026-08-23T10:55:05.203Z,2026-08-23T10:55:05.203Z,Open Ownership|https://www.openownership.org/en/map/|checked-in-snapshot,"The Open Ownership map is a live-register snapshot and absence means no register was identified in that snapshot, not that no register exists."
AT,Austria,Europe,organised-crime,Organised crime,unavailable,false,,,,,,,,,United Nations Office on Drugs and Crime|https://dataunodc.un.org/|candidate-not-ingested,No reviewed country-level organised-crime dataset is currently checked in; no risk value is inferred.
AT,Austria,Europe,fraud-cybercrime,Fraud and cybercrime,unavailable,false,,,,,,,,,International Telecommunication Union|https://www.itu.int/en/ITU-D/Cybersecurity/Pages/global-cybersecurity-index.aspx|candidate-not-ingested,No reviewed country-level fraud or cybercrime dataset is currently checked in; no risk value is inferred.
AT,Austria,Europe,terrorism-proliferation,Terrorism and proliferation financing,unavailable,false,,,,,,,,,Financial Action Task Force|https://www.fatf-gafi.org/en/publications/mutualevaluations.html|candidate-not-ingested,No reviewed country-comparable terrorism/proliferation threat dataset is currently checked in; FATF listing status remains a separate overlay.
AT,Austria,Europe,trafficking,Trafficking,unavailable,false,,,,,,,,,United Nations Office on Drugs and Crime|https://dataunodc.un.org/|candidate-not-ingested,No reviewed country-level trafficking dataset is currently checked in; no risk value is inferred.
AT,Austria,Europe,financial-secrecy-offshore,Financial secrecy and offshore exposure,unavailable,false,,,,,,,,,OECD Global Forum on Transparency and Exchange of Information for Tax Purposes|https://www.oecd.org/tax/transparency/|candidate-not-ingested,"No reviewed, licence-clean financial-secrecy index is currently checked in; jurisdiction type alone is not used as a proxy."
AT,Austria,Europe,tax-cooperation,Tax cooperation,available,false,categorical,Not listed in EU Annex I,not-listed,Council of the European Union,https://www.consilium.europa.eu/en/policies/eu-list-of-non-cooperative-jurisdictions/,,2026-02-17,2026-02-17,"Council of the European Union|https://www.consilium.europa.eu/en/policies/eu-list-of-non-cooperative-jurisdictions/|checked-in-snapshot,OECD Global Forum on Transparency and Exchange of Information for Tax Purposes|https://www.oecd.org/tax/transparency/|candidate-not-ingested","Annex I is a political/legal tax-cooperation list, not a general AML, corruption, or country-risk score."
AT,Austria,Europe,political-stability-conflict,Political stability and conflict,available,false,percentile,74/100 WGI percentile,74,World Bank Worldwide Governance Indicators,https://www.worldbank.org/en/publication/worldwide-governance-indicators,CC BY 4.0 — World Bank WGI,2024,2026-08-13T11:45:25.085Z,World Bank Worldwide Governance Indicators|https://www.worldbank.org/en/publication/worldwide-governance-indicators|checked-in-snapshot,"WGI is an institutional perception indicator, not a conflict event feed or a prediction of future violence."
AT,Austria,Europe,beneficial-ownership,Beneficial ownership,available,false,register,Register accessible for due diligence,cdd-accessible,Open Ownership,https://www.openownership.org/en/map/,CC BY 4.0 (Open Ownership),2026-08-23T10:55:05.203Z,2026-08-23T10:55:05.203Z,Open Ownership|https://www.openownership.org/en/map/|checked-in-snapshot,"The Open Ownership map is a live-register snapshot and absence means no register was identified in that snapshot, not that no register exists."
AZ,Azerbaijan,Europe,organised-crime,Organised crime,unavailable,false,,,,,,,,,United Nations Office on Drugs and Crime|https://dataunodc.un.org/|candidate-not-ingested,No reviewed country-level organised-crime dataset is currently checked in; no risk value is inferred.
AZ,Azerbaijan,Europe,fraud-cybercrime,Fraud and cybercrime,unavailable,false,,,,,,,,,International Telecommunication Union|https://www.itu.int/en/ITU-D/Cybersecurity/Pages/global-cybersecurity-index.aspx|candidate-not-ingested,No reviewed country-level fraud or cybercrime dataset is currently checked in; no risk value is inferred.
AZ,Azerbaijan,Europe,terrorism-proliferation,Terrorism and proliferation financing,unavailable,false,,,,,,,,,Financial Action Task Force|https://www.fatf-gafi.org/en/publications/mutualevaluations.html|candidate-not-ingested,No reviewed country-comparable terrorism/proliferation threat dataset is currently checked in; FATF listing status remains a separate overlay.
AZ,Azerbaijan,Europe,trafficking,Trafficking,unavailable,false,,,,,,,,,United Nations Office on Drugs and Crime|https://dataunodc.un.org/|candidate-not-ingested,No reviewed country-level trafficking dataset is currently checked in; no risk value is inferred.
AZ,Azerbaijan,Europe,financial-secrecy-offshore,Financial secrecy and offshore exposure,unavailable,false,,,,,,,,,OECD Global Forum on Transparency and Exchange of Information for Tax Purposes|https://www.oecd.org/tax/transparency/|candidate-not-ingested,"No reviewed, licence-clean financial-secrecy index is currently checked in; jurisdiction type alone is not used as a proxy."
AZ,Azerbaijan,Europe,tax-cooperation,Tax cooperation,available,false,categorical,Not listed in EU Annex I,not-listed,Council of the European Union,https://www.consilium.europa.eu/en/policies/eu-list-of-non-cooperative-jurisdictions/,,2026-02-17,2026-02-17,"Council of the European Union|https://www.consilium.europa.eu/en/policies/eu-list-of-non-cooperative-jurisdictions/|checked-in-snapshot,OECD Global Forum on Transparency and Exchange of Information for Tax Purposes|https://www.oecd.org/tax/transparency/|candidate-not-ingested","Annex I is a political/legal tax-cooperation list, not a general AML, corruption, or country-risk score."
AZ,Azerbaijan,Europe,political-stability-conflict,Political stability and conflict,available,false,percentile,63/100 WGI percentile,63,World Bank Worldwide Governance Indicators,https://www.worldbank.org/en/publication/worldwide-governance-indicators,CC BY 4.0 — World Bank WGI,2024,2026-08-13T11:45:25.085Z,World Bank Worldwide Governance Indicators|https://www.worldbank.org/en/publication/worldwide-governance-indicators|checked-in-snapshot,"WGI is an institutional perception indicator, not a conflict event feed or a prediction of future violence."
AZ,Azerbaijan,Europe,beneficial-ownership,Beneficial ownership,unavailable,false,,,,,,,,,Open Ownership|https://www.openownership.org/en/map/|checked-in-snapshot,"The Open Ownership map is a live-register snapshot and absence means no register was identified in that snapshot, not that no register exists."
BY,Belarus,Europe,organised-crime,Organised crime,unavailable,false,,,,,,,,,United Nations Office on Drugs and Crime|https://dataunodc.un.org/|candidate-not-ingested,No reviewed country-level organised-crime dataset is currently checked in; no risk value is inferred.
BY,Belarus,Europe,fraud-cybercrime,Fraud and cybercrime,unavailable,false,,,,,,,,,International Telecommunication Union|https://www.itu.int/en/ITU-D/Cybersecurity/Pages/global-cybersecurity-index.aspx|candidate-not-ingested,No reviewed country-level fraud or cybercrime dataset is currently checked in; no risk value is inferred.
BY,Belarus,Europe,terrorism-proliferation,Terrorism and proliferation financing,unavailable,false,,,,,,,,,Financial Action Task Force|https://www.fatf-gafi.org/en/publications/mutualevaluations.html|candidate-not-ingested,No reviewed country-comparable terrorism/proliferation threat dataset is currently checked in; FATF listing status remains a separate overlay.
BY,Belarus,Europe,trafficking,Trafficking,unavailable,false,,,,,,,,,United Nations Office on Drugs and Crime|https://dataunodc.un.org/|candidate-not-ingested,No reviewed country-level trafficking dataset is currently checked in; no risk value is inferred.
BY,Belarus,Europe,financial-secrecy-offshore,Financial secrecy and offshore exposure,unavailable,false,,,,,,,,,OECD Global Forum on Transparency and Exchange of Information for Tax Purposes|https://www.oecd.org/tax/transparency/|candidate-not-ingested,"No reviewed, licence-clean financial-secrecy index is currently checked in; jurisdiction type alone is not used as a proxy."
BY,Belarus,Europe,tax-cooperation,Tax cooperation,available,false,categorical,Not listed in EU Annex I,not-listed,Council of the European Union,https://www.consilium.europa.eu/en/policies/eu-list-of-non-cooperative-jurisdictions/,,2026-02-17,2026-02-17,"Council of the European Union|https://www.consilium.europa.eu/en/policies/eu-list-of-non-cooperative-jurisdictions/|checked-in-snapshot,OECD Global Forum on Transparency and Exchange of Information for Tax Purposes|https://www.oecd.org/tax/transparency/|candidate-not-ingested","Annex I is a political/legal tax-cooperation list, not a general AML, corruption, or country-risk score."
BY,Belarus,Europe,political-stability-conflict,Political stability and conflict,available,false,percentile,59/100 WGI percentile,59,World Bank Worldwide Governance Indicators,https://www.worldbank.org/en/publication/worldwide-governance-indicators,CC BY 4.0 — World Bank WGI,2024,2026-08-13T11:45:25.085Z,World Bank Worldwide Governance Indicators|https://www.worldbank.org/en/publication/worldwide-governance-indicators|checked-in-snapshot,"WGI is an institutional perception indicator, not a conflict event feed or a prediction of future violence."
BY,Belarus,Europe,beneficial-ownership,Beneficial ownership,unavailable,false,,,,,,,,,Open Ownership|https://www.openownership.org/en/map/|checked-in-snapshot,"The Open Ownership map is a live-register snapshot and absence means no register was identified in that snapshot, not that no register exists."
BE,Belgium,Europe,organised-crime,Organised crime,unavailable,false,,,,,,,,,United Nations Office on Drugs and Crime|https://dataunodc.un.org/|candidate-not-ingested,No reviewed country-level organised-crime dataset is currently checked in; no risk value is inferred.
BE,Belgium,Europe,fraud-cybercrime,Fraud and cybercrime,unavailable,false,,,,,,,,,International Telecommunication Union|https://www.itu.int/en/ITU-D/Cybersecurity/Pages/global-cybersecurity-index.aspx|candidate-not-ingested,No reviewed country-level fraud or cybercrime dataset is currently checked in; no risk value is inferred.
BE,Belgium,Europe,terrorism-proliferation,Terrorism and proliferation financing,unavailable,false,,,,,,,,,Financial Action Task Force|https://www.fatf-gafi.org/en/publications/mutualevaluations.html|candidate-not-ingested,No reviewed country-comparable terrorism/proliferation threat dataset is currently checked in; FATF listing status remains a separate overlay.
BE,Belgium,Europe,trafficking,Trafficking,unavailable,false,,,,,,,,,United Nations Office on Drugs and Crime|https://dataunodc.un.org/|candidate-not-ingested,No reviewed country-level trafficking dataset is currently checked in; no risk value is inferred.
BE,Belgium,Europe,financial-secrecy-offshore,Financial secrecy and offshore exposure,unavailable,false,,,,,,,,,OECD Global Forum on Transparency and Exchange of Information for Tax Purposes|https://www.oecd.org/tax/transparency/|candidate-not-ingested,"No reviewed, licence-clean financial-secrecy index is currently checked in; jurisdiction type alone is not used as a proxy."
BE,Belgium,Europe,tax-cooperation,Tax cooperation,available,false,categorical,Not listed in EU Annex I,not-listed,Council of the European Union,https://www.consilium.europa.eu/en/policies/eu-list-of-non-cooperative-jurisdictions/,,2026-02-17,2026-02-17,"Council of the European Union|https://www.consilium.europa.eu/en/policies/eu-list-of-non-cooperative-jurisdictions/|checked-in-snapshot,OECD Global Forum on Transparency and Exchange of Information for Tax Purposes|https://www.oecd.org/tax/transparency/|candidate-not-ingested","Annex I is a political/legal tax-cooperation list, not a general AML, corruption, or country-risk score."
BE,Belgium,Europe,political-stability-conflict,Political stability and conflict,available,false,percentile,68/100 WGI percentile,68,World Bank Worldwide Governance Indicators,https://www.worldbank.org/en/publication/worldwide-governance-indicators,CC BY 4.0 — World Bank WGI,2024,2026-08-13T11:45:25.085Z,World Bank Worldwide Governance Indicators|https://www.worldbank.org/en/publication/worldwide-governance-indicators|checked-in-snapshot,"WGI is an institutional perception indicator, not a conflict event feed or a prediction of future violence."
BE,Belgium,Europe,beneficial-ownership,Beneficial ownership,available,false,register,Register accessible for due diligence,cdd-accessible,Open Ownership,https://www.openownership.org/en/map/,CC BY 4.0 (Open Ownership),2026-08-23T10:55:05.203Z,2026-08-23T10:55:05.203Z,Open Ownership|https://www.openownership.org/en/map/|checked-in-snapshot,"The Open Ownership map is a live-register snapshot and absence means no register was identified in that snapshot, not that no register exists."
BA,Bosnia and Herzegovina,Europe,organised-crime,Organised crime,unavailable,false,,,,,,,,,United Nations Office on Drugs and Crime|https://dataunodc.un.org/|candidate-not-ingested,No reviewed country-level organised-crime dataset is currently checked in; no risk value is inferred.
BA,Bosnia and Herzegovina,Europe,fraud-cybercrime,Fraud and cybercrime,unavailable,false,,,,,,,,,International Telecommunication Union|https://www.itu.int/en/ITU-D/Cybersecurity/Pages/global-cybersecurity-index.aspx|candidate-not-ingested,No reviewed country-level fraud or cybercrime dataset is currently checked in; no risk value is inferred.
BA,Bosnia and Herzegovina,Europe,terrorism-proliferation,Terrorism and proliferation financing,unavailable,false,,,,,,,,,Financial Action Task Force|https://www.fatf-gafi.org/en/publications/mutualevaluations.html|candidate-not-ingested,No reviewed country-comparable terrorism/proliferation threat dataset is currently checked in; FATF listing status remains a separate overlay.
BA,Bosnia and Herzegovina,Europe,trafficking,Trafficking,unavailable,false,,,,,,,,,United Nations Office on Drugs and Crime|https://dataunodc.un.org/|candidate-not-ingested,No reviewed country-level trafficking dataset is currently checked in; no risk value is inferred.
BA,Bosnia and Herzegovina,Europe,financial-secrecy-offshore,Financial secrecy and offshore exposure,unavailable,false,,,,,,,,,OECD Global Forum on Transparency and Exchange of Information for Tax Purposes|https://www.oecd.org/tax/transparency/|candidate-not-ingested,"No reviewed, licence-clean financial-secrecy index is currently checked in; jurisdiction type alone is not used as a proxy."
BA,Bosnia and Herzegovina,Europe,tax-cooperation,Tax cooperation,available,false,categorical,Not listed in EU Annex I,not-listed,Council of the European Union,https://www.consilium.europa.eu/en/policies/eu-list-of-non-cooperative-jurisdictions/,,2026-02-17,2026-02-17,"Council of the European Union|https://www.consilium.europa.eu/en/policies/eu-list-of-non-cooperative-jurisdictions/|checked-in-snapshot,OECD Global Forum on Transparency and Exchange of Information for Tax Purposes|https://www.oecd.org/tax/transparency/|candidate-not-ingested","Annex I is a political/legal tax-cooperation list, not a general AML, corruption, or country-risk score."
BA,Bosnia and Herzegovina,Europe,political-stability-conflict,Political stability and conflict,available,false,percentile,57/100 WGI percentile,57,World Bank Worldwide Governance Indicators,https://www.worldbank.org/en/publication/worldwide-governance-indicators,CC BY 4.0 — World Bank WGI,2024,2026-08-13T11:45:25.085Z,World Bank Worldwide Governance Indicators|https://www.worldbank.org/en/publication/worldwide-governance-indicators|checked-in-snapshot,"WGI is an institutional perception indicator, not a conflict event feed or a prediction of future violence."
BA,Bosnia and Herzegovina,Europe,beneficial-ownership,Beneficial ownership,available,false,register,Register accessible for due diligence,cdd-accessible,Open Ownership,https://www.openownership.org/en/map/,CC BY 4.0 (Open Ownership),2026-08-23T10:55:05.203Z,2026-08-23T10:55:05.203Z,Open Ownership|https://www.openownership.org/en/map/|checked-in-snapshot,"The Open Ownership map is a live-register snapshot and absence means no register was identified in that snapshot, not that no register exists."
BG,Bulgaria,Europe,organised-crime,Organised crime,unavailable,false,,,,,,,,,United Nations Office on Drugs and Crime|https://dataunodc.un.org/|candidate-not-ingested,No reviewed country-level organised-crime dataset is currently checked in; no risk value is inferred.
BG,Bulgaria,Europe,fraud-cybercrime,Fraud and cybercrime,unavailable,false,,,,,,,,,International Telecommunication Union|https://www.itu.int/en/ITU-D/Cybersecurity/Pages/global-cybersecurity-index.aspx|candidate-not-ingested,No reviewed country-level fraud or cybercrime dataset is currently checked in; no risk value is inferred.
BG,Bulgaria,Europe,terrorism-proliferation,Terrorism and proliferation financing,unavailable,false,,,,,,,,,Financial Action Task Force|https://www.fatf-gafi.org/en/publications/mutualevaluations.html|candidate-not-ingested,No reviewed country-comparable terrorism/proliferation threat dataset is currently checked in; FATF listing status remains a separate overlay.
BG,Bulgaria,Europe,trafficking,Trafficking,unavailable,false,,,,,,,,,United Nations Office on Drugs and Crime|https://dataunodc.un.org/|candidate-not-ingested,No reviewed country-level trafficking dataset is currently checked in; no risk value is inferred.
BG,Bulgaria,Europe,financial-secrecy-offshore,Financial secrecy and offshore exposure,unavailable,false,,,,,,,,,OECD Global Forum on Transparency and Exchange of Information for Tax Purposes|https://www.oecd.org/tax/transparency/|candidate-not-ingested,"No reviewed, licence-clean financial-secrecy index is currently checked in; jurisdiction type alone is not used as a proxy."
BG,Bulgaria,Europe,tax-cooperation,Tax cooperation,available,false,categorical,Not listed in EU Annex I,not-listed,Council of the European Union,https://www.consilium.europa.eu/en/policies/eu-list-of-non-cooperative-jurisdictions/,,2026-02-17,2026-02-17,"Council of the European Union|https://www.consilium.europa.eu/en/policies/eu-list-of-non-cooperative-jurisdictions/|checked-in-snapshot,OECD Global Forum on Transparency and Exchange of Information for Tax Purposes|https://www.oecd.org/tax/transparency/|candidate-not-ingested","Annex I is a political/legal tax-cooperation list, not a general AML, corruption, or country-risk score."
BG,Bulgaria,Europe,political-stability-conflict,Political stability and conflict,available,false,percentile,67/100 WGI percentile,67,World Bank Worldwide Governance Indicators,https://www.worldbank.org/en/publication/worldwide-governance-indicators,CC BY 4.0 — World Bank WGI,2024,2026-08-13T11:45:25.085Z,World Bank Worldwide Governance Indicators|https://www.worldbank.org/en/publication/worldwide-governance-indicators|checked-in-snapshot,"WGI is an institutional perception indicator, not a conflict event feed or a prediction of future violence."
BG,Bulgaria,Europe,beneficial-ownership,Beneficial ownership,available,false,register,Register accessible for due diligence,cdd-accessible,Open Ownership,https://www.openownership.org/en/map/,CC BY 4.0 (Open Ownership),2026-08-23T10:55:05.203Z,2026-08-23T10:55:05.203Z,Open Ownership|https://www.openownership.org/en/map/|checked-in-snapshot,"The Open Ownership map is a live-register snapshot and absence means no register was identified in that snapshot, not that no register exists."
HR,Croatia,Europe,organised-crime,Organised crime,unavailable,false,,,,,,,,,United Nations Office on Drugs and Crime|https://dataunodc.un.org/|candidate-not-ingested,No reviewed country-level organised-crime dataset is currently checked in; no risk value is inferred.
HR,Croatia,Europe,fraud-cybercrime,Fraud and cybercrime,unavailable,false,,,,,,,,,International Telecommunication Union|https://www.itu.int/en/ITU-D/Cybersecurity/Pages/global-cybersecurity-index.aspx|candidate-not-ingested,No reviewed country-level fraud or cybercrime dataset is currently checked in; no risk value is inferred.
HR,Croatia,Europe,terrorism-proliferation,Terrorism and proliferation financing,unavailable,false,,,,,,,,,Financial Action Task Force|https://www.fatf-gafi.org/en/publications/mutualevaluations.html|candidate-not-ingested,No reviewed country-comparable terrorism/proliferation threat dataset is currently checked in; FATF listing status remains a separate overlay.
HR,Croatia,Europe,trafficking,Trafficking,unavailable,false,,,,,,,,,United Nations Office on Drugs and Crime|https://dataunodc.un.org/|candidate-not-ingested,No reviewed country-level trafficking dataset is currently checked in; no risk value is inferred.
HR,Croatia,Europe,financial-secrecy-offshore,Financial secrecy and offshore exposure,unavailable,false,,,,,,,,,OECD Global Forum on Transparency and Exchange of Information for Tax Purposes|https://www.oecd.org/tax/transparency/|candidate-not-ingested,"No reviewed, licence-clean financial-secrecy index is currently checked in; jurisdiction type alone is not used as a proxy."
HR,Croatia,Europe,tax-cooperation,Tax cooperation,available,false,categorical,Not listed in EU Annex I,not-listed,Council of the European Union,https://www.consilium.europa.eu/en/policies/eu-list-of-non-cooperative-jurisdictions/,,2026-02-17,2026-02-17,"Council of the European Union|https://www.consilium.europa.eu/en/policies/eu-list-of-non-cooperative-jurisdictions/|checked-in-snapshot,OECD Global Forum on Transparency and Exchange of Information for Tax Purposes|https://www.oecd.org/tax/transparency/|candidate-not-ingested","Annex I is a political/legal tax-cooperation list, not a general AML, corruption, or country-risk score."
HR,Croatia,Europe,political-stability-conflict,Political stability and conflict,available,false,percentile,76/100 WGI percentile,76,World Bank Worldwide Governance Indicators,https://www.worldbank.org/en/publication/worldwide-governance-indicators,CC BY 4.0 — World Bank WGI,2024,2026-08-13T11:45:25.085Z,World Bank Worldwide Governance Indicators|https://www.worldbank.org/en/publication/worldwide-governance-indicators|checked-in-snapshot,"WGI is an institutional perception indicator, not a conflict event feed or a prediction of future violence."
HR,Croatia,Europe,beneficial-ownership,Beneficial ownership,available,false,register,Register restricted to authorities,authorities-only,Open Ownership,https://www.openownership.org/en/map/,CC BY 4.0 (Open Ownership),2026-08-23T10:55:05.203Z,2026-08-23T10:55:05.203Z,Open Ownership|https://www.openownership.org/en/map/|checked-in-snapshot,"The Open Ownership map is a live-register snapshot and absence means no register was identified in that snapshot, not that no register exists."
CY,Cyprus,Europe,organised-crime,Organised crime,unavailable,false,,,,,,,,,United Nations Office on Drugs and Crime|https://dataunodc.un.org/|candidate-not-ingested,No reviewed country-level organised-crime dataset is currently checked in; no risk value is inferred.
CY,Cyprus,Europe,fraud-cybercrime,Fraud and cybercrime,unavailable,false,,,,,,,,,International Telecommunication Union|https://www.itu.int/en/ITU-D/Cybersecurity/Pages/global-cybersecurity-index.aspx|candidate-not-ingested,No reviewed country-level fraud or cybercrime dataset is currently checked in; no risk value is inferred.
CY,Cyprus,Europe,terrorism-proliferation,Terrorism and proliferation financing,unavailable,false,,,,,,,,,Financial Action Task Force|https://www.fatf-gafi.org/en/publications/mutualevaluations.html|candidate-not-ingested,No reviewed country-comparable terrorism/proliferation threat dataset is currently checked in; FATF listing status remains a separate overlay.
CY,Cyprus,Europe,trafficking,Trafficking,unavailable,false,,,,,,,,,United Nations Office on Drugs and Crime|https://dataunodc.un.org/|candidate-not-ingested,No reviewed country-level trafficking dataset is currently checked in; no risk value is inferred.
CY,Cyprus,Europe,financial-secrecy-offshore,Financial secrecy and offshore exposure,unavailable,false,,,,,,,,,OECD Global Forum on Transparency and Exchange of Information for Tax Purposes|https://www.oecd.org/tax/transparency/|candidate-not-ingested,"No reviewed, licence-clean financial-secrecy index is currently checked in; jurisdiction type alone is not used as a proxy."
CY,Cyprus,Europe,tax-cooperation,Tax cooperation,available,false,categorical,Not listed in EU Annex I,not-listed,Council of the European Union,https://www.consilium.europa.eu/en/policies/eu-list-of-non-cooperative-jurisdictions/,,2026-02-17,2026-02-17,"Council of the European Union|https://www.consilium.europa.eu/en/policies/eu-list-of-non-cooperative-jurisdictions/|checked-in-snapshot,OECD Global Forum on Transparency and Exchange of Information for Tax Purposes|https://www.oecd.org/tax/transparency/|candidate-not-ingested","Annex I is a political/legal tax-cooperation list, not a general AML, corruption, or country-risk score."
CY,Cyprus,Europe,political-stability-conflict,Political stability and conflict,available,false,percentile,72/100 WGI percentile,72,World Bank Worldwide Governance Indicators,https://www.worldbank.org/en/publication/worldwide-governance-indicators,CC BY 4.0 — World Bank WGI,2024,2026-08-13T11:45:25.085Z,World Bank Worldwide Governance Indicators|https://www.worldbank.org/en/publication/worldwide-governance-indicators|checked-in-snapshot,"WGI is an institutional perception indicator, not a conflict event feed or a prediction of future violence."
CY,Cyprus,Europe,beneficial-ownership,Beneficial ownership,available,false,register,Register accessible for due diligence,cdd-accessible,Open Ownership,https://www.openownership.org/en/map/,CC BY 4.0 (Open Ownership),2026-08-23T10:55:05.203Z,2026-08-23T10:55:05.203Z,Open Ownership|https://www.openownership.org/en/map/|checked-in-snapshot,"The Open Ownership map is a live-register snapshot and absence means no register was identified in that snapshot, not that no register exists."
CZ,Czechia,Europe,organised-crime,Organised crime,unavailable,false,,,,,,,,,United Nations Office on Drugs and Crime|https://dataunodc.un.org/|candidate-not-ingested,No reviewed country-level organised-crime dataset is currently checked in; no risk value is inferred.
CZ,Czechia,Europe,fraud-cybercrime,Fraud and cybercrime,unavailable,false,,,,,,,,,International Telecommunication Union|https://www.itu.int/en/ITU-D/Cybersecurity/Pages/global-cybersecurity-index.aspx|candidate-not-ingested,No reviewed country-level fraud or cybercrime dataset is currently checked in; no risk value is inferred.
CZ,Czechia,Europe,terrorism-proliferation,Terrorism and proliferation financing,unavailable,false,,,,,,,,,Financial Action Task Force|https://www.fatf-gafi.org/en/publications/mutualevaluations.html|candidate-not-ingested,No reviewed country-comparable terrorism/proliferation threat dataset is currently checked in; FATF listing status remains a separate overlay.
CZ,Czechia,Europe,trafficking,Trafficking,unavailable,false,,,,,,,,,United Nations Office on Drugs and Crime|https://dataunodc.un.org/|candidate-not-ingested,No reviewed country-level trafficking dataset is currently checked in; no risk value is inferred.
CZ,Czechia,Europe,financial-secrecy-offshore,Financial secrecy and offshore exposure,unavailable,false,,,,,,,,,OECD Global Forum on Transparency and Exchange of Information for Tax Purposes|https://www.oecd.org/tax/transparency/|candidate-not-ingested,"No reviewed, licence-clean financial-secrecy index is currently checked in; jurisdiction type alone is not used as a proxy."
CZ,Czechia,Europe,tax-cooperation,Tax cooperation,available,false,categorical,Not listed in EU Annex I,not-listed,Council of the European Union,https://www.consilium.europa.eu/en/policies/eu-list-of-non-cooperative-jurisdictions/,,2026-02-17,2026-02-17,"Council of the European Union|https://www.consilium.europa.eu/en/policies/eu-list-of-non-cooperative-jurisdictions/|checked-in-snapshot,OECD Global Forum on Transparency and Exchange of Information for Tax Purposes|https://www.oecd.org/tax/transparency/|candidate-not-ingested","Annex I is a political/legal tax-cooperation list, not a general AML, corruption, or country-risk score."
CZ,Czechia,Europe,political-stability-conflict,Political stability and conflict,available,false,percentile,82/100 WGI percentile,82,World Bank Worldwide Governance Indicators,https://www.worldbank.org/en/publication/worldwide-governance-indicators,CC BY 4.0 — World Bank WGI,2024,2026-08-13T11:45:25.085Z,World Bank Worldwide Governance Indicators|https://www.worldbank.org/en/publication/worldwide-governance-indicators|checked-in-snapshot,"WGI is an institutional perception indicator, not a conflict event feed or a prediction of future violence."
CZ,Czechia,Europe,beneficial-ownership,Beneficial ownership,available,false,register,Register accessible for due diligence,cdd-accessible,Open Ownership,https://www.openownership.org/en/map/,CC BY 4.0 (Open Ownership),2026-08-23T10:55:05.203Z,2026-08-23T10:55:05.203Z,Open Ownership|https://www.openownership.org/en/map/|checked-in-snapshot,"The Open Ownership map is a live-register snapshot and absence means no register was identified in that snapshot, not that no register exists."
DK,Denmark,Europe,organised-crime,Organised crime,unavailable,false,,,,,,,,,United Nations Office on Drugs and Crime|https://dataunodc.un.org/|candidate-not-ingested,No reviewed country-level organised-crime dataset is currently checked in; no risk value is inferred.
DK,Denmark,Europe,fraud-cybercrime,Fraud and cybercrime,unavailable,false,,,,,,,,,International Telecommunication Union|https://www.itu.int/en/ITU-D/Cybersecurity/Pages/global-cybersecurity-index.aspx|candidate-not-ingested,No reviewed country-level fraud or cybercrime dataset is currently checked in; no risk value is inferred.
DK,Denmark,Europe,terrorism-proliferation,Terrorism and proliferation financing,unavailable,false,,,,,,,,,Financial Action Task Force|https://www.fatf-gafi.org/en/publications/mutualevaluations.html|candidate-not-ingested,No reviewed country-comparable terrorism/proliferation threat dataset is currently checked in; FATF listing status remains a separate overlay.
DK,Denmark,Europe,trafficking,Trafficking,unavailable,false,,,,,,,,,United Nations Office on Drugs and Crime|https://dataunodc.un.org/|candidate-not-ingested,No reviewed country-level trafficking dataset is currently checked in; no risk value is inferred.
DK,Denmark,Europe,financial-secrecy-offshore,Financial secrecy and offshore exposure,unavailable,false,,,,,,,,,OECD Global Forum on Transparency and Exchange of Information for Tax Purposes|https://www.oecd.org/tax/transparency/|candidate-not-ingested,"No reviewed, licence-clean financial-secrecy index is currently checked in; jurisdiction type alone is not used as a proxy."
DK,Denmark,Europe,tax-cooperation,Tax cooperation,available,false,categorical,Not listed in EU Annex I,not-listed,Council of the European Union,https://www.consilium.europa.eu/en/policies/eu-list-of-non-cooperative-jurisdictions/,,2026-02-17,2026-02-17,"Council of the European Union|https://www.consilium.europa.eu/en/policies/eu-list-of-non-cooperative-jurisdictions/|checked-in-snapshot,OECD Global Forum on Transparency and Exchange of Information for Tax Purposes|https://www.oecd.org/tax/transparency/|candidate-not-ingested","Annex I is a political/legal tax-cooperation list, not a general AML, corruption, or country-risk score."
DK,Denmark,Europe,political-stability-conflict,Political stability and conflict,available,false,percentile,79/100 WGI percentile,79,World Bank Worldwide Governance Indicators,https://www.worldbank.org/en/publication/worldwide-governance-indicators,CC BY 4.0 — World Bank WGI,2024,2026-08-13T11:45:25.085Z,World Bank Worldwide Governance Indicators|https://www.worldbank.org/en/publication/worldwide-governance-indicators|checked-in-snapshot,"WGI is an institutional perception indicator, not a conflict event feed or a prediction of future violence."
DK,Denmark,Europe,beneficial-ownership,Beneficial ownership,available,false,register,Register accessible for due diligence,cdd-accessible,Open Ownership,https://www.openownership.org/en/map/,CC BY 4.0 (Open Ownership),2026-08-23T10:55:05.203Z,2026-08-23T10:55:05.203Z,Open Ownership|https://www.openownership.org/en/map/|checked-in-snapshot,"The Open Ownership map is a live-register snapshot and absence means no register was identified in that snapshot, not that no register exists."
EE,Estonia,Europe,organised-crime,Organised crime,unavailable,false,,,,,,,,,United Nations Office on Drugs and Crime|https://dataunodc.un.org/|candidate-not-ingested,No reviewed country-level organised-crime dataset is currently checked in; no risk value is inferred.
EE,Estonia,Europe,fraud-cybercrime,Fraud and cybercrime,unavailable,false,,,,,,,,,International Telecommunication Union|https://www.itu.int/en/ITU-D/Cybersecurity/Pages/global-cybersecurity-index.aspx|candidate-not-ingested,No reviewed country-level fraud or cybercrime dataset is currently checked in; no risk value is inferred.
EE,Estonia,Europe,terrorism-proliferation,Terrorism and proliferation financing,unavailable,false,,,,,,,,,Financial Action Task Force|https://www.fatf-gafi.org/en/publications/mutualevaluations.html|candidate-not-ingested,No reviewed country-comparable terrorism/proliferation threat dataset is currently checked in; FATF listing status remains a separate overlay.
EE,Estonia,Europe,trafficking,Trafficking,unavailable,false,,,,,,,,,United Nations Office on Drugs and Crime|https://dataunodc.un.org/|candidate-not-ingested,No reviewed country-level trafficking dataset is currently checked in; no risk value is inferred.
EE,Estonia,Europe,financial-secrecy-offshore,Financial secrecy and offshore exposure,unavailable,false,,,,,,,,,OECD Global Forum on Transparency and Exchange of Information for Tax Purposes|https://www.oecd.org/tax/transparency/|candidate-not-ingested,"No reviewed, licence-clean financial-secrecy index is currently checked in; jurisdiction type alone is not used as a proxy."
EE,Estonia,Europe,tax-cooperation,Tax cooperation,available,false,categorical,Not listed in EU Annex I,not-listed,Council of the European Union,https://www.consilium.europa.eu/en/policies/eu-list-of-non-cooperative-jurisdictions/,,2026-02-17,2026-02-17,"Council of the European Union|https://www.consilium.europa.eu/en/policies/eu-list-of-non-cooperative-jurisdictions/|checked-in-snapshot,OECD Global Forum on Transparency and Exchange of Information for Tax Purposes|https://www.oecd.org/tax/transparency/|candidate-not-ingested","Annex I is a political/legal tax-cooperation list, not a general AML, corruption, or country-risk score."
EE,Estonia,Europe,political-stability-conflict,Political stability and conflict,available,false,percentile,78/100 WGI percentile,78,World Bank Worldwide Governance Indicators,https://www.worldbank.org/en/publication/worldwide-governance-indicators,CC BY 4.0 — World Bank WGI,2024,2026-08-13T11:45:25.085Z,World Bank Worldwide Governance Indicators|https://www.worldbank.org/en/publication/worldwide-governance-indicators|checked-in-snapshot,"WGI is an institutional perception indicator, not a conflict event feed or a prediction of future violence."
EE,Estonia,Europe,beneficial-ownership,Beneficial ownership,available,false,register,Register accessible for due diligence,cdd-accessible,Open Ownership,https://www.openownership.org/en/map/,CC BY 4.0 (Open Ownership),2026-08-23T10:55:05.203Z,2026-08-23T10:55:05.203Z,Open Ownership|https://www.openownership.org/en/map/|checked-in-snapshot,"The Open Ownership map is a live-register snapshot and absence means no register was identified in that snapshot, not that no register exists."
FI,Finland,Europe,organised-crime,Organised crime,unavailable,false,,,,,,,,,United Nations Office on Drugs and Crime|https://dataunodc.un.org/|candidate-not-ingested,No reviewed country-level organised-crime dataset is currently checked in; no risk value is inferred.
FI,Finland,Europe,fraud-cybercrime,Fraud and cybercrime,unavailable,false,,,,,,,,,International Telecommunication Union|https://www.itu.int/en/ITU-D/Cybersecurity/Pages/global-cybersecurity-index.aspx|candidate-not-ingested,No reviewed country-level fraud or cybercrime dataset is currently checked in; no risk value is inferred.
FI,Finland,Europe,terrorism-proliferation,Terrorism and proliferation financing,unavailable,false,,,,,,,,,Financial Action Task Force|https://www.fatf-gafi.org/en/publications/mutualevaluations.html|candidate-not-ingested,No reviewed country-comparable terrorism/proliferation threat dataset is currently checked in; FATF listing status remains a separate overlay.
FI,Finland,Europe,trafficking,Trafficking,unavailable,false,,,,,,,,,United Nations Office on Drugs and Crime|https://dataunodc.un.org/|candidate-not-ingested,No reviewed country-level trafficking dataset is currently checked in; no risk value is inferred.
FI,Finland,Europe,financial-secrecy-offshore,Financial secrecy and offshore exposure,unavailable,false,,,,,,,,,OECD Global Forum on Transparency and Exchange of Information for Tax Purposes|https://www.oecd.org/tax/transparency/|candidate-not-ingested,"No reviewed, licence-clean financial-secrecy index is currently checked in; jurisdiction type alone is not used as a proxy."
FI,Finland,Europe,tax-cooperation,Tax cooperation,available,false,categorical,Not listed in EU Annex I,not-listed,Council of the European Union,https://www.consilium.europa.eu/en/policies/eu-list-of-non-cooperative-jurisdictions/,,2026-02-17,2026-02-17,"Council of the European Union|https://www.consilium.europa.eu/en/policies/eu-list-of-non-cooperative-jurisdictions/|checked-in-snapshot,OECD Global Forum on Transparency and Exchange of Information for Tax Purposes|https://www.oecd.org/tax/transparency/|candidate-not-ingested","Annex I is a political/legal tax-cooperation list, not a general AML, corruption, or country-risk score."
FI,Finland,Europe,political-stability-conflict,Political stability and conflict,available,false,percentile,80/100 WGI percentile,80,World Bank Worldwide Governance Indicators,https://www.worldbank.org/en/publication/worldwide-governance-indicators,CC BY 4.0 — World Bank WGI,2024,2026-08-13T11:45:25.085Z,World Bank Worldwide Governance Indicators|https://www.worldbank.org/en/publication/worldwide-governance-indicators|checked-in-snapshot,"WGI is an institutional perception indicator, not a conflict event feed or a prediction of future violence."
FI,Finland,Europe,beneficial-ownership,Beneficial ownership,available,false,register,Register accessible for due diligence,cdd-accessible,Open Ownership,https://www.openownership.org/en/map/,CC BY 4.0 (Open Ownership),2026-08-23T10:55:05.203Z,2026-08-23T10:55:05.203Z,Open Ownership|https://www.openownership.org/en/map/|checked-in-snapshot,"The Open Ownership map is a live-register snapshot and absence means no register was identified in that snapshot, not that no register exists."
FR,France,Europe,organised-crime,Organised crime,unavailable,false,,,,,,,,,United Nations Office on Drugs and Crime|https://dataunodc.un.org/|candidate-not-ingested,No reviewed country-level organised-crime dataset is currently checked in; no risk value is inferred.
FR,France,Europe,fraud-cybercrime,Fraud and cybercrime,unavailable,false,,,,,,,,,International Telecommunication Union|https://www.itu.int/en/ITU-D/Cybersecurity/Pages/global-cybersecurity-index.aspx|candidate-not-ingested,No reviewed country-level fraud or cybercrime dataset is currently checked in; no risk value is inferred.
FR,France,Europe,terrorism-proliferation,Terrorism and proliferation financing,unavailable,false,,,,,,,,,Financial Action Task Force|https://www.fatf-gafi.org/en/publications/mutualevaluations.html|candidate-not-ingested,No reviewed country-comparable terrorism/proliferation threat dataset is currently checked in; FATF listing status remains a separate overlay.
FR,France,Europe,trafficking,Trafficking,unavailable,false,,,,,,,,,United Nations Office on Drugs and Crime|https://dataunodc.un.org/|candidate-not-ingested,No reviewed country-level trafficking dataset is currently checked in; no risk value is inferred.
FR,France,Europe,financial-secrecy-offshore,Financial secrecy and offshore exposure,unavailable,false,,,,,,,,,OECD Global Forum on Transparency and Exchange of Information for Tax Purposes|https://www.oecd.org/tax/transparency/|candidate-not-ingested,"No reviewed, licence-clean financial-secrecy index is currently checked in; jurisdiction type alone is not used as a proxy."
FR,France,Europe,tax-cooperation,Tax cooperation,available,false,categorical,Not listed in EU Annex I,not-listed,Council of the European Union,https://www.consilium.europa.eu/en/policies/eu-list-of-non-cooperative-jurisdictions/,,2026-02-17,2026-02-17,"Council of the European Union|https://www.consilium.europa.eu/en/policies/eu-list-of-non-cooperative-jurisdictions/|checked-in-snapshot,OECD Global Forum on Transparency and Exchange of Information for Tax Purposes|https://www.oecd.org/tax/transparency/|candidate-not-ingested","Annex I is a political/legal tax-cooperation list, not a general AML, corruption, or country-risk score."
FR,France,Europe,political-stability-conflict,Political stability and conflict,available,false,percentile,62/100 WGI percentile,62,World Bank Worldwide Governance Indicators,https://www.worldbank.org/en/publication/worldwide-governance-indicators,CC BY 4.0 — World Bank WGI,2024,2026-08-13T11:45:25.085Z,World Bank Worldwide Governance Indicators|https://www.worldbank.org/en/publication/worldwide-governance-indicators|checked-in-snapshot,"WGI is an institutional perception indicator, not a conflict event feed or a prediction of future violence."
FR,France,Europe,beneficial-ownership,Beneficial ownership,available,false,register,Register accessible for due diligence,cdd-accessible,Open Ownership,https://www.openownership.org/en/map/,CC BY 4.0 (Open Ownership),2026-08-23T10:55:05.203Z,2026-08-23T10:55:05.203Z,Open Ownership|https://www.openownership.org/en/map/|checked-in-snapshot,"The Open Ownership map is a live-register snapshot and absence means no register was identified in that snapshot, not that no register exists."
DE,Germany,Europe,organised-crime,Organised crime,unavailable,false,,,,,,,,,United Nations Office on Drugs and Crime|https://dataunodc.un.org/|candidate-not-ingested,No reviewed country-level organised-crime dataset is currently checked in; no risk value is inferred.
DE,Germany,Europe,fraud-cybercrime,Fraud and cybercrime,unavailable,false,,,,,,,,,International Telecommunication Union|https://www.itu.int/en/ITU-D/Cybersecurity/Pages/global-cybersecurity-index.aspx|candidate-not-ingested,No reviewed country-level fraud or cybercrime dataset is currently checked in; no risk value is inferred.
DE,Germany,Europe,terrorism-proliferation,Terrorism and proliferation financing,unavailable,false,,,,,,,,,Financial Action Task Force|https://www.fatf-gafi.org/en/publications/mutualevaluations.html|candidate-not-ingested,No reviewed country-comparable terrorism/proliferation threat dataset is currently checked in; FATF listing status remains a separate overlay.
DE,Germany,Europe,trafficking,Trafficking,unavailable,false,,,,,,,,,United Nations Office on Drugs and Crime|https://dataunodc.un.org/|candidate-not-ingested,No reviewed country-level trafficking dataset is currently checked in; no risk value is inferred.
DE,Germany,Europe,financial-secrecy-offshore,Financial secrecy and offshore exposure,unavailable,false,,,,,,,,,OECD Global Forum on Transparency and Exchange of Information for Tax Purposes|https://www.oecd.org/tax/transparency/|candidate-not-ingested,"No reviewed, licence-clean financial-secrecy index is currently checked in; jurisdiction type alone is not used as a proxy."
DE,Germany,Europe,tax-cooperation,Tax cooperation,available,false,categorical,Not listed in EU Annex I,not-listed,Council of the European Union,https://www.consilium.europa.eu/en/policies/eu-list-of-non-cooperative-jurisdictions/,,2026-02-17,2026-02-17,"Council of the European Union|https://www.consilium.europa.eu/en/policies/eu-list-of-non-cooperative-jurisdictions/|checked-in-snapshot,OECD Global Forum on Transparency and Exchange of Information for Tax Purposes|https://www.oecd.org/tax/transparency/|candidate-not-ingested","Annex I is a political/legal tax-cooperation list, not a general AML, corruption, or country-risk score."
DE,Germany,Europe,political-stability-conflict,Political stability and conflict,available,false,percentile,68/100 WGI percentile,68,World Bank Worldwide Governance Indicators,https://www.worldbank.org/en/publication/worldwide-governance-indicators,CC BY 4.0 — World Bank WGI,2024,2026-08-13T11:45:25.085Z,World Bank Worldwide Governance Indicators|https://www.worldbank.org/en/publication/worldwide-governance-indicators|checked-in-snapshot,"WGI is an institutional perception indicator, not a conflict event feed or a prediction of future violence."
DE,Germany,Europe,beneficial-ownership,Beneficial ownership,available,false,register,Register accessible for due diligence,cdd-accessible,Open Ownership,https://www.openownership.org/en/map/,CC BY 4.0 (Open Ownership),2026-08-23T10:55:05.203Z,2026-08-23T10:55:05.203Z,Open Ownership|https://www.openownership.org/en/map/|checked-in-snapshot,"The Open Ownership map is a live-register snapshot and absence means no register was identified in that snapshot, not that no register exists."
GE,Georgia,Europe,organised-crime,Organised crime,unavailable,false,,,,,,,,,United Nations Office on Drugs and Crime|https://dataunodc.un.org/|candidate-not-ingested,No reviewed country-level organised-crime dataset is currently checked in; no risk value is inferred.
GE,Georgia,Europe,fraud-cybercrime,Fraud and cybercrime,unavailable,false,,,,,,,,,International Telecommunication Union|https://www.itu.int/en/ITU-D/Cybersecurity/Pages/global-cybersecurity-index.aspx|candidate-not-ingested,No reviewed country-level fraud or cybercrime dataset is currently checked in; no risk value is inferred.
GE,Georgia,Europe,terrorism-proliferation,Terrorism and proliferation financing,unavailable,false,,,,,,,,,Financial Action Task Force|https://www.fatf-gafi.org/en/publications/mutualevaluations.html|candidate-not-ingested,No reviewed country-comparable terrorism/proliferation threat dataset is currently checked in; FATF listing status remains a separate overlay.
GE,Georgia,Europe,trafficking,Trafficking,unavailable,false,,,,,,,,,United Nations Office on Drugs and Crime|https://dataunodc.un.org/|candidate-not-ingested,No reviewed country-level trafficking dataset is currently checked in; no risk value is inferred.
GE,Georgia,Europe,financial-secrecy-offshore,Financial secrecy and offshore exposure,unavailable,false,,,,,,,,,OECD Global Forum on Transparency and Exchange of Information for Tax Purposes|https://www.oecd.org/tax/transparency/|candidate-not-ingested,"No reviewed, licence-clean financial-secrecy index is currently checked in; jurisdiction type alone is not used as a proxy."
GE,Georgia,Europe,tax-cooperation,Tax cooperation,available,false,categorical,Not listed in EU Annex I,not-listed,Council of the European Union,https://www.consilium.europa.eu/en/policies/eu-list-of-non-cooperative-jurisdictions/,,2026-02-17,2026-02-17,"Council of the European Union|https://www.consilium.europa.eu/en/policies/eu-list-of-non-cooperative-jurisdictions/|checked-in-snapshot,OECD Global Forum on Transparency and Exchange of Information for Tax Purposes|https://www.oecd.org/tax/transparency/|candidate-not-ingested","Annex I is a political/legal tax-cooperation list, not a general AML, corruption, or country-risk score."
GE,Georgia,Europe,political-stability-conflict,Political stability and conflict,available,false,percentile,55/100 WGI percentile,55,World Bank Worldwide Governance Indicators,https://www.worldbank.org/en/publication/worldwide-governance-indicators,CC BY 4.0 — World Bank WGI,2024,2026-08-13T11:45:25.085Z,World Bank Worldwide Governance Indicators|https://www.worldbank.org/en/publication/worldwide-governance-indicators|checked-in-snapshot,"WGI is an institutional perception indicator, not a conflict event feed or a prediction of future violence."
GE,Georgia,Europe,beneficial-ownership,Beneficial ownership,unavailable,false,,,,,,,,,Open Ownership|https://www.openownership.org/en/map/|checked-in-snapshot,"The Open Ownership map is a live-register snapshot and absence means no register was identified in that snapshot, not that no register exists."
GR,Greece,Europe,organised-crime,Organised crime,unavailable,false,,,,,,,,,United Nations Office on Drugs and Crime|https://dataunodc.un.org/|candidate-not-ingested,No reviewed country-level organised-crime dataset is currently checked in; no risk value is inferred.
GR,Greece,Europe,fraud-cybercrime,Fraud and cybercrime,unavailable,false,,,,,,,,,International Telecommunication Union|https://www.itu.int/en/ITU-D/Cybersecurity/Pages/global-cybersecurity-index.aspx|candidate-not-ingested,No reviewed country-level fraud or cybercrime dataset is currently checked in; no risk value is inferred.
GR,Greece,Europe,terrorism-proliferation,Terrorism and proliferation financing,unavailable,false,,,,,,,,,Financial Action Task Force|https://www.fatf-gafi.org/en/publications/mutualevaluations.html|candidate-not-ingested,No reviewed country-comparable terrorism/proliferation threat dataset is currently checked in; FATF listing status remains a separate overlay.
GR,Greece,Europe,trafficking,Trafficking,unavailable,false,,,,,,,,,United Nations Office on Drugs and Crime|https://dataunodc.un.org/|candidate-not-ingested,No reviewed country-level trafficking dataset is currently checked in; no risk value is inferred.
GR,Greece,Europe,financial-secrecy-offshore,Financial secrecy and offshore exposure,unavailable,false,,,,,,,,,OECD Global Forum on Transparency and Exchange of Information for Tax Purposes|https://www.oecd.org/tax/transparency/|candidate-not-ingested,"No reviewed, licence-clean financial-secrecy index is currently checked in; jurisdiction type alone is not used as a proxy."
GR,Greece,Europe,tax-cooperation,Tax cooperation,available,false,categorical,Not listed in EU Annex I,not-listed,Council of the European Union,https://www.consilium.europa.eu/en/policies/eu-list-of-non-cooperative-jurisdictions/,,2026-02-17,2026-02-17,"Council of the European Union|https://www.consilium.europa.eu/en/policies/eu-list-of-non-cooperative-jurisdictions/|checked-in-snapshot,OECD Global Forum on Transparency and Exchange of Information for Tax Purposes|https://www.oecd.org/tax/transparency/|candidate-not-ingested","Annex I is a political/legal tax-cooperation list, not a general AML, corruption, or country-risk score."
GR,Greece,Europe,political-stability-conflict,Political stability and conflict,available,false,percentile,68/100 WGI percentile,68,World Bank Worldwide Governance Indicators,https://www.worldbank.org/en/publication/worldwide-governance-indicators,CC BY 4.0 — World Bank WGI,2024,2026-08-13T11:45:25.085Z,World Bank Worldwide Governance Indicators|https://www.worldbank.org/en/publication/worldwide-governance-indicators|checked-in-snapshot,"WGI is an institutional perception indicator, not a conflict event feed or a prediction of future violence."
GR,Greece,Europe,beneficial-ownership,Beneficial ownership,available,false,register,Register accessible for due diligence,cdd-accessible,Open Ownership,https://www.openownership.org/en/map/,CC BY 4.0 (Open Ownership),2026-08-23T10:55:05.203Z,2026-08-23T10:55:05.203Z,Open Ownership|https://www.openownership.org/en/map/|checked-in-snapshot,"The Open Ownership map is a live-register snapshot and absence means no register was identified in that snapshot, not that no register exists."
HU,Hungary,Europe,organised-crime,Organised crime,unavailable,false,,,,,,,,,United Nations Office on Drugs and Crime|https://dataunodc.un.org/|candidate-not-ingested,No reviewed country-level organised-crime dataset is currently checked in; no risk value is inferred.
HU,Hungary,Europe,fraud-cybercrime,Fraud and cybercrime,unavailable,false,,,,,,,,,International Telecommunication Union|https://www.itu.int/en/ITU-D/Cybersecurity/Pages/global-cybersecurity-index.aspx|candidate-not-ingested,No reviewed country-level fraud or cybercrime dataset is currently checked in; no risk value is inferred.
HU,Hungary,Europe,terrorism-proliferation,Terrorism and proliferation financing,unavailable,false,,,,,,,,,Financial Action Task Force|https://www.fatf-gafi.org/en/publications/mutualevaluations.html|candidate-not-ingested,No reviewed country-comparable terrorism/proliferation threat dataset is currently checked in; FATF listing status remains a separate overlay.
HU,Hungary,Europe,trafficking,Trafficking,unavailable,false,,,,,,,,,United Nations Office on Drugs and Crime|https://dataunodc.un.org/|candidate-not-ingested,No reviewed country-level trafficking dataset is currently checked in; no risk value is inferred.
HU,Hungary,Europe,financial-secrecy-offshore,Financial secrecy and offshore exposure,unavailable,false,,,,,,,,,OECD Global Forum on Transparency and Exchange of Information for Tax Purposes|https://www.oecd.org/tax/transparency/|candidate-not-ingested,"No reviewed, licence-clean financial-secrecy index is currently checked in; jurisdiction type alone is not used as a proxy."
HU,Hungary,Europe,tax-cooperation,Tax cooperation,available,false,categorical,Not listed in EU Annex I,not-listed,Council of the European Union,https://www.consilium.europa.eu/en/policies/eu-list-of-non-cooperative-jurisdictions/,,2026-02-17,2026-02-17,"Council of the European Union|https://www.consilium.europa.eu/en/policies/eu-list-of-non-cooperative-jurisdictions/|checked-in-snapshot,OECD Global Forum on Transparency and Exchange of Information for Tax Purposes|https://www.oecd.org/tax/transparency/|candidate-not-ingested","Annex I is a political/legal tax-cooperation list, not a general AML, corruption, or country-risk score."
HU,Hungary,Europe,political-stability-conflict,Political stability and conflict,available,false,percentile,73/100 WGI percentile,73,World Bank Worldwide Governance Indicators,https://www.worldbank.org/en/publication/worldwide-governance-indicators,CC BY 4.0 — World Bank WGI,2024,2026-08-13T11:45:25.085Z,World Bank Worldwide Governance Indicators|https://www.worldbank.org/en/publication/worldwide-governance-indicators|checked-in-snapshot,"WGI is an institutional perception indicator, not a conflict event feed or a prediction of future violence."
HU,Hungary,Europe,beneficial-ownership,Beneficial ownership,available,false,register,Register accessible for due diligence,cdd-accessible,Open Ownership,https://www.openownership.org/en/map/,CC BY 4.0 (Open Ownership),2026-08-23T10:55:05.203Z,2026-08-23T10:55:05.203Z,Open Ownership|https://www.openownership.org/en/map/|checked-in-snapshot,"The Open Ownership map is a live-register snapshot and absence means no register was identified in that snapshot, not that no register exists."
IS,Iceland,Europe,organised-crime,Organised crime,unavailable,false,,,,,,,,,United Nations Office on Drugs and Crime|https://dataunodc.un.org/|candidate-not-ingested,No reviewed country-level organised-crime dataset is currently checked in; no risk value is inferred.
IS,Iceland,Europe,fraud-cybercrime,Fraud and cybercrime,unavailable,false,,,,,,,,,International Telecommunication Union|https://www.itu.int/en/ITU-D/Cybersecurity/Pages/global-cybersecurity-index.aspx|candidate-not-ingested,No reviewed country-level fraud or cybercrime dataset is currently checked in; no risk value is inferred.
IS,Iceland,Europe,terrorism-proliferation,Terrorism and proliferation financing,unavailable,false,,,,,,,,,Financial Action Task Force|https://www.fatf-gafi.org/en/publications/mutualevaluations.html|candidate-not-ingested,No reviewed country-comparable terrorism/proliferation threat dataset is currently checked in; FATF listing status remains a separate overlay.
IS,Iceland,Europe,trafficking,Trafficking,unavailable,false,,,,,,,,,United Nations Office on Drugs and Crime|https://dataunodc.un.org/|candidate-not-ingested,No reviewed country-level trafficking dataset is currently checked in; no risk value is inferred.
IS,Iceland,Europe,financial-secrecy-offshore,Financial secrecy and offshore exposure,unavailable,false,,,,,,,,,OECD Global Forum on Transparency and Exchange of Information for Tax Purposes|https://www.oecd.org/tax/transparency/|candidate-not-ingested,"No reviewed, licence-clean financial-secrecy index is currently checked in; jurisdiction type alone is not used as a proxy."
IS,Iceland,Europe,tax-cooperation,Tax cooperation,available,false,categorical,Not listed in EU Annex I,not-listed,Council of the European Union,https://www.consilium.europa.eu/en/policies/eu-list-of-non-cooperative-jurisdictions/,,2026-02-17,2026-02-17,"Council of the European Union|https://www.consilium.europa.eu/en/policies/eu-list-of-non-cooperative-jurisdictions/|checked-in-snapshot,OECD Global Forum on Transparency and Exchange of Information for Tax Purposes|https://www.oecd.org/tax/transparency/|candidate-not-ingested","Annex I is a political/legal tax-cooperation list, not a general AML, corruption, or country-risk score."
IS,Iceland,Europe,political-stability-conflict,Political stability and conflict,available,false,percentile,86/100 WGI percentile,86,World Bank Worldwide Governance Indicators,https://www.worldbank.org/en/publication/worldwide-governance-indicators,CC BY 4.0 — World Bank WGI,2024,2026-08-13T11:45:25.085Z,World Bank Worldwide Governance Indicators|https://www.worldbank.org/en/publication/worldwide-governance-indicators|checked-in-snapshot,"WGI is an institutional perception indicator, not a conflict event feed or a prediction of future violence."
IS,Iceland,Europe,beneficial-ownership,Beneficial ownership,available,false,register,Register accessible for due diligence,cdd-accessible,Open Ownership,https://www.openownership.org/en/map/,CC BY 4.0 (Open Ownership),2026-08-23T10:55:05.203Z,2026-08-23T10:55:05.203Z,Open Ownership|https://www.openownership.org/en/map/|checked-in-snapshot,"The Open Ownership map is a live-register snapshot and absence means no register was identified in that snapshot, not that no register exists."
IE,Ireland,Europe,organised-crime,Organised crime,unavailable,false,,,,,,,,,United Nations Office on Drugs and Crime|https://dataunodc.un.org/|candidate-not-ingested,No reviewed country-level organised-crime dataset is currently checked in; no risk value is inferred.
IE,Ireland,Europe,fraud-cybercrime,Fraud and cybercrime,unavailable,false,,,,,,,,,International Telecommunication Union|https://www.itu.int/en/ITU-D/Cybersecurity/Pages/global-cybersecurity-index.aspx|candidate-not-ingested,No reviewed country-level fraud or cybercrime dataset is currently checked in; no risk value is inferred.
IE,Ireland,Europe,terrorism-proliferation,Terrorism and proliferation financing,unavailable,false,,,,,,,,,Financial Action Task Force|https://www.fatf-gafi.org/en/publications/mutualevaluations.html|candidate-not-ingested,No reviewed country-comparable terrorism/proliferation threat dataset is currently checked in; FATF listing status remains a separate overlay.
IE,Ireland,Europe,trafficking,Trafficking,unavailable,false,,,,,,,,,United Nations Office on Drugs and Crime|https://dataunodc.un.org/|candidate-not-ingested,No reviewed country-level trafficking dataset is currently checked in; no risk value is inferred.
IE,Ireland,Europe,financial-secrecy-offshore,Financial secrecy and offshore exposure,unavailable,false,,,,,,,,,OECD Global Forum on Transparency and Exchange of Information for Tax Purposes|https://www.oecd.org/tax/transparency/|candidate-not-ingested,"No reviewed, licence-clean financial-secrecy index is currently checked in; jurisdiction type alone is not used as a proxy."
IE,Ireland,Europe,tax-cooperation,Tax cooperation,available,false,categorical,Not listed in EU Annex I,not-listed,Council of the European Union,https://www.consilium.europa.eu/en/policies/eu-list-of-non-cooperative-jurisdictions/,,2026-02-17,2026-02-17,"Council of the European Union|https://www.consilium.europa.eu/en/policies/eu-list-of-non-cooperative-jurisdictions/|checked-in-snapshot,OECD Global Forum on Transparency and Exchange of Information for Tax Purposes|https://www.oecd.org/tax/transparency/|candidate-not-ingested","Annex I is a political/legal tax-cooperation list, not a general AML, corruption, or country-risk score."
IE,Ireland,Europe,political-stability-conflict,Political stability and conflict,available,false,percentile,78/100 WGI percentile,78,World Bank Worldwide Governance Indicators,https://www.worldbank.org/en/publication/worldwide-governance-indicators,CC BY 4.0 — World Bank WGI,2024,2026-08-13T11:45:25.085Z,World Bank Worldwide Governance Indicators|https://www.worldbank.org/en/publication/worldwide-governance-indicators|checked-in-snapshot,"WGI is an institutional perception indicator, not a conflict event feed or a prediction of future violence."
IE,Ireland,Europe,beneficial-ownership,Beneficial ownership,available,false,register,Register accessible for due diligence,cdd-accessible,Open Ownership,https://www.openownership.org/en/map/,CC BY 4.0 (Open Ownership),2026-08-23T10:55:05.203Z,2026-08-23T10:55:05.203Z,Open Ownership|https://www.openownership.org/en/map/|checked-in-snapshot,"The Open Ownership map is a live-register snapshot and absence means no register was identified in that snapshot, not that no register exists."
IT,Italy,Europe,organised-crime,Organised crime,unavailable,false,,,,,,,,,United Nations Office on Drugs and Crime|https://dataunodc.un.org/|candidate-not-ingested,No reviewed country-level organised-crime dataset is currently checked in; no risk value is inferred.
IT,Italy,Europe,fraud-cybercrime,Fraud and cybercrime,unavailable,false,,,,,,,,,International Telecommunication Union|https://www.itu.int/en/ITU-D/Cybersecurity/Pages/global-cybersecurity-index.aspx|candidate-not-ingested,No reviewed country-level fraud or cybercrime dataset is currently checked in; no risk value is inferred.
IT,Italy,Europe,terrorism-proliferation,Terrorism and proliferation financing,unavailable,false,,,,,,,,,Financial Action Task Force|https://www.fatf-gafi.org/en/publications/mutualevaluations.html|candidate-not-ingested,No reviewed country-comparable terrorism/proliferation threat dataset is currently checked in; FATF listing status remains a separate overlay.
IT,Italy,Europe,trafficking,Trafficking,unavailable,false,,,,,,,,,United Nations Office on Drugs and Crime|https://dataunodc.un.org/|candidate-not-ingested,No reviewed country-level trafficking dataset is currently checked in; no risk value is inferred.
IT,Italy,Europe,financial-secrecy-offshore,Financial secrecy and offshore exposure,unavailable,false,,,,,,,,,OECD Global Forum on Transparency and Exchange of Information for Tax Purposes|https://www.oecd.org/tax/transparency/|candidate-not-ingested,"No reviewed, licence-clean financial-secrecy index is currently checked in; jurisdiction type alone is not used as a proxy."
IT,Italy,Europe,tax-cooperation,Tax cooperation,available,false,categorical,Not listed in EU Annex I,not-listed,Council of the European Union,https://www.consilium.europa.eu/en/policies/eu-list-of-non-cooperative-jurisdictions/,,2026-02-17,2026-02-17,"Council of the European Union|https://www.consilium.europa.eu/en/policies/eu-list-of-non-cooperative-jurisdictions/|checked-in-snapshot,OECD Global Forum on Transparency and Exchange of Information for Tax Purposes|https://www.oecd.org/tax/transparency/|candidate-not-ingested","Annex I is a political/legal tax-cooperation list, not a general AML, corruption, or country-risk score."
IT,Italy,Europe,political-stability-conflict,Political stability and conflict,available,false,percentile,71/100 WGI percentile,71,World Bank Worldwide Governance Indicators,https://www.worldbank.org/en/publication/worldwide-governance-indicators,CC BY 4.0 — World Bank WGI,2024,2026-08-13T11:45:25.085Z,World Bank Worldwide Governance Indicators|https://www.worldbank.org/en/publication/worldwide-governance-indicators|checked-in-snapshot,"WGI is an institutional perception indicator, not a conflict event feed or a prediction of future violence."
IT,Italy,Europe,beneficial-ownership,Beneficial ownership,available,false,register,Register accessible for due diligence,cdd-accessible,Open Ownership,https://www.openownership.org/en/map/,CC BY 4.0 (Open Ownership),2026-08-23T10:55:05.203Z,2026-08-23T10:55:05.203Z,Open Ownership|https://www.openownership.org/en/map/|checked-in-snapshot,"The Open Ownership map is a live-register snapshot and absence means no register was identified in that snapshot, not that no register exists."
XK,Kosovo,Europe,organised-crime,Organised crime,unavailable,false,,,,,,,,,United Nations Office on Drugs and Crime|https://dataunodc.un.org/|candidate-not-ingested,No reviewed country-level organised-crime dataset is currently checked in; no risk value is inferred.
XK,Kosovo,Europe,fraud-cybercrime,Fraud and cybercrime,unavailable,false,,,,,,,,,International Telecommunication Union|https://www.itu.int/en/ITU-D/Cybersecurity/Pages/global-cybersecurity-index.aspx|candidate-not-ingested,No reviewed country-level fraud or cybercrime dataset is currently checked in; no risk value is inferred.
XK,Kosovo,Europe,terrorism-proliferation,Terrorism and proliferation financing,unavailable,false,,,,,,,,,Financial Action Task Force|https://www.fatf-gafi.org/en/publications/mutualevaluations.html|candidate-not-ingested,No reviewed country-comparable terrorism/proliferation threat dataset is currently checked in; FATF listing status remains a separate overlay.
XK,Kosovo,Europe,trafficking,Trafficking,unavailable,false,,,,,,,,,United Nations Office on Drugs and Crime|https://dataunodc.un.org/|candidate-not-ingested,No reviewed country-level trafficking dataset is currently checked in; no risk value is inferred.
XK,Kosovo,Europe,financial-secrecy-offshore,Financial secrecy and offshore exposure,unavailable,false,,,,,,,,,OECD Global Forum on Transparency and Exchange of Information for Tax Purposes|https://www.oecd.org/tax/transparency/|candidate-not-ingested,"No reviewed, licence-clean financial-secrecy index is currently checked in; jurisdiction type alone is not used as a proxy."
XK,Kosovo,Europe,tax-cooperation,Tax cooperation,available,false,categorical,Not listed in EU Annex I,not-listed,Council of the European Union,https://www.consilium.europa.eu/en/policies/eu-list-of-non-cooperative-jurisdictions/,,2026-02-17,2026-02-17,"Council of the European Union|https://www.consilium.europa.eu/en/policies/eu-list-of-non-cooperative-jurisdictions/|checked-in-snapshot,OECD Global Forum on Transparency and Exchange of Information for Tax Purposes|https://www.oecd.org/tax/transparency/|candidate-not-ingested","Annex I is a political/legal tax-cooperation list, not a general AML, corruption, or country-risk score."
XK,Kosovo,Europe,political-stability-conflict,Political stability and conflict,available,false,percentile,60/100 WGI percentile,60,World Bank Worldwide Governance Indicators,https://www.worldbank.org/en/publication/worldwide-governance-indicators,CC BY 4.0 — World Bank WGI,2024,2026-08-13T11:45:25.085Z,World Bank Worldwide Governance Indicators|https://www.worldbank.org/en/publication/worldwide-governance-indicators|checked-in-snapshot,"WGI is an institutional perception indicator, not a conflict event feed or a prediction of future violence."
XK,Kosovo,Europe,beneficial-ownership,Beneficial ownership,unavailable,false,,,,,,,,,Open Ownership|https://www.openownership.org/en/map/|checked-in-snapshot,"The Open Ownership map is a live-register snapshot and absence means no register was identified in that snapshot, not that no register exists."
LV,Latvia,Europe,organised-crime,Organised crime,unavailable,false,,,,,,,,,United Nations Office on Drugs and Crime|https://dataunodc.un.org/|candidate-not-ingested,No reviewed country-level organised-crime dataset is currently checked in; no risk value is inferred.
LV,Latvia,Europe,fraud-cybercrime,Fraud and cybercrime,unavailable,false,,,,,,,,,International Telecommunication Union|https://www.itu.int/en/ITU-D/Cybersecurity/Pages/global-cybersecurity-index.aspx|candidate-not-ingested,No reviewed country-level fraud or cybercrime dataset is currently checked in; no risk value is inferred.
LV,Latvia,Europe,terrorism-proliferation,Terrorism and proliferation financing,unavailable,false,,,,,,,,,Financial Action Task Force|https://www.fatf-gafi.org/en/publications/mutualevaluations.html|candidate-not-ingested,No reviewed country-comparable terrorism/proliferation threat dataset is currently checked in; FATF listing status remains a separate overlay.
LV,Latvia,Europe,trafficking,Trafficking,unavailable,false,,,,,,,,,United Nations Office on Drugs and Crime|https://dataunodc.un.org/|candidate-not-ingested,No reviewed country-level trafficking dataset is currently checked in; no risk value is inferred.
LV,Latvia,Europe,financial-secrecy-offshore,Financial secrecy and offshore exposure,unavailable,false,,,,,,,,,OECD Global Forum on Transparency and Exchange of Information for Tax Purposes|https://www.oecd.org/tax/transparency/|candidate-not-ingested,"No reviewed, licence-clean financial-secrecy index is currently checked in; jurisdiction type alone is not used as a proxy."
LV,Latvia,Europe,tax-cooperation,Tax cooperation,available,false,categorical,Not listed in EU Annex I,not-listed,Council of the European Union,https://www.consilium.europa.eu/en/policies/eu-list-of-non-cooperative-jurisdictions/,,2026-02-17,2026-02-17,"Council of the European Union|https://www.consilium.europa.eu/en/policies/eu-list-of-non-cooperative-jurisdictions/|checked-in-snapshot,OECD Global Forum on Transparency and Exchange of Information for Tax Purposes|https://www.oecd.org/tax/transparency/|candidate-not-ingested","Annex I is a political/legal tax-cooperation list, not a general AML, corruption, or country-risk score."
LV,Latvia,Europe,political-stability-conflict,Political stability and conflict,available,false,percentile,76/100 WGI percentile,76,World Bank Worldwide Governance Indicators,https://www.worldbank.org/en/publication/worldwide-governance-indicators,CC BY 4.0 — World Bank WGI,2024,2026-08-13T11:45:25.085Z,World Bank Worldwide Governance Indicators|https://www.worldbank.org/en/publication/worldwide-governance-indicators|checked-in-snapshot,"WGI is an institutional perception indicator, not a conflict event feed or a prediction of future violence."
LV,Latvia,Europe,beneficial-ownership,Beneficial ownership,available,false,register,Register accessible for due diligence,cdd-accessible,Open Ownership,https://www.openownership.org/en/map/,CC BY 4.0 (Open Ownership),2026-08-23T10:55:05.203Z,2026-08-23T10:55:05.203Z,Open Ownership|https://www.openownership.org/en/map/|checked-in-snapshot,"The Open Ownership map is a live-register snapshot and absence means no register was identified in that snapshot, not that no register exists."
LI,Liechtenstein,Europe,organised-crime,Organised crime,unavailable,false,,,,,,,,,United Nations Office on Drugs and Crime|https://dataunodc.un.org/|candidate-not-ingested,No reviewed country-level organised-crime dataset is currently checked in; no risk value is inferred.
LI,Liechtenstein,Europe,fraud-cybercrime,Fraud and cybercrime,unavailable,false,,,,,,,,,International Telecommunication Union|https://www.itu.int/en/ITU-D/Cybersecurity/Pages/global-cybersecurity-index.aspx|candidate-not-ingested,No reviewed country-level fraud or cybercrime dataset is currently checked in; no risk value is inferred.
LI,Liechtenstein,Europe,terrorism-proliferation,Terrorism and proliferation financing,unavailable,false,,,,,,,,,Financial Action Task Force|https://www.fatf-gafi.org/en/publications/mutualevaluations.html|candidate-not-ingested,No reviewed country-comparable terrorism/proliferation threat dataset is currently checked in; FATF listing status remains a separate overlay.
LI,Liechtenstein,Europe,trafficking,Trafficking,unavailable,false,,,,,,,,,United Nations Office on Drugs and Crime|https://dataunodc.un.org/|candidate-not-ingested,No reviewed country-level trafficking dataset is currently checked in; no risk value is inferred.
LI,Liechtenstein,Europe,financial-secrecy-offshore,Financial secrecy and offshore exposure,unavailable,false,,,,,,,,,OECD Global Forum on Transparency and Exchange of Information for Tax Purposes|https://www.oecd.org/tax/transparency/|candidate-not-ingested,"No reviewed, licence-clean financial-secrecy index is currently checked in; jurisdiction type alone is not used as a proxy."
LI,Liechtenstein,Europe,tax-cooperation,Tax cooperation,available,false,categorical,Not listed in EU Annex I,not-listed,Council of the European Union,https://www.consilium.europa.eu/en/policies/eu-list-of-non-cooperative-jurisdictions/,,2026-02-17,2026-02-17,"Council of the European Union|https://www.consilium.europa.eu/en/policies/eu-list-of-non-cooperative-jurisdictions/|checked-in-snapshot,OECD Global Forum on Transparency and Exchange of Information for Tax Purposes|https://www.oecd.org/tax/transparency/|candidate-not-ingested","Annex I is a political/legal tax-cooperation list, not a general AML, corruption, or country-risk score."
LI,Liechtenstein,Europe,political-stability-conflict,Political stability and conflict,available,false,percentile,93/100 WGI percentile,93,World Bank Worldwide Governance Indicators,https://www.worldbank.org/en/publication/worldwide-governance-indicators,CC BY 4.0 — World Bank WGI,2024,2026-08-13T11:45:25.085Z,World Bank Worldwide Governance Indicators|https://www.worldbank.org/en/publication/worldwide-governance-indicators|checked-in-snapshot,"WGI is an institutional perception indicator, not a conflict event feed or a prediction of future violence."
LI,Liechtenstein,Europe,beneficial-ownership,Beneficial ownership,unavailable,false,,,,,,,,,Open Ownership|https://www.openownership.org/en/map/|checked-in-snapshot,"The Open Ownership map is a live-register snapshot and absence means no register was identified in that snapshot, not that no register exists."
LT,Lithuania,Europe,organised-crime,Organised crime,unavailable,false,,,,,,,,,United Nations Office on Drugs and Crime|https://dataunodc.un.org/|candidate-not-ingested,No reviewed country-level organised-crime dataset is currently checked in; no risk value is inferred.
LT,Lithuania,Europe,fraud-cybercrime,Fraud and cybercrime,unavailable,false,,,,,,,,,International Telecommunication Union|https://www.itu.int/en/ITU-D/Cybersecurity/Pages/global-cybersecurity-index.aspx|candidate-not-ingested,No reviewed country-level fraud or cybercrime dataset is currently checked in; no risk value is inferred.
LT,Lithuania,Europe,terrorism-proliferation,Terrorism and proliferation financing,unavailable,false,,,,,,,,,Financial Action Task Force|https://www.fatf-gafi.org/en/publications/mutualevaluations.html|candidate-not-ingested,No reviewed country-comparable terrorism/proliferation threat dataset is currently checked in; FATF listing status remains a separate overlay.
LT,Lithuania,Europe,trafficking,Trafficking,unavailable,false,,,,,,,,,United Nations Office on Drugs and Crime|https://dataunodc.un.org/|candidate-not-ingested,No reviewed country-level trafficking dataset is currently checked in; no risk value is inferred.
LT,Lithuania,Europe,financial-secrecy-offshore,Financial secrecy and offshore exposure,unavailable,false,,,,,,,,,OECD Global Forum on Transparency and Exchange of Information for Tax Purposes|https://www.oecd.org/tax/transparency/|candidate-not-ingested,"No reviewed, licence-clean financial-secrecy index is currently checked in; jurisdiction type alone is not used as a proxy."
LT,Lithuania,Europe,tax-cooperation,Tax cooperation,available,false,categorical,Not listed in EU Annex I,not-listed,Council of the European Union,https://www.consilium.europa.eu/en/policies/eu-list-of-non-cooperative-jurisdictions/,,2026-02-17,2026-02-17,"Council of the European Union|https://www.consilium.europa.eu/en/policies/eu-list-of-non-cooperative-jurisdictions/|checked-in-snapshot,OECD Global Forum on Transparency and Exchange of Information for Tax Purposes|https://www.oecd.org/tax/transparency/|candidate-not-ingested","Annex I is a political/legal tax-cooperation list, not a general AML, corruption, or country-risk score."
LT,Lithuania,Europe,political-stability-conflict,Political stability and conflict,available,false,percentile,82/100 WGI percentile,82,World Bank Worldwide Governance Indicators,https://www.worldbank.org/en/publication/worldwide-governance-indicators,CC BY 4.0 — World Bank WGI,2024,2026-08-13T11:45:25.085Z,World Bank Worldwide Governance Indicators|https://www.worldbank.org/en/publication/worldwide-governance-indicators|checked-in-snapshot,"WGI is an institutional perception indicator, not a conflict event feed or a prediction of future violence."
LT,Lithuania,Europe,beneficial-ownership,Beneficial ownership,available,false,register,Register accessible for due diligence,cdd-accessible,Open Ownership,https://www.openownership.org/en/map/,CC BY 4.0 (Open Ownership),2026-08-23T10:55:05.203Z,2026-08-23T10:55:05.203Z,Open Ownership|https://www.openownership.org/en/map/|checked-in-snapshot,"The Open Ownership map is a live-register snapshot and absence means no register was identified in that snapshot, not that no register exists."
LU,Luxembourg,Europe,organised-crime,Organised crime,unavailable,false,,,,,,,,,United Nations Office on Drugs and Crime|https://dataunodc.un.org/|candidate-not-ingested,No reviewed country-level organised-crime dataset is currently checked in; no risk value is inferred.
LU,Luxembourg,Europe,fraud-cybercrime,Fraud and cybercrime,unavailable,false,,,,,,,,,International Telecommunication Union|https://www.itu.int/en/ITU-D/Cybersecurity/Pages/global-cybersecurity-index.aspx|candidate-not-ingested,No reviewed country-level fraud or cybercrime dataset is currently checked in; no risk value is inferred.
LU,Luxembourg,Europe,terrorism-proliferation,Terrorism and proliferation financing,unavailable,false,,,,,,,,,Financial Action Task Force|https://www.fatf-gafi.org/en/publications/mutualevaluations.html|candidate-not-ingested,No reviewed country-comparable terrorism/proliferation threat dataset is currently checked in; FATF listing status remains a separate overlay.
LU,Luxembourg,Europe,trafficking,Trafficking,unavailable,false,,,,,,,,,United Nations Office on Drugs and Crime|https://dataunodc.un.org/|candidate-not-ingested,No reviewed country-level trafficking dataset is currently checked in; no risk value is inferred.
LU,Luxembourg,Europe,financial-secrecy-offshore,Financial secrecy and offshore exposure,unavailable,false,,,,,,,,,OECD Global Forum on Transparency and Exchange of Information for Tax Purposes|https://www.oecd.org/tax/transparency/|candidate-not-ingested,"No reviewed, licence-clean financial-secrecy index is currently checked in; jurisdiction type alone is not used as a proxy."
LU,Luxembourg,Europe,tax-cooperation,Tax cooperation,available,false,categorical,Not listed in EU Annex I,not-listed,Council of the European Union,https://www.consilium.europa.eu/en/policies/eu-list-of-non-cooperative-jurisdictions/,,2026-02-17,2026-02-17,"Council of the European Union|https://www.consilium.europa.eu/en/policies/eu-list-of-non-cooperative-jurisdictions/|checked-in-snapshot,OECD Global Forum on Transparency and Exchange of Information for Tax Purposes|https://www.oecd.org/tax/transparency/|candidate-not-ingested","Annex I is a political/legal tax-cooperation list, not a general AML, corruption, or country-risk score."
LU,Luxembourg,Europe,political-stability-conflict,Political stability and conflict,available,false,percentile,84/100 WGI percentile,84,World Bank Worldwide Governance Indicators,https://www.worldbank.org/en/publication/worldwide-governance-indicators,CC BY 4.0 — World Bank WGI,2024,2026-08-13T11:45:25.085Z,World Bank Worldwide Governance Indicators|https://www.worldbank.org/en/publication/worldwide-governance-indicators|checked-in-snapshot,"WGI is an institutional perception indicator, not a conflict event feed or a prediction of future violence."
LU,Luxembourg,Europe,beneficial-ownership,Beneficial ownership,available,false,register,Register accessible for due diligence,cdd-accessible,Open Ownership,https://www.openownership.org/en/map/,CC BY 4.0 (Open Ownership),2026-08-23T10:55:05.203Z,2026-08-23T10:55:05.203Z,Open Ownership|https://www.openownership.org/en/map/|checked-in-snapshot,"The Open Ownership map is a live-register snapshot and absence means no register was identified in that snapshot, not that no register exists."
MT,Malta,Europe,organised-crime,Organised crime,unavailable,false,,,,,,,,,United Nations Office on Drugs and Crime|https://dataunodc.un.org/|candidate-not-ingested,No reviewed country-level organised-crime dataset is currently checked in; no risk value is inferred.
MT,Malta,Europe,fraud-cybercrime,Fraud and cybercrime,unavailable,false,,,,,,,,,International Telecommunication Union|https://www.itu.int/en/ITU-D/Cybersecurity/Pages/global-cybersecurity-index.aspx|candidate-not-ingested,No reviewed country-level fraud or cybercrime dataset is currently checked in; no risk value is inferred.
MT,Malta,Europe,terrorism-proliferation,Terrorism and proliferation financing,unavailable,false,,,,,,,,,Financial Action Task Force|https://www.fatf-gafi.org/en/publications/mutualevaluations.html|candidate-not-ingested,No reviewed country-comparable terrorism/proliferation threat dataset is currently checked in; FATF listing status remains a separate overlay.
MT,Malta,Europe,trafficking,Trafficking,unavailable,false,,,,,,,,,United Nations Office on Drugs and Crime|https://dataunodc.un.org/|candidate-not-ingested,No reviewed country-level trafficking dataset is currently checked in; no risk value is inferred.
MT,Malta,Europe,financial-secrecy-offshore,Financial secrecy and offshore exposure,unavailable,false,,,,,,,,,OECD Global Forum on Transparency and Exchange of Information for Tax Purposes|https://www.oecd.org/tax/transparency/|candidate-not-ingested,"No reviewed, licence-clean financial-secrecy index is currently checked in; jurisdiction type alone is not used as a proxy."
MT,Malta,Europe,tax-cooperation,Tax cooperation,available,false,categorical,Not listed in EU Annex I,not-listed,Council of the European Union,https://www.consilium.europa.eu/en/policies/eu-list-of-non-cooperative-jurisdictions/,,2026-02-17,2026-02-17,"Council of the European Union|https://www.consilium.europa.eu/en/policies/eu-list-of-non-cooperative-jurisdictions/|checked-in-snapshot,OECD Global Forum on Transparency and Exchange of Information for Tax Purposes|https://www.oecd.org/tax/transparency/|candidate-not-ingested","Annex I is a political/legal tax-cooperation list, not a general AML, corruption, or country-risk score."
MT,Malta,Europe,political-stability-conflict,Political stability and conflict,available,false,percentile,80/100 WGI percentile,80,World Bank Worldwide Governance Indicators,https://www.worldbank.org/en/publication/worldwide-governance-indicators,CC BY 4.0 — World Bank WGI,2024,2026-08-13T11:45:25.085Z,World Bank Worldwide Governance Indicators|https://www.worldbank.org/en/publication/worldwide-governance-indicators|checked-in-snapshot,"WGI is an institutional perception indicator, not a conflict event feed or a prediction of future violence."
MT,Malta,Europe,beneficial-ownership,Beneficial ownership,available,false,register,Register accessible for due diligence,cdd-accessible,Open Ownership,https://www.openownership.org/en/map/,CC BY 4.0 (Open Ownership),2026-08-23T10:55:05.203Z,2026-08-23T10:55:05.203Z,Open Ownership|https://www.openownership.org/en/map/|checked-in-snapshot,"The Open Ownership map is a live-register snapshot and absence means no register was identified in that snapshot, not that no register exists."
MD,Moldova,Europe,organised-crime,Organised crime,unavailable,false,,,,,,,,,United Nations Office on Drugs and Crime|https://dataunodc.un.org/|candidate-not-ingested,No reviewed country-level organised-crime dataset is currently checked in; no risk value is inferred.
MD,Moldova,Europe,fraud-cybercrime,Fraud and cybercrime,unavailable,false,,,,,,,,,International Telecommunication Union|https://www.itu.int/en/ITU-D/Cybersecurity/Pages/global-cybersecurity-index.aspx|candidate-not-ingested,No reviewed country-level fraud or cybercrime dataset is currently checked in; no risk value is inferred.
MD,Moldova,Europe,terrorism-proliferation,Terrorism and proliferation financing,unavailable,false,,,,,,,,,Financial Action Task Force|https://www.fatf-gafi.org/en/publications/mutualevaluations.html|candidate-not-ingested,No reviewed country-comparable terrorism/proliferation threat dataset is currently checked in; FATF listing status remains a separate overlay.
MD,Moldova,Europe,trafficking,Trafficking,unavailable,false,,,,,,,,,United Nations Office on Drugs and Crime|https://dataunodc.un.org/|candidate-not-ingested,No reviewed country-level trafficking dataset is currently checked in; no risk value is inferred.
MD,Moldova,Europe,financial-secrecy-offshore,Financial secrecy and offshore exposure,unavailable,false,,,,,,,,,OECD Global Forum on Transparency and Exchange of Information for Tax Purposes|https://www.oecd.org/tax/transparency/|candidate-not-ingested,"No reviewed, licence-clean financial-secrecy index is currently checked in; jurisdiction type alone is not used as a proxy."
MD,Moldova,Europe,tax-cooperation,Tax cooperation,available,false,categorical,Not listed in EU Annex I,not-listed,Council of the European Union,https://www.consilium.europa.eu/en/policies/eu-list-of-non-cooperative-jurisdictions/,,2026-02-17,2026-02-17,"Council of the European Union|https://www.consilium.europa.eu/en/policies/eu-list-of-non-cooperative-jurisdictions/|checked-in-snapshot,OECD Global Forum on Transparency and Exchange of Information for Tax Purposes|https://www.oecd.org/tax/transparency/|candidate-not-ingested","Annex I is a political/legal tax-cooperation list, not a general AML, corruption, or country-risk score."
MD,Moldova,Europe,political-stability-conflict,Political stability and conflict,available,false,percentile,60/100 WGI percentile,60,World Bank Worldwide Governance Indicators,https://www.worldbank.org/en/publication/worldwide-governance-indicators,CC BY 4.0 — World Bank WGI,2024,2026-08-13T11:45:25.085Z,World Bank Worldwide Governance Indicators|https://www.worldbank.org/en/publication/worldwide-governance-indicators|checked-in-snapshot,"WGI is an institutional perception indicator, not a conflict event feed or a prediction of future violence."
MD,Moldova,Europe,beneficial-ownership,Beneficial ownership,unavailable,false,,,,,,,,,Open Ownership|https://www.openownership.org/en/map/|checked-in-snapshot,"The Open Ownership map is a live-register snapshot and absence means no register was identified in that snapshot, not that no register exists."
MC,Monaco,Europe,organised-crime,Organised crime,unavailable,false,,,,,,,,,United Nations Office on Drugs and Crime|https://dataunodc.un.org/|candidate-not-ingested,No reviewed country-level organised-crime dataset is currently checked in; no risk value is inferred.
MC,Monaco,Europe,fraud-cybercrime,Fraud and cybercrime,unavailable,false,,,,,,,,,International Telecommunication Union|https://www.itu.int/en/ITU-D/Cybersecurity/Pages/global-cybersecurity-index.aspx|candidate-not-ingested,No reviewed country-level fraud or cybercrime dataset is currently checked in; no risk value is inferred.
MC,Monaco,Europe,terrorism-proliferation,Terrorism and proliferation financing,unavailable,false,,,,,,,,,Financial Action Task Force|https://www.fatf-gafi.org/en/publications/mutualevaluations.html|candidate-not-ingested,No reviewed country-comparable terrorism/proliferation threat dataset is currently checked in; FATF listing status remains a separate overlay.
MC,Monaco,Europe,trafficking,Trafficking,unavailable,false,,,,,,,,,United Nations Office on Drugs and Crime|https://dataunodc.un.org/|candidate-not-ingested,No reviewed country-level trafficking dataset is currently checked in; no risk value is inferred.
MC,Monaco,Europe,financial-secrecy-offshore,Financial secrecy and offshore exposure,unavailable,false,,,,,,,,,OECD Global Forum on Transparency and Exchange of Information for Tax Purposes|https://www.oecd.org/tax/transparency/|candidate-not-ingested,"No reviewed, licence-clean financial-secrecy index is currently checked in; jurisdiction type alone is not used as a proxy."
MC,Monaco,Europe,tax-cooperation,Tax cooperation,available,false,categorical,Not listed in EU Annex I,not-listed,Council of the European Union,https://www.consilium.europa.eu/en/policies/eu-list-of-non-cooperative-jurisdictions/,,2026-02-17,2026-02-17,"Council of the European Union|https://www.consilium.europa.eu/en/policies/eu-list-of-non-cooperative-jurisdictions/|checked-in-snapshot,OECD Global Forum on Transparency and Exchange of Information for Tax Purposes|https://www.oecd.org/tax/transparency/|candidate-not-ingested","Annex I is a political/legal tax-cooperation list, not a general AML, corruption, or country-risk score."
MC,Monaco,Europe,political-stability-conflict,Political stability and conflict,available,false,percentile,87/100 WGI percentile,87,World Bank Worldwide Governance Indicators,https://www.worldbank.org/en/publication/worldwide-governance-indicators,CC BY 4.0 — World Bank WGI,2024,2026-08-13T11:45:25.085Z,World Bank Worldwide Governance Indicators|https://www.worldbank.org/en/publication/worldwide-governance-indicators|checked-in-snapshot,"WGI is an institutional perception indicator, not a conflict event feed or a prediction of future violence."
MC,Monaco,Europe,beneficial-ownership,Beneficial ownership,available,false,register,Register accessible for due diligence,cdd-accessible,Open Ownership,https://www.openownership.org/en/map/,CC BY 4.0 (Open Ownership),2026-08-23T10:55:05.203Z,2026-08-23T10:55:05.203Z,Open Ownership|https://www.openownership.org/en/map/|checked-in-snapshot,"The Open Ownership map is a live-register snapshot and absence means no register was identified in that snapshot, not that no register exists."
ME,Montenegro,Europe,organised-crime,Organised crime,unavailable,false,,,,,,,,,United Nations Office on Drugs and Crime|https://dataunodc.un.org/|candidate-not-ingested,No reviewed country-level organised-crime dataset is currently checked in; no risk value is inferred.
ME,Montenegro,Europe,fraud-cybercrime,Fraud and cybercrime,unavailable,false,,,,,,,,,International Telecommunication Union|https://www.itu.int/en/ITU-D/Cybersecurity/Pages/global-cybersecurity-index.aspx|candidate-not-ingested,No reviewed country-level fraud or cybercrime dataset is currently checked in; no risk value is inferred.
ME,Montenegro,Europe,terrorism-proliferation,Terrorism and proliferation financing,unavailable,false,,,,,,,,,Financial Action Task Force|https://www.fatf-gafi.org/en/publications/mutualevaluations.html|candidate-not-ingested,No reviewed country-comparable terrorism/proliferation threat dataset is currently checked in; FATF listing status remains a separate overlay.
ME,Montenegro,Europe,trafficking,Trafficking,unavailable,false,,,,,,,,,United Nations Office on Drugs and Crime|https://dataunodc.un.org/|candidate-not-ingested,No reviewed country-level trafficking dataset is currently checked in; no risk value is inferred.
ME,Montenegro,Europe,financial-secrecy-offshore,Financial secrecy and offshore exposure,unavailable,false,,,,,,,,,OECD Global Forum on Transparency and Exchange of Information for Tax Purposes|https://www.oecd.org/tax/transparency/|candidate-not-ingested,"No reviewed, licence-clean financial-secrecy index is currently checked in; jurisdiction type alone is not used as a proxy."
ME,Montenegro,Europe,tax-cooperation,Tax cooperation,available,false,categorical,Not listed in EU Annex I,not-listed,Council of the European Union,https://www.consilium.europa.eu/en/policies/eu-list-of-non-cooperative-jurisdictions/,,2026-02-17,2026-02-17,"Council of the European Union|https://www.consilium.europa.eu/en/policies/eu-list-of-non-cooperative-jurisdictions/|checked-in-snapshot,OECD Global Forum on Transparency and Exchange of Information for Tax Purposes|https://www.oecd.org/tax/transparency/|candidate-not-ingested","Annex I is a political/legal tax-cooperation list, not a general AML, corruption, or country-risk score."
ME,Montenegro,Europe,political-stability-conflict,Political stability and conflict,available,false,percentile,72/100 WGI percentile,72,World Bank Worldwide Governance Indicators,https://www.worldbank.org/en/publication/worldwide-governance-indicators,CC BY 4.0 — World Bank WGI,2024,2026-08-13T11:45:25.085Z,World Bank Worldwide Governance Indicators|https://www.worldbank.org/en/publication/worldwide-governance-indicators|checked-in-snapshot,"WGI is an institutional perception indicator, not a conflict event feed or a prediction of future violence."
ME,Montenegro,Europe,beneficial-ownership,Beneficial ownership,unavailable,false,,,,,,,,,Open Ownership|https://www.openownership.org/en/map/|checked-in-snapshot,"The Open Ownership map is a live-register snapshot and absence means no register was identified in that snapshot, not that no register exists."
NL,Netherlands,Europe,organised-crime,Organised crime,unavailable,false,,,,,,,,,United Nations Office on Drugs and Crime|https://dataunodc.un.org/|candidate-not-ingested,No reviewed country-level organised-crime dataset is currently checked in; no risk value is inferred.
NL,Netherlands,Europe,fraud-cybercrime,Fraud and cybercrime,unavailable,false,,,,,,,,,International Telecommunication Union|https://www.itu.int/en/ITU-D/Cybersecurity/Pages/global-cybersecurity-index.aspx|candidate-not-ingested,No reviewed country-level fraud or cybercrime dataset is currently checked in; no risk value is inferred.
NL,Netherlands,Europe,terrorism-proliferation,Terrorism and proliferation financing,unavailable,false,,,,,,,,,Financial Action Task Force|https://www.fatf-gafi.org/en/publications/mutualevaluations.html|candidate-not-ingested,No reviewed country-comparable terrorism/proliferation threat dataset is currently checked in; FATF listing status remains a separate overlay.
NL,Netherlands,Europe,trafficking,Trafficking,unavailable,false,,,,,,,,,United Nations Office on Drugs and Crime|https://dataunodc.un.org/|candidate-not-ingested,No reviewed country-level trafficking dataset is currently checked in; no risk value is inferred.
NL,Netherlands,Europe,financial-secrecy-offshore,Financial secrecy and offshore exposure,unavailable,false,,,,,,,,,OECD Global Forum on Transparency and Exchange of Information for Tax Purposes|https://www.oecd.org/tax/transparency/|candidate-not-ingested,"No reviewed, licence-clean financial-secrecy index is currently checked in; jurisdiction type alone is not used as a proxy."
NL,Netherlands,Europe,tax-cooperation,Tax cooperation,available,false,categorical,Not listed in EU Annex I,not-listed,Council of the European Union,https://www.consilium.europa.eu/en/policies/eu-list-of-non-cooperative-jurisdictions/,,2026-02-17,2026-02-17,"Council of the European Union|https://www.consilium.europa.eu/en/policies/eu-list-of-non-cooperative-jurisdictions/|checked-in-snapshot,OECD Global Forum on Transparency and Exchange of Information for Tax Purposes|https://www.oecd.org/tax/transparency/|candidate-not-ingested","Annex I is a political/legal tax-cooperation list, not a general AML, corruption, or country-risk score."
NL,Netherlands,Europe,political-stability-conflict,Political stability and conflict,available,false,percentile,73/100 WGI percentile,73,World Bank Worldwide Governance Indicators,https://www.worldbank.org/en/publication/worldwide-governance-indicators,CC BY 4.0 — World Bank WGI,2024,2026-08-13T11:45:25.085Z,World Bank Worldwide Governance Indicators|https://www.worldbank.org/en/publication/worldwide-governance-indicators|checked-in-snapshot,"WGI is an institutional perception indicator, not a conflict event feed or a prediction of future violence."
NL,Netherlands,Europe,beneficial-ownership,Beneficial ownership,available,false,register,Register accessible for due diligence,cdd-accessible,Open Ownership,https://www.openownership.org/en/map/,CC BY 4.0 (Open Ownership),2026-08-23T10:55:05.203Z,2026-08-23T10:55:05.203Z,Open Ownership|https://www.openownership.org/en/map/|checked-in-snapshot,"The Open Ownership map is a live-register snapshot and absence means no register was identified in that snapshot, not that no register exists."
MK,North Macedonia,Europe,organised-crime,Organised crime,unavailable,false,,,,,,,,,United Nations Office on Drugs and Crime|https://dataunodc.un.org/|candidate-not-ingested,No reviewed country-level organised-crime dataset is currently checked in; no risk value is inferred.
MK,North Macedonia,Europe,fraud-cybercrime,Fraud and cybercrime,unavailable,false,,,,,,,,,International Telecommunication Union|https://www.itu.int/en/ITU-D/Cybersecurity/Pages/global-cybersecurity-index.aspx|candidate-not-ingested,No reviewed country-level fraud or cybercrime dataset is currently checked in; no risk value is inferred.
MK,North Macedonia,Europe,terrorism-proliferation,Terrorism and proliferation financing,unavailable,false,,,,,,,,,Financial Action Task Force|https://www.fatf-gafi.org/en/publications/mutualevaluations.html|candidate-not-ingested,No reviewed country-comparable terrorism/proliferation threat dataset is currently checked in; FATF listing status remains a separate overlay.
MK,North Macedonia,Europe,trafficking,Trafficking,unavailable,false,,,,,,,,,United Nations Office on Drugs and Crime|https://dataunodc.un.org/|candidate-not-ingested,No reviewed country-level trafficking dataset is currently checked in; no risk value is inferred.
MK,North Macedonia,Europe,financial-secrecy-offshore,Financial secrecy and offshore exposure,unavailable,false,,,,,,,,,OECD Global Forum on Transparency and Exchange of Information for Tax Purposes|https://www.oecd.org/tax/transparency/|candidate-not-ingested,"No reviewed, licence-clean financial-secrecy index is currently checked in; jurisdiction type alone is not used as a proxy."
MK,North Macedonia,Europe,tax-cooperation,Tax cooperation,available,false,categorical,Not listed in EU Annex I,not-listed,Council of the European Union,https://www.consilium.europa.eu/en/policies/eu-list-of-non-cooperative-jurisdictions/,,2026-02-17,2026-02-17,"Council of the European Union|https://www.consilium.europa.eu/en/policies/eu-list-of-non-cooperative-jurisdictions/|checked-in-snapshot,OECD Global Forum on Transparency and Exchange of Information for Tax Purposes|https://www.oecd.org/tax/transparency/|candidate-not-ingested","Annex I is a political/legal tax-cooperation list, not a general AML, corruption, or country-risk score."
MK,North Macedonia,Europe,political-stability-conflict,Political stability and conflict,available,false,percentile,69/100 WGI percentile,69,World Bank Worldwide Governance Indicators,https://www.worldbank.org/en/publication/worldwide-governance-indicators,CC BY 4.0 — World Bank WGI,2024,2026-08-13T11:45:25.085Z,World Bank Worldwide Governance Indicators|https://www.worldbank.org/en/publication/worldwide-governance-indicators|checked-in-snapshot,"WGI is an institutional perception indicator, not a conflict event feed or a prediction of future violence."
MK,North Macedonia,Europe,beneficial-ownership,Beneficial ownership,available,false,register,Register accessible for due diligence,cdd-accessible,Open Ownership,https://www.openownership.org/en/map/,CC BY 4.0 (Open Ownership),2026-08-23T10:55:05.203Z,2026-08-23T10:55:05.203Z,Open Ownership|https://www.openownership.org/en/map/|checked-in-snapshot,"The Open Ownership map is a live-register snapshot and absence means no register was identified in that snapshot, not that no register exists."
NO,Norway,Europe,organised-crime,Organised crime,unavailable,false,,,,,,,,,United Nations Office on Drugs and Crime|https://dataunodc.un.org/|candidate-not-ingested,No reviewed country-level organised-crime dataset is currently checked in; no risk value is inferred.
NO,Norway,Europe,fraud-cybercrime,Fraud and cybercrime,unavailable,false,,,,,,,,,International Telecommunication Union|https://www.itu.int/en/ITU-D/Cybersecurity/Pages/global-cybersecurity-index.aspx|candidate-not-ingested,No reviewed country-level fraud or cybercrime dataset is currently checked in; no risk value is inferred.
NO,Norway,Europe,terrorism-proliferation,Terrorism and proliferation financing,unavailable,false,,,,,,,,,Financial Action Task Force|https://www.fatf-gafi.org/en/publications/mutualevaluations.html|candidate-not-ingested,No reviewed country-comparable terrorism/proliferation threat dataset is currently checked in; FATF listing status remains a separate overlay.
NO,Norway,Europe,trafficking,Trafficking,unavailable,false,,,,,,,,,United Nations Office on Drugs and Crime|https://dataunodc.un.org/|candidate-not-ingested,No reviewed country-level trafficking dataset is currently checked in; no risk value is inferred.
NO,Norway,Europe,financial-secrecy-offshore,Financial secrecy and offshore exposure,unavailable,false,,,,,,,,,OECD Global Forum on Transparency and Exchange of Information for Tax Purposes|https://www.oecd.org/tax/transparency/|candidate-not-ingested,"No reviewed, licence-clean financial-secrecy index is currently checked in; jurisdiction type alone is not used as a proxy."
NO,Norway,Europe,tax-cooperation,Tax cooperation,available,false,categorical,Not listed in EU Annex I,not-listed,Council of the European Union,https://www.consilium.europa.eu/en/policies/eu-list-of-non-cooperative-jurisdictions/,,2026-02-17,2026-02-17,"Council of the European Union|https://www.consilium.europa.eu/en/policies/eu-list-of-non-cooperative-jurisdictions/|checked-in-snapshot,OECD Global Forum on Transparency and Exchange of Information for Tax Purposes|https://www.oecd.org/tax/transparency/|candidate-not-ingested","Annex I is a political/legal tax-cooperation list, not a general AML, corruption, or country-risk score."
NO,Norway,Europe,political-stability-conflict,Political stability and conflict,available,false,percentile,81/100 WGI percentile,81,World Bank Worldwide Governance Indicators,https://www.worldbank.org/en/publication/worldwide-governance-indicators,CC BY 4.0 — World Bank WGI,2024,2026-08-13T11:45:25.085Z,World Bank Worldwide Governance Indicators|https://www.worldbank.org/en/publication/worldwide-governance-indicators|checked-in-snapshot,"WGI is an institutional perception indicator, not a conflict event feed or a prediction of future violence."
NO,Norway,Europe,beneficial-ownership,Beneficial ownership,available,false,register,Register open to civil society only,civil-society,Open Ownership,https://www.openownership.org/en/map/,CC BY 4.0 (Open Ownership),2026-08-23T10:55:05.203Z,2026-08-23T10:55:05.203Z,Open Ownership|https://www.openownership.org/en/map/|checked-in-snapshot,"The Open Ownership map is a live-register snapshot and absence means no register was identified in that snapshot, not that no register exists."
PL,Poland,Europe,organised-crime,Organised crime,unavailable,false,,,,,,,,,United Nations Office on Drugs and Crime|https://dataunodc.un.org/|candidate-not-ingested,No reviewed country-level organised-crime dataset is currently checked in; no risk value is inferred.
PL,Poland,Europe,fraud-cybercrime,Fraud and cybercrime,unavailable,false,,,,,,,,,International Telecommunication Union|https://www.itu.int/en/ITU-D/Cybersecurity/Pages/global-cybersecurity-index.aspx|candidate-not-ingested,No reviewed country-level fraud or cybercrime dataset is currently checked in; no risk value is inferred.
PL,Poland,Europe,terrorism-proliferation,Terrorism and proliferation financing,unavailable,false,,,,,,,,,Financial Action Task Force|https://www.fatf-gafi.org/en/publications/mutualevaluations.html|candidate-not-ingested,No reviewed country-comparable terrorism/proliferation threat dataset is currently checked in; FATF listing status remains a separate overlay.
PL,Poland,Europe,trafficking,Trafficking,unavailable,false,,,,,,,,,United Nations Office on Drugs and Crime|https://dataunodc.un.org/|candidate-not-ingested,No reviewed country-level trafficking dataset is currently checked in; no risk value is inferred.
PL,Poland,Europe,financial-secrecy-offshore,Financial secrecy and offshore exposure,unavailable,false,,,,,,,,,OECD Global Forum on Transparency and Exchange of Information for Tax Purposes|https://www.oecd.org/tax/transparency/|candidate-not-ingested,"No reviewed, licence-clean financial-secrecy index is currently checked in; jurisdiction type alone is not used as a proxy."
PL,Poland,Europe,tax-cooperation,Tax cooperation,available,false,categorical,Not listed in EU Annex I,not-listed,Council of the European Union,https://www.consilium.europa.eu/en/policies/eu-list-of-non-cooperative-jurisdictions/,,2026-02-17,2026-02-17,"Council of the European Union|https://www.consilium.europa.eu/en/policies/eu-list-of-non-cooperative-jurisdictions/|checked-in-snapshot,OECD Global Forum on Transparency and Exchange of Information for Tax Purposes|https://www.oecd.org/tax/transparency/|candidate-not-ingested","Annex I is a political/legal tax-cooperation list, not a general AML, corruption, or country-risk score."
PL,Poland,Europe,political-stability-conflict,Political stability and conflict,available,false,percentile,74/100 WGI percentile,74,World Bank Worldwide Governance Indicators,https://www.worldbank.org/en/publication/worldwide-governance-indicators,CC BY 4.0 — World Bank WGI,2024,2026-08-13T11:45:25.085Z,World Bank Worldwide Governance Indicators|https://www.worldbank.org/en/publication/worldwide-governance-indicators|checked-in-snapshot,"WGI is an institutional perception indicator, not a conflict event feed or a prediction of future violence."
PL,Poland,Europe,beneficial-ownership,Beneficial ownership,available,false,register,Register accessible for due diligence,cdd-accessible,Open Ownership,https://www.openownership.org/en/map/,CC BY 4.0 (Open Ownership),2026-08-23T10:55:05.203Z,2026-08-23T10:55:05.203Z,Open Ownership|https://www.openownership.org/en/map/|checked-in-snapshot,"The Open Ownership map is a live-register snapshot and absence means no register was identified in that snapshot, not that no register exists."
PT,Portugal,Europe,organised-crime,Organised crime,unavailable,false,,,,,,,,,United Nations Office on Drugs and Crime|https://dataunodc.un.org/|candidate-not-ingested,No reviewed country-level organised-crime dataset is currently checked in; no risk value is inferred.
PT,Portugal,Europe,fraud-cybercrime,Fraud and cybercrime,unavailable,false,,,,,,,,,International Telecommunication Union|https://www.itu.int/en/ITU-D/Cybersecurity/Pages/global-cybersecurity-index.aspx|candidate-not-ingested,No reviewed country-level fraud or cybercrime dataset is currently checked in; no risk value is inferred.
PT,Portugal,Europe,terrorism-proliferation,Terrorism and proliferation financing,unavailable,false,,,,,,,,,Financial Action Task Force|https://www.fatf-gafi.org/en/publications/mutualevaluations.html|candidate-not-ingested,No reviewed country-comparable terrorism/proliferation threat dataset is currently checked in; FATF listing status remains a separate overlay.
PT,Portugal,Europe,trafficking,Trafficking,unavailable,false,,,,,,,,,United Nations Office on Drugs and Crime|https://dataunodc.un.org/|candidate-not-ingested,No reviewed country-level trafficking dataset is currently checked in; no risk value is inferred.
PT,Portugal,Europe,financial-secrecy-offshore,Financial secrecy and offshore exposure,unavailable,false,,,,,,,,,OECD Global Forum on Transparency and Exchange of Information for Tax Purposes|https://www.oecd.org/tax/transparency/|candidate-not-ingested,"No reviewed, licence-clean financial-secrecy index is currently checked in; jurisdiction type alone is not used as a proxy."
PT,Portugal,Europe,tax-cooperation,Tax cooperation,available,false,categorical,Not listed in EU Annex I,not-listed,Council of the European Union,https://www.consilium.europa.eu/en/policies/eu-list-of-non-cooperative-jurisdictions/,,2026-02-17,2026-02-17,"Council of the European Union|https://www.consilium.europa.eu/en/policies/eu-list-of-non-cooperative-jurisdictions/|checked-in-snapshot,OECD Global Forum on Transparency and Exchange of Information for Tax Purposes|https://www.oecd.org/tax/transparency/|candidate-not-ingested","Annex I is a political/legal tax-cooperation list, not a general AML, corruption, or country-risk score."
PT,Portugal,Europe,political-stability-conflict,Political stability and conflict,available,false,percentile,75/100 WGI percentile,75,World Bank Worldwide Governance Indicators,https://www.worldbank.org/en/publication/worldwide-governance-indicators,CC BY 4.0 — World Bank WGI,2024,2026-08-13T11:45:25.085Z,World Bank Worldwide Governance Indicators|https://www.worldbank.org/en/publication/worldwide-governance-indicators|checked-in-snapshot,"WGI is an institutional perception indicator, not a conflict event feed or a prediction of future violence."
PT,Portugal,Europe,beneficial-ownership,Beneficial ownership,available,false,register,Register accessible for due diligence,cdd-accessible,Open Ownership,https://www.openownership.org/en/map/,CC BY 4.0 (Open Ownership),2026-08-23T10:55:05.203Z,2026-08-23T10:55:05.203Z,Open Ownership|https://www.openownership.org/en/map/|checked-in-snapshot,"The Open Ownership map is a live-register snapshot and absence means no register was identified in that snapshot, not that no register exists."
RO,Romania,Europe,organised-crime,Organised crime,unavailable,false,,,,,,,,,United Nations Office on Drugs and Crime|https://dataunodc.un.org/|candidate-not-ingested,No reviewed country-level organised-crime dataset is currently checked in; no risk value is inferred.
RO,Romania,Europe,fraud-cybercrime,Fraud and cybercrime,unavailable,false,,,,,,,,,International Telecommunication Union|https://www.itu.int/en/ITU-D/Cybersecurity/Pages/global-cybersecurity-index.aspx|candidate-not-ingested,No reviewed country-level fraud or cybercrime dataset is currently checked in; no risk value is inferred.
RO,Romania,Europe,terrorism-proliferation,Terrorism and proliferation financing,unavailable,false,,,,,,,,,Financial Action Task Force|https://www.fatf-gafi.org/en/publications/mutualevaluations.html|candidate-not-ingested,No reviewed country-comparable terrorism/proliferation threat dataset is currently checked in; FATF listing status remains a separate overlay.
RO,Romania,Europe,trafficking,Trafficking,unavailable,false,,,,,,,,,United Nations Office on Drugs and Crime|https://dataunodc.un.org/|candidate-not-ingested,No reviewed country-level trafficking dataset is currently checked in; no risk value is inferred.
RO,Romania,Europe,financial-secrecy-offshore,Financial secrecy and offshore exposure,unavailable,false,,,,,,,,,OECD Global Forum on Transparency and Exchange of Information for Tax Purposes|https://www.oecd.org/tax/transparency/|candidate-not-ingested,"No reviewed, licence-clean financial-secrecy index is currently checked in; jurisdiction type alone is not used as a proxy."
RO,Romania,Europe,tax-cooperation,Tax cooperation,available,false,categorical,Not listed in EU Annex I,not-listed,Council of the European Union,https://www.consilium.europa.eu/en/policies/eu-list-of-non-cooperative-jurisdictions/,,2026-02-17,2026-02-17,"Council of the European Union|https://www.consilium.europa.eu/en/policies/eu-list-of-non-cooperative-jurisdictions/|checked-in-snapshot,OECD Global Forum on Transparency and Exchange of Information for Tax Purposes|https://www.oecd.org/tax/transparency/|candidate-not-ingested","Annex I is a political/legal tax-cooperation list, not a general AML, corruption, or country-risk score."
RO,Romania,Europe,political-stability-conflict,Political stability and conflict,available,false,percentile,69/100 WGI percentile,69,World Bank Worldwide Governance Indicators,https://www.worldbank.org/en/publication/worldwide-governance-indicators,CC BY 4.0 — World Bank WGI,2024,2026-08-13T11:45:25.085Z,World Bank Worldwide Governance Indicators|https://www.worldbank.org/en/publication/worldwide-governance-indicators|checked-in-snapshot,"WGI is an institutional perception indicator, not a conflict event feed or a prediction of future violence."
RO,Romania,Europe,beneficial-ownership,Beneficial ownership,available,false,register,Register accessible for due diligence,cdd-accessible,Open Ownership,https://www.openownership.org/en/map/,CC BY 4.0 (Open Ownership),2026-08-23T10:55:05.203Z,2026-08-23T10:55:05.203Z,Open Ownership|https://www.openownership.org/en/map/|checked-in-snapshot,"The Open Ownership map is a live-register snapshot and absence means no register was identified in that snapshot, not that no register exists."
RU,Russia,Europe,organised-crime,Organised crime,unavailable,false,,,,,,,,,United Nations Office on Drugs and Crime|https://dataunodc.un.org/|candidate-not-ingested,No reviewed country-level organised-crime dataset is currently checked in; no risk value is inferred.
RU,Russia,Europe,fraud-cybercrime,Fraud and cybercrime,unavailable,false,,,,,,,,,International Telecommunication Union|https://www.itu.int/en/ITU-D/Cybersecurity/Pages/global-cybersecurity-index.aspx|candidate-not-ingested,No reviewed country-level fraud or cybercrime dataset is currently checked in; no risk value is inferred.
RU,Russia,Europe,terrorism-proliferation,Terrorism and proliferation financing,unavailable,false,,,,,,,,,Financial Action Task Force|https://www.fatf-gafi.org/en/publications/mutualevaluations.html|candidate-not-ingested,No reviewed country-comparable terrorism/proliferation threat dataset is currently checked in; FATF listing status remains a separate overlay.
RU,Russia,Europe,trafficking,Trafficking,unavailable,false,,,,,,,,,United Nations Office on Drugs and Crime|https://dataunodc.un.org/|candidate-not-ingested,No reviewed country-level trafficking dataset is currently checked in; no risk value is inferred.
RU,Russia,Europe,financial-secrecy-offshore,Financial secrecy and offshore exposure,unavailable,false,,,,,,,,,OECD Global Forum on Transparency and Exchange of Information for Tax Purposes|https://www.oecd.org/tax/transparency/|candidate-not-ingested,"No reviewed, licence-clean financial-secrecy index is currently checked in; jurisdiction type alone is not used as a proxy."
RU,Russia,Europe,tax-cooperation,Tax cooperation,available,false,categorical,EU Annex I listed,listed,Council of the European Union,https://www.consilium.europa.eu/en/policies/eu-list-of-non-cooperative-jurisdictions/,,2026-02-17,2026-02-17,"Council of the European Union|https://www.consilium.europa.eu/en/policies/eu-list-of-non-cooperative-jurisdictions/|checked-in-snapshot,OECD Global Forum on Transparency and Exchange of Information for Tax Purposes|https://www.oecd.org/tax/transparency/|candidate-not-ingested","Annex I is a political/legal tax-cooperation list, not a general AML, corruption, or country-risk score."
RU,Russia,Europe,political-stability-conflict,Political stability and conflict,available,false,percentile,50/100 WGI percentile,50,World Bank Worldwide Governance Indicators,https://www.worldbank.org/en/publication/worldwide-governance-indicators,CC BY 4.0 — World Bank WGI,2024,2026-08-13T11:45:25.085Z,World Bank Worldwide Governance Indicators|https://www.worldbank.org/en/publication/worldwide-governance-indicators|checked-in-snapshot,"WGI is an institutional perception indicator, not a conflict event feed or a prediction of future violence."
RU,Russia,Europe,beneficial-ownership,Beneficial ownership,unavailable,false,,,,,,,,,Open Ownership|https://www.openownership.org/en/map/|checked-in-snapshot,"The Open Ownership map is a live-register snapshot and absence means no register was identified in that snapshot, not that no register exists."
SM,San Marino,Europe,organised-crime,Organised crime,unavailable,false,,,,,,,,,United Nations Office on Drugs and Crime|https://dataunodc.un.org/|candidate-not-ingested,No reviewed country-level organised-crime dataset is currently checked in; no risk value is inferred.
SM,San Marino,Europe,fraud-cybercrime,Fraud and cybercrime,unavailable,false,,,,,,,,,International Telecommunication Union|https://www.itu.int/en/ITU-D/Cybersecurity/Pages/global-cybersecurity-index.aspx|candidate-not-ingested,No reviewed country-level fraud or cybercrime dataset is currently checked in; no risk value is inferred.
SM,San Marino,Europe,terrorism-proliferation,Terrorism and proliferation financing,unavailable,false,,,,,,,,,Financial Action Task Force|https://www.fatf-gafi.org/en/publications/mutualevaluations.html|candidate-not-ingested,No reviewed country-comparable terrorism/proliferation threat dataset is currently checked in; FATF listing status remains a separate overlay.
SM,San Marino,Europe,trafficking,Trafficking,unavailable,false,,,,,,,,,United Nations Office on Drugs and Crime|https://dataunodc.un.org/|candidate-not-ingested,No reviewed country-level trafficking dataset is currently checked in; no risk value is inferred.
SM,San Marino,Europe,financial-secrecy-offshore,Financial secrecy and offshore exposure,unavailable,false,,,,,,,,,OECD Global Forum on Transparency and Exchange of Information for Tax Purposes|https://www.oecd.org/tax/transparency/|candidate-not-ingested,"No reviewed, licence-clean financial-secrecy index is currently checked in; jurisdiction type alone is not used as a proxy."
SM,San Marino,Europe,tax-cooperation,Tax cooperation,available,false,categorical,Not listed in EU Annex I,not-listed,Council of the European Union,https://www.consilium.europa.eu/en/policies/eu-list-of-non-cooperative-jurisdictions/,,2026-02-17,2026-02-17,"Council of the European Union|https://www.consilium.europa.eu/en/policies/eu-list-of-non-cooperative-jurisdictions/|checked-in-snapshot,OECD Global Forum on Transparency and Exchange of Information for Tax Purposes|https://www.oecd.org/tax/transparency/|candidate-not-ingested","Annex I is a political/legal tax-cooperation list, not a general AML, corruption, or country-risk score."
SM,San Marino,Europe,political-stability-conflict,Political stability and conflict,available,false,percentile,89/100 WGI percentile,89,World Bank Worldwide Governance Indicators,https://www.worldbank.org/en/publication/worldwide-governance-indicators,CC BY 4.0 — World Bank WGI,2024,2026-08-13T11:45:25.085Z,World Bank Worldwide Governance Indicators|https://www.worldbank.org/en/publication/worldwide-governance-indicators|checked-in-snapshot,"WGI is an institutional perception indicator, not a conflict event feed or a prediction of future violence."
SM,San Marino,Europe,beneficial-ownership,Beneficial ownership,unavailable,false,,,,,,,,,Open Ownership|https://www.openownership.org/en/map/|checked-in-snapshot,"The Open Ownership map is a live-register snapshot and absence means no register was identified in that snapshot, not that no register exists."
RS,Serbia,Europe,organised-crime,Organised crime,unavailable,false,,,,,,,,,United Nations Office on Drugs and Crime|https://dataunodc.un.org/|candidate-not-ingested,No reviewed country-level organised-crime dataset is currently checked in; no risk value is inferred.
RS,Serbia,Europe,fraud-cybercrime,Fraud and cybercrime,unavailable,false,,,,,,,,,International Telecommunication Union|https://www.itu.int/en/ITU-D/Cybersecurity/Pages/global-cybersecurity-index.aspx|candidate-not-ingested,No reviewed country-level fraud or cybercrime dataset is currently checked in; no risk value is inferred.
RS,Serbia,Europe,terrorism-proliferation,Terrorism and proliferation financing,unavailable,false,,,,,,,,,Financial Action Task Force|https://www.fatf-gafi.org/en/publications/mutualevaluations.html|candidate-not-ingested,No reviewed country-comparable terrorism/proliferation threat dataset is currently checked in; FATF listing status remains a separate overlay.
RS,Serbia,Europe,trafficking,Trafficking,unavailable,false,,,,,,,,,United Nations Office on Drugs and Crime|https://dataunodc.un.org/|candidate-not-ingested,No reviewed country-level trafficking dataset is currently checked in; no risk value is inferred.
RS,Serbia,Europe,financial-secrecy-offshore,Financial secrecy and offshore exposure,unavailable,false,,,,,,,,,OECD Global Forum on Transparency and Exchange of Information for Tax Purposes|https://www.oecd.org/tax/transparency/|candidate-not-ingested,"No reviewed, licence-clean financial-secrecy index is currently checked in; jurisdiction type alone is not used as a proxy."
RS,Serbia,Europe,tax-cooperation,Tax cooperation,available,false,categorical,Not listed in EU Annex I,not-listed,Council of the European Union,https://www.consilium.europa.eu/en/policies/eu-list-of-non-cooperative-jurisdictions/,,2026-02-17,2026-02-17,"Council of the European Union|https://www.consilium.europa.eu/en/policies/eu-list-of-non-cooperative-jurisdictions/|checked-in-snapshot,OECD Global Forum on Transparency and Exchange of Information for Tax Purposes|https://www.oecd.org/tax/transparency/|candidate-not-ingested","Annex I is a political/legal tax-cooperation list, not a general AML, corruption, or country-risk score."
RS,Serbia,Europe,political-stability-conflict,Political stability and conflict,available,false,percentile,63/100 WGI percentile,63,World Bank Worldwide Governance Indicators,https://www.worldbank.org/en/publication/worldwide-governance-indicators,CC BY 4.0 — World Bank WGI,2024,2026-08-13T11:45:25.085Z,World Bank Worldwide Governance Indicators|https://www.worldbank.org/en/publication/worldwide-governance-indicators|checked-in-snapshot,"WGI is an institutional perception indicator, not a conflict event feed or a prediction of future violence."
RS,Serbia,Europe,beneficial-ownership,Beneficial ownership,available,false,register,Register accessible for due diligence,cdd-accessible,Open Ownership,https://www.openownership.org/en/map/,CC BY 4.0 (Open Ownership),2026-08-23T10:55:05.203Z,2026-08-23T10:55:05.203Z,Open Ownership|https://www.openownership.org/en/map/|checked-in-snapshot,"The Open Ownership map is a live-register snapshot and absence means no register was identified in that snapshot, not that no register exists."
SK,Slovakia,Europe,organised-crime,Organised crime,unavailable,false,,,,,,,,,United Nations Office on Drugs and Crime|https://dataunodc.un.org/|candidate-not-ingested,No reviewed country-level organised-crime dataset is currently checked in; no risk value is inferred.
SK,Slovakia,Europe,fraud-cybercrime,Fraud and cybercrime,unavailable,false,,,,,,,,,International Telecommunication Union|https://www.itu.int/en/ITU-D/Cybersecurity/Pages/global-cybersecurity-index.aspx|candidate-not-ingested,No reviewed country-level fraud or cybercrime dataset is currently checked in; no risk value is inferred.
SK,Slovakia,Europe,terrorism-proliferation,Terrorism and proliferation financing,unavailable,false,,,,,,,,,Financial Action Task Force|https://www.fatf-gafi.org/en/publications/mutualevaluations.html|candidate-not-ingested,No reviewed country-comparable terrorism/proliferation threat dataset is currently checked in; FATF listing status remains a separate overlay.
SK,Slovakia,Europe,trafficking,Trafficking,unavailable,false,,,,,,,,,United Nations Office on Drugs and Crime|https://dataunodc.un.org/|candidate-not-ingested,No reviewed country-level trafficking dataset is currently checked in; no risk value is inferred.
SK,Slovakia,Europe,financial-secrecy-offshore,Financial secrecy and offshore exposure,unavailable,false,,,,,,,,,OECD Global Forum on Transparency and Exchange of Information for Tax Purposes|https://www.oecd.org/tax/transparency/|candidate-not-ingested,"No reviewed, licence-clean financial-secrecy index is currently checked in; jurisdiction type alone is not used as a proxy."
SK,Slovakia,Europe,tax-cooperation,Tax cooperation,available,false,categorical,Not listed in EU Annex I,not-listed,Council of the European Union,https://www.consilium.europa.eu/en/policies/eu-list-of-non-cooperative-jurisdictions/,,2026-02-17,2026-02-17,"Council of the European Union|https://www.consilium.europa.eu/en/policies/eu-list-of-non-cooperative-jurisdictions/|checked-in-snapshot,OECD Global Forum on Transparency and Exchange of Information for Tax Purposes|https://www.oecd.org/tax/transparency/|candidate-not-ingested","Annex I is a political/legal tax-cooperation list, not a general AML, corruption, or country-risk score."
SK,Slovakia,Europe,political-stability-conflict,Political stability and conflict,available,false,percentile,77/100 WGI percentile,77,World Bank Worldwide Governance Indicators,https://www.worldbank.org/en/publication/worldwide-governance-indicators,CC BY 4.0 — World Bank WGI,2024,2026-08-13T11:45:25.085Z,World Bank Worldwide Governance Indicators|https://www.worldbank.org/en/publication/worldwide-governance-indicators|checked-in-snapshot,"WGI is an institutional perception indicator, not a conflict event feed or a prediction of future violence."
SK,Slovakia,Europe,beneficial-ownership,Beneficial ownership,available,false,register,Register accessible for due diligence,cdd-accessible,Open Ownership,https://www.openownership.org/en/map/,CC BY 4.0 (Open Ownership),2026-08-23T10:55:05.203Z,2026-08-23T10:55:05.203Z,Open Ownership|https://www.openownership.org/en/map/|checked-in-snapshot,"The Open Ownership map is a live-register snapshot and absence means no register was identified in that snapshot, not that no register exists."
SI,Slovenia,Europe,organised-crime,Organised crime,unavailable,false,,,,,,,,,United Nations Office on Drugs and Crime|https://dataunodc.un.org/|candidate-not-ingested,No reviewed country-level organised-crime dataset is currently checked in; no risk value is inferred.
SI,Slovenia,Europe,fraud-cybercrime,Fraud and cybercrime,unavailable,false,,,,,,,,,International Telecommunication Union|https://www.itu.int/en/ITU-D/Cybersecurity/Pages/global-cybersecurity-index.aspx|candidate-not-ingested,No reviewed country-level fraud or cybercrime dataset is currently checked in; no risk value is inferred.
SI,Slovenia,Europe,terrorism-proliferation,Terrorism and proliferation financing,unavailable,false,,,,,,,,,Financial Action Task Force|https://www.fatf-gafi.org/en/publications/mutualevaluations.html|candidate-not-ingested,No reviewed country-comparable terrorism/proliferation threat dataset is currently checked in; FATF listing status remains a separate overlay.
SI,Slovenia,Europe,trafficking,Trafficking,unavailable,false,,,,,,,,,United Nations Office on Drugs and Crime|https://dataunodc.un.org/|candidate-not-ingested,No reviewed country-level trafficking dataset is currently checked in; no risk value is inferred.
SI,Slovenia,Europe,financial-secrecy-offshore,Financial secrecy and offshore exposure,unavailable,false,,,,,,,,,OECD Global Forum on Transparency and Exchange of Information for Tax Purposes|https://www.oecd.org/tax/transparency/|candidate-not-ingested,"No reviewed, licence-clean financial-secrecy index is currently checked in; jurisdiction type alone is not used as a proxy."
SI,Slovenia,Europe,tax-cooperation,Tax cooperation,available,false,categorical,Not listed in EU Annex I,not-listed,Council of the European Union,https://www.consilium.europa.eu/en/policies/eu-list-of-non-cooperative-jurisdictions/,,2026-02-17,2026-02-17,"Council of the European Union|https://www.consilium.europa.eu/en/policies/eu-list-of-non-cooperative-jurisdictions/|checked-in-snapshot,OECD Global Forum on Transparency and Exchange of Information for Tax Purposes|https://www.oecd.org/tax/transparency/|candidate-not-ingested","Annex I is a political/legal tax-cooperation list, not a general AML, corruption, or country-risk score."
SI,Slovenia,Europe,political-stability-conflict,Political stability and conflict,available,false,percentile,78/100 WGI percentile,78,World Bank Worldwide Governance Indicators,https://www.worldbank.org/en/publication/worldwide-governance-indicators,CC BY 4.0 — World Bank WGI,2024,2026-08-13T11:45:25.085Z,World Bank Worldwide Governance Indicators|https://www.worldbank.org/en/publication/worldwide-governance-indicators|checked-in-snapshot,"WGI is an institutional perception indicator, not a conflict event feed or a prediction of future violence."
SI,Slovenia,Europe,beneficial-ownership,Beneficial ownership,available,false,register,Register accessible for due diligence,cdd-accessible,Open Ownership,https://www.openownership.org/en/map/,CC BY 4.0 (Open Ownership),2026-08-23T10:55:05.203Z,2026-08-23T10:55:05.203Z,Open Ownership|https://www.openownership.org/en/map/|checked-in-snapshot,"The Open Ownership map is a live-register snapshot and absence means no register was identified in that snapshot, not that no register exists."
ES,Spain,Europe,organised-crime,Organised crime,unavailable,false,,,,,,,,,United Nations Office on Drugs and Crime|https://dataunodc.un.org/|candidate-not-ingested,No reviewed country-level organised-crime dataset is currently checked in; no risk value is inferred.
ES,Spain,Europe,fraud-cybercrime,Fraud and cybercrime,unavailable,false,,,,,,,,,International Telecommunication Union|https://www.itu.int/en/ITU-D/Cybersecurity/Pages/global-cybersecurity-index.aspx|candidate-not-ingested,No reviewed country-level fraud or cybercrime dataset is currently checked in; no risk value is inferred.
ES,Spain,Europe,terrorism-proliferation,Terrorism and proliferation financing,unavailable,false,,,,,,,,,Financial Action Task Force|https://www.fatf-gafi.org/en/publications/mutualevaluations.html|candidate-not-ingested,No reviewed country-comparable terrorism/proliferation threat dataset is currently checked in; FATF listing status remains a separate overlay.
ES,Spain,Europe,trafficking,Trafficking,unavailable,false,,,,,,,,,United Nations Office on Drugs and Crime|https://dataunodc.un.org/|candidate-not-ingested,No reviewed country-level trafficking dataset is currently checked in; no risk value is inferred.
ES,Spain,Europe,financial-secrecy-offshore,Financial secrecy and offshore exposure,unavailable,false,,,,,,,,,OECD Global Forum on Transparency and Exchange of Information for Tax Purposes|https://www.oecd.org/tax/transparency/|candidate-not-ingested,"No reviewed, licence-clean financial-secrecy index is currently checked in; jurisdiction type alone is not used as a proxy."
ES,Spain,Europe,tax-cooperation,Tax cooperation,available,false,categorical,Not listed in EU Annex I,not-listed,Council of the European Union,https://www.consilium.europa.eu/en/policies/eu-list-of-non-cooperative-jurisdictions/,,2026-02-17,2026-02-17,"Council of the European Union|https://www.consilium.europa.eu/en/policies/eu-list-of-non-cooperative-jurisdictions/|checked-in-snapshot,OECD Global Forum on Transparency and Exchange of Information for Tax Purposes|https://www.oecd.org/tax/transparency/|candidate-not-ingested","Annex I is a political/legal tax-cooperation list, not a general AML, corruption, or country-risk score."
ES,Spain,Europe,political-stability-conflict,Political stability and conflict,available,false,percentile,66/100 WGI percentile,66,World Bank Worldwide Governance Indicators,https://www.worldbank.org/en/publication/worldwide-governance-indicators,CC BY 4.0 — World Bank WGI,2024,2026-08-13T11:45:25.085Z,World Bank Worldwide Governance Indicators|https://www.worldbank.org/en/publication/worldwide-governance-indicators|checked-in-snapshot,"WGI is an institutional perception indicator, not a conflict event feed or a prediction of future violence."
ES,Spain,Europe,beneficial-ownership,Beneficial ownership,available,false,register,Register accessible for due diligence,cdd-accessible,Open Ownership,https://www.openownership.org/en/map/,CC BY 4.0 (Open Ownership),2026-08-23T10:55:05.203Z,2026-08-23T10:55:05.203Z,Open Ownership|https://www.openownership.org/en/map/|checked-in-snapshot,"The Open Ownership map is a live-register snapshot and absence means no register was identified in that snapshot, not that no register exists."
SE,Sweden,Europe,organised-crime,Organised crime,unavailable,false,,,,,,,,,United Nations Office on Drugs and Crime|https://dataunodc.un.org/|candidate-not-ingested,No reviewed country-level organised-crime dataset is currently checked in; no risk value is inferred.
SE,Sweden,Europe,fraud-cybercrime,Fraud and cybercrime,unavailable,false,,,,,,,,,International Telecommunication Union|https://www.itu.int/en/ITU-D/Cybersecurity/Pages/global-cybersecurity-index.aspx|candidate-not-ingested,No reviewed country-level fraud or cybercrime dataset is currently checked in; no risk value is inferred.
SE,Sweden,Europe,terrorism-proliferation,Terrorism and proliferation financing,unavailable,false,,,,,,,,,Financial Action Task Force|https://www.fatf-gafi.org/en/publications/mutualevaluations.html|candidate-not-ingested,No reviewed country-comparable terrorism/proliferation threat dataset is currently checked in; FATF listing status remains a separate overlay.
SE,Sweden,Europe,trafficking,Trafficking,unavailable,false,,,,,,,,,United Nations Office on Drugs and Crime|https://dataunodc.un.org/|candidate-not-ingested,No reviewed country-level trafficking dataset is currently checked in; no risk value is inferred.
SE,Sweden,Europe,financial-secrecy-offshore,Financial secrecy and offshore exposure,unavailable,false,,,,,,,,,OECD Global Forum on Transparency and Exchange of Information for Tax Purposes|https://www.oecd.org/tax/transparency/|candidate-not-ingested,"No reviewed, licence-clean financial-secrecy index is currently checked in; jurisdiction type alone is not used as a proxy."
SE,Sweden,Europe,tax-cooperation,Tax cooperation,available,false,categorical,Not listed in EU Annex I,not-listed,Council of the European Union,https://www.consilium.europa.eu/en/policies/eu-list-of-non-cooperative-jurisdictions/,,2026-02-17,2026-02-17,"Council of the European Union|https://www.consilium.europa.eu/en/policies/eu-list-of-non-cooperative-jurisdictions/|checked-in-snapshot,OECD Global Forum on Transparency and Exchange of Information for Tax Purposes|https://www.oecd.org/tax/transparency/|candidate-not-ingested","Annex I is a political/legal tax-cooperation list, not a general AML, corruption, or country-risk score."
SE,Sweden,Europe,political-stability-conflict,Political stability and conflict,available,false,percentile,76/100 WGI percentile,76,World Bank Worldwide Governance Indicators,https://www.worldbank.org/en/publication/worldwide-governance-indicators,CC BY 4.0 — World Bank WGI,2024,2026-08-13T11:45:25.085Z,World Bank Worldwide Governance Indicators|https://www.worldbank.org/en/publication/worldwide-governance-indicators|checked-in-snapshot,"WGI is an institutional perception indicator, not a conflict event feed or a prediction of future violence."
SE,Sweden,Europe,beneficial-ownership,Beneficial ownership,available,false,register,Register accessible for due diligence,cdd-accessible,Open Ownership,https://www.openownership.org/en/map/,CC BY 4.0 (Open Ownership),2026-08-23T10:55:05.203Z,2026-08-23T10:55:05.203Z,Open Ownership|https://www.openownership.org/en/map/|checked-in-snapshot,"The Open Ownership map is a live-register snapshot and absence means no register was identified in that snapshot, not that no register exists."
CH,Switzerland,Europe,organised-crime,Organised crime,unavailable,false,,,,,,,,,United Nations Office on Drugs and Crime|https://dataunodc.un.org/|candidate-not-ingested,No reviewed country-level organised-crime dataset is currently checked in; no risk value is inferred.
CH,Switzerland,Europe,fraud-cybercrime,Fraud and cybercrime,unavailable,false,,,,,,,,,International Telecommunication Union|https://www.itu.int/en/ITU-D/Cybersecurity/Pages/global-cybersecurity-index.aspx|candidate-not-ingested,No reviewed country-level fraud or cybercrime dataset is currently checked in; no risk value is inferred.
CH,Switzerland,Europe,terrorism-proliferation,Terrorism and proliferation financing,unavailable,false,,,,,,,,,Financial Action Task Force|https://www.fatf-gafi.org/en/publications/mutualevaluations.html|candidate-not-ingested,No reviewed country-comparable terrorism/proliferation threat dataset is currently checked in; FATF listing status remains a separate overlay.
CH,Switzerland,Europe,trafficking,Trafficking,unavailable,false,,,,,,,,,United Nations Office on Drugs and Crime|https://dataunodc.un.org/|candidate-not-ingested,No reviewed country-level trafficking dataset is currently checked in; no risk value is inferred.
CH,Switzerland,Europe,financial-secrecy-offshore,Financial secrecy and offshore exposure,unavailable,false,,,,,,,,,OECD Global Forum on Transparency and Exchange of Information for Tax Purposes|https://www.oecd.org/tax/transparency/|candidate-not-ingested,"No reviewed, licence-clean financial-secrecy index is currently checked in; jurisdiction type alone is not used as a proxy."
CH,Switzerland,Europe,tax-cooperation,Tax cooperation,available,false,categorical,Not listed in EU Annex I,not-listed,Council of the European Union,https://www.consilium.europa.eu/en/policies/eu-list-of-non-cooperative-jurisdictions/,,2026-02-17,2026-02-17,"Council of the European Union|https://www.consilium.europa.eu/en/policies/eu-list-of-non-cooperative-jurisdictions/|checked-in-snapshot,OECD Global Forum on Transparency and Exchange of Information for Tax Purposes|https://www.oecd.org/tax/transparency/|candidate-not-ingested","Annex I is a political/legal tax-cooperation list, not a general AML, corruption, or country-risk score."
CH,Switzerland,Europe,political-stability-conflict,Political stability and conflict,available,false,percentile,83/100 WGI percentile,83,World Bank Worldwide Governance Indicators,https://www.worldbank.org/en/publication/worldwide-governance-indicators,CC BY 4.0 — World Bank WGI,2024,2026-08-13T11:45:25.085Z,World Bank Worldwide Governance Indicators|https://www.worldbank.org/en/publication/worldwide-governance-indicators|checked-in-snapshot,"WGI is an institutional perception indicator, not a conflict event feed or a prediction of future violence."
CH,Switzerland,Europe,beneficial-ownership,Beneficial ownership,unavailable,false,,,,,,,,,Open Ownership|https://www.openownership.org/en/map/|checked-in-snapshot,"The Open Ownership map is a live-register snapshot and absence means no register was identified in that snapshot, not that no register exists."
UA,Ukraine,Europe,organised-crime,Organised crime,unavailable,false,,,,,,,,,United Nations Office on Drugs and Crime|https://dataunodc.un.org/|candidate-not-ingested,No reviewed country-level organised-crime dataset is currently checked in; no risk value is inferred.
UA,Ukraine,Europe,fraud-cybercrime,Fraud and cybercrime,unavailable,false,,,,,,,,,International Telecommunication Union|https://www.itu.int/en/ITU-D/Cybersecurity/Pages/global-cybersecurity-index.aspx|candidate-not-ingested,No reviewed country-level fraud or cybercrime dataset is currently checked in; no risk value is inferred.
UA,Ukraine,Europe,terrorism-proliferation,Terrorism and proliferation financing,unavailable,false,,,,,,,,,Financial Action Task Force|https://www.fatf-gafi.org/en/publications/mutualevaluations.html|candidate-not-ingested,No reviewed country-comparable terrorism/proliferation threat dataset is currently checked in; FATF listing status remains a separate overlay.
UA,Ukraine,Europe,trafficking,Trafficking,unavailable,false,,,,,,,,,United Nations Office on Drugs and Crime|https://dataunodc.un.org/|candidate-not-ingested,No reviewed country-level trafficking dataset is currently checked in; no risk value is inferred.
UA,Ukraine,Europe,financial-secrecy-offshore,Financial secrecy and offshore exposure,unavailable,false,,,,,,,,,OECD Global Forum on Transparency and Exchange of Information for Tax Purposes|https://www.oecd.org/tax/transparency/|candidate-not-ingested,"No reviewed, licence-clean financial-secrecy index is currently checked in; jurisdiction type alone is not used as a proxy."
UA,Ukraine,Europe,tax-cooperation,Tax cooperation,available,false,categorical,Not listed in EU Annex I,not-listed,Council of the European Union,https://www.consilium.europa.eu/en/policies/eu-list-of-non-cooperative-jurisdictions/,,2026-02-17,2026-02-17,"Council of the European Union|https://www.consilium.europa.eu/en/policies/eu-list-of-non-cooperative-jurisdictions/|checked-in-snapshot,OECD Global Forum on Transparency and Exchange of Information for Tax Purposes|https://www.oecd.org/tax/transparency/|candidate-not-ingested","Annex I is a political/legal tax-cooperation list, not a general AML, corruption, or country-risk score."
UA,Ukraine,Europe,political-stability-conflict,Political stability and conflict,available,false,percentile,59/100 WGI percentile,59,World Bank Worldwide Governance Indicators,https://www.worldbank.org/en/publication/worldwide-governance-indicators,CC BY 4.0 — World Bank WGI,2024,2026-08-13T11:45:25.085Z,World Bank Worldwide Governance Indicators|https://www.worldbank.org/en/publication/worldwide-governance-indicators|checked-in-snapshot,"WGI is an institutional perception indicator, not a conflict event feed or a prediction of future violence."
UA,Ukraine,Europe,beneficial-ownership,Beneficial ownership,available,false,register,Register accessible for due diligence,cdd-accessible,Open Ownership,https://www.openownership.org/en/map/,CC BY 4.0 (Open Ownership),2026-08-23T10:55:05.203Z,2026-08-23T10:55:05.203Z,Open Ownership|https://www.openownership.org/en/map/|checked-in-snapshot,"The Open Ownership map is a live-register snapshot and absence means no register was identified in that snapshot, not that no register exists."
GB,United Kingdom,Europe,organised-crime,Organised crime,unavailable,false,,,,,,,,,United Nations Office on Drugs and Crime|https://dataunodc.un.org/|candidate-not-ingested,No reviewed country-level organised-crime dataset is currently checked in; no risk value is inferred.
GB,United Kingdom,Europe,fraud-cybercrime,Fraud and cybercrime,unavailable,false,,,,,,,,,International Telecommunication Union|https://www.itu.int/en/ITU-D/Cybersecurity/Pages/global-cybersecurity-index.aspx|candidate-not-ingested,No reviewed country-level fraud or cybercrime dataset is currently checked in; no risk value is inferred.
GB,United Kingdom,Europe,terrorism-proliferation,Terrorism and proliferation financing,unavailable,false,,,,,,,,,Financial Action Task Force|https://www.fatf-gafi.org/en/publications/mutualevaluations.html|candidate-not-ingested,No reviewed country-comparable terrorism/proliferation threat dataset is currently checked in; FATF listing status remains a separate overlay.
GB,United Kingdom,Europe,trafficking,Trafficking,unavailable,false,,,,,,,,,United Nations Office on Drugs and Crime|https://dataunodc.un.org/|candidate-not-ingested,No reviewed country-level trafficking dataset is currently checked in; no risk value is inferred.
GB,United Kingdom,Europe,financial-secrecy-offshore,Financial secrecy and offshore exposure,unavailable,false,,,,,,,,,OECD Global Forum on Transparency and Exchange of Information for Tax Purposes|https://www.oecd.org/tax/transparency/|candidate-not-ingested,"No reviewed, licence-clean financial-secrecy index is currently checked in; jurisdiction type alone is not used as a proxy."
GB,United Kingdom,Europe,tax-cooperation,Tax cooperation,available,false,categorical,Not listed in EU Annex I,not-listed,Council of the European Union,https://www.consilium.europa.eu/en/policies/eu-list-of-non-cooperative-jurisdictions/,,2026-02-17,2026-02-17,"Council of the European Union|https://www.consilium.europa.eu/en/policies/eu-list-of-non-cooperative-jurisdictions/|checked-in-snapshot,OECD Global Forum on Transparency and Exchange of Information for Tax Purposes|https://www.oecd.org/tax/transparency/|candidate-not-ingested","Annex I is a political/legal tax-cooperation list, not a general AML, corruption, or country-risk score."
GB,United Kingdom,Europe,political-stability-conflict,Political stability and conflict,available,false,percentile,70/100 WGI percentile,70,World Bank Worldwide Governance Indicators,https://www.worldbank.org/en/publication/worldwide-governance-indicators,CC BY 4.0 — World Bank WGI,2024,2026-08-13T11:45:25.085Z,World Bank Worldwide Governance Indicators|https://www.worldbank.org/en/publication/worldwide-governance-indicators|checked-in-snapshot,"WGI is an institutional perception indicator, not a conflict event feed or a prediction of future violence."
GB,United Kingdom,Europe,beneficial-ownership,Beneficial ownership,available,false,register,Register accessible for due diligence,cdd-accessible,Open Ownership,https://www.openownership.org/en/map/,CC BY 4.0 (Open Ownership),2026-08-23T10:55:05.203Z,2026-08-23T10:55:05.203Z,Open Ownership|https://www.openownership.org/en/map/|checked-in-snapshot,"The Open Ownership map is a live-register snapshot and absence means no register was identified in that snapshot, not that no register exists."
VA,Vatican City,Europe,organised-crime,Organised crime,unavailable,false,,,,,,,,,United Nations Office on Drugs and Crime|https://dataunodc.un.org/|candidate-not-ingested,No reviewed country-level organised-crime dataset is currently checked in; no risk value is inferred.
VA,Vatican City,Europe,fraud-cybercrime,Fraud and cybercrime,unavailable,false,,,,,,,,,International Telecommunication Union|https://www.itu.int/en/ITU-D/Cybersecurity/Pages/global-cybersecurity-index.aspx|candidate-not-ingested,No reviewed country-level fraud or cybercrime dataset is currently checked in; no risk value is inferred.
VA,Vatican City,Europe,terrorism-proliferation,Terrorism and proliferation financing,unavailable,false,,,,,,,,,Financial Action Task Force|https://www.fatf-gafi.org/en/publications/mutualevaluations.html|candidate-not-ingested,No reviewed country-comparable terrorism/proliferation threat dataset is currently checked in; FATF listing status remains a separate overlay.
VA,Vatican City,Europe,trafficking,Trafficking,unavailable,false,,,,,,,,,United Nations Office on Drugs and Crime|https://dataunodc.un.org/|candidate-not-ingested,No reviewed country-level trafficking dataset is currently checked in; no risk value is inferred.
VA,Vatican City,Europe,financial-secrecy-offshore,Financial secrecy and offshore exposure,unavailable,false,,,,,,,,,OECD Global Forum on Transparency and Exchange of Information for Tax Purposes|https://www.oecd.org/tax/transparency/|candidate-not-ingested,"No reviewed, licence-clean financial-secrecy index is currently checked in; jurisdiction type alone is not used as a proxy."
VA,Vatican City,Europe,tax-cooperation,Tax cooperation,available,false,categorical,Not listed in EU Annex I,not-listed,Council of the European Union,https://www.consilium.europa.eu/en/policies/eu-list-of-non-cooperative-jurisdictions/,,2026-02-17,2026-02-17,"Council of the European Union|https://www.consilium.europa.eu/en/policies/eu-list-of-non-cooperative-jurisdictions/|checked-in-snapshot,OECD Global Forum on Transparency and Exchange of Information for Tax Purposes|https://www.oecd.org/tax/transparency/|candidate-not-ingested","Annex I is a political/legal tax-cooperation list, not a general AML, corruption, or country-risk score."
VA,Vatican City,Europe,political-stability-conflict,Political stability and conflict,unavailable,false,,,,,,,,,World Bank Worldwide Governance Indicators|https://www.worldbank.org/en/publication/worldwide-governance-indicators|checked-in-snapshot,"WGI is an institutional perception indicator, not a conflict event feed or a prediction of future violence."
VA,Vatican City,Europe,beneficial-ownership,Beneficial ownership,unavailable,false,,,,,,,,,Open Ownership|https://www.openownership.org/en/map/|checked-in-snapshot,"The Open Ownership map is a live-register snapshot and absence means no register was identified in that snapshot, not that no register exists."
BH,Bahrain,Middle East,organised-crime,Organised crime,unavailable,false,,,,,,,,,United Nations Office on Drugs and Crime|https://dataunodc.un.org/|candidate-not-ingested,No reviewed country-level organised-crime dataset is currently checked in; no risk value is inferred.
BH,Bahrain,Middle East,fraud-cybercrime,Fraud and cybercrime,unavailable,false,,,,,,,,,International Telecommunication Union|https://www.itu.int/en/ITU-D/Cybersecurity/Pages/global-cybersecurity-index.aspx|candidate-not-ingested,No reviewed country-level fraud or cybercrime dataset is currently checked in; no risk value is inferred.
BH,Bahrain,Middle East,terrorism-proliferation,Terrorism and proliferation financing,unavailable,false,,,,,,,,,Financial Action Task Force|https://www.fatf-gafi.org/en/publications/mutualevaluations.html|candidate-not-ingested,No reviewed country-comparable terrorism/proliferation threat dataset is currently checked in; FATF listing status remains a separate overlay.
BH,Bahrain,Middle East,trafficking,Trafficking,unavailable,false,,,,,,,,,United Nations Office on Drugs and Crime|https://dataunodc.un.org/|candidate-not-ingested,No reviewed country-level trafficking dataset is currently checked in; no risk value is inferred.
BH,Bahrain,Middle East,financial-secrecy-offshore,Financial secrecy and offshore exposure,unavailable,false,,,,,,,,,OECD Global Forum on Transparency and Exchange of Information for Tax Purposes|https://www.oecd.org/tax/transparency/|candidate-not-ingested,"No reviewed, licence-clean financial-secrecy index is currently checked in; jurisdiction type alone is not used as a proxy."
BH,Bahrain,Middle East,tax-cooperation,Tax cooperation,available,false,categorical,Not listed in EU Annex I,not-listed,Council of the European Union,https://www.consilium.europa.eu/en/policies/eu-list-of-non-cooperative-jurisdictions/,,2026-02-17,2026-02-17,"Council of the European Union|https://www.consilium.europa.eu/en/policies/eu-list-of-non-cooperative-jurisdictions/|checked-in-snapshot,OECD Global Forum on Transparency and Exchange of Information for Tax Purposes|https://www.oecd.org/tax/transparency/|candidate-not-ingested","Annex I is a political/legal tax-cooperation list, not a general AML, corruption, or country-risk score."
BH,Bahrain,Middle East,political-stability-conflict,Political stability and conflict,available,false,percentile,61/100 WGI percentile,61,World Bank Worldwide Governance Indicators,https://www.worldbank.org/en/publication/worldwide-governance-indicators,CC BY 4.0 — World Bank WGI,2024,2026-08-13T11:45:25.085Z,World Bank Worldwide Governance Indicators|https://www.worldbank.org/en/publication/worldwide-governance-indicators|checked-in-snapshot,"WGI is an institutional perception indicator, not a conflict event feed or a prediction of future violence."
BH,Bahrain,Middle East,beneficial-ownership,Beneficial ownership,unavailable,false,,,,,,,,,Open Ownership|https://www.openownership.org/en/map/|checked-in-snapshot,"The Open Ownership map is a live-register snapshot and absence means no register was identified in that snapshot, not that no register exists."
IR,Iran,Middle East,organised-crime,Organised crime,unavailable,false,,,,,,,,,United Nations Office on Drugs and Crime|https://dataunodc.un.org/|candidate-not-ingested,No reviewed country-level organised-crime dataset is currently checked in; no risk value is inferred.
IR,Iran,Middle East,fraud-cybercrime,Fraud and cybercrime,unavailable,false,,,,,,,,,International Telecommunication Union|https://www.itu.int/en/ITU-D/Cybersecurity/Pages/global-cybersecurity-index.aspx|candidate-not-ingested,No reviewed country-level fraud or cybercrime dataset is currently checked in; no risk value is inferred.
IR,Iran,Middle East,terrorism-proliferation,Terrorism and proliferation financing,unavailable,false,,,,,,,,,Financial Action Task Force|https://www.fatf-gafi.org/en/publications/mutualevaluations.html|candidate-not-ingested,No reviewed country-comparable terrorism/proliferation threat dataset is currently checked in; FATF listing status remains a separate overlay.
IR,Iran,Middle East,trafficking,Trafficking,unavailable,false,,,,,,,,,United Nations Office on Drugs and Crime|https://dataunodc.un.org/|candidate-not-ingested,No reviewed country-level trafficking dataset is currently checked in; no risk value is inferred.
IR,Iran,Middle East,financial-secrecy-offshore,Financial secrecy and offshore exposure,unavailable,false,,,,,,,,,OECD Global Forum on Transparency and Exchange of Information for Tax Purposes|https://www.oecd.org/tax/transparency/|candidate-not-ingested,"No reviewed, licence-clean financial-secrecy index is currently checked in; jurisdiction type alone is not used as a proxy."
IR,Iran,Middle East,tax-cooperation,Tax cooperation,available,false,categorical,Not listed in EU Annex I,not-listed,Council of the European Union,https://www.consilium.europa.eu/en/policies/eu-list-of-non-cooperative-jurisdictions/,,2026-02-17,2026-02-17,"Council of the European Union|https://www.consilium.europa.eu/en/policies/eu-list-of-non-cooperative-jurisdictions/|checked-in-snapshot,OECD Global Forum on Transparency and Exchange of Information for Tax Purposes|https://www.oecd.org/tax/transparency/|candidate-not-ingested","Annex I is a political/legal tax-cooperation list, not a general AML, corruption, or country-risk score."
IR,Iran,Middle East,political-stability-conflict,Political stability and conflict,available,false,percentile,39/100 WGI percentile,39,World Bank Worldwide Governance Indicators,https://www.worldbank.org/en/publication/worldwide-governance-indicators,CC BY 4.0 — World Bank WGI,2024,2026-08-13T11:45:25.085Z,World Bank Worldwide Governance Indicators|https://www.worldbank.org/en/publication/worldwide-governance-indicators|checked-in-snapshot,"WGI is an institutional perception indicator, not a conflict event feed or a prediction of future violence."
IR,Iran,Middle East,beneficial-ownership,Beneficial ownership,unavailable,false,,,,,,,,,Open Ownership|https://www.openownership.org/en/map/|checked-in-snapshot,"The Open Ownership map is a live-register snapshot and absence means no register was identified in that snapshot, not that no register exists."
IQ,Iraq,Middle East,organised-crime,Organised crime,unavailable,false,,,,,,,,,United Nations Office on Drugs and Crime|https://dataunodc.un.org/|candidate-not-ingested,No reviewed country-level organised-crime dataset is currently checked in; no risk value is inferred.
IQ,Iraq,Middle East,fraud-cybercrime,Fraud and cybercrime,unavailable,false,,,,,,,,,International Telecommunication Union|https://www.itu.int/en/ITU-D/Cybersecurity/Pages/global-cybersecurity-index.aspx|candidate-not-ingested,No reviewed country-level fraud or cybercrime dataset is currently checked in; no risk value is inferred.
IQ,Iraq,Middle East,terrorism-proliferation,Terrorism and proliferation financing,unavailable,false,,,,,,,,,Financial Action Task Force|https://www.fatf-gafi.org/en/publications/mutualevaluations.html|candidate-not-ingested,No reviewed country-comparable terrorism/proliferation threat dataset is currently checked in; FATF listing status remains a separate overlay.
IQ,Iraq,Middle East,trafficking,Trafficking,unavailable,false,,,,,,,,,United Nations Office on Drugs and Crime|https://dataunodc.un.org/|candidate-not-ingested,No reviewed country-level trafficking dataset is currently checked in; no risk value is inferred.
IQ,Iraq,Middle East,financial-secrecy-offshore,Financial secrecy and offshore exposure,unavailable,false,,,,,,,,,OECD Global Forum on Transparency and Exchange of Information for Tax Purposes|https://www.oecd.org/tax/transparency/|candidate-not-ingested,"No reviewed, licence-clean financial-secrecy index is currently checked in; jurisdiction type alone is not used as a proxy."
IQ,Iraq,Middle East,tax-cooperation,Tax cooperation,available,false,categorical,Not listed in EU Annex I,not-listed,Council of the European Union,https://www.consilium.europa.eu/en/policies/eu-list-of-non-cooperative-jurisdictions/,,2026-02-17,2026-02-17,"Council of the European Union|https://www.consilium.europa.eu/en/policies/eu-list-of-non-cooperative-jurisdictions/|checked-in-snapshot,OECD Global Forum on Transparency and Exchange of Information for Tax Purposes|https://www.oecd.org/tax/transparency/|candidate-not-ingested","Annex I is a political/legal tax-cooperation list, not a general AML, corruption, or country-risk score."
IQ,Iraq,Middle East,political-stability-conflict,Political stability and conflict,available,false,percentile,31/100 WGI percentile,31,World Bank Worldwide Governance Indicators,https://www.worldbank.org/en/publication/worldwide-governance-indicators,CC BY 4.0 — World Bank WGI,2024,2026-08-13T11:45:25.085Z,World Bank Worldwide Governance Indicators|https://www.worldbank.org/en/publication/worldwide-governance-indicators|checked-in-snapshot,"WGI is an institutional perception indicator, not a conflict event feed or a prediction of future violence."
IQ,Iraq,Middle East,beneficial-ownership,Beneficial ownership,unavailable,false,,,,,,,,,Open Ownership|https://www.openownership.org/en/map/|checked-in-snapshot,"The Open Ownership map is a live-register snapshot and absence means no register was identified in that snapshot, not that no register exists."
IL,Israel,Middle East,organised-crime,Organised crime,unavailable,false,,,,,,,,,United Nations Office on Drugs and Crime|https://dataunodc.un.org/|candidate-not-ingested,No reviewed country-level organised-crime dataset is currently checked in; no risk value is inferred.
IL,Israel,Middle East,fraud-cybercrime,Fraud and cybercrime,unavailable,false,,,,,,,,,International Telecommunication Union|https://www.itu.int/en/ITU-D/Cybersecurity/Pages/global-cybersecurity-index.aspx|candidate-not-ingested,No reviewed country-level fraud or cybercrime dataset is currently checked in; no risk value is inferred.
IL,Israel,Middle East,terrorism-proliferation,Terrorism and proliferation financing,unavailable,false,,,,,,,,,Financial Action Task Force|https://www.fatf-gafi.org/en/publications/mutualevaluations.html|candidate-not-ingested,No reviewed country-comparable terrorism/proliferation threat dataset is currently checked in; FATF listing status remains a separate overlay.
IL,Israel,Middle East,trafficking,Trafficking,unavailable,false,,,,,,,,,United Nations Office on Drugs and Crime|https://dataunodc.un.org/|candidate-not-ingested,No reviewed country-level trafficking dataset is currently checked in; no risk value is inferred.
IL,Israel,Middle East,financial-secrecy-offshore,Financial secrecy and offshore exposure,unavailable,false,,,,,,,,,OECD Global Forum on Transparency and Exchange of Information for Tax Purposes|https://www.oecd.org/tax/transparency/|candidate-not-ingested,"No reviewed, licence-clean financial-secrecy index is currently checked in; jurisdiction type alone is not used as a proxy."
IL,Israel,Middle East,tax-cooperation,Tax cooperation,available,false,categorical,Not listed in EU Annex I,not-listed,Council of the European Union,https://www.consilium.europa.eu/en/policies/eu-list-of-non-cooperative-jurisdictions/,,2026-02-17,2026-02-17,"Council of the European Union|https://www.consilium.europa.eu/en/policies/eu-list-of-non-cooperative-jurisdictions/|checked-in-snapshot,OECD Global Forum on Transparency and Exchange of Information for Tax Purposes|https://www.oecd.org/tax/transparency/|candidate-not-ingested","Annex I is a political/legal tax-cooperation list, not a general AML, corruption, or country-risk score."
IL,Israel,Middle East,political-stability-conflict,Political stability and conflict,available,false,percentile,48/100 WGI percentile,48,World Bank Worldwide Governance Indicators,https://www.worldbank.org/en/publication/worldwide-governance-indicators,CC BY 4.0 — World Bank WGI,2024,2026-08-13T11:45:25.085Z,World Bank Worldwide Governance Indicators|https://www.worldbank.org/en/publication/worldwide-governance-indicators|checked-in-snapshot,"WGI is an institutional perception indicator, not a conflict event feed or a prediction of future violence."
IL,Israel,Middle East,beneficial-ownership,Beneficial ownership,unavailable,false,,,,,,,,,Open Ownership|https://www.openownership.org/en/map/|checked-in-snapshot,"The Open Ownership map is a live-register snapshot and absence means no register was identified in that snapshot, not that no register exists."
JO,Jordan,Middle East,organised-crime,Organised crime,unavailable,false,,,,,,,,,United Nations Office on Drugs and Crime|https://dataunodc.un.org/|candidate-not-ingested,No reviewed country-level organised-crime dataset is currently checked in; no risk value is inferred.
JO,Jordan,Middle East,fraud-cybercrime,Fraud and cybercrime,unavailable,false,,,,,,,,,International Telecommunication Union|https://www.itu.int/en/ITU-D/Cybersecurity/Pages/global-cybersecurity-index.aspx|candidate-not-ingested,No reviewed country-level fraud or cybercrime dataset is currently checked in; no risk value is inferred.
JO,Jordan,Middle East,terrorism-proliferation,Terrorism and proliferation financing,unavailable,false,,,,,,,,,Financial Action Task Force|https://www.fatf-gafi.org/en/publications/mutualevaluations.html|candidate-not-ingested,No reviewed country-comparable terrorism/proliferation threat dataset is currently checked in; FATF listing status remains a separate overlay.
JO,Jordan,Middle East,trafficking,Trafficking,unavailable,false,,,,,,,,,United Nations Office on Drugs and Crime|https://dataunodc.un.org/|candidate-not-ingested,No reviewed country-level trafficking dataset is currently checked in; no risk value is inferred.
JO,Jordan,Middle East,financial-secrecy-offshore,Financial secrecy and offshore exposure,unavailable,false,,,,,,,,,OECD Global Forum on Transparency and Exchange of Information for Tax Purposes|https://www.oecd.org/tax/transparency/|candidate-not-ingested,"No reviewed, licence-clean financial-secrecy index is currently checked in; jurisdiction type alone is not used as a proxy."
JO,Jordan,Middle East,tax-cooperation,Tax cooperation,available,false,categorical,Not listed in EU Annex I,not-listed,Council of the European Union,https://www.consilium.europa.eu/en/policies/eu-list-of-non-cooperative-jurisdictions/,,2026-02-17,2026-02-17,"Council of the European Union|https://www.consilium.europa.eu/en/policies/eu-list-of-non-cooperative-jurisdictions/|checked-in-snapshot,OECD Global Forum on Transparency and Exchange of Information for Tax Purposes|https://www.oecd.org/tax/transparency/|candidate-not-ingested","Annex I is a political/legal tax-cooperation list, not a general AML, corruption, or country-risk score."
JO,Jordan,Middle East,political-stability-conflict,Political stability and conflict,available,false,percentile,60/100 WGI percentile,60,World Bank Worldwide Governance Indicators,https://www.worldbank.org/en/publication/worldwide-governance-indicators,CC BY 4.0 — World Bank WGI,2024,2026-08-13T11:45:25.085Z,World Bank Worldwide Governance Indicators|https://www.worldbank.org/en/publication/worldwide-governance-indicators|checked-in-snapshot,"WGI is an institutional perception indicator, not a conflict event feed or a prediction of future violence."
JO,Jordan,Middle East,beneficial-ownership,Beneficial ownership,unavailable,false,,,,,,,,,Open Ownership|https://www.openownership.org/en/map/|checked-in-snapshot,"The Open Ownership map is a live-register snapshot and absence means no register was identified in that snapshot, not that no register exists."
KW,Kuwait,Middle East,organised-crime,Organised crime,unavailable,false,,,,,,,,,United Nations Office on Drugs and Crime|https://dataunodc.un.org/|candidate-not-ingested,No reviewed country-level organised-crime dataset is currently checked in; no risk value is inferred.
KW,Kuwait,Middle East,fraud-cybercrime,Fraud and cybercrime,unavailable,false,,,,,,,,,International Telecommunication Union|https://www.itu.int/en/ITU-D/Cybersecurity/Pages/global-cybersecurity-index.aspx|candidate-not-ingested,No reviewed country-level fraud or cybercrime dataset is currently checked in; no risk value is inferred.
KW,Kuwait,Middle East,terrorism-proliferation,Terrorism and proliferation financing,unavailable,false,,,,,,,,,Financial Action Task Force|https://www.fatf-gafi.org/en/publications/mutualevaluations.html|candidate-not-ingested,No reviewed country-comparable terrorism/proliferation threat dataset is currently checked in; FATF listing status remains a separate overlay.
KW,Kuwait,Middle East,trafficking,Trafficking,unavailable,false,,,,,,,,,United Nations Office on Drugs and Crime|https://dataunodc.un.org/|candidate-not-ingested,No reviewed country-level trafficking dataset is currently checked in; no risk value is inferred.
KW,Kuwait,Middle East,financial-secrecy-offshore,Financial secrecy and offshore exposure,unavailable,false,,,,,,,,,OECD Global Forum on Transparency and Exchange of Information for Tax Purposes|https://www.oecd.org/tax/transparency/|candidate-not-ingested,"No reviewed, licence-clean financial-secrecy index is currently checked in; jurisdiction type alone is not used as a proxy."
KW,Kuwait,Middle East,tax-cooperation,Tax cooperation,available,false,categorical,Not listed in EU Annex I,not-listed,Council of the European Union,https://www.consilium.europa.eu/en/policies/eu-list-of-non-cooperative-jurisdictions/,,2026-02-17,2026-02-17,"Council of the European Union|https://www.consilium.europa.eu/en/policies/eu-list-of-non-cooperative-jurisdictions/|checked-in-snapshot,OECD Global Forum on Transparency and Exchange of Information for Tax Purposes|https://www.oecd.org/tax/transparency/|candidate-not-ingested","Annex I is a political/legal tax-cooperation list, not a general AML, corruption, or country-risk score."
KW,Kuwait,Middle East,political-stability-conflict,Political stability and conflict,available,false,percentile,71/100 WGI percentile,71,World Bank Worldwide Governance Indicators,https://www.worldbank.org/en/publication/worldwide-governance-indicators,CC BY 4.0 — World Bank WGI,2024,2026-08-13T11:45:25.085Z,World Bank Worldwide Governance Indicators|https://www.worldbank.org/en/publication/worldwide-governance-indicators|checked-in-snapshot,"WGI is an institutional perception indicator, not a conflict event feed or a prediction of future violence."
KW,Kuwait,Middle East,beneficial-ownership,Beneficial ownership,available,false,register,Register access not recorded,unrecorded,Open Ownership,https://www.openownership.org/en/map/,CC BY 4.0 (Open Ownership),2026-08-23T10:55:05.203Z,2026-08-23T10:55:05.203Z,Open Ownership|https://www.openownership.org/en/map/|checked-in-snapshot,"The Open Ownership map is a live-register snapshot and absence means no register was identified in that snapshot, not that no register exists."
LB,Lebanon,Middle East,organised-crime,Organised crime,unavailable,false,,,,,,,,,United Nations Office on Drugs and Crime|https://dataunodc.un.org/|candidate-not-ingested,No reviewed country-level organised-crime dataset is currently checked in; no risk value is inferred.
LB,Lebanon,Middle East,fraud-cybercrime,Fraud and cybercrime,unavailable,false,,,,,,,,,International Telecommunication Union|https://www.itu.int/en/ITU-D/Cybersecurity/Pages/global-cybersecurity-index.aspx|candidate-not-ingested,No reviewed country-level fraud or cybercrime dataset is currently checked in; no risk value is inferred.
LB,Lebanon,Middle East,terrorism-proliferation,Terrorism and proliferation financing,unavailable,false,,,,,,,,,Financial Action Task Force|https://www.fatf-gafi.org/en/publications/mutualevaluations.html|candidate-not-ingested,No reviewed country-comparable terrorism/proliferation threat dataset is currently checked in; FATF listing status remains a separate overlay.
LB,Lebanon,Middle East,trafficking,Trafficking,unavailable,false,,,,,,,,,United Nations Office on Drugs and Crime|https://dataunodc.un.org/|candidate-not-ingested,No reviewed country-level trafficking dataset is currently checked in; no risk value is inferred.
LB,Lebanon,Middle East,financial-secrecy-offshore,Financial secrecy and offshore exposure,unavailable,false,,,,,,,,,OECD Global Forum on Transparency and Exchange of Information for Tax Purposes|https://www.oecd.org/tax/transparency/|candidate-not-ingested,"No reviewed, licence-clean financial-secrecy index is currently checked in; jurisdiction type alone is not used as a proxy."
LB,Lebanon,Middle East,tax-cooperation,Tax cooperation,available,false,categorical,Not listed in EU Annex I,not-listed,Council of the European Union,https://www.consilium.europa.eu/en/policies/eu-list-of-non-cooperative-jurisdictions/,,2026-02-17,2026-02-17,"Council of the European Union|https://www.consilium.europa.eu/en/policies/eu-list-of-non-cooperative-jurisdictions/|checked-in-snapshot,OECD Global Forum on Transparency and Exchange of Information for Tax Purposes|https://www.oecd.org/tax/transparency/|candidate-not-ingested","Annex I is a political/legal tax-cooperation list, not a general AML, corruption, or country-risk score."
LB,Lebanon,Middle East,political-stability-conflict,Political stability and conflict,available,false,percentile,42/100 WGI percentile,42,World Bank Worldwide Governance Indicators,https://www.worldbank.org/en/publication/worldwide-governance-indicators,CC BY 4.0 — World Bank WGI,2024,2026-08-13T11:45:25.085Z,World Bank Worldwide Governance Indicators|https://www.worldbank.org/en/publication/worldwide-governance-indicators|checked-in-snapshot,"WGI is an institutional perception indicator, not a conflict event feed or a prediction of future violence."
LB,Lebanon,Middle East,beneficial-ownership,Beneficial ownership,unavailable,false,,,,,,,,,Open Ownership|https://www.openownership.org/en/map/|checked-in-snapshot,"The Open Ownership map is a live-register snapshot and absence means no register was identified in that snapshot, not that no register exists."
OM,Oman,Middle East,organised-crime,Organised crime,unavailable,false,,,,,,,,,United Nations Office on Drugs and Crime|https://dataunodc.un.org/|candidate-not-ingested,No reviewed country-level organised-crime dataset is currently checked in; no risk value is inferred.
OM,Oman,Middle East,fraud-cybercrime,Fraud and cybercrime,unavailable,false,,,,,,,,,International Telecommunication Union|https://www.itu.int/en/ITU-D/Cybersecurity/Pages/global-cybersecurity-index.aspx|candidate-not-ingested,No reviewed country-level fraud or cybercrime dataset is currently checked in; no risk value is inferred.
OM,Oman,Middle East,terrorism-proliferation,Terrorism and proliferation financing,unavailable,false,,,,,,,,,Financial Action Task Force|https://www.fatf-gafi.org/en/publications/mutualevaluations.html|candidate-not-ingested,No reviewed country-comparable terrorism/proliferation threat dataset is currently checked in; FATF listing status remains a separate overlay.
OM,Oman,Middle East,trafficking,Trafficking,unavailable,false,,,,,,,,,United Nations Office on Drugs and Crime|https://dataunodc.un.org/|candidate-not-ingested,No reviewed country-level trafficking dataset is currently checked in; no risk value is inferred.
OM,Oman,Middle East,financial-secrecy-offshore,Financial secrecy and offshore exposure,unavailable,false,,,,,,,,,OECD Global Forum on Transparency and Exchange of Information for Tax Purposes|https://www.oecd.org/tax/transparency/|candidate-not-ingested,"No reviewed, licence-clean financial-secrecy index is currently checked in; jurisdiction type alone is not used as a proxy."
OM,Oman,Middle East,tax-cooperation,Tax cooperation,available,false,categorical,Not listed in EU Annex I,not-listed,Council of the European Union,https://www.consilium.europa.eu/en/policies/eu-list-of-non-cooperative-jurisdictions/,,2026-02-17,2026-02-17,"Council of the European Union|https://www.consilium.europa.eu/en/policies/eu-list-of-non-cooperative-jurisdictions/|checked-in-snapshot,OECD Global Forum on Transparency and Exchange of Information for Tax Purposes|https://www.oecd.org/tax/transparency/|candidate-not-ingested","Annex I is a political/legal tax-cooperation list, not a general AML, corruption, or country-risk score."
OM,Oman,Middle East,political-stability-conflict,Political stability and conflict,available,false,percentile,77/100 WGI percentile,77,World Bank Worldwide Governance Indicators,https://www.worldbank.org/en/publication/worldwide-governance-indicators,CC BY 4.0 — World Bank WGI,2024,2026-08-13T11:45:25.085Z,World Bank Worldwide Governance Indicators|https://www.worldbank.org/en/publication/worldwide-governance-indicators|checked-in-snapshot,"WGI is an institutional perception indicator, not a conflict event feed or a prediction of future violence."
OM,Oman,Middle East,beneficial-ownership,Beneficial ownership,unavailable,false,,,,,,,,,Open Ownership|https://www.openownership.org/en/map/|checked-in-snapshot,"The Open Ownership map is a live-register snapshot and absence means no register was identified in that snapshot, not that no register exists."
PS,Palestine,Middle East,organised-crime,Organised crime,unavailable,false,,,,,,,,,United Nations Office on Drugs and Crime|https://dataunodc.un.org/|candidate-not-ingested,No reviewed country-level organised-crime dataset is currently checked in; no risk value is inferred.
PS,Palestine,Middle East,fraud-cybercrime,Fraud and cybercrime,unavailable,false,,,,,,,,,International Telecommunication Union|https://www.itu.int/en/ITU-D/Cybersecurity/Pages/global-cybersecurity-index.aspx|candidate-not-ingested,No reviewed country-level fraud or cybercrime dataset is currently checked in; no risk value is inferred.
PS,Palestine,Middle East,terrorism-proliferation,Terrorism and proliferation financing,unavailable,false,,,,,,,,,Financial Action Task Force|https://www.fatf-gafi.org/en/publications/mutualevaluations.html|candidate-not-ingested,No reviewed country-comparable terrorism/proliferation threat dataset is currently checked in; FATF listing status remains a separate overlay.
PS,Palestine,Middle East,trafficking,Trafficking,unavailable,false,,,,,,,,,United Nations Office on Drugs and Crime|https://dataunodc.un.org/|candidate-not-ingested,No reviewed country-level trafficking dataset is currently checked in; no risk value is inferred.
PS,Palestine,Middle East,financial-secrecy-offshore,Financial secrecy and offshore exposure,unavailable,false,,,,,,,,,OECD Global Forum on Transparency and Exchange of Information for Tax Purposes|https://www.oecd.org/tax/transparency/|candidate-not-ingested,"No reviewed, licence-clean financial-secrecy index is currently checked in; jurisdiction type alone is not used as a proxy."
PS,Palestine,Middle East,tax-cooperation,Tax cooperation,available,false,categorical,Not listed in EU Annex I,not-listed,Council of the European Union,https://www.consilium.europa.eu/en/policies/eu-list-of-non-cooperative-jurisdictions/,,2026-02-17,2026-02-17,"Council of the European Union|https://www.consilium.europa.eu/en/policies/eu-list-of-non-cooperative-jurisdictions/|checked-in-snapshot,OECD Global Forum on Transparency and Exchange of Information for Tax Purposes|https://www.oecd.org/tax/transparency/|candidate-not-ingested","Annex I is a political/legal tax-cooperation list, not a general AML, corruption, or country-risk score."
PS,Palestine,Middle East,political-stability-conflict,Political stability and conflict,available,false,percentile,34/100 WGI percentile,34,World Bank Worldwide Governance Indicators,https://www.worldbank.org/en/publication/worldwide-governance-indicators,CC BY 4.0 — World Bank WGI,2024,2026-08-13T11:45:25.085Z,World Bank Worldwide Governance Indicators|https://www.worldbank.org/en/publication/worldwide-governance-indicators|checked-in-snapshot,"WGI is an institutional perception indicator, not a conflict event feed or a prediction of future violence."
PS,Palestine,Middle East,beneficial-ownership,Beneficial ownership,unavailable,false,,,,,,,,,Open Ownership|https://www.openownership.org/en/map/|checked-in-snapshot,"The Open Ownership map is a live-register snapshot and absence means no register was identified in that snapshot, not that no register exists."
QA,Qatar,Middle East,organised-crime,Organised crime,unavailable,false,,,,,,,,,United Nations Office on Drugs and Crime|https://dataunodc.un.org/|candidate-not-ingested,No reviewed country-level organised-crime dataset is currently checked in; no risk value is inferred.
QA,Qatar,Middle East,fraud-cybercrime,Fraud and cybercrime,unavailable,false,,,,,,,,,International Telecommunication Union|https://www.itu.int/en/ITU-D/Cybersecurity/Pages/global-cybersecurity-index.aspx|candidate-not-ingested,No reviewed country-level fraud or cybercrime dataset is currently checked in; no risk value is inferred.
QA,Qatar,Middle East,terrorism-proliferation,Terrorism and proliferation financing,unavailable,false,,,,,,,,,Financial Action Task Force|https://www.fatf-gafi.org/en/publications/mutualevaluations.html|candidate-not-ingested,No reviewed country-comparable terrorism/proliferation threat dataset is currently checked in; FATF listing status remains a separate overlay.
QA,Qatar,Middle East,trafficking,Trafficking,unavailable,false,,,,,,,,,United Nations Office on Drugs and Crime|https://dataunodc.un.org/|candidate-not-ingested,No reviewed country-level trafficking dataset is currently checked in; no risk value is inferred.
QA,Qatar,Middle East,financial-secrecy-offshore,Financial secrecy and offshore exposure,unavailable,false,,,,,,,,,OECD Global Forum on Transparency and Exchange of Information for Tax Purposes|https://www.oecd.org/tax/transparency/|candidate-not-ingested,"No reviewed, licence-clean financial-secrecy index is currently checked in; jurisdiction type alone is not used as a proxy."
QA,Qatar,Middle East,tax-cooperation,Tax cooperation,available,false,categorical,Not listed in EU Annex I,not-listed,Council of the European Union,https://www.consilium.europa.eu/en/policies/eu-list-of-non-cooperative-jurisdictions/,,2026-02-17,2026-02-17,"Council of the European Union|https://www.consilium.europa.eu/en/policies/eu-list-of-non-cooperative-jurisdictions/|checked-in-snapshot,OECD Global Forum on Transparency and Exchange of Information for Tax Purposes|https://www.oecd.org/tax/transparency/|candidate-not-ingested","Annex I is a political/legal tax-cooperation list, not a general AML, corruption, or country-risk score."
QA,Qatar,Middle East,political-stability-conflict,Political stability and conflict,available,false,percentile,82/100 WGI percentile,82,World Bank Worldwide Governance Indicators,https://www.worldbank.org/en/publication/worldwide-governance-indicators,CC BY 4.0 — World Bank WGI,2024,2026-08-13T11:45:25.085Z,World Bank Worldwide Governance Indicators|https://www.worldbank.org/en/publication/worldwide-governance-indicators|checked-in-snapshot,"WGI is an institutional perception indicator, not a conflict event feed or a prediction of future violence."
QA,Qatar,Middle East,beneficial-ownership,Beneficial ownership,available,false,register,Register accessible for due diligence,cdd-accessible,Open Ownership,https://www.openownership.org/en/map/,CC BY 4.0 (Open Ownership),2026-08-23T10:55:05.203Z,2026-08-23T10:55:05.203Z,Open Ownership|https://www.openownership.org/en/map/|checked-in-snapshot,"The Open Ownership map is a live-register snapshot and absence means no register was identified in that snapshot, not that no register exists."
SA,Saudi Arabia,Middle East,organised-crime,Organised crime,unavailable,false,,,,,,,,,United Nations Office on Drugs and Crime|https://dataunodc.un.org/|candidate-not-ingested,No reviewed country-level organised-crime dataset is currently checked in; no risk value is inferred.
SA,Saudi Arabia,Middle East,fraud-cybercrime,Fraud and cybercrime,unavailable,false,,,,,,,,,International Telecommunication Union|https://www.itu.int/en/ITU-D/Cybersecurity/Pages/global-cybersecurity-index.aspx|candidate-not-ingested,No reviewed country-level fraud or cybercrime dataset is currently checked in; no risk value is inferred.
SA,Saudi Arabia,Middle East,terrorism-proliferation,Terrorism and proliferation financing,unavailable,false,,,,,,,,,Financial Action Task Force|https://www.fatf-gafi.org/en/publications/mutualevaluations.html|candidate-not-ingested,No reviewed country-comparable terrorism/proliferation threat dataset is currently checked in; FATF listing status remains a separate overlay.
SA,Saudi Arabia,Middle East,trafficking,Trafficking,unavailable,false,,,,,,,,,United Nations Office on Drugs and Crime|https://dataunodc.un.org/|candidate-not-ingested,No reviewed country-level trafficking dataset is currently checked in; no risk value is inferred.
SA,Saudi Arabia,Middle East,financial-secrecy-offshore,Financial secrecy and offshore exposure,unavailable,false,,,,,,,,,OECD Global Forum on Transparency and Exchange of Information for Tax Purposes|https://www.oecd.org/tax/transparency/|candidate-not-ingested,"No reviewed, licence-clean financial-secrecy index is currently checked in; jurisdiction type alone is not used as a proxy."
SA,Saudi Arabia,Middle East,tax-cooperation,Tax cooperation,available,false,categorical,Not listed in EU Annex I,not-listed,Council of the European Union,https://www.consilium.europa.eu/en/policies/eu-list-of-non-cooperative-jurisdictions/,,2026-02-17,2026-02-17,"Council of the European Union|https://www.consilium.europa.eu/en/policies/eu-list-of-non-cooperative-jurisdictions/|checked-in-snapshot,OECD Global Forum on Transparency and Exchange of Information for Tax Purposes|https://www.oecd.org/tax/transparency/|candidate-not-ingested","Annex I is a political/legal tax-cooperation list, not a general AML, corruption, or country-risk score."
SA,Saudi Arabia,Middle East,political-stability-conflict,Political stability and conflict,available,false,percentile,65/100 WGI percentile,65,World Bank Worldwide Governance Indicators,https://www.worldbank.org/en/publication/worldwide-governance-indicators,CC BY 4.0 — World Bank WGI,2024,2026-08-13T11:45:25.085Z,World Bank Worldwide Governance Indicators|https://www.worldbank.org/en/publication/worldwide-governance-indicators|checked-in-snapshot,"WGI is an institutional perception indicator, not a conflict event feed or a prediction of future violence."
SA,Saudi Arabia,Middle East,beneficial-ownership,Beneficial ownership,unavailable,false,,,,,,,,,Open Ownership|https://www.openownership.org/en/map/|checked-in-snapshot,"The Open Ownership map is a live-register snapshot and absence means no register was identified in that snapshot, not that no register exists."
SY,Syria,Middle East,organised-crime,Organised crime,unavailable,false,,,,,,,,,United Nations Office on Drugs and Crime|https://dataunodc.un.org/|candidate-not-ingested,No reviewed country-level organised-crime dataset is currently checked in; no risk value is inferred.
SY,Syria,Middle East,fraud-cybercrime,Fraud and cybercrime,unavailable,false,,,,,,,,,International Telecommunication Union|https://www.itu.int/en/ITU-D/Cybersecurity/Pages/global-cybersecurity-index.aspx|candidate-not-ingested,No reviewed country-level fraud or cybercrime dataset is currently checked in; no risk value is inferred.
SY,Syria,Middle East,terrorism-proliferation,Terrorism and proliferation financing,unavailable,false,,,,,,,,,Financial Action Task Force|https://www.fatf-gafi.org/en/publications/mutualevaluations.html|candidate-not-ingested,No reviewed country-comparable terrorism/proliferation threat dataset is currently checked in; FATF listing status remains a separate overlay.
SY,Syria,Middle East,trafficking,Trafficking,unavailable,false,,,,,,,,,United Nations Office on Drugs and Crime|https://dataunodc.un.org/|candidate-not-ingested,No reviewed country-level trafficking dataset is currently checked in; no risk value is inferred.
SY,Syria,Middle East,financial-secrecy-offshore,Financial secrecy and offshore exposure,unavailable,false,,,,,,,,,OECD Global Forum on Transparency and Exchange of Information for Tax Purposes|https://www.oecd.org/tax/transparency/|candidate-not-ingested,"No reviewed, licence-clean financial-secrecy index is currently checked in; jurisdiction type alone is not used as a proxy."
SY,Syria,Middle East,tax-cooperation,Tax cooperation,available,false,categorical,Not listed in EU Annex I,not-listed,Council of the European Union,https://www.consilium.europa.eu/en/policies/eu-list-of-non-cooperative-jurisdictions/,,2026-02-17,2026-02-17,"Council of the European Union|https://www.consilium.europa.eu/en/policies/eu-list-of-non-cooperative-jurisdictions/|checked-in-snapshot,OECD Global Forum on Transparency and Exchange of Information for Tax Purposes|https://www.oecd.org/tax/transparency/|candidate-not-ingested","Annex I is a political/legal tax-cooperation list, not a general AML, corruption, or country-risk score."
SY,Syria,Middle East,political-stability-conflict,Political stability and conflict,available,false,percentile,25/100 WGI percentile,25,World Bank Worldwide Governance Indicators,https://www.worldbank.org/en/publication/worldwide-governance-indicators,CC BY 4.0 — World Bank WGI,2024,2026-08-13T11:45:25.085Z,World Bank Worldwide Governance Indicators|https://www.worldbank.org/en/publication/worldwide-governance-indicators|checked-in-snapshot,"WGI is an institutional perception indicator, not a conflict event feed or a prediction of future violence."
SY,Syria,Middle East,beneficial-ownership,Beneficial ownership,unavailable,false,,,,,,,,,Open Ownership|https://www.openownership.org/en/map/|checked-in-snapshot,"The Open Ownership map is a live-register snapshot and absence means no register was identified in that snapshot, not that no register exists."
TR,Türkiye,Middle East,organised-crime,Organised crime,unavailable,false,,,,,,,,,United Nations Office on Drugs and Crime|https://dataunodc.un.org/|candidate-not-ingested,No reviewed country-level organised-crime dataset is currently checked in; no risk value is inferred.
TR,Türkiye,Middle East,fraud-cybercrime,Fraud and cybercrime,unavailable,false,,,,,,,,,International Telecommunication Union|https://www.itu.int/en/ITU-D/Cybersecurity/Pages/global-cybersecurity-index.aspx|candidate-not-ingested,No reviewed country-level fraud or cybercrime dataset is currently checked in; no risk value is inferred.
TR,Türkiye,Middle East,terrorism-proliferation,Terrorism and proliferation financing,unavailable,false,,,,,,,,,Financial Action Task Force|https://www.fatf-gafi.org/en/publications/mutualevaluations.html|candidate-not-ingested,No reviewed country-comparable terrorism/proliferation threat dataset is currently checked in; FATF listing status remains a separate overlay.
TR,Türkiye,Middle East,trafficking,Trafficking,unavailable,false,,,,,,,,,United Nations Office on Drugs and Crime|https://dataunodc.un.org/|candidate-not-ingested,No reviewed country-level trafficking dataset is currently checked in; no risk value is inferred.
TR,Türkiye,Middle East,financial-secrecy-offshore,Financial secrecy and offshore exposure,unavailable,false,,,,,,,,,OECD Global Forum on Transparency and Exchange of Information for Tax Purposes|https://www.oecd.org/tax/transparency/|candidate-not-ingested,"No reviewed, licence-clean financial-secrecy index is currently checked in; jurisdiction type alone is not used as a proxy."
TR,Türkiye,Middle East,tax-cooperation,Tax cooperation,available,false,categorical,Not listed in EU Annex I,not-listed,Council of the European Union,https://www.consilium.europa.eu/en/policies/eu-list-of-non-cooperative-jurisdictions/,,2026-02-17,2026-02-17,"Council of the European Union|https://www.consilium.europa.eu/en/policies/eu-list-of-non-cooperative-jurisdictions/|checked-in-snapshot,OECD Global Forum on Transparency and Exchange of Information for Tax Purposes|https://www.oecd.org/tax/transparency/|candidate-not-ingested","Annex I is a political/legal tax-cooperation list, not a general AML, corruption, or country-risk score."
TR,Türkiye,Middle East,political-stability-conflict,Political stability and conflict,available,false,percentile,49/100 WGI percentile,49,World Bank Worldwide Governance Indicators,https://www.worldbank.org/en/publication/worldwide-governance-indicators,CC BY 4.0 — World Bank WGI,2024,2026-08-13T11:45:25.085Z,World Bank Worldwide Governance Indicators|https://www.worldbank.org/en/publication/worldwide-governance-indicators|checked-in-snapshot,"WGI is an institutional perception indicator, not a conflict event feed or a prediction of future violence."
TR,Türkiye,Middle East,beneficial-ownership,Beneficial ownership,available,false,register,Register restricted to authorities,authorities-only,Open Ownership,https://www.openownership.org/en/map/,CC BY 4.0 (Open Ownership),2026-08-23T10:55:05.203Z,2026-08-23T10:55:05.203Z,Open Ownership|https://www.openownership.org/en/map/|checked-in-snapshot,"The Open Ownership map is a live-register snapshot and absence means no register was identified in that snapshot, not that no register exists."
AE,United Arab Emirates,Middle East,organised-crime,Organised crime,unavailable,false,,,,,,,,,United Nations Office on Drugs and Crime|https://dataunodc.un.org/|candidate-not-ingested,No reviewed country-level organised-crime dataset is currently checked in; no risk value is inferred.
AE,United Arab Emirates,Middle East,fraud-cybercrime,Fraud and cybercrime,unavailable,false,,,,,,,,,International Telecommunication Union|https://www.itu.int/en/ITU-D/Cybersecurity/Pages/global-cybersecurity-index.aspx|candidate-not-ingested,No reviewed country-level fraud or cybercrime dataset is currently checked in; no risk value is inferred.
AE,United Arab Emirates,Middle East,terrorism-proliferation,Terrorism and proliferation financing,unavailable,false,,,,,,,,,Financial Action Task Force|https://www.fatf-gafi.org/en/publications/mutualevaluations.html|candidate-not-ingested,No reviewed country-comparable terrorism/proliferation threat dataset is currently checked in; FATF listing status remains a separate overlay.
AE,United Arab Emirates,Middle East,trafficking,Trafficking,unavailable,false,,,,,,,,,United Nations Office on Drugs and Crime|https://dataunodc.un.org/|candidate-not-ingested,No reviewed country-level trafficking dataset is currently checked in; no risk value is inferred.
AE,United Arab Emirates,Middle East,financial-secrecy-offshore,Financial secrecy and offshore exposure,unavailable,false,,,,,,,,,OECD Global Forum on Transparency and Exchange of Information for Tax Purposes|https://www.oecd.org/tax/transparency/|candidate-not-ingested,"No reviewed, licence-clean financial-secrecy index is currently checked in; jurisdiction type alone is not used as a proxy."
AE,United Arab Emirates,Middle East,tax-cooperation,Tax cooperation,available,false,categorical,Not listed in EU Annex I,not-listed,Council of the European Union,https://www.consilium.europa.eu/en/policies/eu-list-of-non-cooperative-jurisdictions/,,2026-02-17,2026-02-17,"Council of the European Union|https://www.consilium.europa.eu/en/policies/eu-list-of-non-cooperative-jurisdictions/|checked-in-snapshot,OECD Global Forum on Transparency and Exchange of Information for Tax Purposes|https://www.oecd.org/tax/transparency/|candidate-not-ingested","Annex I is a political/legal tax-cooperation list, not a general AML, corruption, or country-risk score."
AE,United Arab Emirates,Middle East,political-stability-conflict,Political stability and conflict,available,false,percentile,79/100 WGI percentile,79,World Bank Worldwide Governance Indicators,https://www.worldbank.org/en/publication/worldwide-governance-indicators,CC BY 4.0 — World Bank WGI,2024,2026-08-13T11:45:25.085Z,World Bank Worldwide Governance Indicators|https://www.worldbank.org/en/publication/worldwide-governance-indicators|checked-in-snapshot,"WGI is an institutional perception indicator, not a conflict event feed or a prediction of future violence."
AE,United Arab Emirates,Middle East,beneficial-ownership,Beneficial ownership,unavailable,false,,,,,,,,,Open Ownership|https://www.openownership.org/en/map/|checked-in-snapshot,"The Open Ownership map is a live-register snapshot and absence means no register was identified in that snapshot, not that no register exists."
YE,Yemen,Middle East,organised-crime,Organised crime,unavailable,false,,,,,,,,,United Nations Office on Drugs and Crime|https://dataunodc.un.org/|candidate-not-ingested,No reviewed country-level organised-crime dataset is currently checked in; no risk value is inferred.
YE,Yemen,Middle East,fraud-cybercrime,Fraud and cybercrime,unavailable,false,,,,,,,,,International Telecommunication Union|https://www.itu.int/en/ITU-D/Cybersecurity/Pages/global-cybersecurity-index.aspx|candidate-not-ingested,No reviewed country-level fraud or cybercrime dataset is currently checked in; no risk value is inferred.
YE,Yemen,Middle East,terrorism-proliferation,Terrorism and proliferation financing,unavailable,false,,,,,,,,,Financial Action Task Force|https://www.fatf-gafi.org/en/publications/mutualevaluations.html|candidate-not-ingested,No reviewed country-comparable terrorism/proliferation threat dataset is currently checked in; FATF listing status remains a separate overlay.
YE,Yemen,Middle East,trafficking,Trafficking,unavailable,false,,,,,,,,,United Nations Office on Drugs and Crime|https://dataunodc.un.org/|candidate-not-ingested,No reviewed country-level trafficking dataset is currently checked in; no risk value is inferred.
YE,Yemen,Middle East,financial-secrecy-offshore,Financial secrecy and offshore exposure,unavailable,false,,,,,,,,,OECD Global Forum on Transparency and Exchange of Information for Tax Purposes|https://www.oecd.org/tax/transparency/|candidate-not-ingested,"No reviewed, licence-clean financial-secrecy index is currently checked in; jurisdiction type alone is not used as a proxy."
YE,Yemen,Middle East,tax-cooperation,Tax cooperation,available,false,categorical,Not listed in EU Annex I,not-listed,Council of the European Union,https://www.consilium.europa.eu/en/policies/eu-list-of-non-cooperative-jurisdictions/,,2026-02-17,2026-02-17,"Council of the European Union|https://www.consilium.europa.eu/en/policies/eu-list-of-non-cooperative-jurisdictions/|checked-in-snapshot,OECD Global Forum on Transparency and Exchange of Information for Tax Purposes|https://www.oecd.org/tax/transparency/|candidate-not-ingested","Annex I is a political/legal tax-cooperation list, not a general AML, corruption, or country-risk score."
YE,Yemen,Middle East,political-stability-conflict,Political stability and conflict,available,false,percentile,19/100 WGI percentile,19,World Bank Worldwide Governance Indicators,https://www.worldbank.org/en/publication/worldwide-governance-indicators,CC BY 4.0 — World Bank WGI,2024,2026-08-13T11:45:25.085Z,World Bank Worldwide Governance Indicators|https://www.worldbank.org/en/publication/worldwide-governance-indicators|checked-in-snapshot,"WGI is an institutional perception indicator, not a conflict event feed or a prediction of future violence."
YE,Yemen,Middle East,beneficial-ownership,Beneficial ownership,unavailable,false,,,,,,,,,Open Ownership|https://www.openownership.org/en/map/|checked-in-snapshot,"The Open Ownership map is a live-register snapshot and absence means no register was identified in that snapshot, not that no register exists."
JE,Jersey,Offshore / IFC,organised-crime,Organised crime,unavailable,false,,,,,,,,,United Nations Office on Drugs and Crime|https://dataunodc.un.org/|candidate-not-ingested,No reviewed country-level organised-crime dataset is currently checked in; no risk value is inferred.
JE,Jersey,Offshore / IFC,fraud-cybercrime,Fraud and cybercrime,unavailable,false,,,,,,,,,International Telecommunication Union|https://www.itu.int/en/ITU-D/Cybersecurity/Pages/global-cybersecurity-index.aspx|candidate-not-ingested,No reviewed country-level fraud or cybercrime dataset is currently checked in; no risk value is inferred.
JE,Jersey,Offshore / IFC,terrorism-proliferation,Terrorism and proliferation financing,unavailable,false,,,,,,,,,Financial Action Task Force|https://www.fatf-gafi.org/en/publications/mutualevaluations.html|candidate-not-ingested,No reviewed country-comparable terrorism/proliferation threat dataset is currently checked in; FATF listing status remains a separate overlay.
JE,Jersey,Offshore / IFC,trafficking,Trafficking,unavailable,false,,,,,,,,,United Nations Office on Drugs and Crime|https://dataunodc.un.org/|candidate-not-ingested,No reviewed country-level trafficking dataset is currently checked in; no risk value is inferred.
JE,Jersey,Offshore / IFC,financial-secrecy-offshore,Financial secrecy and offshore exposure,unavailable,false,,,,,,,,,OECD Global Forum on Transparency and Exchange of Information for Tax Purposes|https://www.oecd.org/tax/transparency/|candidate-not-ingested,"No reviewed, licence-clean financial-secrecy index is currently checked in; jurisdiction type alone is not used as a proxy."
JE,Jersey,Offshore / IFC,tax-cooperation,Tax cooperation,available,false,categorical,Not listed in EU Annex I,not-listed,Council of the European Union,https://www.consilium.europa.eu/en/policies/eu-list-of-non-cooperative-jurisdictions/,,2026-02-17,2026-02-17,"Council of the European Union|https://www.consilium.europa.eu/en/policies/eu-list-of-non-cooperative-jurisdictions/|checked-in-snapshot,OECD Global Forum on Transparency and Exchange of Information for Tax Purposes|https://www.oecd.org/tax/transparency/|candidate-not-ingested","Annex I is a political/legal tax-cooperation list, not a general AML, corruption, or country-risk score."
JE,Jersey,Offshore / IFC,political-stability-conflict,Political stability and conflict,available,false,percentile,91/100 WGI percentile,91,World Bank Worldwide Governance Indicators,https://www.worldbank.org/en/publication/worldwide-governance-indicators,CC BY 4.0 — World Bank WGI,2024,2026-08-13T11:45:25.085Z,World Bank Worldwide Governance Indicators|https://www.worldbank.org/en/publication/worldwide-governance-indicators|checked-in-snapshot,"WGI is an institutional perception indicator, not a conflict event feed or a prediction of future violence."
JE,Jersey,Offshore / IFC,beneficial-ownership,Beneficial ownership,available,false,register,Register accessible for due diligence,cdd-accessible,Open Ownership,https://www.openownership.org/en/map/,CC BY 4.0 (Open Ownership),2026-08-23T10:55:05.203Z,2026-08-23T10:55:05.203Z,Open Ownership|https://www.openownership.org/en/map/|checked-in-snapshot,"The Open Ownership map is a live-register snapshot and absence means no register was identified in that snapshot, not that no register exists."
GG,Guernsey,Offshore / IFC,organised-crime,Organised crime,unavailable,false,,,,,,,,,United Nations Office on Drugs and Crime|https://dataunodc.un.org/|candidate-not-ingested,No reviewed country-level organised-crime dataset is currently checked in; no risk value is inferred.
GG,Guernsey,Offshore / IFC,fraud-cybercrime,Fraud and cybercrime,unavailable,false,,,,,,,,,International Telecommunication Union|https://www.itu.int/en/ITU-D/Cybersecurity/Pages/global-cybersecurity-index.aspx|candidate-not-ingested,No reviewed country-level fraud or cybercrime dataset is currently checked in; no risk value is inferred.
GG,Guernsey,Offshore / IFC,terrorism-proliferation,Terrorism and proliferation financing,unavailable,false,,,,,,,,,Financial Action Task Force|https://www.fatf-gafi.org/en/publications/mutualevaluations.html|candidate-not-ingested,No reviewed country-comparable terrorism/proliferation threat dataset is currently checked in; FATF listing status remains a separate overlay.
GG,Guernsey,Offshore / IFC,trafficking,Trafficking,unavailable,false,,,,,,,,,United Nations Office on Drugs and Crime|https://dataunodc.un.org/|candidate-not-ingested,No reviewed country-level trafficking dataset is currently checked in; no risk value is inferred.
GG,Guernsey,Offshore / IFC,financial-secrecy-offshore,Financial secrecy and offshore exposure,unavailable,false,,,,,,,,,OECD Global Forum on Transparency and Exchange of Information for Tax Purposes|https://www.oecd.org/tax/transparency/|candidate-not-ingested,"No reviewed, licence-clean financial-secrecy index is currently checked in; jurisdiction type alone is not used as a proxy."
GG,Guernsey,Offshore / IFC,tax-cooperation,Tax cooperation,available,false,categorical,Not listed in EU Annex I,not-listed,Council of the European Union,https://www.consilium.europa.eu/en/policies/eu-list-of-non-cooperative-jurisdictions/,,2026-02-17,2026-02-17,"Council of the European Union|https://www.consilium.europa.eu/en/policies/eu-list-of-non-cooperative-jurisdictions/|checked-in-snapshot,OECD Global Forum on Transparency and Exchange of Information for Tax Purposes|https://www.oecd.org/tax/transparency/|candidate-not-ingested","Annex I is a political/legal tax-cooperation list, not a general AML, corruption, or country-risk score."
GG,Guernsey,Offshore / IFC,political-stability-conflict,Political stability and conflict,unavailable,false,,,,,,,,,World Bank Worldwide Governance Indicators|https://www.worldbank.org/en/publication/worldwide-governance-indicators|checked-in-snapshot,"WGI is an institutional perception indicator, not a conflict event feed or a prediction of future violence."
GG,Guernsey,Offshore / IFC,beneficial-ownership,Beneficial ownership,available,false,register,Register restricted to authorities,authorities-only,Open Ownership,https://www.openownership.org/en/map/,CC BY 4.0 (Open Ownership),2026-08-23T10:55:05.203Z,2026-08-23T10:55:05.203Z,Open Ownership|https://www.openownership.org/en/map/|checked-in-snapshot,"The Open Ownership map is a live-register snapshot and absence means no register was identified in that snapshot, not that no register exists."
IM,Isle of Man,Offshore / IFC,organised-crime,Organised crime,unavailable,false,,,,,,,,,United Nations Office on Drugs and Crime|https://dataunodc.un.org/|candidate-not-ingested,No reviewed country-level organised-crime dataset is currently checked in; no risk value is inferred.
IM,Isle of Man,Offshore / IFC,fraud-cybercrime,Fraud and cybercrime,unavailable,false,,,,,,,,,International Telecommunication Union|https://www.itu.int/en/ITU-D/Cybersecurity/Pages/global-cybersecurity-index.aspx|candidate-not-ingested,No reviewed country-level fraud or cybercrime dataset is currently checked in; no risk value is inferred.
IM,Isle of Man,Offshore / IFC,terrorism-proliferation,Terrorism and proliferation financing,unavailable,false,,,,,,,,,Financial Action Task Force|https://www.fatf-gafi.org/en/publications/mutualevaluations.html|candidate-not-ingested,No reviewed country-comparable terrorism/proliferation threat dataset is currently checked in; FATF listing status remains a separate overlay.
IM,Isle of Man,Offshore / IFC,trafficking,Trafficking,unavailable,false,,,,,,,,,United Nations Office on Drugs and Crime|https://dataunodc.un.org/|candidate-not-ingested,No reviewed country-level trafficking dataset is currently checked in; no risk value is inferred.
IM,Isle of Man,Offshore / IFC,financial-secrecy-offshore,Financial secrecy and offshore exposure,unavailable,false,,,,,,,,,OECD Global Forum on Transparency and Exchange of Information for Tax Purposes|https://www.oecd.org/tax/transparency/|candidate-not-ingested,"No reviewed, licence-clean financial-secrecy index is currently checked in; jurisdiction type alone is not used as a proxy."
IM,Isle of Man,Offshore / IFC,tax-cooperation,Tax cooperation,available,false,categorical,Not listed in EU Annex I,not-listed,Council of the European Union,https://www.consilium.europa.eu/en/policies/eu-list-of-non-cooperative-jurisdictions/,,2026-02-17,2026-02-17,"Council of the European Union|https://www.consilium.europa.eu/en/policies/eu-list-of-non-cooperative-jurisdictions/|checked-in-snapshot,OECD Global Forum on Transparency and Exchange of Information for Tax Purposes|https://www.oecd.org/tax/transparency/|candidate-not-ingested","Annex I is a political/legal tax-cooperation list, not a general AML, corruption, or country-risk score."
IM,Isle of Man,Offshore / IFC,political-stability-conflict,Political stability and conflict,unavailable,false,,,,,,,,,World Bank Worldwide Governance Indicators|https://www.worldbank.org/en/publication/worldwide-governance-indicators|checked-in-snapshot,"WGI is an institutional perception indicator, not a conflict event feed or a prediction of future violence."
IM,Isle of Man,Offshore / IFC,beneficial-ownership,Beneficial ownership,available,false,register,Register restricted to authorities,authorities-only,Open Ownership,https://www.openownership.org/en/map/,CC BY 4.0 (Open Ownership),2026-08-23T10:55:05.203Z,2026-08-23T10:55:05.203Z,Open Ownership|https://www.openownership.org/en/map/|checked-in-snapshot,"The Open Ownership map is a live-register snapshot and absence means no register was identified in that snapshot, not that no register exists."
GI,Gibraltar,Offshore / IFC,organised-crime,Organised crime,unavailable,false,,,,,,,,,United Nations Office on Drugs and Crime|https://dataunodc.un.org/|candidate-not-ingested,No reviewed country-level organised-crime dataset is currently checked in; no risk value is inferred.
GI,Gibraltar,Offshore / IFC,fraud-cybercrime,Fraud and cybercrime,unavailable,false,,,,,,,,,International Telecommunication Union|https://www.itu.int/en/ITU-D/Cybersecurity/Pages/global-cybersecurity-index.aspx|candidate-not-ingested,No reviewed country-level fraud or cybercrime dataset is currently checked in; no risk value is inferred.
GI,Gibraltar,Offshore / IFC,terrorism-proliferation,Terrorism and proliferation financing,unavailable,false,,,,,,,,,Financial Action Task Force|https://www.fatf-gafi.org/en/publications/mutualevaluations.html|candidate-not-ingested,No reviewed country-comparable terrorism/proliferation threat dataset is currently checked in; FATF listing status remains a separate overlay.
GI,Gibraltar,Offshore / IFC,trafficking,Trafficking,unavailable,false,,,,,,,,,United Nations Office on Drugs and Crime|https://dataunodc.un.org/|candidate-not-ingested,No reviewed country-level trafficking dataset is currently checked in; no risk value is inferred.
GI,Gibraltar,Offshore / IFC,financial-secrecy-offshore,Financial secrecy and offshore exposure,unavailable,false,,,,,,,,,OECD Global Forum on Transparency and Exchange of Information for Tax Purposes|https://www.oecd.org/tax/transparency/|candidate-not-ingested,"No reviewed, licence-clean financial-secrecy index is currently checked in; jurisdiction type alone is not used as a proxy."
GI,Gibraltar,Offshore / IFC,tax-cooperation,Tax cooperation,available,false,categorical,Not listed in EU Annex I,not-listed,Council of the European Union,https://www.consilium.europa.eu/en/policies/eu-list-of-non-cooperative-jurisdictions/,,2026-02-17,2026-02-17,"Council of the European Union|https://www.consilium.europa.eu/en/policies/eu-list-of-non-cooperative-jurisdictions/|checked-in-snapshot,OECD Global Forum on Transparency and Exchange of Information for Tax Purposes|https://www.oecd.org/tax/transparency/|candidate-not-ingested","Annex I is a political/legal tax-cooperation list, not a general AML, corruption, or country-risk score."
GI,Gibraltar,Offshore / IFC,political-stability-conflict,Political stability and conflict,unavailable,false,,,,,,,,,World Bank Worldwide Governance Indicators|https://www.worldbank.org/en/publication/worldwide-governance-indicators|checked-in-snapshot,"WGI is an institutional perception indicator, not a conflict event feed or a prediction of future violence."
GI,Gibraltar,Offshore / IFC,beneficial-ownership,Beneficial ownership,available,false,register,Register accessible for due diligence,cdd-accessible,Open Ownership,https://www.openownership.org/en/map/,CC BY 4.0 (Open Ownership),2026-08-23T10:55:05.203Z,2026-08-23T10:55:05.203Z,Open Ownership|https://www.openownership.org/en/map/|checked-in-snapshot,"The Open Ownership map is a live-register snapshot and absence means no register was identified in that snapshot, not that no register exists."
KY,Cayman Islands,Offshore / IFC,organised-crime,Organised crime,unavailable,false,,,,,,,,,United Nations Office on Drugs and Crime|https://dataunodc.un.org/|candidate-not-ingested,No reviewed country-level organised-crime dataset is currently checked in; no risk value is inferred.
KY,Cayman Islands,Offshore / IFC,fraud-cybercrime,Fraud and cybercrime,unavailable,false,,,,,,,,,International Telecommunication Union|https://www.itu.int/en/ITU-D/Cybersecurity/Pages/global-cybersecurity-index.aspx|candidate-not-ingested,No reviewed country-level fraud or cybercrime dataset is currently checked in; no risk value is inferred.
KY,Cayman Islands,Offshore / IFC,terrorism-proliferation,Terrorism and proliferation financing,unavailable,false,,,,,,,,,Financial Action Task Force|https://www.fatf-gafi.org/en/publications/mutualevaluations.html|candidate-not-ingested,No reviewed country-comparable terrorism/proliferation threat dataset is currently checked in; FATF listing status remains a separate overlay.
KY,Cayman Islands,Offshore / IFC,trafficking,Trafficking,unavailable,false,,,,,,,,,United Nations Office on Drugs and Crime|https://dataunodc.un.org/|candidate-not-ingested,No reviewed country-level trafficking dataset is currently checked in; no risk value is inferred.
KY,Cayman Islands,Offshore / IFC,financial-secrecy-offshore,Financial secrecy and offshore exposure,unavailable,false,,,,,,,,,OECD Global Forum on Transparency and Exchange of Information for Tax Purposes|https://www.oecd.org/tax/transparency/|candidate-not-ingested,"No reviewed, licence-clean financial-secrecy index is currently checked in; jurisdiction type alone is not used as a proxy."
KY,Cayman Islands,Offshore / IFC,tax-cooperation,Tax cooperation,available,false,categorical,Not listed in EU Annex I,not-listed,Council of the European Union,https://www.consilium.europa.eu/en/policies/eu-list-of-non-cooperative-jurisdictions/,,2026-02-17,2026-02-17,"Council of the European Union|https://www.consilium.europa.eu/en/policies/eu-list-of-non-cooperative-jurisdictions/|checked-in-snapshot,OECD Global Forum on Transparency and Exchange of Information for Tax Purposes|https://www.oecd.org/tax/transparency/|candidate-not-ingested","Annex I is a political/legal tax-cooperation list, not a general AML, corruption, or country-risk score."
KY,Cayman Islands,Offshore / IFC,political-stability-conflict,Political stability and conflict,available,false,percentile,91/100 WGI percentile,91,World Bank Worldwide Governance Indicators,https://www.worldbank.org/en/publication/worldwide-governance-indicators,CC BY 4.0 — World Bank WGI,2024,2026-08-13T11:45:25.085Z,World Bank Worldwide Governance Indicators|https://www.worldbank.org/en/publication/worldwide-governance-indicators|checked-in-snapshot,"WGI is an institutional perception indicator, not a conflict event feed or a prediction of future violence."
KY,Cayman Islands,Offshore / IFC,beneficial-ownership,Beneficial ownership,available,false,register,Register accessible for due diligence,cdd-accessible,Open Ownership,https://www.openownership.org/en/map/,CC BY 4.0 (Open Ownership),2026-08-23T10:55:05.203Z,2026-08-23T10:55:05.203Z,Open Ownership|https://www.openownership.org/en/map/|checked-in-snapshot,"The Open Ownership map is a live-register snapshot and absence means no register was identified in that snapshot, not that no register exists."
BM,Bermuda,Offshore / IFC,organised-crime,Organised crime,unavailable,false,,,,,,,,,United Nations Office on Drugs and Crime|https://dataunodc.un.org/|candidate-not-ingested,No reviewed country-level organised-crime dataset is currently checked in; no risk value is inferred.
BM,Bermuda,Offshore / IFC,fraud-cybercrime,Fraud and cybercrime,unavailable,false,,,,,,,,,International Telecommunication Union|https://www.itu.int/en/ITU-D/Cybersecurity/Pages/global-cybersecurity-index.aspx|candidate-not-ingested,No reviewed country-level fraud or cybercrime dataset is currently checked in; no risk value is inferred.
BM,Bermuda,Offshore / IFC,terrorism-proliferation,Terrorism and proliferation financing,unavailable,false,,,,,,,,,Financial Action Task Force|https://www.fatf-gafi.org/en/publications/mutualevaluations.html|candidate-not-ingested,No reviewed country-comparable terrorism/proliferation threat dataset is currently checked in; FATF listing status remains a separate overlay.
BM,Bermuda,Offshore / IFC,trafficking,Trafficking,unavailable,false,,,,,,,,,United Nations Office on Drugs and Crime|https://dataunodc.un.org/|candidate-not-ingested,No reviewed country-level trafficking dataset is currently checked in; no risk value is inferred.
BM,Bermuda,Offshore / IFC,financial-secrecy-offshore,Financial secrecy and offshore exposure,unavailable,false,,,,,,,,,OECD Global Forum on Transparency and Exchange of Information for Tax Purposes|https://www.oecd.org/tax/transparency/|candidate-not-ingested,"No reviewed, licence-clean financial-secrecy index is currently checked in; jurisdiction type alone is not used as a proxy."
BM,Bermuda,Offshore / IFC,tax-cooperation,Tax cooperation,available,false,categorical,Not listed in EU Annex I,not-listed,Council of the European Union,https://www.consilium.europa.eu/en/policies/eu-list-of-non-cooperative-jurisdictions/,,2026-02-17,2026-02-17,"Council of the European Union|https://www.consilium.europa.eu/en/policies/eu-list-of-non-cooperative-jurisdictions/|checked-in-snapshot,OECD Global Forum on Transparency and Exchange of Information for Tax Purposes|https://www.oecd.org/tax/transparency/|candidate-not-ingested","Annex I is a political/legal tax-cooperation list, not a general AML, corruption, or country-risk score."
BM,Bermuda,Offshore / IFC,political-stability-conflict,Political stability and conflict,available,false,percentile,82/100 WGI percentile,82,World Bank Worldwide Governance Indicators,https://www.worldbank.org/en/publication/worldwide-governance-indicators,CC BY 4.0 — World Bank WGI,2024,2026-08-13T11:45:25.085Z,World Bank Worldwide Governance Indicators|https://www.worldbank.org/en/publication/worldwide-governance-indicators|checked-in-snapshot,"WGI is an institutional perception indicator, not a conflict event feed or a prediction of future violence."
BM,Bermuda,Offshore / IFC,beneficial-ownership,Beneficial ownership,available,false,register,Register restricted to authorities,authorities-only,Open Ownership,https://www.openownership.org/en/map/,CC BY 4.0 (Open Ownership),2026-08-23T10:55:05.203Z,2026-08-23T10:55:05.203Z,Open Ownership|https://www.openownership.org/en/map/|checked-in-snapshot,"The Open Ownership map is a live-register snapshot and absence means no register was identified in that snapshot, not that no register exists."
VG,British Virgin Islands,Offshore / IFC,organised-crime,Organised crime,unavailable,false,,,,,,,,,United Nations Office on Drugs and Crime|https://dataunodc.un.org/|candidate-not-ingested,No reviewed country-level organised-crime dataset is currently checked in; no risk value is inferred.
VG,British Virgin Islands,Offshore / IFC,fraud-cybercrime,Fraud and cybercrime,unavailable,false,,,,,,,,,International Telecommunication Union|https://www.itu.int/en/ITU-D/Cybersecurity/Pages/global-cybersecurity-index.aspx|candidate-not-ingested,No reviewed country-level fraud or cybercrime dataset is currently checked in; no risk value is inferred.
VG,British Virgin Islands,Offshore / IFC,terrorism-proliferation,Terrorism and proliferation financing,unavailable,false,,,,,,,,,Financial Action Task Force|https://www.fatf-gafi.org/en/publications/mutualevaluations.html|candidate-not-ingested,No reviewed country-comparable terrorism/proliferation threat dataset is currently checked in; FATF listing status remains a separate overlay.
VG,British Virgin Islands,Offshore / IFC,trafficking,Trafficking,unavailable,false,,,,,,,,,United Nations Office on Drugs and Crime|https://dataunodc.un.org/|candidate-not-ingested,No reviewed country-level trafficking dataset is currently checked in; no risk value is inferred.
VG,British Virgin Islands,Offshore / IFC,financial-secrecy-offshore,Financial secrecy and offshore exposure,unavailable,false,,,,,,,,,OECD Global Forum on Transparency and Exchange of Information for Tax Purposes|https://www.oecd.org/tax/transparency/|candidate-not-ingested,"No reviewed, licence-clean financial-secrecy index is currently checked in; jurisdiction type alone is not used as a proxy."
VG,British Virgin Islands,Offshore / IFC,tax-cooperation,Tax cooperation,available,false,categorical,Not listed in EU Annex I,not-listed,Council of the European Union,https://www.consilium.europa.eu/en/policies/eu-list-of-non-cooperative-jurisdictions/,,2026-02-17,2026-02-17,"Council of the European Union|https://www.consilium.europa.eu/en/policies/eu-list-of-non-cooperative-jurisdictions/|checked-in-snapshot,OECD Global Forum on Transparency and Exchange of Information for Tax Purposes|https://www.oecd.org/tax/transparency/|candidate-not-ingested","Annex I is a political/legal tax-cooperation list, not a general AML, corruption, or country-risk score."
VG,British Virgin Islands,Offshore / IFC,political-stability-conflict,Political stability and conflict,unavailable,false,,,,,,,,,World Bank Worldwide Governance Indicators|https://www.worldbank.org/en/publication/worldwide-governance-indicators|checked-in-snapshot,"WGI is an institutional perception indicator, not a conflict event feed or a prediction of future violence."
VG,British Virgin Islands,Offshore / IFC,beneficial-ownership,Beneficial ownership,available,false,register,Register restricted to authorities,authorities-only,Open Ownership,https://www.openownership.org/en/map/,CC BY 4.0 (Open Ownership),2026-08-23T10:55:05.203Z,2026-08-23T10:55:05.203Z,Open Ownership|https://www.openownership.org/en/map/|checked-in-snapshot,"The Open Ownership map is a live-register snapshot and absence means no register was identified in that snapshot, not that no register exists."
TC,Turks and Caicos Islands,Offshore / IFC,organised-crime,Organised crime,unavailable,false,,,,,,,,,United Nations Office on Drugs and Crime|https://dataunodc.un.org/|candidate-not-ingested,No reviewed country-level organised-crime dataset is currently checked in; no risk value is inferred.
TC,Turks and Caicos Islands,Offshore / IFC,fraud-cybercrime,Fraud and cybercrime,unavailable,false,,,,,,,,,International Telecommunication Union|https://www.itu.int/en/ITU-D/Cybersecurity/Pages/global-cybersecurity-index.aspx|candidate-not-ingested,No reviewed country-level fraud or cybercrime dataset is currently checked in; no risk value is inferred.
TC,Turks and Caicos Islands,Offshore / IFC,terrorism-proliferation,Terrorism and proliferation financing,unavailable,false,,,,,,,,,Financial Action Task Force|https://www.fatf-gafi.org/en/publications/mutualevaluations.html|candidate-not-ingested,No reviewed country-comparable terrorism/proliferation threat dataset is currently checked in; FATF listing status remains a separate overlay.
TC,Turks and Caicos Islands,Offshore / IFC,trafficking,Trafficking,unavailable,false,,,,,,,,,United Nations Office on Drugs and Crime|https://dataunodc.un.org/|candidate-not-ingested,No reviewed country-level trafficking dataset is currently checked in; no risk value is inferred.
TC,Turks and Caicos Islands,Offshore / IFC,financial-secrecy-offshore,Financial secrecy and offshore exposure,unavailable,false,,,,,,,,,OECD Global Forum on Transparency and Exchange of Information for Tax Purposes|https://www.oecd.org/tax/transparency/|candidate-not-ingested,"No reviewed, licence-clean financial-secrecy index is currently checked in; jurisdiction type alone is not used as a proxy."
TC,Turks and Caicos Islands,Offshore / IFC,tax-cooperation,Tax cooperation,available,false,categorical,EU Annex I listed,listed,Council of the European Union,https://www.consilium.europa.eu/en/policies/eu-list-of-non-cooperative-jurisdictions/,,2026-02-17,2026-02-17,"Council of the European Union|https://www.consilium.europa.eu/en/policies/eu-list-of-non-cooperative-jurisdictions/|checked-in-snapshot,OECD Global Forum on Transparency and Exchange of Information for Tax Purposes|https://www.oecd.org/tax/transparency/|candidate-not-ingested","Annex I is a political/legal tax-cooperation list, not a general AML, corruption, or country-risk score."
TC,Turks and Caicos Islands,Offshore / IFC,political-stability-conflict,Political stability and conflict,unavailable,false,,,,,,,,,World Bank Worldwide Governance Indicators|https://www.worldbank.org/en/publication/worldwide-governance-indicators|checked-in-snapshot,"WGI is an institutional perception indicator, not a conflict event feed or a prediction of future violence."
TC,Turks and Caicos Islands,Offshore / IFC,beneficial-ownership,Beneficial ownership,available,false,register,Register open to civil society only,civil-society,Open Ownership,https://www.openownership.org/en/map/,CC BY 4.0 (Open Ownership),2026-08-23T10:55:05.203Z,2026-08-23T10:55:05.203Z,Open Ownership|https://www.openownership.org/en/map/|checked-in-snapshot,"The Open Ownership map is a live-register snapshot and absence means no register was identified in that snapshot, not that no register exists."
AI,Anguilla,Offshore / IFC,organised-crime,Organised crime,unavailable,false,,,,,,,,,United Nations Office on Drugs and Crime|https://dataunodc.un.org/|candidate-not-ingested,No reviewed country-level organised-crime dataset is currently checked in; no risk value is inferred.
AI,Anguilla,Offshore / IFC,fraud-cybercrime,Fraud and cybercrime,unavailable,false,,,,,,,,,International Telecommunication Union|https://www.itu.int/en/ITU-D/Cybersecurity/Pages/global-cybersecurity-index.aspx|candidate-not-ingested,No reviewed country-level fraud or cybercrime dataset is currently checked in; no risk value is inferred.
AI,Anguilla,Offshore / IFC,terrorism-proliferation,Terrorism and proliferation financing,unavailable,false,,,,,,,,,Financial Action Task Force|https://www.fatf-gafi.org/en/publications/mutualevaluations.html|candidate-not-ingested,No reviewed country-comparable terrorism/proliferation threat dataset is currently checked in; FATF listing status remains a separate overlay.
AI,Anguilla,Offshore / IFC,trafficking,Trafficking,unavailable,false,,,,,,,,,United Nations Office on Drugs and Crime|https://dataunodc.un.org/|candidate-not-ingested,No reviewed country-level trafficking dataset is currently checked in; no risk value is inferred.
AI,Anguilla,Offshore / IFC,financial-secrecy-offshore,Financial secrecy and offshore exposure,unavailable,false,,,,,,,,,OECD Global Forum on Transparency and Exchange of Information for Tax Purposes|https://www.oecd.org/tax/transparency/|candidate-not-ingested,"No reviewed, licence-clean financial-secrecy index is currently checked in; jurisdiction type alone is not used as a proxy."
AI,Anguilla,Offshore / IFC,tax-cooperation,Tax cooperation,available,false,categorical,EU Annex I listed,listed,Council of the European Union,https://www.consilium.europa.eu/en/policies/eu-list-of-non-cooperative-jurisdictions/,,2026-02-17,2026-02-17,"Council of the European Union|https://www.consilium.europa.eu/en/policies/eu-list-of-non-cooperative-jurisdictions/|checked-in-snapshot,OECD Global Forum on Transparency and Exchange of Information for Tax Purposes|https://www.oecd.org/tax/transparency/|candidate-not-ingested","Annex I is a political/legal tax-cooperation list, not a general AML, corruption, or country-risk score."
AI,Anguilla,Offshore / IFC,political-stability-conflict,Political stability and conflict,available,false,percentile,89/100 WGI percentile,89,World Bank Worldwide Governance Indicators,https://www.worldbank.org/en/publication/worldwide-governance-indicators,CC BY 4.0 — World Bank WGI,2024,2026-08-13T11:45:25.085Z,World Bank Worldwide Governance Indicators|https://www.worldbank.org/en/publication/worldwide-governance-indicators|checked-in-snapshot,"WGI is an institutional perception indicator, not a conflict event feed or a prediction of future violence."
AI,Anguilla,Offshore / IFC,beneficial-ownership,Beneficial ownership,available,false,register,Register restricted to authorities,authorities-only,Open Ownership,https://www.openownership.org/en/map/,CC BY 4.0 (Open Ownership),2026-08-23T10:55:05.203Z,2026-08-23T10:55:05.203Z,Open Ownership|https://www.openownership.org/en/map/|checked-in-snapshot,"The Open Ownership map is a live-register snapshot and absence means no register was identified in that snapshot, not that no register exists."
MS,Montserrat,Offshore / IFC,organised-crime,Organised crime,unavailable,false,,,,,,,,,United Nations Office on Drugs and Crime|https://dataunodc.un.org/|candidate-not-ingested,No reviewed country-level organised-crime dataset is currently checked in; no risk value is inferred.
MS,Montserrat,Offshore / IFC,fraud-cybercrime,Fraud and cybercrime,unavailable,false,,,,,,,,,International Telecommunication Union|https://www.itu.int/en/ITU-D/Cybersecurity/Pages/global-cybersecurity-index.aspx|candidate-not-ingested,No reviewed country-level fraud or cybercrime dataset is currently checked in; no risk value is inferred.
MS,Montserrat,Offshore / IFC,terrorism-proliferation,Terrorism and proliferation financing,unavailable,false,,,,,,,,,Financial Action Task Force|https://www.fatf-gafi.org/en/publications/mutualevaluations.html|candidate-not-ingested,No reviewed country-comparable terrorism/proliferation threat dataset is currently checked in; FATF listing status remains a separate overlay.
MS,Montserrat,Offshore / IFC,trafficking,Trafficking,unavailable,false,,,,,,,,,United Nations Office on Drugs and Crime|https://dataunodc.un.org/|candidate-not-ingested,No reviewed country-level trafficking dataset is currently checked in; no risk value is inferred.
MS,Montserrat,Offshore / IFC,financial-secrecy-offshore,Financial secrecy and offshore exposure,unavailable,false,,,,,,,,,OECD Global Forum on Transparency and Exchange of Information for Tax Purposes|https://www.oecd.org/tax/transparency/|candidate-not-ingested,"No reviewed, licence-clean financial-secrecy index is currently checked in; jurisdiction type alone is not used as a proxy."
MS,Montserrat,Offshore / IFC,tax-cooperation,Tax cooperation,available,false,categorical,Not listed in EU Annex I,not-listed,Council of the European Union,https://www.consilium.europa.eu/en/policies/eu-list-of-non-cooperative-jurisdictions/,,2026-02-17,2026-02-17,"Council of the European Union|https://www.consilium.europa.eu/en/policies/eu-list-of-non-cooperative-jurisdictions/|checked-in-snapshot,OECD Global Forum on Transparency and Exchange of Information for Tax Purposes|https://www.oecd.org/tax/transparency/|candidate-not-ingested","Annex I is a political/legal tax-cooperation list, not a general AML, corruption, or country-risk score."
MS,Montserrat,Offshore / IFC,political-stability-conflict,Political stability and conflict,unavailable,false,,,,,,,,,World Bank Worldwide Governance Indicators|https://www.worldbank.org/en/publication/worldwide-governance-indicators|checked-in-snapshot,"WGI is an institutional perception indicator, not a conflict event feed or a prediction of future violence."
MS,Montserrat,Offshore / IFC,beneficial-ownership,Beneficial ownership,available,false,register,Register access not recorded,unrecorded,Open Ownership,https://www.openownership.org/en/map/,CC BY 4.0 (Open Ownership),2026-08-23T10:55:05.203Z,2026-08-23T10:55:05.203Z,Open Ownership|https://www.openownership.org/en/map/|checked-in-snapshot,"The Open Ownership map is a live-register snapshot and absence means no register was identified in that snapshot, not that no register exists."
VI,US Virgin Islands,Offshore / IFC,organised-crime,Organised crime,unavailable,false,,,,,,,,,United Nations Office on Drugs and Crime|https://dataunodc.un.org/|candidate-not-ingested,No reviewed country-level organised-crime dataset is currently checked in; no risk value is inferred.
VI,US Virgin Islands,Offshore / IFC,fraud-cybercrime,Fraud and cybercrime,unavailable,false,,,,,,,,,International Telecommunication Union|https://www.itu.int/en/ITU-D/Cybersecurity/Pages/global-cybersecurity-index.aspx|candidate-not-ingested,No reviewed country-level fraud or cybercrime dataset is currently checked in; no risk value is inferred.
VI,US Virgin Islands,Offshore / IFC,terrorism-proliferation,Terrorism and proliferation financing,unavailable,false,,,,,,,,,Financial Action Task Force|https://www.fatf-gafi.org/en/publications/mutualevaluations.html|candidate-not-ingested,No reviewed country-comparable terrorism/proliferation threat dataset is currently checked in; FATF listing status remains a separate overlay.
VI,US Virgin Islands,Offshore / IFC,trafficking,Trafficking,unavailable,false,,,,,,,,,United Nations Office on Drugs and Crime|https://dataunodc.un.org/|candidate-not-ingested,No reviewed country-level trafficking dataset is currently checked in; no risk value is inferred.
VI,US Virgin Islands,Offshore / IFC,financial-secrecy-offshore,Financial secrecy and offshore exposure,unavailable,false,,,,,,,,,OECD Global Forum on Transparency and Exchange of Information for Tax Purposes|https://www.oecd.org/tax/transparency/|candidate-not-ingested,"No reviewed, licence-clean financial-secrecy index is currently checked in; jurisdiction type alone is not used as a proxy."
VI,US Virgin Islands,Offshore / IFC,tax-cooperation,Tax cooperation,available,false,categorical,EU Annex I listed,listed,Council of the European Union,https://www.consilium.europa.eu/en/policies/eu-list-of-non-cooperative-jurisdictions/,,2026-02-17,2026-02-17,"Council of the European Union|https://www.consilium.europa.eu/en/policies/eu-list-of-non-cooperative-jurisdictions/|checked-in-snapshot,OECD Global Forum on Transparency and Exchange of Information for Tax Purposes|https://www.oecd.org/tax/transparency/|candidate-not-ingested","Annex I is a political/legal tax-cooperation list, not a general AML, corruption, or country-risk score."
VI,US Virgin Islands,Offshore / IFC,political-stability-conflict,Political stability and conflict,available,false,percentile,82/100 WGI percentile,82,World Bank Worldwide Governance Indicators,https://www.worldbank.org/en/publication/worldwide-governance-indicators,CC BY 4.0 — World Bank WGI,2024,2026-08-13T11:45:25.085Z,World Bank Worldwide Governance Indicators|https://www.worldbank.org/en/publication/worldwide-governance-indicators|checked-in-snapshot,"WGI is an institutional perception indicator, not a conflict event feed or a prediction of future violence."
VI,US Virgin Islands,Offshore / IFC,beneficial-ownership,Beneficial ownership,unavailable,false,,,,,,,,,Open Ownership|https://www.openownership.org/en/map/|checked-in-snapshot,"The Open Ownership map is a live-register snapshot and absence means no register was identified in that snapshot, not that no register exists."
AS,American Samoa,Offshore / IFC,organised-crime,Organised crime,unavailable,false,,,,,,,,,United Nations Office on Drugs and Crime|https://dataunodc.un.org/|candidate-not-ingested,No reviewed country-level organised-crime dataset is currently checked in; no risk value is inferred.
AS,American Samoa,Offshore / IFC,fraud-cybercrime,Fraud and cybercrime,unavailable,false,,,,,,,,,International Telecommunication Union|https://www.itu.int/en/ITU-D/Cybersecurity/Pages/global-cybersecurity-index.aspx|candidate-not-ingested,No reviewed country-level fraud or cybercrime dataset is currently checked in; no risk value is inferred.
AS,American Samoa,Offshore / IFC,terrorism-proliferation,Terrorism and proliferation financing,unavailable,false,,,,,,,,,Financial Action Task Force|https://www.fatf-gafi.org/en/publications/mutualevaluations.html|candidate-not-ingested,No reviewed country-comparable terrorism/proliferation threat dataset is currently checked in; FATF listing status remains a separate overlay.
AS,American Samoa,Offshore / IFC,trafficking,Trafficking,unavailable,false,,,,,,,,,United Nations Office on Drugs and Crime|https://dataunodc.un.org/|candidate-not-ingested,No reviewed country-level trafficking dataset is currently checked in; no risk value is inferred.
AS,American Samoa,Offshore / IFC,financial-secrecy-offshore,Financial secrecy and offshore exposure,unavailable,false,,,,,,,,,OECD Global Forum on Transparency and Exchange of Information for Tax Purposes|https://www.oecd.org/tax/transparency/|candidate-not-ingested,"No reviewed, licence-clean financial-secrecy index is currently checked in; jurisdiction type alone is not used as a proxy."
AS,American Samoa,Offshore / IFC,tax-cooperation,Tax cooperation,available,false,categorical,EU Annex I listed,listed,Council of the European Union,https://www.consilium.europa.eu/en/policies/eu-list-of-non-cooperative-jurisdictions/,,2026-02-17,2026-02-17,"Council of the European Union|https://www.consilium.europa.eu/en/policies/eu-list-of-non-cooperative-jurisdictions/|checked-in-snapshot,OECD Global Forum on Transparency and Exchange of Information for Tax Purposes|https://www.oecd.org/tax/transparency/|candidate-not-ingested","Annex I is a political/legal tax-cooperation list, not a general AML, corruption, or country-risk score."
AS,American Samoa,Offshore / IFC,political-stability-conflict,Political stability and conflict,available,false,percentile,87/100 WGI percentile,87,World Bank Worldwide Governance Indicators,https://www.worldbank.org/en/publication/worldwide-governance-indicators,CC BY 4.0 — World Bank WGI,2024,2026-08-13T11:45:25.085Z,World Bank Worldwide Governance Indicators|https://www.worldbank.org/en/publication/worldwide-governance-indicators|checked-in-snapshot,"WGI is an institutional perception indicator, not a conflict event feed or a prediction of future violence."
AS,American Samoa,Offshore / IFC,beneficial-ownership,Beneficial ownership,unavailable,false,,,,,,,,,Open Ownership|https://www.openownership.org/en/map/|checked-in-snapshot,"The Open Ownership map is a live-register snapshot and absence means no register was identified in that snapshot, not that no register exists."
GU,Guam,Offshore / IFC,organised-crime,Organised crime,unavailable,false,,,,,,,,,United Nations Office on Drugs and Crime|https://dataunodc.un.org/|candidate-not-ingested,No reviewed country-level organised-crime dataset is currently checked in; no risk value is inferred.
GU,Guam,Offshore / IFC,fraud-cybercrime,Fraud and cybercrime,unavailable,false,,,,,,,,,International Telecommunication Union|https://www.itu.int/en/ITU-D/Cybersecurity/Pages/global-cybersecurity-index.aspx|candidate-not-ingested,No reviewed country-level fraud or cybercrime dataset is currently checked in; no risk value is inferred.
GU,Guam,Offshore / IFC,terrorism-proliferation,Terrorism and proliferation financing,unavailable,false,,,,,,,,,Financial Action Task Force|https://www.fatf-gafi.org/en/publications/mutualevaluations.html|candidate-not-ingested,No reviewed country-comparable terrorism/proliferation threat dataset is currently checked in; FATF listing status remains a separate overlay.
GU,Guam,Offshore / IFC,trafficking,Trafficking,unavailable,false,,,,,,,,,United Nations Office on Drugs and Crime|https://dataunodc.un.org/|candidate-not-ingested,No reviewed country-level trafficking dataset is currently checked in; no risk value is inferred.
GU,Guam,Offshore / IFC,financial-secrecy-offshore,Financial secrecy and offshore exposure,unavailable,false,,,,,,,,,OECD Global Forum on Transparency and Exchange of Information for Tax Purposes|https://www.oecd.org/tax/transparency/|candidate-not-ingested,"No reviewed, licence-clean financial-secrecy index is currently checked in; jurisdiction type alone is not used as a proxy."
GU,Guam,Offshore / IFC,tax-cooperation,Tax cooperation,available,false,categorical,EU Annex I listed,listed,Council of the European Union,https://www.consilium.europa.eu/en/policies/eu-list-of-non-cooperative-jurisdictions/,,2026-02-17,2026-02-17,"Council of the European Union|https://www.consilium.europa.eu/en/policies/eu-list-of-non-cooperative-jurisdictions/|checked-in-snapshot,OECD Global Forum on Transparency and Exchange of Information for Tax Purposes|https://www.oecd.org/tax/transparency/|candidate-not-ingested","Annex I is a political/legal tax-cooperation list, not a general AML, corruption, or country-risk score."
GU,Guam,Offshore / IFC,political-stability-conflict,Political stability and conflict,available,false,percentile,83/100 WGI percentile,83,World Bank Worldwide Governance Indicators,https://www.worldbank.org/en/publication/worldwide-governance-indicators,CC BY 4.0 — World Bank WGI,2024,2026-08-13T11:45:25.085Z,World Bank Worldwide Governance Indicators|https://www.worldbank.org/en/publication/worldwide-governance-indicators|checked-in-snapshot,"WGI is an institutional perception indicator, not a conflict event feed or a prediction of future violence."
GU,Guam,Offshore / IFC,beneficial-ownership,Beneficial ownership,unavailable,false,,,,,,,,,Open Ownership|https://www.openownership.org/en/map/|checked-in-snapshot,"The Open Ownership map is a live-register snapshot and absence means no register was identified in that snapshot, not that no register exists."
AW,Aruba,Offshore / IFC,organised-crime,Organised crime,unavailable,false,,,,,,,,,United Nations Office on Drugs and Crime|https://dataunodc.un.org/|candidate-not-ingested,No reviewed country-level organised-crime dataset is currently checked in; no risk value is inferred.
AW,Aruba,Offshore / IFC,fraud-cybercrime,Fraud and cybercrime,unavailable,false,,,,,,,,,International Telecommunication Union|https://www.itu.int/en/ITU-D/Cybersecurity/Pages/global-cybersecurity-index.aspx|candidate-not-ingested,No reviewed country-level fraud or cybercrime dataset is currently checked in; no risk value is inferred.
AW,Aruba,Offshore / IFC,terrorism-proliferation,Terrorism and proliferation financing,unavailable,false,,,,,,,,,Financial Action Task Force|https://www.fatf-gafi.org/en/publications/mutualevaluations.html|candidate-not-ingested,No reviewed country-comparable terrorism/proliferation threat dataset is currently checked in; FATF listing status remains a separate overlay.
AW,Aruba,Offshore / IFC,trafficking,Trafficking,unavailable,false,,,,,,,,,United Nations Office on Drugs and Crime|https://dataunodc.un.org/|candidate-not-ingested,No reviewed country-level trafficking dataset is currently checked in; no risk value is inferred.
AW,Aruba,Offshore / IFC,financial-secrecy-offshore,Financial secrecy and offshore exposure,unavailable,false,,,,,,,,,OECD Global Forum on Transparency and Exchange of Information for Tax Purposes|https://www.oecd.org/tax/transparency/|candidate-not-ingested,"No reviewed, licence-clean financial-secrecy index is currently checked in; jurisdiction type alone is not used as a proxy."
AW,Aruba,Offshore / IFC,tax-cooperation,Tax cooperation,available,false,categorical,Not listed in EU Annex I,not-listed,Council of the European Union,https://www.consilium.europa.eu/en/policies/eu-list-of-non-cooperative-jurisdictions/,,2026-02-17,2026-02-17,"Council of the European Union|https://www.consilium.europa.eu/en/policies/eu-list-of-non-cooperative-jurisdictions/|checked-in-snapshot,OECD Global Forum on Transparency and Exchange of Information for Tax Purposes|https://www.oecd.org/tax/transparency/|candidate-not-ingested","Annex I is a political/legal tax-cooperation list, not a general AML, corruption, or country-risk score."
AW,Aruba,Offshore / IFC,political-stability-conflict,Political stability and conflict,available,false,percentile,89/100 WGI percentile,89,World Bank Worldwide Governance Indicators,https://www.worldbank.org/en/publication/worldwide-governance-indicators,CC BY 4.0 — World Bank WGI,2024,2026-08-13T11:45:25.085Z,World Bank Worldwide Governance Indicators|https://www.worldbank.org/en/publication/worldwide-governance-indicators|checked-in-snapshot,"WGI is an institutional perception indicator, not a conflict event feed or a prediction of future violence."
AW,Aruba,Offshore / IFC,beneficial-ownership,Beneficial ownership,unavailable,false,,,,,,,,,Open Ownership|https://www.openownership.org/en/map/|checked-in-snapshot,"The Open Ownership map is a live-register snapshot and absence means no register was identified in that snapshot, not that no register exists."
CW,Curaçao,Offshore / IFC,organised-crime,Organised crime,unavailable,false,,,,,,,,,United Nations Office on Drugs and Crime|https://dataunodc.un.org/|candidate-not-ingested,No reviewed country-level organised-crime dataset is currently checked in; no risk value is inferred.
CW,Curaçao,Offshore / IFC,fraud-cybercrime,Fraud and cybercrime,unavailable,false,,,,,,,,,International Telecommunication Union|https://www.itu.int/en/ITU-D/Cybersecurity/Pages/global-cybersecurity-index.aspx|candidate-not-ingested,No reviewed country-level fraud or cybercrime dataset is currently checked in; no risk value is inferred.
CW,Curaçao,Offshore / IFC,terrorism-proliferation,Terrorism and proliferation financing,unavailable,false,,,,,,,,,Financial Action Task Force|https://www.fatf-gafi.org/en/publications/mutualevaluations.html|candidate-not-ingested,No reviewed country-comparable terrorism/proliferation threat dataset is currently checked in; FATF listing status remains a separate overlay.
CW,Curaçao,Offshore / IFC,trafficking,Trafficking,unavailable,false,,,,,,,,,United Nations Office on Drugs and Crime|https://dataunodc.un.org/|candidate-not-ingested,No reviewed country-level trafficking dataset is currently checked in; no risk value is inferred.
CW,Curaçao,Offshore / IFC,financial-secrecy-offshore,Financial secrecy and offshore exposure,unavailable,false,,,,,,,,,OECD Global Forum on Transparency and Exchange of Information for Tax Purposes|https://www.oecd.org/tax/transparency/|candidate-not-ingested,"No reviewed, licence-clean financial-secrecy index is currently checked in; jurisdiction type alone is not used as a proxy."
CW,Curaçao,Offshore / IFC,tax-cooperation,Tax cooperation,available,false,categorical,Not listed in EU Annex I,not-listed,Council of the European Union,https://www.consilium.europa.eu/en/policies/eu-list-of-non-cooperative-jurisdictions/,,2026-02-17,2026-02-17,"Council of the European Union|https://www.consilium.europa.eu/en/policies/eu-list-of-non-cooperative-jurisdictions/|checked-in-snapshot,OECD Global Forum on Transparency and Exchange of Information for Tax Purposes|https://www.oecd.org/tax/transparency/|candidate-not-ingested","Annex I is a political/legal tax-cooperation list, not a general AML, corruption, or country-risk score."
CW,Curaçao,Offshore / IFC,political-stability-conflict,Political stability and conflict,unavailable,false,,,,,,,,,World Bank Worldwide Governance Indicators|https://www.worldbank.org/en/publication/worldwide-governance-indicators|checked-in-snapshot,"WGI is an institutional perception indicator, not a conflict event feed or a prediction of future violence."
CW,Curaçao,Offshore / IFC,beneficial-ownership,Beneficial ownership,unavailable,false,,,,,,,,,Open Ownership|https://www.openownership.org/en/map/|checked-in-snapshot,"The Open Ownership map is a live-register snapshot and absence means no register was identified in that snapshot, not that no register exists."
SX,Sint Maarten,Offshore / IFC,organised-crime,Organised crime,unavailable,false,,,,,,,,,United Nations Office on Drugs and Crime|https://dataunodc.un.org/|candidate-not-ingested,No reviewed country-level organised-crime dataset is currently checked in; no risk value is inferred.
SX,Sint Maarten,Offshore / IFC,fraud-cybercrime,Fraud and cybercrime,unavailable,false,,,,,,,,,International Telecommunication Union|https://www.itu.int/en/ITU-D/Cybersecurity/Pages/global-cybersecurity-index.aspx|candidate-not-ingested,No reviewed country-level fraud or cybercrime dataset is currently checked in; no risk value is inferred.
SX,Sint Maarten,Offshore / IFC,terrorism-proliferation,Terrorism and proliferation financing,unavailable,false,,,,,,,,,Financial Action Task Force|https://www.fatf-gafi.org/en/publications/mutualevaluations.html|candidate-not-ingested,No reviewed country-comparable terrorism/proliferation threat dataset is currently checked in; FATF listing status remains a separate overlay.
SX,Sint Maarten,Offshore / IFC,trafficking,Trafficking,unavailable,false,,,,,,,,,United Nations Office on Drugs and Crime|https://dataunodc.un.org/|candidate-not-ingested,No reviewed country-level trafficking dataset is currently checked in; no risk value is inferred.
SX,Sint Maarten,Offshore / IFC,financial-secrecy-offshore,Financial secrecy and offshore exposure,unavailable,false,,,,,,,,,OECD Global Forum on Transparency and Exchange of Information for Tax Purposes|https://www.oecd.org/tax/transparency/|candidate-not-ingested,"No reviewed, licence-clean financial-secrecy index is currently checked in; jurisdiction type alone is not used as a proxy."
SX,Sint Maarten,Offshore / IFC,tax-cooperation,Tax cooperation,available,false,categorical,Not listed in EU Annex I,not-listed,Council of the European Union,https://www.consilium.europa.eu/en/policies/eu-list-of-non-cooperative-jurisdictions/,,2026-02-17,2026-02-17,"Council of the European Union|https://www.consilium.europa.eu/en/policies/eu-list-of-non-cooperative-jurisdictions/|checked-in-snapshot,OECD Global Forum on Transparency and Exchange of Information for Tax Purposes|https://www.oecd.org/tax/transparency/|candidate-not-ingested","Annex I is a political/legal tax-cooperation list, not a general AML, corruption, or country-risk score."
SX,Sint Maarten,Offshore / IFC,political-stability-conflict,Political stability and conflict,unavailable,false,,,,,,,,,World Bank Worldwide Governance Indicators|https://www.worldbank.org/en/publication/worldwide-governance-indicators|checked-in-snapshot,"WGI is an institutional perception indicator, not a conflict event feed or a prediction of future violence."
SX,Sint Maarten,Offshore / IFC,beneficial-ownership,Beneficial ownership,unavailable,false,,,,,,,,,Open Ownership|https://www.openownership.org/en/map/|checked-in-snapshot,"The Open Ownership map is a live-register snapshot and absence means no register was identified in that snapshot, not that no register exists."
BS,Bahamas,Offshore / IFC,organised-crime,Organised crime,unavailable,false,,,,,,,,,United Nations Office on Drugs and Crime|https://dataunodc.un.org/|candidate-not-ingested,No reviewed country-level organised-crime dataset is currently checked in; no risk value is inferred.
BS,Bahamas,Offshore / IFC,fraud-cybercrime,Fraud and cybercrime,unavailable,false,,,,,,,,,International Telecommunication Union|https://www.itu.int/en/ITU-D/Cybersecurity/Pages/global-cybersecurity-index.aspx|candidate-not-ingested,No reviewed country-level fraud or cybercrime dataset is currently checked in; no risk value is inferred.
BS,Bahamas,Offshore / IFC,terrorism-proliferation,Terrorism and proliferation financing,unavailable,false,,,,,,,,,Financial Action Task Force|https://www.fatf-gafi.org/en/publications/mutualevaluations.html|candidate-not-ingested,No reviewed country-comparable terrorism/proliferation threat dataset is currently checked in; FATF listing status remains a separate overlay.
BS,Bahamas,Offshore / IFC,trafficking,Trafficking,unavailable,false,,,,,,,,,United Nations Office on Drugs and Crime|https://dataunodc.un.org/|candidate-not-ingested,No reviewed country-level trafficking dataset is currently checked in; no risk value is inferred.
BS,Bahamas,Offshore / IFC,financial-secrecy-offshore,Financial secrecy and offshore exposure,unavailable,false,,,,,,,,,OECD Global Forum on Transparency and Exchange of Information for Tax Purposes|https://www.oecd.org/tax/transparency/|candidate-not-ingested,"No reviewed, licence-clean financial-secrecy index is currently checked in; jurisdiction type alone is not used as a proxy."
BS,Bahamas,Offshore / IFC,tax-cooperation,Tax cooperation,available,false,categorical,Not listed in EU Annex I,not-listed,Council of the European Union,https://www.consilium.europa.eu/en/policies/eu-list-of-non-cooperative-jurisdictions/,,2026-02-17,2026-02-17,"Council of the European Union|https://www.consilium.europa.eu/en/policies/eu-list-of-non-cooperative-jurisdictions/|checked-in-snapshot,OECD Global Forum on Transparency and Exchange of Information for Tax Purposes|https://www.oecd.org/tax/transparency/|candidate-not-ingested","Annex I is a political/legal tax-cooperation list, not a general AML, corruption, or country-risk score."
BS,Bahamas,Offshore / IFC,political-stability-conflict,Political stability and conflict,available,false,percentile,84/100 WGI percentile,84,World Bank Worldwide Governance Indicators,https://www.worldbank.org/en/publication/worldwide-governance-indicators,CC BY 4.0 — World Bank WGI,2024,2026-08-13T11:45:25.085Z,World Bank Worldwide Governance Indicators|https://www.worldbank.org/en/publication/worldwide-governance-indicators|checked-in-snapshot,"WGI is an institutional perception indicator, not a conflict event feed or a prediction of future violence."
BS,Bahamas,Offshore / IFC,beneficial-ownership,Beneficial ownership,unavailable,false,,,,,,,,,Open Ownership|https://www.openownership.org/en/map/|checked-in-snapshot,"The Open Ownership map is a live-register snapshot and absence means no register was identified in that snapshot, not that no register exists."
BB,Barbados,Offshore / IFC,organised-crime,Organised crime,unavailable,false,,,,,,,,,United Nations Office on Drugs and Crime|https://dataunodc.un.org/|candidate-not-ingested,No reviewed country-level organised-crime dataset is currently checked in; no risk value is inferred.
BB,Barbados,Offshore / IFC,fraud-cybercrime,Fraud and cybercrime,unavailable,false,,,,,,,,,International Telecommunication Union|https://www.itu.int/en/ITU-D/Cybersecurity/Pages/global-cybersecurity-index.aspx|candidate-not-ingested,No reviewed country-level fraud or cybercrime dataset is currently checked in; no risk value is inferred.
BB,Barbados,Offshore / IFC,terrorism-proliferation,Terrorism and proliferation financing,unavailable,false,,,,,,,,,Financial Action Task Force|https://www.fatf-gafi.org/en/publications/mutualevaluations.html|candidate-not-ingested,No reviewed country-comparable terrorism/proliferation threat dataset is currently checked in; FATF listing status remains a separate overlay.
BB,Barbados,Offshore / IFC,trafficking,Trafficking,unavailable,false,,,,,,,,,United Nations Office on Drugs and Crime|https://dataunodc.un.org/|candidate-not-ingested,No reviewed country-level trafficking dataset is currently checked in; no risk value is inferred.
BB,Barbados,Offshore / IFC,financial-secrecy-offshore,Financial secrecy and offshore exposure,unavailable,false,,,,,,,,,OECD Global Forum on Transparency and Exchange of Information for Tax Purposes|https://www.oecd.org/tax/transparency/|candidate-not-ingested,"No reviewed, licence-clean financial-secrecy index is currently checked in; jurisdiction type alone is not used as a proxy."
BB,Barbados,Offshore / IFC,tax-cooperation,Tax cooperation,available,false,categorical,Not listed in EU Annex I,not-listed,Council of the European Union,https://www.consilium.europa.eu/en/policies/eu-list-of-non-cooperative-jurisdictions/,,2026-02-17,2026-02-17,"Council of the European Union|https://www.consilium.europa.eu/en/policies/eu-list-of-non-cooperative-jurisdictions/|checked-in-snapshot,OECD Global Forum on Transparency and Exchange of Information for Tax Purposes|https://www.oecd.org/tax/transparency/|candidate-not-ingested","Annex I is a political/legal tax-cooperation list, not a general AML, corruption, or country-risk score."
BB,Barbados,Offshore / IFC,political-stability-conflict,Political stability and conflict,available,false,percentile,88/100 WGI percentile,88,World Bank Worldwide Governance Indicators,https://www.worldbank.org/en/publication/worldwide-governance-indicators,CC BY 4.0 — World Bank WGI,2024,2026-08-13T11:45:25.085Z,World Bank Worldwide Governance Indicators|https://www.worldbank.org/en/publication/worldwide-governance-indicators|checked-in-snapshot,"WGI is an institutional perception indicator, not a conflict event feed or a prediction of future violence."
BB,Barbados,Offshore / IFC,beneficial-ownership,Beneficial ownership,unavailable,false,,,,,,,,,Open Ownership|https://www.openownership.org/en/map/|checked-in-snapshot,"The Open Ownership map is a live-register snapshot and absence means no register was identified in that snapshot, not that no register exists."
AG,Antigua and Barbuda,Offshore / IFC,organised-crime,Organised crime,unavailable,false,,,,,,,,,United Nations Office on Drugs and Crime|https://dataunodc.un.org/|candidate-not-ingested,No reviewed country-level organised-crime dataset is currently checked in; no risk value is inferred.
AG,Antigua and Barbuda,Offshore / IFC,fraud-cybercrime,Fraud and cybercrime,unavailable,false,,,,,,,,,International Telecommunication Union|https://www.itu.int/en/ITU-D/Cybersecurity/Pages/global-cybersecurity-index.aspx|candidate-not-ingested,No reviewed country-level fraud or cybercrime dataset is currently checked in; no risk value is inferred.
AG,Antigua and Barbuda,Offshore / IFC,terrorism-proliferation,Terrorism and proliferation financing,unavailable,false,,,,,,,,,Financial Action Task Force|https://www.fatf-gafi.org/en/publications/mutualevaluations.html|candidate-not-ingested,No reviewed country-comparable terrorism/proliferation threat dataset is currently checked in; FATF listing status remains a separate overlay.
AG,Antigua and Barbuda,Offshore / IFC,trafficking,Trafficking,unavailable,false,,,,,,,,,United Nations Office on Drugs and Crime|https://dataunodc.un.org/|candidate-not-ingested,No reviewed country-level trafficking dataset is currently checked in; no risk value is inferred.
AG,Antigua and Barbuda,Offshore / IFC,financial-secrecy-offshore,Financial secrecy and offshore exposure,unavailable,false,,,,,,,,,OECD Global Forum on Transparency and Exchange of Information for Tax Purposes|https://www.oecd.org/tax/transparency/|candidate-not-ingested,"No reviewed, licence-clean financial-secrecy index is currently checked in; jurisdiction type alone is not used as a proxy."
AG,Antigua and Barbuda,Offshore / IFC,tax-cooperation,Tax cooperation,available,false,categorical,Not listed in EU Annex I,not-listed,Council of the European Union,https://www.consilium.europa.eu/en/policies/eu-list-of-non-cooperative-jurisdictions/,,2026-02-17,2026-02-17,"Council of the European Union|https://www.consilium.europa.eu/en/policies/eu-list-of-non-cooperative-jurisdictions/|checked-in-snapshot,OECD Global Forum on Transparency and Exchange of Information for Tax Purposes|https://www.oecd.org/tax/transparency/|candidate-not-ingested","Annex I is a political/legal tax-cooperation list, not a general AML, corruption, or country-risk score."
AG,Antigua and Barbuda,Offshore / IFC,political-stability-conflict,Political stability and conflict,available,false,percentile,84/100 WGI percentile,84,World Bank Worldwide Governance Indicators,https://www.worldbank.org/en/publication/worldwide-governance-indicators,CC BY 4.0 — World Bank WGI,2024,2026-08-13T11:45:25.085Z,World Bank Worldwide Governance Indicators|https://www.worldbank.org/en/publication/worldwide-governance-indicators|checked-in-snapshot,"WGI is an institutional perception indicator, not a conflict event feed or a prediction of future violence."
AG,Antigua and Barbuda,Offshore / IFC,beneficial-ownership,Beneficial ownership,unavailable,false,,,,,,,,,Open Ownership|https://www.openownership.org/en/map/|checked-in-snapshot,"The Open Ownership map is a live-register snapshot and absence means no register was identified in that snapshot, not that no register exists."
