iso2,country,authority,roles,website,access_state,http_status,final_url,title,candidate_link_count,candidate_urls,error
AF,Afghanistan,Bank of Afghanistan,central_banking,https://www.dab.gov.af/,reachable,200,https://www.dab.gov.af/,Da Afghanistan Bank | Da Afghanistan Bank,1,https://www.dab.gov.af/sites/default/files/2025-10/Vol-218%20Finel.pdf,
AL,Albania,Albanian Financial Intelligence Agency (FIA),financial_intelligence,http://www.fiu.gov.al/en/,reachable,200,https://fiu.gov.al/en/home/,Financial Intelligence Agency – AIF,6,https://fiu.gov.al/en/legislation/decisions-of-the-council-of-ministers/;https://fiu.gov.al/en/notice-on-the-updates-made-to-the-list-of-designated-persons-on-14-august-2026/;https://fiu.gov.al/wp-content/uploads/2026/08/UN-Consolidatedlist-14.08.2026.pdf;https://fiu.gov.al/wp-content/uploads/2026/05/20260508-FULL.pdf;http://www.un.org/securitycouncil/sanctions/2653/press-releases;https://fiu.gov.al/en/notice/,
AL,Albania,Albanian Financial Supervisory Authority,securities;insurance;pensions,http://www.amf.gov.al/,challenge-protected,403,http://www.amf.gov.al/,AMF :: Autoriteti i Mbikëqyrjes Financiare,1,https://amf.gov.al/,
AL,Albania,Bank of Albania,central_banking;prudential_supervision,https://www.bankofalbania.org/home/,reachable,200,https://www.bankofalbania.org/home/,Home,20,https://www.bankofalbania.org/Monetary_Policy/Latest_monetary_policy_decision_and_calendar/;https://www.bankofalbania.org/Press/Press_Releases/Governor_Sejko_Statement_to_the_Press_Conference_on_Monetary_Policy_Decision_1_July_2026.html;https://www.bankofalbania.org/Press/Press_Releases/Governor_Sejko_Statement_on_the_Monetary_Policy_Decision_of_the_Supervisory_Council_of_the_Bank_of_Albania.html;https://www.youtube.com/watch?v=l2v9QeTGGoA;https://www.youtube.com/watch?v=JKmadXzLg90;https://www.youtube.com/watch?v=rUM4R1BJcAc;https://youtu.be/XDxIQbx3Zok?si=hPohkkI_1fkOymGt;https://www.youtube.com/watch?v=TVUBXQmhzJ0;https://youtu.be/WrQdqzajOUE?si=9M2n5cqftsyFkimt;https://youtu.be/Lah39b3AARw?si=ioUqGTSOEOCZBL-b;https://youtu.be/tq4uSt8Ae2o?si=n9oJZe9jdmu3Ss0d;https://youtu.be/kTIerTt8DZI?si=uJq-ZilmXAy-SJwR;https://youtu.be/jytYfn8tgOM;https://youtu.be/d03dS4BAaX0;https://www.youtube.com/watch?v=TpJDXcnVDi4;https://www.youtube.com/watch?v=O2GUskvMLKE;https://www.youtube.com/watch?v=X7EuejdKgSs;https://www.youtube.com/watch?v=aDLoLTS80tE&t=1s;https://www.youtube.com/watch?v=RAq2nohp--0;https://www.youtube.com/watch?v=7-zfn27izgs,
DZ,Algeria,Bank of Algeria,central_banking;prudential_supervision,http://www.bank-of-algeria.dz/,network-error,,http://www.bank-of-algeria.dz/,,0,,fetch failed
DZ,Algeria,Commission d'Organisation et de Surveillance des Opérations de Bourse,securities,http://www.cosob.org/,reachable,200,https://cosob.dz/,COSOB,2,https://cosob.dz/decisions-et-visas/;https://cosob.dz/emetteurs/notice-dinformation/,
DZ,Algeria,Financial Intelligence Processing nit (CTRF),financial_intelligence,http://www.mf-ctrf.gov.dz/ngindex.html,network-error,,http://www.mf-ctrf.gov.dz/ngindex.html,,0,,fetch failed
AS,American Samoa,Office of the Insurance Commissioner,insurance,https://www.americansamoa.gov/insurance,challenge-protected,200,https://www.americansamoa.gov/insurance,Insurance Commissioner,1,https://www.americansamoa.gov/notices,
AD,Andorra,Autoritat Financera Andorrana,securities;insurance,http://www.afa.ad/,timeout,,http://www.afa.ad/,,0,,The operation was aborted due to timeout
AD,Andorra,Financial Intelligence Unit-Andorra (FIUAND),financial_intelligence,http://www.uifand.ad/,reachable,200,https://www.uifand.ad/ca/,UIFAND | Unitat d'Intel·ligència Financera d'Andorra,0,,
AO,Angola,Agência Angolana de Regulação e Supervisão de Seguros (ARSEG),insurance;pensions,https://www.arseg.ao/,reachable,200,https://www.arseg.ao/,ARSEG - Início,12,https://www.arseg.ao/;https://www.arseg.ao/publicacoes/actividade-sancionatoria/2023/;https://www.arseg.ao/publicacoes/actividade-sancionatoria/2024/;https://www.arseg.ao/publicacoes/actividade-sancionatoria/2025/;https://www.arseg.ao/publicacoes/actividade-sancionatoria/2026/;https://www.arseg.ao/noticias/relat%C3%B3rio-da-actividade-sancionat%C3%B3ria-i-%C2%BA-semestre-de-2026/;https://www.arseg.ao/noticias/relat%C3%B3rio-da-actividade-sancionat%C3%B3ria-ii%C2%BA-semestre-2025/;https://www.arseg.ao/noticias/decisao-do-processo-de-transgressao-a-entidade-alianca-seguros-s-a/;https://www.arseg.ao/noticias/comunicado-da-decisao-em-processo-de-transgressao-da-sol-seguros-s-a/;https://www.arseg.ao/noticias/relat%C3%B3rio-da-actividade-sancionat%C3%B3ria-i%C2%BA-semestre-2025/;https://www.arseg.ao/noticias/comunicado-da-decisao-em-processo-de-transgressao-da-bic-seguros-s-a-1/;https://www.arseg.ao/noticias/relatorio-de-processos-sancionatorios-de-2024/,
AO,Angola,Comissão do Mercado de Capitais,securities,http://www.cmc.ao/,challenge-protected,200,https://www.cmc.ao/pt-pt,Inicio | Portal CMC,2,https://www.cmc.ao/pt-pt/relatorio_de_actividades_sancionatorias;https://www.cmc.ao/pt-pt/AML/CFT,
AO,Angola,National Bank of Angola,central_banking;prudential_supervision,http://www.bna.ao/,timeout,,http://www.bna.ao/,,0,,The operation was aborted due to timeout
AO,Angola,Unidade de Informação Financeira (UIF-Angola),financial_intelligence,http://www.uif.ao/,reachable,200,http://www.uif.ao/,UIF - Unidade de Informação Financeira,3,http://www.uif.ao/conteudo.aspx?id=38&menu=Alvo_de_Sancoes_financeiras;http://www.uif.ao/conteudo.aspx?id=45&menu=Sancoes_Emitidas_pela_UIF;http://www.uif.ao/listas-de-sancoes.aspx,
AI,Anguilla,Eastern Caribbean Central Bank,central_banking;prudential_supervision,http://www.eccb-centralbank.org/,reachable,200,https://www.eccb-centralbank.org/,Home | Eastern Caribbean Central Bank - Eastern Caribbean Central Bank,0,,
AI,Anguilla,Financial Services Commission,prudential_supervision;financial_intelligence,http://www.fsc.org.ai/,reachable,200,http://www.fsc.org.ai/,Anguilla Financial Services Commission,2,http://www.fsc.org.ai/enforcementaction.php;http://www.fsc.org.ai/internationalsanctions.php,
AG,Antigua and Barbuda,Eastern Caribbean Central Bank,central_banking;prudential_supervision,http://www.eccb-centralbank.org/,reachable,200,https://www.eccb-centralbank.org/,Home | Eastern Caribbean Central Bank - Eastern Caribbean Central Bank,0,,
AG,Antigua and Barbuda,Office of National Drug and Money Laundering Control Policy (ONDCP),financial_intelligence,http://ondcp.gov.ag/,reachable,200,https://ondcp.gov.ag/,Office of National Drug and Money Laundering Control Policy | Office of National Drug and Money Laundering Control Policy,7,https://ondcp.gov.ag/;https://ondcp.gov.ag/enforcement/drug-enforcement;https://ondcp.gov.ag/enforcement/investigations-department;https://ondcp.gov.ag/enforcement/threats;https://ondcp.gov.ag/enforcement/drug-enforcement/;https://www.un.org/securitycouncil/sanctions/1267/aq_sanctions_list;https://www.un.org/securitycouncil/sanctions/information,
AR,Argentina,Central Bank of Argentina,central_banking;prudential_supervision,http://www.bcra.gob.ar/default.asp,reachable,200,https://www.bcra.gob.ar/,BCRA,0,,
AR,Argentina,Comisión Nacional de Valores*,securities,http://www.cnv.gob.ar/,reachable,200,https://www.cnv.gov.ar/,,0,,
AR,Argentina,Superintendencia de Seguros de la Nacion Argentina,insurance;financial_intelligence,https://www.argentina.gob.ar/superintendencia-de-seguros,challenge-protected,200,https://www.argentina.gob.ar/superintendencia-de-seguros,Superintendencia de Seguros de la Nación | Argentina.gob.ar,1,https://www.argentina.gob.ar/noticias/seguros-y-salud-la-ssn-presento-los-alcances-de-la-resolucion-2582026-en-la-fundacion,
AM,Armenia,Central Bank of Armenia,central_banking;prudential_supervision;securities;insurance;pensions;financial_intelligence,http://www.cba.am/,reachable,200,https://www.cba.am/hy/,Հայաստանի Հանրապետության կենտրոնական բանկ,3,https://www.cba.am/hy/Board-decisions/;https://www.cba.am/hy/Chairman's-decisions/;https://www.cba.am/hy/circulars-notices/,
AW,Aruba,Central Bank of Aruba,central_banking;prudential_supervision;insurance,http://www.cbaruba.org/,reachable,200,https://www.cbaruba.org/,Centrale Bank van Aruba - Home,3,https://www.cbaruba.org/monetary-policy-decisions/;https://www.cbaruba.org/integrity-supervision-enforcement/;https://www.cbaruba.org/financial-sanctions-regulations/,
AW,Aruba,Financial Intelligence Unit of Aruba (FIU-Aruba),financial_intelligence,https://www.fiu-aruba.com/,reachable,200,https://www.fiu-aruba.com/,FIU-Aruba | Financial Intelligence Unit - Aruba,3,https://www.fiu-aruba.com/legislation/sanctions-regime/;https://www.fiu-aruba.com/2026/07/01/update-to-arubas-interim-national-decree-on-priority-sanctions-regimes-zimbabwe-no-longer-subject-to-targeted-financial-sanctions/;https://www.fiu-aruba.com/2026/06/12/fiu-aruba-publishes-guidance-on-the-reinstatement-of-iran-related-un-sanctions-and-reporting-obligations/,
AU,Australia,Australian Prudential Regulation Authority,prudential_supervision;insurance;pensions,http://www.apra.gov.au/,challenge-protected,200,https://www.apra.gov.au/,Home page | APRA,4,https://www.apra.gov.au/registers/list-infringement-notices;https://www.apra.gov.au/registers/infringement-notices/infringement-notice-register;https://www.apra.gov.au/about-us/our-functions/enforcement;https://www.apra.gov.au/about-us/our-functions/enforcement/guidelines-use-infringement-notices-australian-prudential,
AU,Australia,Australian Securities and Investments Commission*,securities;insurance,http://www.asic.gov.au/,reachable,200,https://www.asic.gov.au/,ASIC Home | ASIC,11,https://www.asic.gov.au/about-asic/asic-investigations-and-enforcement/enforcement-activities;https://www.asic.gov.au/;https://www.asic.gov.au/about-asic/asic-investigations-and-enforcement/;https://www.asic.gov.au/about-asic/asic-investigations-and-enforcement/enforcement-activities/alammc-developments/;https://www.asic.gov.au/about-asic/asic-investigations-and-enforcement/enforcement-activities/ascent-investments-and-coaching-pty-ltd-and-michael-dunjey/;https://www.asic.gov.au/about-asic/asic-investigations-and-enforcement/enforcement-activities/brite-advisors/;https://www.asic.gov.au/about-asic/asic-investigations-and-enforcement/enforcement-activities/first-guardian-master-fund/;https://www.asic.gov.au/about-asic/asic-investigations-and-enforcement/enforcement-activities/first-mutual-private-equity-pty-ltd-and-mr-cotton/;https://www.asic.gov.au/about-asic/asic-investigations-and-enforcement/enforcement-activities/shield-master-fund/;https://www.asic.gov.au/about-asic/asic-investigations-and-enforcement/enforcement-activities/youpla-group-formerly-aboriginal-community-benefit-fund/;https://www.asic.gov.au/about-asic/asic-investigations-and-enforcement/enforcement-activities/,
AU,Australia,Reserve Bank of Australia,central_banking;prudential_supervision,http://www.rba.gov.au/,reachable,200,https://www.rba.gov.au/,Reserve Bank of Australia,3,https://www.rba.gov.au/media-releases/2026/mr-26-19.html;https://www.rba.gov.au/copyright/;https://www.rba.gov.au/judicial-notice/,
AU,Australia,The Australian Transaction Reports and Analysis Centre (AUSTRAC),financial_intelligence,http://www.austrac.gov.au/,timeout,,http://www.austrac.gov.au/,,0,,The operation was aborted due to timeout
AT,Austria,Austrian Financial Intelligence Unit (A-FIU),financial_intelligence,,no-public-website,,,,0,,
AT,Austria,Austrian Financial Market Authority,prudential_supervision;securities;insurance;pensions,http://www.fma.gv.at/,challenge-protected,403,https://www.fma.gv.at/,Just a moment...,0,,
AT,Austria,Central Bank of the Republic of Austria,central_banking;prudential_supervision,https://www.oenb.at/en/,reachable,200,https://www.oenb.at/en/,Oesterreichische Nationalbank (OeNB),1,https://www.oenb.at/en/Services/copyright-notice-and-disclaimer.html,
AZ,Azerbaijan,Central Bank of the Republic of Azerbaijan,central_banking;prudential_supervision;insurance,https://www.cbar.az/home?language=en,reachable,200,https://www.cbar.az/home?language=en,Central Bank of the Republic of Azerbaijan - Home page,2,https://www.cbar.az/page-134/monetary-policy-decisions;https://www.cbar.az/press-releases/2,
AZ,Azerbaijan,Financial Monitoring Service (FMS),financial_intelligence,http://www.fiu.az/eng/,timeout,,http://www.fiu.az/eng/,,0,,The operation was aborted due to timeout
BS,Bahamas,Central Bank of The Bahamas,central_banking;prudential_supervision,http://www.centralbankbahamas.com/,reachable,200,https://www.centralbankbahamas.com/,Central Bank of The Bahamas,17,https://www.centralbankbahamas.com/bank-supervision/warning-notices;https://www.centralbankbahamas.com/exchange-control-notes-and-guidelines/exchange-control-notices;https://www.centralbankbahamas.com/bank-supervision/general-notices;https://www.centralbankbahamas.com/bank-supervision/enforcement-actions-administrative-penalties;https://www.centralbankbahamas.com/bank-supervision/aml-cft-cpf-related-notices;https://www.centralbankbahamas.com/bank-supervision/us-ofac-sanctions;https://www.centralbankbahamas.com/bank-supervision/un-security-council-sanctions-notices;https://www.centralbankbahamas.com/news/public-notices;https://www.centralbankbahamas.com/news/public-notices/public-notice-unauthorized-reproduction-of-bahamian-banknotes-and-coins;https://www.centralbankbahamas.com/news/public-notices/market-notice-bahamas-securities-portal;https://www.centralbankbahamas.com/news/public-notices/public-notice-fraudulent-claims-of-licensing-and-registration;https://www.centralbankbahamas.com/viewPDF/documents/2026-08-19-12-46-27-Public-Notice---Security-Council-ISIL-Daesh-and-Al-Qaida-Sanctions-Committee-Amends-21-Entries-on-Its-Sanctions-List-18-Aug-2026.pdf;https://www.centralbankbahamas.com/bank-supervision/un-security-council-sanctions-notices/public-notice-security-council-isil-da-esh-and-al-qaida-sanctions-committee-amends-21-entries-on-its-sanctions-list;https://www.centralbankbahamas.com/viewPDF/documents/2026-08-18-12-58-09-Security-Council-ISIL-Daesh-and-Al---Qaida-Sanctions-Committe-Amends-Four-Entries-on-Its-Sanctions-List-Public-Notice.pdf;https://www.centralbankbahamas.com/bank-supervision/un-security-council-sanctions-notices/security-council-isil-da-esh-and-al-qaida-sanctions-committee-amends-four-entries-names-on-its-sanctions-list-1;https://www.centralbankbahamas.com/viewPDF/documents/2026-08-14-14-41-30-Security-Council-ISIL-Daesh-and-Al---Qaida-Sanctions-Committe-Amends-Four-Entries-on-Its-Sanctions-List-Public-Notice.pdf;https://www.centralbankbahamas.com/bank-supervision/un-security-council-sanctions-notices/security-council-isil-da-esh-and-al-qaida-sanctions-committee-amends-four-entries-names-on-its-sanctions-list,
BS,Bahamas,Financial Intelligence Unit Bahamas (FIU-Bahamas),financial_intelligence,https://www.fiubahamas.org.bs/,reachable,200,https://www.fiubahamas.org.bs/,Financial Intelligence Unit,1,https://www.fiubahamas.org.bs/category/notices/,
BS,Bahamas,Securities Commission of The Bahamas*,securities,http://www.scb.gov.bs/,reachable,200,https://scb.gov.bs/,Home - Securities Commission of The Bahamas,7,https://scb.gov.bs/enforcement/judgements/;https://scb.gov.bs/enforcement/disciplinary-decisions/;https://scb.gov.bs/investor-centre/investor-alerts-and-notices/;https://scb.gov.bs/media/newsroom/industry-notices/;https://scb.gov.bs/wp-content/uploads/2021/05/SCB-2021-Examinations-Supervisory-and-Enforcement-Priorities.pdf;https://scb.gov.bs/wp-content/uploads/2026/08/Industry-Notice-Travel-Rule-Guidance-and-Return-f12Aug26.pdf;https://scb.gov.bs/wp-content/uploads/2026/08/SCB-Industry-Notice-Issuance-of-SRA-Guidance-Note-and-Companion-Tools-f12Aug26.pdf,
BS,Bahamas,The Insurance Commission of The Bahamas,insurance;pensions,http://www.icb.gov.bs/,reachable,200,https://www.icb.gov.bs/,Insurance Commission of The Bahamas,6,https://www.icb.gov.bs/legal/announcements-notices/;https://www.icb.gov.bs/legal/public-notices/;https://www.icb.gov.bs/enforcement/;https://www.icb.gov.bs/enforcement/alerts-warnings/;https://www.icb.gov.bs/enforcement/arbitration/;https://www.icb.gov.bs/enforcement/court-judgements-proceedings/,
BH,Bahrain,Central Bank of Bahrain,central_banking;prudential_supervision;securities;insurance,http://www.cbb.gov.bh/,challenge-protected,200,https://www.cbb.gov.bh/,Central Bank of Bahrain | Home,0,,
BH,Bahrain,Financial Intelligence National Center (FINC),financial_intelligence,http://www.bahrainfiu.gov.bh/,timeout,,http://www.bahrainfiu.gov.bh/,,0,,The operation was aborted due to timeout
BD,Bangladesh,Bangladesh Bank,central_banking;prudential_supervision;financial_intelligence,https://www.bb.org.bd/,reachable,200,https://www.bb.org.bd/en/index.php,Bangladesh Bank,5,https://www.bb.org.bd/en/index.php/monetaryactivity/auc_notice;https://www.bb.org.bd/mediaroom/notice/notice_342.pdf;https://www.bb.org.bd/mediaroom/notice/notice_340.pdf;https://www.bb.org.bd/mediaroom/circulars/brpd-2/aug192026brpd-2l12.pdf;https://www.bb.org.bd/en/index.php/mediaroom/noticeboard,
BD,Bangladesh,Bangladesh Securities and Exchange Commission,securities,http://www.sec.gov.bd/,reachable,200,https://www.sec.gov.bd/,Bangladesh Securities and Exchange Commission,8,https://sec.gov.bd/home/enforcement_division;https://sec.gov.bd/home/enforcement;https://sec.gov.bd/home/ntprogram;https://sec.gov.bd/home/inotice;https://sec.gov.bd/home/enforcementreport/2026;https://sec.gov.bd/home/Policies_Guidelines_Meeting_Decisions_Minutes;https://sec.gov.bd/home/careers;https://sec.gov.bd/notice/POA_22.07.2026.pdf,
BB,Barbados,Barbados Financial Intelligence Unit (FIU-Barbados),financial_intelligence,http://www.barbadosfiu.gov.bb/,reachable,200,http://www.barbadosfiu.gov.bb/,,0,,
BB,Barbados,Central Bank of Barbados,central_banking;prudential_supervision,http://www.centralbank.org.bb/,reachable,200,https://www.centralbank.org.bb/,Central Bank of Barbados - Home,1,https://www.centralbank.org.bb/financial-stability-and-financial-regulation/united-nations-security-council-sanctions,
BB,Barbados,Financial Services Commission,securities,http://www.fsc.gov.bb/,reachable,200,https://www.fsc.gov.bb/,Financial Services Commission | Financial Services Commission - Home,9,https://www.fsc.gov.bb/enforcement;https://www.fsc.gov.bb/regulatory-notices;https://www.fsc.gov.bb/progressive-co-operative-credit-union-limited;https://www.fsc.gov.bb/publication/public-notices/public-advisory-notice-unauthorised-individual-conducting-financial-services-business;https://www.fsc.gov.bb/publication/public-notices;https://www.fsc.gov.bb/publication/public-notices/request-for-information-virtual-asset-service-providers;https://www.fsc.gov.bb/publication/public-notices/remote-working-notice-friday-may-29-2026;https://www.fsc.gov.bb/publication/public-notices/update-on-progressive-cooperative-credit-union-member-payout-process;https://www.fsc.gov.bb/privacy-notice,
BB,Barbados,Financial Services Commission of Barbados,insurance,,no-public-website,,,,0,,
BY,Belarus,National Bank of the Republic of Belarus,central_banking;prudential_supervision,http://www.nbrb.by/engl/,timeout,,http://www.nbrb.by/engl/,,0,,The operation was aborted due to timeout
BY,Belarus,The Department of Financial Monitoring of the State Control Committee of the Republic of Belarus (DFM),financial_intelligence,http://www.kgk.gov.by/en/contact_information_fmd-en/,timeout,,http://www.kgk.gov.by/en/contact_information_fmd-en/,,0,,The operation was aborted due to timeout
BE,Belgium,Belgian Financial Intelligence Processing Unit (CTIF-CFI),financial_intelligence,http://www.ctif-cfi.be/website/index.php?lang=en,reachable,200,https://error.ctif-cfi.be/,CTIF-CFI - Error Page,0,,
BE,Belgium,Financial Services and Markets Authority*,securities;insurance;pensions,http://www.fsma.be/,reachable,200,https://www.fsma.be/en,News & warnings | FSMA,2,https://www.fsma.be/en/warnings-sanctions;https://www.fsma.be/en/administrative-sanctions,
BE,Belgium,National Bank of Belgium,central_banking;prudential_supervision;insurance,https://www.nbb.be/en,reachable,200,https://www.nbb.be/en,National Bank of Belgium,1,https://www.nbb.be/en/news-events/events/advance-notice-events,
BZ,Belize,Central Bank of Belize,central_banking;prudential_supervision,http://www.centralbank.org.bz/,reachable,200,https://www.centralbank.org.bz/,The Central Bank of Belize | Central Bank of Belize,11,https://www.centralbank.org.bz/home/news-and-publications/news/treasury-bill-auction-notices;https://www.centralbank.org.bz/home/news-and-publications/news/government-of-belize-notices;https://www.centralbank.org.bz/home/news-and-publications/news/warning-circulars;https://www.centralbank.org.bz/detail-pages/news/2026/08/17/treasury-bill-auction-notice--12-of-2026;https://www.centralbank.org.bz/detail-pages/news/2026/07/27/treasury-bill-auction-notice--11-of-2026;https://www.centralbank.org.bz/detail-pages/news/2026/07/27/the-central-bank--fiu--and-fsc-sign-governance-agreements-for-the-use-of-the-sanctions-registry-system;https://www.centralbank.org.bz/detail-pages/news/2026/07/08/treasury-bill-auction-notice--10-of-2026;https://www.centralbank.org.bz/detail-pages/news/2026/06/16/treasury-bill-auction-notice--9-of-2026;https://www.centralbank.org.bz/detail-pages/news/2026/04/28/the-board-of-the-central-bank-of-belize-reaffirms-the-governance-framework-and-institutional-integrity-of-the-central-bank-of-belize;https://www.centralbank.org.bz/detail-pages/news/2026/04/22/treasury-bill-auction-notice--7-of-2026;https://www.centralbank.org.bz/detail-pages/news/2026/04/16/treasury-bill-auction-notice--6-of-2026,
BZ,Belize,Financial Intelligence Unit Belize (FIU-Belize),financial_intelligence,http://www.fiubelize.org/,reachable,200,https://fiubelize.org/,,9,https://fiubelize.org/compliance-notice/;https://scsanctions.un.org/consolidated/;https://fiubelize.org/consolidated-belize-sanctions-list/;https://press.un.org/en/2025/sc16088.doc.htm;https://fiubelize.org/wp-content/uploads/2024/01/Public-Notice-for-NGO_NPO.pdf;https://fiubelize.org/wp-content/uploads/2023/06/GUIDANCE-TO-THE-PUBLIC-ON-TARGETED-FINANCIAL-SANCTIONS-IN-BELIZE.pdf;https://fiubelize.org/legislations/money-laundering-and-terrorism-prevention-act-consolidated-version-as-amended-december-2023/;https://fiubelize.org/legislations/money-laundering-and-terrorism-prevention-act-consolidation-document-as-amended-21-july-2023/;https://fiubelize.org/forms-and-applications/compliancereportingform-html/,
BZ,Belize,Financial Services Commission,securities,https://www.belizefsc.org.bz/,reachable,200,https://www.belizefsc.org.bz/,Financial Services Commission | Regulating Belize Financial Sector,13,https://www.belizefsc.org.bz/enforcement/;https://www.belizefsc.org.bz/enforcement-activities/;https://www.belizefsc.org.bz/disciplinary-proceedings/;https://www.belizefsc.org.bz/warning-notice/;https://www.belizefsc.org.bz/suspension-revocation-notice/;https://www.belizefsc.org.bz/public-notice/;https://www.belizefsc.org.bz/non-renewal/;https://www.belizefsc.org.bz/gazette-notice/;https://www.belizefsc.org.bz/warning-notice-misrepresentation-brand-impersonation/;https://www.belizefsc.org.bz/warning-notice-travis-smith/;https://www.belizefsc.org.bz/warning-notice-belize-global-trust-bank/;https://www.belizefsc.org.bz/public-notice-submission-of-statements-regarding-nominee-relationships-pursuant-to-the-financial-services-commission-nominee-shareholders-and-directors-regulations-2025/;https://www.belizefsc.org.bz/cbb-fiu-fsc-sign-governance-agreements-for-use-of-the-sanctions-registry-system/,
BZ,Belize,Office of the Supervisor of Insurance and Private Pensions,insurance,http://www.osipp.gov.bz/,timeout,,http://www.osipp.gov.bz/,,0,,The operation was aborted due to timeout
BJ,Benin,Autorité des Marchés Financiers de l’UMOA,securities,http://www.crepmf.org/,timeout,,http://www.crepmf.org/,,0,,The operation was aborted due to timeout
BJ,Benin,Cellule Nationale de Traitement des Informations Financieres du Benin (CENTIF),financial_intelligence,http://www.fiub.org/,reachable,200,http://www.fiub.org/,fiub.org,0,,
BJ,Benin,Central Bank of West African States (BCEAO),central_banking;prudential_supervision,https://www.bceao.int/en,reachable,200,https://www.bceao.int/en,BCEAO | Banque Centrale des Etats de l’Afrique de l’Ouest,1,https://www.bceao.int/en,
BJ,Benin,Conférence Interafricaine des Marchés d'Assurances (CIMA),insurance,http://cima-afrique.org/,reachable,200,https://cima-afrique.org/,CIMA – Conférence Interafricaine des Marchés d’Assurance,2,https://cima-afrique.org/decisions-du-cma/;https://cima-afrique.org/decisions-de-la-crca/,
BM,Bermuda,Bermuda Monetary Authority,central_banking;prudential_supervision;securities;insurance,http://www.bma.bm/,timeout,,http://www.bma.bm/,,0,,The operation was aborted due to timeout
BM,Bermuda,Financial Intelligence Agency Bermuda (FIA),financial_intelligence,https://www.fia.bm/,reachable,200,https://www.fia.bm/,Financial Intellegence Agency - FIA - Bermuda,1,https://public.govdelivery.com/accounts/BERMFSIU/signup/46844?FIA,
BT,Bhutan,Royal Monetary Authority of Bhutan,central_banking;prudential_supervision;financial_intelligence,http://www.rma.org.bt/,timeout,,http://www.rma.org.bt/,,0,,The operation was aborted due to timeout
BO,Bolivia,Autoridad de Supervisión del Sistema Financiero,prudential_supervision;securities,https://www.asfi.gob.bo/,reachable,200,https://www.asfi.gob.bo/,¡Bienvenidos! | ASFI,0,,
BO,Bolivia,Central Bank of Bolivia,central_banking;prudential_supervision,https://www.bcb.gob.bo/,reachable,200,https://www.bcb.gob.bo/,Banco Central de Bolivia,1,https://www.bcb.gob.bo/?q=content/resoluciones-de-directorio-1,
BO,Bolivia,Unidad de Investigaciones Financieras (UIF),financial_intelligence,http://www.uif.gob.bo/,timeout,,http://www.uif.gob.bo/,,0,,The operation was aborted due to timeout
BA,Bosnia and Herzegovina,Banking Agency of Republika Srpska,prudential_supervision,https://www.abrs.ba/?lang=en,reachable,200,https://abrs.ba/?lang=en,Агенција за банкарство Републике Српске,0,,
BA,Bosnia and Herzegovina,Banking Agency of the Federation of Bosnia and Herzegovina,prudential_supervision,http://www.fba.ba/?lang=en,network-error,,http://www.fba.ba/?lang=en,,0,,fetch failed
BA,Bosnia and Herzegovina,Central Bank of Bosnia and Herzegovina,central_banking,http://www.cbbh.ba/?lang=en,challenge-protected,200,https://www.cbbh.ba/?lang=en,The Central Bank of Bosnia and Herzegovina,3,http://fined.cbbh.ba/;https://www.cbbh.ba/press/ShowNews/1797;https://www.cbbh.ba/Home/GetTableAttachment?contentId=24076a97-9d4f-41fc-b3a7-466110bbd695&lang=en,
BA,Bosnia and Herzegovina,Financial Intelligence Department (FID),financial_intelligence,http://www.sipa.gov.ba/en/about-us/structure/organisational-structure/financial-intelligence-department,reachable,200,http://www.sipa.gov.ba/en/about-us/structure/organisational-structure/financial-intelligence-department,Financial Intelligence Department - SIPA.GOV.BA,0,,
BA,Bosnia and Herzegovina,Insurance Agency of Bosnia and Herzegovina,insurance,https://www.azobih.gov.ba/Default.aspx?langTag=en-US&template_id=206&pageIndex=1,network-error,,https://www.azobih.gov.ba/Default.aspx?langTag=en-US&template_id=206&pageIndex=1,,0,,fetch failed
BA,Bosnia and Herzegovina,Insurance Agency of Republic of Srpska,insurance,https://www.azors.rs.ba/,reachable,200,https://azors.rs.ba/sr/,Агенција за осигурање Републике Српске – Агенција за осигурање Републике Српске има регулаторну и надзорну функцију у циљу заштите лица која имају право на осигуравајуће покриће и накнаду из осигурања као и добробит индустрије осигурања.,0,,
BA,Bosnia and Herzegovina,Insurance Supervision Agency of Federation of Bosnia and Herzegovina,insurance,,no-public-website,,,,0,,
BA,Bosnia and Herzegovina,Securities Commission of the Federation of Bosnia and Herzegovina,securities,http://www.komvp.gov.ba/,reachable,200,https://www.komvp.gov.ba/,Komisija za vrijednosne papire FBiH,0,,
BA,Bosnia and Herzegovina,Securities Commission of the Republic Srpska,securities,http://www.secrs.gov.ba/,reachable,200,https://www.secrs.gov.ba/,Komisija za hartije od vrijednosti Republike Srpske,0,,
BW,Botswana,Bank of Botswana,central_banking;prudential_supervision,http://www.bankofbotswana.bw/,reachable,200,http://www.bankofbotswana.bw/,Home | Bank of Botswana,1,http://www.bankofbotswana.bw/sites/default/files/press-release-files/Public%20Notice%20-%20Lower%20Denomination%20Coin%20Cirulation.pdf,
BW,Botswana,Financial Intelligence Unit (FIU) - Botswana,financial_intelligence,https://www.finance.gov.bw/index.php?Itemid=159&option=com_content&view=categories&id=36,reachable,200,https://www.finance.gov.bw/index.php?Itemid=159&option=com_content&view=categories&id=36,Financial Intelligence Agency - Ministry of Finance,1,https://www.finance.gov.bw/index.php?Itemid=466&option=com_content&view=category&id=58,
BW,Botswana,Non-Bank Financial Institutions Regulatory Authority (NBFIRA),insurance;pensions,http://www.nbfira.org.bw/,reachable,200,https://www.nbfira.org.bw/,NBFIRA - The Non-Bank Financial Institutions Regulatory Authority,1,https://www.nbfira.org.bw/news/notice-of-evaluated-technical-bids-tender-no-nbfira-001-26-27/,
BR,Brazil,Brazilian Pension Funds Authority,pensions,https://www.gov.br/previc,challenge-protected,200,https://www.gov.br/previc/pt-br,Previc,1,https://www.gov.br/previc/pt-br/acesso-a-informacao-1/sancoes-administrativas,
BR,Brazil,Central Bank of Brazil,central_banking;prudential_supervision,https://www.bcb.gov.br/en,reachable,200,https://www.bcb.gov.br/en,Banco Central do Brasil,0,,
BR,Brazil,Comissão de Valores Mobiliários*,securities,http://www.cvm.gov.br/,challenge-protected,200,https://www.gov.br/cvm/pt-br,Página Inicial — Comissão de Valores Mobiliários,2,https://www.gov.br/cvm/pt-br/assuntos/regulados/multa-cominatoria-recurso;https://www.gov.br/cvm/pt-br/centrais-de-conteudo/publicacoes/relatorios/relatorio-de-atividade-sancionadora,
BR,Brazil,Council for Financial Activities Control (COAF),financial_intelligence,https://www.coaf.fazenda.gov.br/,timeout,,https://www.coaf.fazenda.gov.br/,,0,,The operation was aborted due to timeout
BR,Brazil,Superintendencia de Seguros Privados (SUSEP),insurance,http://www.susep.gov.br/,timeout,,http://www.susep.gov.br/,,0,,The operation was aborted due to timeout
VG,British Virgin Islands,Financial Investigation Agency British Virgin Islands (FIA),financial_intelligence,http://fiabvi.vg/,reachable,200,https://fiabvi.vg/,British Virgin Islands Financial Investigation Agency > Home,20,https://fiabvi.vg/Analysis-Investigation/Section-4-Notices/Legal-Obligation;https://fiabvi.vg/Analysis-Investigation/Section-4-Notices/Enforcement;https://fiabvi.vg/Supervision-Enforcement;https://fiabvi.vg/Supervision-Enforcement/NPO/What-is-an-NPO;https://fiabvi.vg/Supervision-Enforcement/NPO/NPO-Obligations;https://fiabvi.vg/Supervision-Enforcement/NPO/Designated-Persons;https://fiabvi.vg/Supervision-Enforcement/NPO/Supervision-by-the-Agency;https://fiabvi.vg/Supervision-Enforcement/NPO/Relevant-Legislation;https://fiabvi.vg/Supervision-Enforcement/DNFBPs/What-is-a-DNFBP;https://fiabvi.vg/Supervision-Enforcement/DNFBPs/DNFBP-Obligations;https://fiabvi.vg/Supervision-Enforcement/DNFBPs/Registration;https://fiabvi.vg/Supervision-Enforcement/DNFBPs/Supervision-by-the-Agency;https://fiabvi.vg/Supervision-Enforcement/DNFBPs/Relevant-Legislation;https://fiabvi.vg/Supervision-Enforcement/DNFBPs/Registered-DNFBPs;https://fiabvi.vg/Supervision-Enforcement/Examinations-What-are-they;https://fiabvi.vg/Supervision-Enforcement/What-is-money-laundering;https://fiabvi.vg/Supervision-Enforcement/What-is-terrorist-financing;https://fiabvi.vg/Supervision-Enforcement/What-is-proliferation-financing;https://fiabvi.vg/Supervision-Enforcement/Documents-and-Forms;https://fiabvi.vg/Supervision-Enforcement/Documents-and-Forms/Guidance-Documents,
VG,British Virgin Islands,Financial Services Commission,prudential_supervision;securities;insurance,http://www.bvifsc.vg/,challenge-protected,403,https://www.bvifsc.vg/,Attention Required! | Cloudflare,0,,
BN,Brunei,Brunei Darussalam Central Bank,central_banking;securities;insurance;financial_intelligence,https://www.bdcb.gov.bn/,reachable,200,https://www.bdcb.gov.bn/,Home - BDCB,1,https://www.bdcb.gov.bn/regulatory/enforcement,
BG,Bulgaria,Bulgarian National Bank,central_banking;prudential_supervision,http://www.bnb.bg/,timeout,,http://www.bnb.bg/,,0,,The operation was aborted due to timeout
BG,Bulgaria,Financial Intelligence Directorate – State Agency for National Security (FID-SANS),financial_intelligence,http://www.dans.bg/en/msip-091209-menu-en,challenge-protected,403,https://www.dans.bg/en/msip-091209-menu-en,Just a moment...,0,,
BG,Bulgaria,Financial Supervision Commission,securities;insurance;pensions,http://www.fsc.bg/,network-error,,http://www.fsc.bg/,,0,,fetch failed
BF,Burkina Faso,Autorité des Marchés Financiers de l’UMOA,securities,http://www.crepmf.org/,timeout,,http://www.crepmf.org/,,0,,The operation was aborted due to timeout
BF,Burkina Faso,Central Bank of West African States (BCEAO),central_banking;prudential_supervision,https://www.bceao.int/en,reachable,200,https://www.bceao.int/en,BCEAO | Banque Centrale des Etats de l’Afrique de l’Ouest,1,https://www.bceao.int/en,
BF,Burkina Faso,Conférence Interafricaine des Marchés d'Assurances (CIMA),insurance,http://cima-afrique.org/,reachable,200,https://cima-afrique.org/,CIMA – Conférence Interafricaine des Marchés d’Assurance,2,https://cima-afrique.org/decisions-du-cma/;https://cima-afrique.org/decisions-de-la-crca/,
BF,Burkina Faso,The National Financial Information Processing Unit (CENTIF-BF) Burkina Faso,financial_intelligence,https://www.finances.gov.bf/attributions-et-missions/details?tx_news_pi1%5Baction%5D=detail&tx_news_pi1%5Bcontroller%5D=News&tx_news_pi1%5Bnews%5D=22&cHash=7617b644d576b1b7f9b4ff6f4067adf9,reachable,200,https://www.finances.gov.bf/attributions-et-missions/details?tx_news_pi1%5Baction%5D=detail&tx_news_pi1%5Bcontroller%5D=News&tx_news_pi1%5Bnews%5D=22&cHash=7617b644d576b1b7f9b4ff6f4067adf9,CENTIF - Ministère des finances,0,,
BI,Burundi,Agence de Régulation et de Contrôle des Assurances (ARCA),insurance,http://www.arca.bi/,reachable,200,http://www.arca.bi/,Site en maintenance,0,,
BI,Burundi,Bank of the Republic of Burundi,central_banking;prudential_supervision,https://www.brb.bi/en,challenge-protected,200,https://www.brb.bi/en,Welcome! | Banque de la République du Burundi,0,,
CV,Cabo Verde,Bank of Cape Verde,central_banking;prudential_supervision;securities;insurance,http://www.bcv.cv/,network-error,,http://www.bcv.cv/,,0,,fetch failed
CV,Cabo Verde,Cape Verde UIF (UIF),financial_intelligence,,no-public-website,,,,0,,
KH,Cambodia,Insurance Regulator of Cambodia,insurance,,no-public-website,,,,0,,
KH,Cambodia,Ministry of Labour and Vocational Training,pensions,https://www.mlvt.gov.kh/,reachable,200,https://www.mlvt.gov.kh/,Ministry of Labour and Vocational Training,0,,
KH,Cambodia,National Bank of Cambodia,central_banking;financial_intelligence,https://www.nbc.org.kh/english/,timeout,,https://www.nbc.org.kh/english/,,0,,The operation was aborted due to timeout
CM,Cameroon,Bank of Central African States,central_banking,https://www.beac.int/,challenge-protected,200,https://www.beac.int/,Accueil - BEAC,2,https://www.beac.int/politique-monetaire/decisions-de-politique-monetaire/;https://www.beac.int/p-des-changes/circulaires-et-decisions/,
CM,Cameroon,Commission de Surveillance du Marché Financier de l'Afrique Centrale (Securities and Exchange Commission of Central Africa),securities,http://www.cosumaf.org/,challenge-protected,403,https://www.cosumaf.org/,Just a moment...,0,,
CM,Cameroon,Conférence Interafricaine des Marchés d'Assurances (CIMA),insurance,http://cima-afrique.org/,reachable,200,https://cima-afrique.org/,CIMA – Conférence Interafricaine des Marchés d’Assurance,2,https://cima-afrique.org/decisions-du-cma/;https://cima-afrique.org/decisions-de-la-crca/,
CM,Cameroon,National Agency for Financial Investigation (NAFI),financial_intelligence,http://www.anif.cm/,reachable,200,https://anif.cm/,ANIF – Agence Nationale d'Investigation Financière,1,https://anif.cm/liste-des-sanctions-financieres-ciblees/,
CA,Canada,Alberta Securities Commission,securities,http://www.albertasecurities.com/,reachable,200,https://www.asc.ca/,ASC | Home Page Alberta Securities Commission,19,https://www.asc.ca/en/enforcement/asc-proceedings;https://www.asc.ca/en/Enforcement/ASC-Proceedings;https://www.asc.ca/en/enforcement/office-of-the-whistleblower;https://www.asc.ca/en/issuer-regulation/decisions-and-orders;https://www.asc.ca/en/registrant-and-market-regulation/decisions-and-orders-registrants;https://www.asc.ca/en/enforcement;https://www.asc.ca/en/enforcement/asc-proceedings/appearing-before-the-asc;https://www.asc.ca/en/enforcement/asc-proceedings/guidelines-for-using-electronic-documents-in-asc-enforcement-hearings;https://www.asc.ca/en/enforcement/asc-proceedings/remote-hearing-guidelines;https://www.asc.ca/en/enforcement/asc-proceedings/status-of-current-proceedings;https://www.asc.ca/en/enforcement/asc-proceedings/other-proceedings;https://www.asc.ca/en/enforcement/notices-decisions-and-orders;https://www.asc.ca/en/enforcement/unpaid-orders;https://www.asc.ca/en/enforcement/investment-caution-list;https://www.asc.ca/en/enforcement/automatic-reciprocation;https://www.asc.ca/;https://www.asc.ca/en/news-and-publications/news-releases/2026/07/9-asc-sanctions-glenn-hunter-kyle-watters-hw-associates-inc-and-hw-tradefx-llc;https://www.asc.ca/en/Enforcement/Investment-Caution-List;https://www.asc.ca/en/Enforcement/Notices-Decisions-and-Orders,
CA,Canada,Autorité des marchés financiers*,securities;insurance,http://www.lautorite.qc.ca/,reachable,200,http://lautorite.qc.ca/,l'Autorité | AMF,0,,
CA,Canada,Bank of Canada,central_banking,http://www.bankofcanada.ca/,challenge-protected,200,https://www.bankofcanada.ca/,Bank of Canada,3,https://www.bankofcanada.ca/markets/market-notices/?content_type%5B%5D=388;https://www.bankofcanada.ca/2026/06/bank-canada-begin-publishing-notices-violation-payment-service-providers/;https://www.bankofcanada.ca/feed/?content_type=notices&post_type[0]=post&post_type[1]=page,
CA,Canada,British Columbia Securities Commission,securities,http://www.bcsc.bc.ca/,challenge-protected,200,https://www.bcsc.bc.ca/,Home | BCSC,20,https://www.bcsc.bc.ca/about/media-room/enforcement-faqs;https://www.bcsc.bc.ca/securities-law/law-and-policy/instruments-and-policies;https://www.bcsc.bc.ca/securities-law/law-and-policy/instruments-and-policies---prior-to-2000;https://www.bcsc.bc.ca/securities-law/law-and-policy/bc-notices;https://www.bcsc.bc.ca/enforcement;https://www.bcsc.bc.ca/enforcement/administrative-enforcement;https://www.bcsc.bc.ca/enforcement/administrative-enforcement/notices-of-hearing-and-temporary-orders;https://www.bcsc.bc.ca/enforcement/administrative-enforcement/settlements;https://www.bcsc.bc.ca/hearings/decisions;https://www.bcsc.bc.ca/enforcement/administrative-enforcement/automatic-reciprocal-orders;https://www.bcsc.bc.ca/enforcement/administrative-enforcement/administrative-penalties-imposed-by-notice;https://www.bcsc.bc.ca/enforcement/administrative-enforcement/administrative-sanctions;https://www.bcsc.bc.ca/enforcement/administrative-enforcement/administrative-sanctions/returning-funds-to-investors;https://www.bcsc.bc.ca/enforcement/administrative-enforcement/administrative-sanctions/sanction-payment-status-list;https://www.bcsc.bc.ca/enforcement/administrative-enforcement/administrative-sanctions/disciplined-list;https://www.bcsc.bc.ca/enforcement/criminal-enforcement;https://www.bcsc.bc.ca/enforcement/criminal-enforcement/past-cases;https://www.bcsc.bc.ca/enforcement/early-intervention;https://www.bcsc.bc.ca/enforcement/early-intervention/operation-avalanche-protecting-canadians-from-crypto-fraud;https://www.bcsc.bc.ca/enforcement/early-intervention/investment-caution-list,
CA,Canada,Canadian Association of Pension Supervisory Authorities,pensions,https://www.capsa-acor.org/,reachable,200,https://www.capsa-acor.org/,Home Page,0,,
CA,Canada,Financial Transactions and Reports Analysis Centre of Canada (FINTRAC-CANAFE),financial_intelligence,https://fintrac-canafe.canada.ca/intro-eng,reachable,200,https://fintrac-canafe.canada.ca/intro-eng,Financial Transactions and Reports Analysis Centre of Canada,2,https://fintrac-canafe.canada.ca/assess-eval/1-eng;https://fintrac-canafe.canada.ca/pen/4-eng,
CA,Canada,Office of the Superintendent of Financial Institutions,prudential_supervision;insurance,http://www.osfi-bsif.gc.ca/,reachable,200,https://www.osfi-bsif.gc.ca/en,Office of the Superintendent of Financial Institutions,1,https://www.osfi-bsif.gc.ca/en/guidance/guidance-library/regulatory-notice-using-natural-catastrophe-bonds-minimum-capital-test-guideline,
CA,Canada,Ontario Securities Commission*,securities,http://www.osc.ca/,reachable,200,https://www.osc.ca/en,Homepage | OSC,20,https://www.osc.ca/en/industry/registration-and-compliance/opportunity-be-heard-and-directors-decisions;https://www.osc.ca/en/industry/companies/issuer-related-instruments-policies-and-notices;https://www.osc.ca/en/securities-law/orders-rulings-and-decisions;https://www.osc.ca/en/investors/investor-advisory-panel/investor-advisory-panel-notices-and-information;https://www.osc.ca/en/enforcement;https://www.osc.ca/en/enforcement/court-proceedings;https://www.osc.ca/en/enforcement/sanctions;https://www.osc.ca/en/enforcement/sanctions/allocation-and-use-funds-sanctions-and-settlements;https://www.osc.ca/en/enforcement/osc-sanctions/individuals-or-companies-unpaid-osc-sanctions;https://www.osc.ca/en/enforcement/sanctions/returning-funds-harmed-investors;https://www.osc.ca/en/enforcement/cease-trade-and-freeze-orders;https://www.osc.ca/en/enforcement/mediation-program;https://www.osc.ca/en/enforcement/osc-whistleblower-program;https://www.osc.ca/en/enforcement/osc-whistleblower-program/award-eligibility-and-process;https://www.osc.ca/en/enforcement/osc-whistleblower-program/whistleblower-protections;https://www.osc.ca/en/enforcement/osc-whistleblower-program/submit-whistleblower-report;https://www.osc.ca/en/enforcement/osc-whistleblower-program/update-osc-whistleblower-program-2016-2022;https://www.osc.ca/en/enforcement/investigation-resources;https://www.osc.ca/en/enforcement/automatically-reciprocated-orders-and-settlement-agreements;https://capitalmarketstribunal.ca/en/notices,
KY,Cayman Islands,Cayman Islands Monetary Authority,central_banking;prudential_supervision,http://www.cimoney.com.ky/,network-error,,http://www.cimoney.com.ky/,,0,,fetch failed
KY,Cayman Islands,Cayman Islands Monetary Authority,securities;insurance,http://www.cima.ky/,challenge-protected,200,https://www.cima.ky/,"Monetary, Regulatory and Advisory Body of the Cayman Islands- CIMA",11,https://www.cima.ky/general-industry-notices;https://www.cima.ky/general-public-notices;https://www.cima.ky/warning-notices;https://www.cima.ky/decision-notices;https://www.cima.ky/administrative-fines;https://www.cima.ky/general-notices;https://www.cima.ky/financial-sanctions-notices;https://www.cima.ky/enforcement-1;https://www.cima.ky/sanctions-overview;https://www.cima.ky/un-and-uk-sanctions;https://www.cima.ky/privacy-policy,
KY,Cayman Islands,Financial Reporting Authority (FRA),financial_intelligence,http://www.fra.gov.ky/,access-blocked,403,http://www.fra.gov.ky/,403 - Forbidden,0,,
CF,Central African Republic,Bank of Central African States,central_banking;prudential_supervision,https://www.beac.int/,challenge-protected,200,https://www.beac.int/,Accueil - BEAC,2,https://www.beac.int/politique-monetaire/decisions-de-politique-monetaire/;https://www.beac.int/p-des-changes/circulaires-et-decisions/,
CF,Central African Republic,Commission de Surveillance du Marché Financier de l'Afrique Centrale (Securities and Exchange Commission of Central Africa),securities,http://www.cosumaf.org/,challenge-protected,403,https://www.cosumaf.org/,Just a moment...,0,,
CF,Central African Republic,Conférence Interafricaine des Marchés d'Assurances (CIMA),insurance,http://cima-afrique.org/,reachable,200,https://cima-afrique.org/,CIMA – Conférence Interafricaine des Marchés d’Assurance,2,https://cima-afrique.org/decisions-du-cma/;https://cima-afrique.org/decisions-de-la-crca/,
TD,Chad,Agence Nationale d Investigation Financiere du Tchad (ANIF),financial_intelligence,https://anif-tchad.td/fr/,http-error,500,https://anif-tchad.td/fr/,,0,,
TD,Chad,Bank of Central African States,central_banking,https://www.beac.int/,challenge-protected,200,https://www.beac.int/,Accueil - BEAC,2,https://www.beac.int/politique-monetaire/decisions-de-politique-monetaire/;https://www.beac.int/p-des-changes/circulaires-et-decisions/,
TD,Chad,Commission de Surveillance du Marché Financier de l'Afrique Centrale (Securities and Exchange Commission of Central Africa),securities,http://www.cosumaf.org/,challenge-protected,403,https://www.cosumaf.org/,Just a moment...,0,,
TD,Chad,Conférence Interafricaine des Marchés d'Assurances (CIMA),insurance,http://cima-afrique.org/,reachable,200,https://cima-afrique.org/,CIMA – Conférence Interafricaine des Marchés d’Assurance,2,https://cima-afrique.org/decisions-du-cma/;https://cima-afrique.org/decisions-de-la-crca/,
CL,Chile,Banking and Financial Institutions Supervisory Agency,prudential_supervision,http://www.sbif.cl/,challenge-protected,200,https://www.sbif.cl/recursos/CMF/index.html,Comisión para el Mercado Financiero de Chile (CMF Chile),0,,
CL,Chile,Central Bank of Chile,central_banking,https://www.bcentral.cl/en/web/banco-central/home,challenge-protected,200,https://www.bcentral.cl/en/web/banco-central/home,,0,,
CL,Chile,Comisión para el Mercado Financiero (Financial Market Commission),securities;insurance,http://www.cmfchile.cl/,reachable,200,https://www.cmfchile.cl/portal/principal/623/w4-channel.html,Portal - CMF Chile - Institucional,5,https://www.cmfchile.cl/portal/principal/623/w4-propertyvalue-48725.html;https://www.cmfchile.cl/portal/prensa/625/w4-article-112799.html;https://www.cmfchile.cl/portal/prensa/625/w4-article-112727.html;https://www.cmfchile.cl/institucional/sanciones/sanciones_mercados_entidad.php;https://www.cmfchile.cl/institucional/resoluciones/resoluciones_cursadas_meses_anteriores.php,
CL,Chile,Superintendence of Pensions,pensions,https://www.spensiones.cl/,reachable,200,https://www.spensiones.cl/,SPENSIONES: Superintendencia de Pensiones - Gobierno de Chile.,0,,
CL,Chile,Unidad de Analisis Financiero (UAF),financial_intelligence,http://www.uaf.cl/,reachable,200,https://www.uaf.cl/es-cl/,Inicio,2,https://www.uaf.cl/es-cl/publicaciones-uaf/sanciones-ejecutoriadas;https://www.uaf.cl/es-cl/sujetos-obligados/sector-privado/listas-de-resoluciones-onu,
CN,China,China Banking Regulatory Commission,prudential_supervision;insurance,http://www.cbrc.gov.cn/,network-error,,http://www.cbrc.gov.cn/,,0,,fetch failed
CN,China,China Securities Regulatory Commission*,securities,http://www.csrc.gov.cn/pub/csrc_en/,reachable,200,https://www.csrc.gov.cn/,中国证券监督管理委员会,10,https://www.csrc.gov.cn/csrc/c101971/zfxxgk_zdgk.shtml?channelid=17d5ff2fe43e488dba825807ae40d63f;https://www.csrc.gov.cn/csrc/c101928/c7650681/content.shtml;https://www.csrc.gov.cn/csrc/c101928/c7650677/content.shtml;https://www.csrc.gov.cn/csrc/c101928/c7650675/content.shtml;https://www.csrc.gov.cn/csrc/c101928/c7650671/content.shtml;https://www.csrc.gov.cn/csrc/c101928/c7650660/content.shtml;https://www.csrc.gov.cn/csrc/c101928/c7647312/content.shtml;https://www.csrc.gov.cn/csrc/c101981/c7627021/content.shtml;https://www.csrc.gov.cn/csrc/c101981/c7626994/content.shtml;https://www.csrc.gov.cn/csrc/c101971/zfxxgk_zdgk.shtml,
CN,China,National Financial Regulatory Administration,pensions,https://www.nfra.gov.cn/,reachable,200,https://www.nfra.gov.cn/,国家金融监督管理总局,0,,
CN,China,The People's Bank of China,central_banking;prudential_supervision,http://www.pbc.gov.cn/en/3688006/index.html,reachable,200,https://www.pbc.gov.cn/en/3688006/index.html,Home,4,https://www.pbc.gov.cn/en/3688241/3688636/3688648/index.html;https://www.pbc.gov.cn/en/3688241/3688777/3688795/index.html;https://www.pbc.gov.cn/en/3688110/3688172/2026/2026081813543448547/index.html;https://www.pbc.gov.cn/en/3688006/3995557/2025112114583967269/index.html,
CO,Colombia,Central Bank of Colombia,central_banking,http://www.banrep.gov.co/en,challenge-protected,200,https://validate.perfdrive.com/6ed5044a4b4eea326f011ec9c0253c42/?ssa=265816d5-435f-4883-b30a-01c534d76d6d&ssb=16455354285&ssc=https%3A%2F%2Fwww.banrep.gov.co%2Fen&ssi=b6a0507d-c473-44d8-b836-0ed8e50506fa&ssk=support@shieldsquare.com&ssm=94447024036265923106453796132957&ssn=edddc247488bc429a9e9c1881f1dc05a1451366a69bd-ac13-4d7f-9f7079&sso=86d294f7-cf611755ea87f1a29dcd7ecbf779d6350e35e648783e00a7&ssp=67996669471787246541178720026574452&ssq=52095182779899425746327798899129224205529&ssr=ODEuOTkuNDQuMTU5&sst=Mozilla/5.0%20(compatible;%20RegActions%20regulatory%20ecosystem%20research/1.0;%20+https://regactions.com)&ssu=&ssv=&ssw=&ssx=eyJyZCI6ImJhbnJlcC5nb3YuY28iLCJ1em14IjoiN2ZjMDAwYmNiMWU1NDAtMGM3Yi00NjU3LWExMTYtNDdhNWNkNzZhMDFjMS0xNzg3MjI3Nzk4MDg0MC0wMDExOTA0ZmQxMDJlZDA2MmY5MTAiLCJfX3V6bWYiOiI3ZjkwMDAzNjZhNjliZC1hYzEzLTRkN2YtOTRmNy1jZjYxMTc1NWVhODcxLTE3ODcyMjc3OTgwODQwLTAwNDFiM2YyMjAxNGQwMGY2OTIxMCJ9,Radware Bot Manager Block,0,,
CO,Colombia,Superintendencia Financiera de Colombia,prudential_supervision;securities;insurance;pensions,http://www.superfinanciera.gov.co/,reachable,200,https://www.superfinanciera.gov.co/,Superintendencia Financiera de Colombia,4,https://www.superfinanciera.gov.co/publicaciones/10086317/informes-y-cifrasinformesmecanismos-de-resolucion-key-attributes-of-effective-resolution-regimes-for-financial-institutions-10086317/;https://www.superfinanciera.gov.co/publicaciones/10087080/nuestra-entidadinformes-control-disciplinario-10087080/;https://www.superfinanciera.gov.co/publicaciones/20708/sanciones-20708/;https://www.superfinanciera.gov.co/personas/,
CO,Colombia,Unidad de Informacion y Analysis Financiero,financial_intelligence,https://www.uiaf.gov.co/,reachable,200,https://www.uiaf.gov.co/,UIAF | UNIDAD DE INFORMACIÓN Y ANÁLISIS FINANCIERO,0,,
KM,Comoros,Banque Centrale des Comores,central_banking;prudential_supervision,https://banque-comores.km/,reachable,200,https://banque-comores.km/,Accueil | Banque Centrale des Comores,1,https://banque-comores.km/page/show/decisions-du-conseil-dadministration,
CK,Cook Islands,Financial Supervisory Commission,prudential_supervision;financial_intelligence,http://www.fsc.gov.ck/,challenge-protected,200,https://www.fsc.gov.ck/,Financial Supervisory Commission - Cook Islands,2,https://www.fsc.gov.ck/public/content.aspx?cn=PublicNotice;https://www.fsc.gov.ck/public/content.aspx?cn=CompanySanctions,
CR,Costa Rica,Central Bank of Costa Rica,central_banking;prudential_supervision,https://www.bccr.fi.cr/en,challenge-protected,404,https://www.bccr.fi.cr/en,404,1,https://www.bccr.fi.cr/cr/es/transparencia-institucional/informacion-institucional-y-tramites/sanciones-por-hostigamiento-sexual.html,
CR,Costa Rica,La Unidad de Inteligencia Financiera del Instituto Costarricense sobre Drogas (FIU-CDI),financial_intelligence,https://icd.go.cr/portalicd/index.php/inicio-uif,challenge-protected,403,https://icd.go.cr/portalicd/index.php/inicio-uif,Sucuri WebSite Firewall - Access Denied,0,,
CR,Costa Rica,Pensions Superintendence of Costa Rica,pensions,https://www.supen.fi.cr/,network-error,,https://www.supen.fi.cr/,,0,,fetch failed
CR,Costa Rica,Superintendencia General de Entidades Financieras (SUGEF),prudential_supervision,http://www.sugef.fi.cr/,reachable,200,https://www.sugef.fi.cr/,Hermes dot Net Websites Framework,3,https://www.sugef.fi.cr/sugef/transparencia/Jerarcas_y_decisiones.aspx;https://www.sugef.fi.cr/informacion_relevante/acuerdos_superintendente.aspx;https://www.sugef.fi.cr/informacion_relevante/Sanciones/index.aspx,
CR,Costa Rica,Superintendencia General de Seguros de Costa Rica,insurance,,no-public-website,,,,0,,
CR,Costa Rica,Superintendencia General de Valores,securities,http://www.sugeval.fi.cr/,challenge-protected,200,https://www.sugeval.fi.cr/,Superintendencia General de Valores,1,https://serviciosexternos.sugeval.fi.cr/RNVIWeb/MenuPrincipal/MedidasDisciplinarias,
CI,Côte d'Ivoire,Autorité des Marchés Financiers de l’UMOA,securities,http://www.crepmf.org/,timeout,,http://www.crepmf.org/,,0,,The operation was aborted due to timeout
CI,Côte d'Ivoire,Commission Bancaire de l'Union Monétaire Ouest Africaine,prudential_supervision;central_banking,http://www.bceao.int/,network-error,,http://www.bceao.int/,,0,,fetch failed
CI,Côte d'Ivoire,Conférence Interafricaine des Marchés d'Assurances (CIMA),insurance,http://cima-afrique.org/,reachable,200,https://cima-afrique.org/,CIMA – Conférence Interafricaine des Marchés d’Assurance,2,https://cima-afrique.org/decisions-du-cma/;https://cima-afrique.org/decisions-de-la-crca/,
CI,Côte d'Ivoire,National Unit for the Processing of Financial Information in Côte d’Ivoire (CENTIF-CI),financial_intelligence,https://www.centif.ci/index.php,reachable,200,https://www.centif.ci/,Accueil - CENTIF CI,4,https://www.centif.ci/cadre-juridique/sanctions-financieres-ciblees-tf-et-pf/;https://www.centif.ci/liste-des-sanctions/;https://www.un.org/sg/en/content/sg/notes-correspondents/2025-09-28/note-correspondents-re-application-of-resolutions-1696-%282006%29-1737-%282006%29-1747-%282007%29-1803-%282008%29-1835-%282008%29-and-1929-%282010%29-concerning-the-islamic;https://www.centif.ci/blanchiment-la-fintech-du-createur-de-twitter-ecope-dune-amende-de-40-millions-de-dollars/,
HR,Croatia,Anti-Money Laundering Office – FIU Croatia (AMLO),financial_intelligence,http://www.mfin.hr/en/anti-money-laundering-office,timeout,,http://www.mfin.hr/en/anti-money-laundering-office,,0,,The operation was aborted due to timeout
HR,Croatia,Croatian Financial Services Supervisory Agency,securities;insurance;pensions,http://www.hanfa.hr/,reachable,200,https://www.hanfa.hr/,HANFA - HANFA / Hrvatska agencija za nadzor financijskih usluga,1,https://www.hanfa.hr/vijesti/pruzanje-kriptousluga-od-1-srpnja-2026-za-drustva-obvezna-kriptolicenca-i-upis-u-hanfine-registre-a-korisnike-se-poziva-na-oprez/,
HR,Croatia,Croatian National Bank,central_banking;prudential_supervision,http://www.hnb.hr/home,reachable,200,https://www.hnb.hr/naslovnica,Naslovnica,0,,
CU,Cuba,Central Bank of Cuba,central_banking;prudential_supervision,https://www.bc.gob.cu/,timeout,,https://www.bc.gob.cu/,,0,,The operation was aborted due to timeout
CU,Cuba,Direccion General de Investigacion de Operaciones Financieras (DGIOF),financial_intelligence,http://www.dgiof.bc.gob.cu:8081/,network-error,,http://www.dgiof.bc.gob.cu:8081/,,0,,fetch failed
CW,Curaçao,Central Bank of Curaçao and Sint Maarten,central_banking;prudential_supervision;insurance,http://www.centralbank.cw/,challenge-protected,403,https://www.centralbank.cw/,Just a moment...,0,,
CW,Curaçao,Intelligence Unit – Curaçao (FIU -  Curaçao),financial_intelligence,http://mot.cw/web/motweb/motweb.nsf/web/home?opendocument,network-error,,http://mot.cw/web/motweb/motweb.nsf/web/home?opendocument,,0,,fetch failed
CY,Cyprus,Central Bank of Cyprus,central_banking;prudential_supervision,https://www.centralbank.cy/en//home,challenge-protected,200,https://www.centralbank.cy/en//home,Central Bank of Cyprus - Home,1,https://www.centralbank.cy/en/administrative-sanctions-and-measures,
CY,Cyprus,Cyprus Securities and Exchange Commission,securities,http://www.cysec.gov.cy/,challenge-protected,200,https://www.cysec.gov.cy/el-GR/home/,Επιτροπή Κεφαλαιαγοράς Κύπρου | Οικοσελίδα,10,https://www.cysec.gov.cy/el-GR/cysec/privacy-notice/;https://www.cysec.gov.cy/el-GR/public-info/decisions/;https://www.cysec.gov.cy/el-GR/public-info/court-decisions/;https://www.cysec.gov.cy/el-GR/public-info/administrative-sanctions/;https://www.cysec.gov.cy/el-GR/legislation/sanctions/;https://www.cysec.gov.cy/public-info/administrative-sanctions/;https://www.cysec.gov.cy/el-GR/legislation/sanctions/notifications/104219/;https://www.cysec.gov.cy/el-GR/legislation/sanctions/notifications/104218/;https://www.cysec.gov.cy/el-GR/legislation/sanctions/notifications/104204/;https://www.cysec.gov.cy/home/decisions/,
CY,Cyprus,Unit for Combating Money Laundering (MOKAS),financial_intelligence,http://www.law.gov.cy/law/mokas/mokas.nsf/index_en/index_en?OpenDocument,reachable,200,https://www.law.gov.cy/law/mokas/mokas.nsf/index_en/index_en?OpenDocument,ΜΟΚΑΣ,0,,
CZ,Czechia,Czech National Bank,central_banking;prudential_supervision;securities;insurance;pensions,http://www.cnb.cz/en/index.html,reachable,200,https://www.cnb.cz/en/index.html,Czech National Bank,6,https://www.cnb.cz/en/monetary-policy/bank-board-decisions/;https://www.cnb.cz/en/financial-stability/cnb-board-decision/;https://www.cnb.cz/en/supervision-financial-market/conduct-of-supervision/public-notices/;https://www.cnb.cz/en/supervision-financial-market/conduct-of-supervision/final-administrative-decisions-of-the-czech-national-bank/;https://www.cnb.cz/en/monetary-policy/bank-board-decisions/CNB-Board-decisions-1785999600000/?tab=record;https://www.cnb.cz/en/monetary-policy/bank-board-decisions/CNB-Board-decisions-1785999600000/?tab=transcript,
CZ,Czechia,Financial Analytical Unit (FAU-CR),financial_intelligence,http://www.financnianalytickyurad.cz/,challenge-protected,200,https://www.fau.gov.cz/,Úvodní stránka | FAÚ,1,https://www.fau.gov.cz/cs/rozcestnik/reseni-nekterych-zivotnich-situaci/informaciya-dlya-arendatorov-nedvizhimosti-nahodya-196,
CD,Democratic Republic of the Congo,Cellule Nationale des Renseignements Financiers (CENAREF),financial_intelligence,https://www.cenaref.org/,reachable,200,https://www.cenaref.org/,Accueil - CENAREF,0,,
CD,Democratic Republic of the Congo,Central Bank of Congo,central_banking;prudential_supervision,https://www.bcc.cd/,reachable,200,https://www.bcc.cd/,Banque Centrale du Congo,0,,
CD,Democratic Republic of the Congo,Insurance Regulatory and Supervisory Authority (ARCA),insurance,http://www.arca.cd/,reachable,200,https://arca.cd/,Arca - Autorité de Régulation et de Contrôle des Assurances,0,,
DK,Denmark,Danish Financial Supervisory Authority,prudential_supervision;securities;insurance,http://www.finanstilsynet.dk/en.aspx,http-error,404,https://www.finanstilsynet.dk/en.aspx,,0,,
DK,Denmark,Danmarks Nationalbank,central_banking;prudential_supervision,http://www.nationalbanken.dk/,reachable,200,https://www.nationalbanken.dk/en,Website of Danmarks Nationalbank,0,,
DK,Denmark,The Money Laundering Secretariat (FIU Denmark),financial_intelligence,https://www.hvidvask.dk/,reachable,200,https://hvidvask.dk/,Forside | Hvidvasksekretariatet | National enhed for Særlig Kriminalitet,0,,
DJ,Djibouti,Banque Centrale de Djibouti,central_banking;prudential_supervision,https://banque-centrale.dj/,reachable,200,https://banque-centrale.dj/,BANQUE CENTRALE DE DJIBOUTI – Garante de la stabilité financière.,0,,
DM,Dominica,Eastern Caribbean Central Bank,central_banking;prudential_supervision,http://www.eccb-centralbank.org/,reachable,200,https://www.eccb-centralbank.org/,Home | Eastern Caribbean Central Bank - Eastern Caribbean Central Bank,0,,
DM,Dominica,Financial Intelligence Unit Dominica (FIU-Dominica),financial_intelligence,http://fiu.gov.dm/,reachable,200,https://fiu.gov.dm/,Home - Financial Intelligence Unit,0,,
DO,Dominican Republic,Central Bank of the Dominican Republic,central_banking,http://www.bancentral.gov.do/,reachable,200,https://www.bancentral.gov.do/,Banco Central de la República Dominicana,2,https://www.bancentral.gov.do/a/d/2569-leyes-decretos-y-disposiciones-afines;https://bancentral.gov.do/a/resoluciones,
DO,Dominican Republic,Pensions Superintendency,pensions,https://www.sipen.gob.do/,reachable,200,https://sipen.gob.do/,SIPEN - Superintendencia de Pensiones · SIPEN,5,https://sipen.gob.do/normativas/resoluciones-del-cnss;https://sipen.gob.do/normativas/resoluciones-de-la-sipen;https://sipen.gob.do/normativas/resoluciones-de-la-ccrli;https://sipen.gob.do/normativas/resoluciones-de-la-ctd;https://sipen.gob.do/normativas/otras-leyes-afines,
DO,Dominican Republic,Superintendencia de Bancos,prudential_supervision,http://www.sib.gob.do/,network-error,,http://www.sib.gob.do/,,0,,fetch failed
DO,Dominican Republic,Superintendencia de Seguros,insurance,http://www.superseguros.gob.do/,reachable,200,https://sis.gob.do/,Superintendencia de Seguros - OGTIC y el Gabinete de Innovación,6,https://sis.gob.do/transparencia/sanciones/;https://sis.gob.do/wp-content/uploads/2024/04/Resolucion-05-2026-Sobre-cierre-definitivo-de-la-compania-Seguros-Cibao-S.R.L.pdf;https://sis.gob.do/wp-content/uploads/2024/04/Resolucion-Conclafit-2025-01.pdf;https://sis.gob.do/wp-content/uploads/2025/02/Circular-10-Modificacion-cronograma-de-trabajo-entrada-en-vigencia-Resolucion-01-24.pdf;https://sis.gob.do/wp-content/uploads/2024/04/Resolucion-07-2025-Que-modifica-y-actualiza-los-limites-minimos-seguros-motocicletas.pdf;https://sis.gob.do/wp-content/uploads/2025/02/Circular-01-2025-Continuacion-de-los-trabajos-concernientes-con-la-resolucion-No.-01-2024.pdf,
DO,Dominican Republic,Superintendencia del Mercado de Valores,securities,http://www.simv.gob.do/,challenge-protected,403,https://www.simv.gob.do/,Just a moment...,0,,
DO,Dominican Republic,Unidad de Analisis Financiero (UAF),financial_intelligence,https://www.uaf.gob.do/,reachable,200,https://www.uaf.gob.do/,Inicio,1,https://www.un.org/securitycouncil/es/content/un-sc-consolidated-list,
EC,Ecuador,Central Bank of Ecuador,central_banking,https://www.bce.fin.ec/en,reachable,200,https://www.bce.fin.ec/en/,Home - Central Bank of Ecuador,0,,
EC,Ecuador,Superintendencia de Bancos,prudential_supervision,http://www.superbancos.gob.ec/,timeout,,http://www.superbancos.gob.ec/,,0,,The operation was aborted due to timeout
EC,Ecuador,"Superintendencia de Compañías, Valores y Seguros",securities,http://www.supercias.gob.ec/,reachable,200,https://www.supercias.gob.ec/portalscvs/index.htm,www.supercias.gob.ec,1,https://publico.supercias.gob.ec/publicacionesCompanias/menuPublicaciones.jsf,
EC,Ecuador,Unidad de Analisis Financiero y Economico del Ecuador (UAFE),financial_intelligence,http://www.uafe.gob.ec/,reachable,200,http://www.uafe.gob.ec/,Unidad de Análisis Financiero y Económico – UAFE,5,https://www.uafe.gob.ec/wp-content/uploads/2026/07/RESOLUCION-SUSPENSION-DE-PLAZOS-Y-TERMINOS-PAS-signed.pdf;https://www.uafe.gob.ec/wp-content/uploads/2026/02/Resolucion-No.-UAFE-DG-2026-0002-Firmada.pdf;https://www.uafe.gob.ec/wp-content/uploads/2026/04/Resolucion-de-ROS-y-ATEM1-signed.pdf;http://www.uafe.gob.ec/;https://www.uafe.gob.ec/resoluciones-sujetos-obligados/,
EG,Egypt,Central Bank of Egypt,central_banking;prudential_supervision,https://www.cbe.org.eg/en,reachable,200,https://www.cbe.org.eg/en,Request Rejected,0,,
EG,Egypt,Egyptian Money Laundering and Terrorist Financing Combating Unit (EMLCU),financial_intelligence,https://www.mlcu.org.eg/ar/,reachable,200,https://www.mlcu.org.eg/ar/,Request Rejected,0,,
EG,Egypt,Financial Regulatory Authority*,securities;insurance;pensions,http://www.fra.gov.eg/,timeout,,http://www.fra.gov.eg/,,0,,The operation was aborted due to timeout
SV,El Salvador,Central Reserve Bank of El Salvador,central_banking;prudential_supervision,http://www.bcr.gob.sv/,reachable,200,https://www.bcr.gob.sv/,Banco Central de Reserva,0,,
SV,El Salvador,Financial Investigation Unit El Salvador (UIF – El Salvador),financial_intelligence,http://www.uif.gob.sv/,timeout,,http://www.uif.gob.sv/,,0,,The operation was aborted due to timeout
SV,El Salvador,Superintendencia del Sistema Financiero,prudential_supervision;securities;pensions,http://www.ssf.gob.sv/,timeout,,http://www.ssf.gob.sv/,,0,,The operation was aborted due to timeout
SV,El Salvador,Superintendencia del Sistema Financiero,insurance,,no-public-website,,,,0,,
GQ,Equatorial Guinea,Agencia Nacional de Investigación Financiera (ANIF),financial_intelligence,https://www.anif.gq/,network-error,,https://www.anif.gq/,,0,,fetch failed
GQ,Equatorial Guinea,Bank of Central African States,central_banking,https://www.beac.int/,challenge-protected,200,https://www.beac.int/,Accueil - BEAC,2,https://www.beac.int/politique-monetaire/decisions-de-politique-monetaire/;https://www.beac.int/p-des-changes/circulaires-et-decisions/,
GQ,Equatorial Guinea,Commission de Surveillance du Marché Financier de l'Afrique Centrale (Securities and Exchange Commission of Central Africa),securities,http://www.cosumaf.org/,challenge-protected,403,https://www.cosumaf.org/,Just a moment...,0,,
GQ,Equatorial Guinea,Conférence Interafricaine des Marchés d'Assurances (CIMA),insurance,http://cima-afrique.org/,reachable,200,https://cima-afrique.org/,CIMA – Conférence Interafricaine des Marchés d’Assurance,2,https://cima-afrique.org/decisions-du-cma/;https://cima-afrique.org/decisions-de-la-crca/,
ER,Eritrea,Bank of Eritrea,prudential_supervision,,no-public-website,,,,0,,
EE,Estonia,Bank of Estonia,central_banking;prudential_supervision,http://www.eestipank.ee/en,reachable,200,https://www.eestipank.ee/en,Eesti Pank,0,,
EE,Estonia,Estonian Financial Intelligence Unit (Estonian FIU),financial_intelligence,https://www.fiu.ee/,reachable,200,https://www.fiu.ee/,Avaleht | Rahapesu Andmebüroo,1,https://facebook.com/102210322426157_1025691216755449,
EE,Estonia,Estonian Financial Supervision Authority,prudential_supervision;securities;insurance,http://www.fi.ee/,reachable,200,https://www.fi.ee/et,Finantsinspektsioon | Avaleht,0,,
SZ,Eswatini,Eswatini Financial Intelligence Centre (EFIC),financial_intelligence,https://www.efic.org.sz/,reachable,200,https://www.efic.org.sz/,Eswatini Financial Intelligence Centre (EFIC),3,https://www.efic.org.sz/compliance/enforcement/;https://www.efic.org.sz/media/notices/;https://main.un.org/securitycouncil/en/content/un-sc-consolidated-list,
SZ,Eswatini,Financial Services Regulatory Authority (FSRA),insurance;pensions,http://www.fsra.co.sz/,reachable,200,https://www.fsra.co.sz/,Financial Services Regulatory Authority (FSRA) Eswatini,11,https://www.fsra.co.sz/enforcement-notices/;https://www.fsra.co.sz/docs/Public_Notice_Fairtree.pdf;https://www.fsra.co.sz/docs/Public%20Notice_Pulse%20Glide.pdf;https://www.fsra.co.sz/docs/fsrainsika.jpg;https://www.fsra.co.sz/docs/doc02903620211209112016.pdf;https://www.fsra.co.sz/enforcement-notices/docs/Public_Notice_Fairtree.pdf;https://www.fsra.co.sz/enforcement-notices/docs/Public%20Notice_Pulse%20Glide.pdf;https://www.fsra.co.sz/enforcement-notices/docs/fsrainsika.jpg;https://www.fsra.co.sz/enforcement-notices/docs/Termination%20of%20license%202.pdf;https://www.fsra.co.sz/enforcement-notices/docs/PUBLIC%20WARNING%20-%20QZ%20Asset%20Management.pdf;https://www.fsra.co.sz/enforcement-notices/docs/doc02903620211209112016.pdf,
SZ,Eswatini,The Central Bank of Eswatini,central_banking;prudential_supervision,http://www.centralbank.org.sz/,reachable,200,https://www.centralbank.org.sz/,Central Bank – Umntsholi wemaswati,0,,
ET,Ethiopia,Ethiopian Financial Intelligence Centre (EFIC),financial_intelligence,http://www.fic.gov.et/,network-error,,http://www.fic.gov.et/,,0,,fetch failed
ET,Ethiopia,National Bank of Ethiopia,central_banking;prudential_supervision,http://www.nbe.gov.et/,reachable,200,https://nbe.gov.et/,National Bank of Ethiopia – National Bank of Ethiopia,1,https://nbe.gov.et/public-notice-2/,
FJ,Fiji,Fiji  Financial Intelligence Unit (Fiji-FIU),financial_intelligence,http://www.fijifiu.gov.fj/,reachable,200,http://www.fijifiu.gov.fj/,IIS Windows Server,0,,
FJ,Fiji,Reserve Bank of Fiji,central_banking;prudential_supervision,http://www.rbf.gov.fj/,reachable,200,https://www.rbf.gov.fj/,Reserve Bank of Fiji,0,,
FI,Finland,Bank of Finland,central_banking;prudential_supervision,http://www.suomenpankki.fi/en/,reachable,200,https://www.suomenpankki.fi/en/,Bank of Finland's web service,5,https://www.suomenpankki.fi/en/Monetary-policy/monetary-policy-decisions/;https://www.suomenpankki.fi/en/news-and-topical/decisions-by-the-ecbs-governing-council/;https://www.suomenpankki.fi/en/bank-of-finland/our-strategy/ECB-and-the-eurosystem/decision-making/;https://www.suomenpankki.fi/en/news-and-topical/press-releases-and-news/releases/2026/reference-rate-and-penalty-interest-rates-for-1-july--31-december-2026/;https://www.rahamuseo.fi/en/financial-literacy-centre/,
FI,Finland,Financial Intelligence Unit (RAP),financial_intelligence,https://vm.fi/en/prevention-of-money-laundering,reachable,200,https://vm.fi/en/money-laundering,Preventing money laundering and terrorist financing - Valtiovarainministeriö,2,https://vm.fi/en/sanctions-in-the-financial-markets;https://vm.fi/en/decision-making-in-wellbeing-services-counties,
FI,Finland,Financial Supervision Authority,securities;insurance,http://www.finanssivalvonta.fi/,reachable,200,https://www.finanssivalvonta.fi/,Finanssivalvonta - www.finanssivalvonta.fi,0,,
FI,Finland,Financial Supervisory Authority,prudential_supervision,http://www.fin-fsa.fi/en,reachable,200,https://www.finanssivalvonta.fi/en,Financial Supervisory Authority - www.finanssivalvonta.fi,20,https://www.finanssivalvonta.fi/en/financial-market-participants/banks/prevention-of-money-laundering-and-terrorist-financing/international-economic-sanctions-and-domestic-freezing-decisions/;https://www.finanssivalvonta.fi/en/financial-market-participants/insurance/prevention-of-money-laundering-and-terrorist-financing/international-economic-sanctions-and-domestic-freezing-decisions/;https://www.finanssivalvonta.fi/en/financial-market-participants/capital-markets/issuers-and-investors/ifrs/;https://www.finanssivalvonta.fi/en/financial-market-participants/capital-markets/prevention-of-money-laundering-and-terrorist-financing/international-economic-sanctions-and-domestic-freezing-decisions/;https://www.finanssivalvonta.fi/en/financial-market-stability/macroprudential/macroprudential-decisions-and-appendices/;https://www.finanssivalvonta.fi/en/financial-market-stability/macroprudential/macroprudential-decisions-and-appendices/macroprudential-decisions-2026/;https://www.finanssivalvonta.fi/en/financial-market-stability/macroprudential/macroprudential-decisions-and-appendices/macroprudential-decisions-2026/macroprudential-decision-29-june-2026/;https://www.finanssivalvonta.fi/en/financial-market-stability/macroprudential/macroprudential-decisions-and-appendices/macroprudential-decisions-2026/macroprudential-decision-25-march-2026/;https://www.finanssivalvonta.fi/en/financial-market-stability/macroprudential/macroprudential-decisions-and-appendices/macroprudential-decisions-2025/;https://www.finanssivalvonta.fi/en/financial-market-stability/macroprudential/macroprudential-decisions-and-appendices/macroprudential-decisions-2025/macroprudential-decision-17-december-2025/;https://www.finanssivalvonta.fi/en/financial-market-stability/macroprudential/macroprudential-decisions-and-appendices/macroprudential-decisions-2025/macroprudential-decision-29-September-2025/;https://www.finanssivalvonta.fi/en/financial-market-stability/macroprudential/macroprudential-decisions-and-appendices/macroprudential-decisions-2025/macroprudential-decision-26-june-2025/;https://www.finanssivalvonta.fi/en/financial-market-stability/macroprudential/macroprudential-decisions-and-appendices/macroprudential-decisions-2025/macroprudential-decision-25-march-2025/;https://www.finanssivalvonta.fi/en/financial-market-stability/macroprudential/macroprudential-decisions-and-appendices/macroprudential-decisions-2024/;https://www.finanssivalvonta.fi/en/financial-market-stability/macroprudential/macroprudential-decisions-and-appendices/macroprudential-decisions-2024/macroprudential-decision-17-december-2024/;https://www.finanssivalvonta.fi/en/financial-market-stability/macroprudential/macroprudential-decisions-and-appendices/macroprudential-decisions-2024/macroprudential-decision-30-september-2024/;https://www.finanssivalvonta.fi/en/financial-market-stability/macroprudential/macroprudential-decisions-and-appendices/macroprudential-decisions-2024/macroprudential-decision-26-june-2024/;https://www.finanssivalvonta.fi/en/financial-market-stability/macroprudential/macroprudential-decisions-and-appendices/macroprudential-decisions-2024/macroprudential-decision-27-march-2024/;https://www.finanssivalvonta.fi/en/financial-market-stability/macroprudential/macroprudential-decisions-and-appendices/macroprudential-decisions-2023/;https://www.finanssivalvonta.fi/en/financial-market-stability/macroprudential/macroprudential-decisions-and-appendices/macroprudential-decisions-2023/macroprudential-decision-19-december-2023/,
FR,France,Autorité de Contrôle Prudentiel et de Résolution,prudential_supervision;insurance;pensions,https://acpr.banque-france.fr/,reachable,200,https://acpr.banque-france.fr/fr,L’Autorité de contrôle prudentiel et de résolution – ACPR | Autorité de contrôle prudentiel et de résolution,6,https://acpr.banque-france.fr/fr/lacpr/notre-organisation/nos-directions-et-services/service-de-la-commission-des-sanctions;https://acpr.banque-france.fr/fr/lacpr/notre-organisation/colleges-et-commissions/commission-des-sanctions;https://acpr.banque-france.fr/fr/nos-missions/sanctionner-les-manquements;https://acpr.banque-france.fr/fr/reglementation/registre-officiel/decisions;https://acpr.banque-france.fr/fr/reglementation/registre-officiel/notices;https://acpr.banque-france.fr/fr/reglementation/recueil-des-sanctions,
FR,France,Autorité des marchés financiers*,securities,http://www.amf-france.org/,reachable,200,https://www.amf-france.org/fr,"Autorité des marchés financiers : protection de l'épargne, information des investisseurs, fonctionnement des marchés financiers | AMF",7,https://www.amf-france.org/fr/sanctions-transactions/sanctions-et-transactions-accueil;https://www.amf-france.org/fr/actualites-publications/communiques/communiques-de-la-commission-des-sanctions;https://www.amf-france.org/fr/sanctions-transactions/seances-de-la-commission-des-sanctions;https://www.amf-france.org/fr/sanction-transaction/Decisions-de-la-commission-des-sanctions;https://www.amf-france.org/fr/sanctions-transactions/recueil-de-jurisprudence;https://www.amf-france.org/fr/sanction-transaction/transaction;https://www.amf-france.org/fr/sanctions-transactions/faq,
FR,France,Bank of France,central_banking,https://www.banque-france.fr/en,reachable,200,https://www.banque-france.fr/en,Welcome to the Banque de France website | Banque de France,1,https://www.banque-france.fr/en/events/overdelivery-premium-when-monetary-policy-decisions-exceed-market-expectations,
FR,France,Intelligence Processing and Action Against Illicit Financial networks Unit (TRACFIN),financial_intelligence,http://www.economie.gouv.fr/tracfin/accueil-tracfin,challenge-protected,403,https://www.economie.gouv.fr/tracfin/accueil-tracfin,Just a moment...,0,,
GA,Gabon,Bank of Central African States,central_banking,https://www.beac.int/,challenge-protected,200,https://www.beac.int/,Accueil - BEAC,2,https://www.beac.int/politique-monetaire/decisions-de-politique-monetaire/;https://www.beac.int/p-des-changes/circulaires-et-decisions/,
GA,Gabon,Commission de Surveillance du Marché Financier de l'Afrique Centrale (Securities and Exchange Commission of Central Africa),securities,http://www.cosumaf.org/,challenge-protected,403,https://www.cosumaf.org/,Just a moment...,0,,
GA,Gabon,Conférence Interafricaine des Marchés d'Assurances (CIMA),insurance,http://cima-afrique.org/,reachable,200,https://cima-afrique.org/,CIMA – Conférence Interafricaine des Marchés d’Assurance,2,https://cima-afrique.org/decisions-du-cma/;https://cima-afrique.org/decisions-de-la-crca/,
GA,Gabon,National Agency for Financial Investigation (ANIF),financial_intelligence,http://www.anif.ga/,reachable,200,https://www.anif.ga/,Accueil | Agence Nationale d'Investigation,0,,
GE,Georgia,Financial Monitoring Service of Georgia (FFMS),financial_intelligence,https://egmontgroup.org/en/content/bosnia-and-herzegovina-financial-intelligence-department,http-error,500,https://egmontgroup.org/en/content/bosnia-and-herzegovina-financial-intelligence-department,WordPress › Error,0,,
GE,Georgia,Insurance State Supervision Service of Georgia,insurance;pensions,http://www.insurance.gov.ge/,reachable,200,https://www.insurance.gov.ge/,სსიპ საქართველოს დაზღვევის სახელმწიფო ზედამხედველობის სამსახური,0,,
GE,Georgia,National Bank of Georgia,central_banking;prudential_supervision;pensions,https://www.nbg.gov.ge/en,reachable,200,https://nbg.gov.ge/en,The National Bank of Georgia,3,https://nbg.gov.ge/en/monetary-policy/committee-decisions;https://nbg.gov.ge/en/supervision/aml-cft;https://nbg.gov.ge/en/page/decisions-of-the-national-bank-of-georgia,
GE,Georgia,National Bank Of Georgia,securities,http://www.nbg.ge/,network-error,,http://www.nbg.ge/,,0,,fetch failed
DE,Germany,Deutsche Bundesbank,central_banking;prudential_supervision,http://www.bundesbank.de/,reachable,200,https://www.bundesbank.de/en,Homepage | Deutsche Bundesbank,6,https://www.bundesbank.de/en/tasks/monetary-policy/monetary-policy-decisions;https://www.bundesbank.de/en/tasks/monetary-policy/open-market-operations/regular-refinancing-and-fine-tuning-operations;https://www.bundesbank.de/en/service/financial-sanctions;https://www.bundesbank.de/en/service/reporting-systems/external-sector/faq-and-notices;https://publikationen.bundesbank.de/publikationen-en/research/research-brief/2026-84-trade-sanctions-950826;https://www.bundesbank.de/resource/blob/879838/95fecc6c538cd0cc25025968d7ad35e6/472B63F073F071307366337C94F8C870/faq-finanzsanktionen-data.pdf,
DE,Germany,Federal Financial Supervisory Authority,prudential_supervision;securities;insurance;pensions,http://www.bafin.de/,reachable,200,https://www.bafin.de/DE/home_node.html,Startseite - Bafin,9,https://www.bafin.de/SharedDocs/Veroeffentlichungen/DE/Massnahmen/40c_neu_124_WpHG/meldung_2026_08_20_effecta_gmbh.html?nn=154268;https://www.bafin.de/SharedDocs/Veroeffentlichungen/DE/Massnahmen/40c_neu_124_WpHG/meldung_2026_08_20_companisto_trust_service_xxxv_ug.html?nn=154268;https://www.bafin.de/SharedDocs/Veroeffentlichungen/DE/Massnahmen/60b_KWG_84_WpIG_und_57_GwG_anonym/meldung_2026_08_17_verwarnung_gl.html?nn=154268;https://www.bafin.de/SharedDocs/Veroeffentlichungen/DE/Massnahmen/60b_KWG_84_WpIG_und_57_GwG/meldung_2026_08_13_state_bank_of_india_zweigniederlassung_frankfurt_am_main.html?nn=154268;https://www.bafin.de/SharedDocs/Veroeffentlichungen/DE/Massnahmen/60b_KWG_84_WpIG_und_57_GwG_anonym/meldung_2026_08_10_verwarnung_gl.html?nn=154268;https://www.bafin.de/SharedDocs/Veroeffentlichungen/DE/Massnahmen/60b_KWG_84_WpIG_und_57_GwG/meldung_2026_08_03_norddeutschen_landesbank_girozentrale.html?nn=154268;https://www.bafin.de/SharedDocs/Veroeffentlichungen/DE/Massnahmen/40c_neu_124_WpHG/meldung_2026_07_30_leo_international_precision_health_ag.html?nn=154268;https://www.bafin.de/SharedDocs/Veroeffentlichungen/DE/Massnahmen/60b_KWG_84_WpIG_und_57_GwG/meldung_2026_07_28_crefo_factoring_westfalen_gmbh.html?nn=154268;https://www.bafin.de/SiteGlobals/Forms/Suche/Expertensuche/Servicesuche_Formular.html?pageLocale=de&templateQueryString=&submit=&cl2Categories_Format=meldung&cl2Categories_Format=massnahme&cl2Categories_Thema=-(%22unerlaubte%20gesch%C3%A4fte%22)&cl2Categories_Thema=-(%22verbraucherschutz%22)&sortOrder=searchDate_dt%20desc,
DE,Germany,Financial Intelligence Unit Germany (FIU),financial_intelligence,http://www.fiu.bund.de/,reachable,200,https://www.zoll.de/DE/FIU/fiu_node.html,Zoll online - FIU,8,https://www.zoll.de/DE/FIU/DE/Privatpersonen/Zentralstelle-Sanktionsdurchsetzung/zentralstelle-sanktionsdurchsetzung_node.html;https://www.zoll.de/DE/FIU/DE/Unternehmen/Zentralstelle-Sanktionsdurchsetzung/zentralstelle-sanktionsdurchsetzung_node.html;https://www.zoll.de/DE/FIU/DE/Fachthemen/Pruefungen-und-Ueberwachungsmassnahmen/pruefungen-und-ueberwachungsmassnahmen_node.html;https://www.zoll.de/DE/FIU/DE/Fachthemen/Aussenwirtschaft-Bargeldverkehr/Embargomassnahmen/embargomassnahmen_node.html;https://www.zoll.de/DE/FIU/DE/Fachthemen/Pruefungen-und-Ueberwachungsmassnahmen/Allgemeines/allgemeines_node.html;https://www.zoll.de/DE/FIU/DE/Fachthemen/Pruefungen-und-Ueberwachungsmassnahmen/Pruefungen/pruefungen_node.html;https://www.zoll.de/DE/FIU/DE/Fachthemen/Pruefungen-und-Ueberwachungsmassnahmen/%C3%9Cberwachungsmassnahmen/ueberwachungsmassnahmen_node.html;https://www.zoll.de/DE/FIU/DE/Fachthemen/Pruefungen-und-Ueberwachungsmassnahmen/Verschluesselte-Kommunikation/verschluesselte-kommunikation_node.html,
GH,Ghana,Bank of Ghana,central_banking;prudential_supervision,http://www.bog.gov.gh/,timeout,,http://www.bog.gov.gh/,,0,,The operation was aborted due to timeout
GH,Ghana,Financial Intelligence Centre Ghana (FIC),financial_intelligence,http://fic.gov.gh/,timeout,,http://fic.gov.gh/,,0,,The operation was aborted due to timeout
GH,Ghana,National Insurance Commission Ghana,insurance,,no-public-website,,,,0,,
GH,Ghana,National Pensions Regulatory Authority,pensions,https://npra.gov.gh/,reachable,200,https://npra.gov.gh/,NPRA,5,https://npra.gov.gh/news-and-events/public-notices/;https://npra.gov.gh/news-and-events/public-notices/public-notice-on-approved-schemes-2/;https://npra.gov.gh/news-and-events/public-notices/public-notice-on-licensed-individual-trustees-in-good-standing-as-of-the-month-ending-2026/;https://npra.gov.gh/news-and-events/public-notices/notice-of-new-fees-and-charges2026/;https://npra.gov.gh/news-and-events/public-notices/new-post-page-5/,
GH,Ghana,Securities and Exchange Commission,securities,http://www.sec.gov.gh/,http-error,404,http://www.sec.gov.gh/,Not Found,0,,
GI,Gibraltar,Financial Services Commission,prudential_supervision;securities;insurance,http://www.fsc.gi/,challenge-protected,403,https://www.fsc.gi/,Just a moment...,0,,
GI,Gibraltar,Gibraltar Financial Intelligence Unit (GCID GFIU),financial_intelligence,http://gfiu.gov.gi/,challenge-protected,200,http://gfiu.gov.gi/,Gibraltar Financial Intelligence Unit | Fighting economic crime through intelligence,1,http://gfiu.gov.gi/sanctions,
GR,Greece,Bank of Greece,central_banking;prudential_supervision;insurance,https://www.bankofgreece.gr/en,challenge-protected,403,https://www.bankofgreece.gr/en,Access Denied,0,,
GR,Greece,Hellenic Capital Market Commission*,securities,http://www.hcmc.gr/,reachable,200,http://www.hcmc.gr/,Αρχική Σελίδα - HCMC,20,http://www.hcmc.gr/el_GR/web/portal/elib/decisions;http://www.hcmc.gr/el_GR/web/portal/elib/lawscecdecisions;http://www.hcmc.gr/el_GR/web/portal/diagrafinew;http://www.hcmc.gr/el_GR/web/portal/sanctions;https://www.finedu.gr/;http://www.hcmc.gr/vdrv/elib/a543c199c-0cad-453e-b539-85d558182f8f-246227520-0;http://www.hcmc.gr/vdrv/elib/aa26c6ffd-babb-4d46-ba2b-e281d06f0fc2-246227520-0;http://www.hcmc.gr/vdrv/elib/ac3d77a2e-01f1-4dcd-ae91-2e4de38ce067-92668751-0;http://www.hcmc.gr/vdrv/elib/ad0382f72-ea86-4b8c-8ec7-4dd4de08f147-92668751-0;http://www.hcmc.gr/vdrv/elib/a33662bf9-6458-4c38-846b-d1ad2ed86971-246227520-0;http://www.hcmc.gr/vdrv/elib/a63465ff2-d221-4667-9506-56b4e5d64bfe-246227520-0;http://www.hcmc.gr/vdrv/elib/a8eafd0b5-d758-4041-b3ff-6d7b1ad6d033-246227520-0;http://www.hcmc.gr/vdrv/elib/a419ab28a-1c24-4877-a76f-08d8925e3f7b-246227520-0;http://www.hcmc.gr/vdrv/elib/ab6988892-5cff-4a85-98d8-51136837351f-92668751-0;http://www.hcmc.gr/vdrv/elib/ae85e81ab-1952-4d62-8a36-85c0133a96b4-695604395-0;http://www.hcmc.gr/vdrv/elib/abf280db8-334c-4170-85a6-9da11460b6ac-695604395-0;http://www.hcmc.gr/vdrv/elib/a6821aec1-bf0c-4fcc-a995-6f97ad88a2ee-246227520-0;http://www.hcmc.gr/vdrv/elib/a26c5aeac-c919-44c1-a478-3dffb4e52bc8-246227520-0;http://www.hcmc.gr/vdrv/elib/a48e506b8-7cb5-478a-bf5d-08e4367dd2dc-92668751-0;http://www.hcmc.gr/vdrv/elib/af8196246-6008-4972-bafc-cef6f25ff6d1-92668751-0,
GR,Greece,Unit A' of the Anti-Money Laundering Authority (Hellenic FIU),financial_intelligence,http://www.hellenic-fiu.gr/,challenge-protected,200,https://www.aml-authority.gov.gr/,Αρχή Καταπολέμησης της Νομιμοποίησης Εσόδων από Εγκληματικές… –,0,,
GD,Grenada,Eastern Caribbean Central Bank,central_banking;prudential_supervision,http://www.eccb-centralbank.org/,reachable,200,https://www.eccb-centralbank.org/,Home | Eastern Caribbean Central Bank - Eastern Caribbean Central Bank,0,,
GD,Grenada,Financial Intelligence Unit Grenada (FIU-Grenada),financial_intelligence,http://www.grenadafiu.com/index.php/en/,reachable,200,http://www.grenadafiu.com/index.php/en/,Financial Intelligence Unit | GRENADA,0,,
GU,Guam,Banking and Insurance Board,prudential_supervision,https://www.guamtax.com/bib/,reachable,200,https://www.guamtax.com/bib/,Banking and Insurance Board | Guam Dept. of Revenue and Taxation,2,https://www.guamtax.com/bib/9.14.17Minutesamended4.5.18.pdf;https://www.guamtax.com/about/enforcement.html,
GT,Guatemala,Bank of Guatemala,central_banking,http://www.banguat.gob.gt/,reachable,200,https://banguat.gob.gt/,| Banco de Guatemala,0,,
GT,Guatemala,Superintendencia de Bancos,prudential_supervision;insurance;financial_intelligence,http://www.sib.gob.gt/,access-blocked,403,https://www.sib.gob.gt/,sib.gob.gt,0,,
GG,Guernsey,Financial Intelligence Service (FIS),financial_intelligence,http://www.guernseyfiu.gov.gg/,reachable,200,https://guernseyfiu.gov.gg/,Financial Intelligence Unit - Financial Investigation Unit,2,https://guernseyfiu.gov.gg/article/175899/Sanctions;https://guernseyfiu.gov.gg/article/175927/Current-Sanction-Regimes,
GG,Guernsey,Guernsey Financial Services Commission,prudential_supervision;securities;insurance;pensions,http://www.gfsc.gg/,reachable,200,https://www.gfsc.gg/,Guernsey Financial Services Commission — GFSC,20,https://www.gfsc.gg/commission/about-us/senior-decision-makers;https://www.gfsc.gg/commission/financial-crime/notices-instructions-warnings;https://www.gfsc.gg/commission/financial-crime/sanctions;https://www.gfsc.gg/commission/enforcement;https://www.gfsc.gg/commission/enforcement/our-people;https://www.gfsc.gg/commission/enforcement/decision-making-process;https://www.gfsc.gg/commission/enforcement/enforcement-policy;https://www.gfsc.gg/commission/enforcement/enforcement-powers;https://www.gfsc.gg/commission/enforcement/judicial-decisions;https://www.gfsc.gg/commission/enforcement/prohibitions;https://www.gfsc.gg/commission/enforcement/public-statements;https://www.gfsc.gg/commission/enforcement/disqualified-directors;https://www.gfsc.gg/news/decision-european-court-human-rights;https://www.gfsc.gg/news/notice-application-administration-management-order;https://www.gfsc.gg/news/sanctions;https://www.gfsc.gg/news/sanctions-notice-isil-daesh-and-al-qaida-38;https://www.gfsc.gg/news/sanctions-notice-isil-daesh-and-al-qaida-37;https://www.gfsc.gg/news/sanctions-notice-isil-daesh-and-al-qaida-36;https://www.gfsc.gg/news/sanctions-notice-russia-ships-1;https://www.gfsc.gg/news/sanctions-notice-russia-200,
GN,Guinea,Central Bank of the Republic of Guinea,central_banking;prudential_supervision,http://www.bcrg-guinee.org/,reachable,200,https://www.bcrg-guinee.org/,BCRG – Banque Centrale de la République de Guinée,0,,
GW,Guinea-Bissau,Autorité des Marchés Financiers de l’UMOA,securities,http://www.crepmf.org/,timeout,,http://www.crepmf.org/,,0,,The operation was aborted due to timeout
GW,Guinea-Bissau,Central Bank of West African States (BCEAO),central_banking;prudential_supervision,https://www.bceao.int/en,reachable,200,https://www.bceao.int/en,BCEAO | Banque Centrale des Etats de l’Afrique de l’Ouest,1,https://www.bceao.int/en,
GW,Guinea-Bissau,Conférence Interafricaine des Marchés d'Assurances (CIMA),insurance,http://cima-afrique.org/,reachable,200,https://cima-afrique.org/,CIMA – Conférence Interafricaine des Marchés d’Assurance,2,https://cima-afrique.org/decisions-du-cma/;https://cima-afrique.org/decisions-de-la-crca/,
GY,Guyana,Bank of Guyana,central_banking;prudential_supervision,http://www.bankofguyana.org.gy/,reachable,200,https://bankofguyana.org.gy/bog3/,Home,2,https://bankofguyana.org.gy/bog/images/national_payment_systems/Specific%20Procurement%20Notice%20(SPN)%20-%20RFB%20for%20RTGS%20and%20CSD%20Systems.pdf;https://bankofguyana.org.gy/bog/images/communications/press_release/BOG%20Notice.pdf,
GY,Guyana,"Financial Intelligence Unit, Guyana",financial_intelligence,,no-public-website,,,,0,,
HT,Haiti,Bank of the Republic of Haiti,central_banking;prudential_supervision,https://www.brh.ht/,challenge-protected,200,https://www.brh.ht/,Banque de la République d'Haïti | BRH,0,,
HN,Honduras,Central Bank of Honduras,central_banking;prudential_supervision,https://www.bch.hn/en,reachable,200,https://www.bch.hn/en,Banco Central de Honduras Sites of Interest,0,,
HN,Honduras,Comisión Nacional de Bancos y Seguros,prudential_supervision;pensions,http://www.cnbs.gob.hn/,reachable,200,https://www.cnbs.gob.hn/,CNBS - Comisión Nacional de Bancos y Seguros,0,,
HN,Honduras,Unidad de Inteligencia Financiera (UIF-Honduras),financial_intelligence,http://pplaft.cnbs.gob.hn/,reachable,200,https://pplaft.cnbs.gob.hn/,Portal de Prevención de Lavado de Activos y Financiamiento del Terrorismo – UIF – PPLAFT – CNBS,3,https://pplaft.cnbs.gob.hn/nacionales/normas-nacionales-circulares-yo-resoluciones/;https://pplaft.cnbs.gob.hn/internacionales/normas-internacionales-resoluciones-del-consejo-de-seguridad-de-las-naciones-unidas/;https://pplaft.cnbs.gob.hn/blog/2023/03/24/oficio-uif-166-2023-comunicacion-nueva-actualizacion-a-la-lista-de-sanciones/,
HK,Hong Kong,Hong Kong Monetary Authority,central_banking;prudential_supervision,https://www.hkma.gov.hk/eng,reachable,200,https://www.hkma.gov.hk/eng,Hong Kong Monetary Authority,2,https://www.hkma.gov.hk/eng/key-functions/banking/banking-conduct-supervision/;https://www.hkma.gov.hk/eng/news-and-media/speeches/2026/07/20260727-1/,
HK,Hong Kong,Insurance Authority (IA),insurance,https://www.ia.org.hk/en/index.html,challenge-protected,403,https://www.ia.org.hk/en/index.html,Just a moment...,0,,
HK,Hong Kong,Joint  Financial Intelligence Unit (JFIU),financial_intelligence,http://www.jfiu.gov.hk/en/,reachable,200,https://www.jfiu.gov.hk/en/,"Home | Joint Financial Intelligence Unit, The Government of the Hong Kong Special Administrative Region",0,,
HK,Hong Kong,Mandatory Provident Fund Schemes Authority,pensions,https://www.mpfa.org.hk/,reachable,200,https://www.mpfa.org.hk/,Mandatory Provident Fund Schemes Authority - 積金局,11,https://www.mpfa.org.hk/enforcement/overview;https://www.mpfa.org.hk/enforcement/enforcement-against-employers;https://www.mpfa.org.hk/enforcement/plan-members;https://www.mpfa.org.hk/enforcement/self-employed;https://www.mpfa.org.hk/enforcement/mpf-intermediary;https://www.mpfa.org.hk/enforcement/mpf-trustees;https://www.mpfa.org.hk/enforcement/orso-employers-and-administrators;https://www.mpfa.org.hk/enforcement/enforcement-statistics;https://www.mpfa.org.hk/enforcement/beware-of-scams;https://www.mpfa.org.hk/enforcement/enforcement-alerts;https://www.mpfa.org.hk/copyright-notice,
HK,Hong Kong,Securities and Futures Commission*,securities,https://www.sfc.hk/web/EN/index.html,reachable,200,https://www.sfc.hk/web/EN/index.html,404 | Securities & Futures Commission of Hong Kong,0,,
HU,Hungary,Central Bank of Hungary,central_banking,http://english.mnb.hu/,reachable,200,https://www.mnb.hu/web/en/,Main page,2,https://www.mnb.hu/en/reserve-management/decision-making-levels;https://www.mnb.hu/en/the-central-bank/practical-issues/data-protection-notice,
HU,Hungary,Central Bank of Hungary,prudential_supervision,http://felugyelet.mnb.hu/en/,network-error,,http://felugyelet.mnb.hu/en/,,0,,fetch failed
HU,Hungary,Hungarian  Financial Intelligence Unit (HFIU),financial_intelligence,https://pei.nav.gov.hu/,reachable,200,https://pei.nav.gov.hu/,Pei,0,,
HU,Hungary,Magyar Nemzeti Bank (The Central Bank of Hungary),securities;insurance;pensions,http://www.mnb.hu/,reachable,200,https://www.mnb.hu/web/fooldal,Főoldal,0,,
IS,Iceland,Central Bank of Iceland,central_banking;prudential_supervision;securities,https://www.cb.is/,challenge-protected,200,https://cb.is/,Central Bank of Iceland | Frontpage,1,https://cb.is/news-and-publications/events/?category=72f27799-bbe1-4a72-87a7-0164438ef63f&tags=monetary%20policy%20committee,
IS,Iceland,Financial Intelligence Unit – Iceland (FIU-ICE),financial_intelligence,https://www.government.is/topics/public-safety-and-security/aml-cft-policies/,challenge-protected,200,https://www.government.is/topics/public-safety-and-security/aml-cft-policies/,,0,,
IS,Iceland,Financial Supervisory Authority of Iceland,prudential_supervision,http://en.fme.is/,challenge-protected,200,https://cb.is/,Central Bank of Iceland | Frontpage,1,https://cb.is/news-and-publications/events/?category=72f27799-bbe1-4a72-87a7-0164438ef63f&tags=monetary%20policy%20committee,
IN,India,Financial Intelligence Unit India (FIU-IND),financial_intelligence,http://fiuindia.gov.in/,timeout,,http://fiuindia.gov.in/,,0,,The operation was aborted due to timeout
IN,India,Insurance Regulatory and Development Authority of India (IRDAI),insurance,https://www.irdai.gov.in/Defaulthome.aspx?page=H1,access-blocked,403,https://www.irdai.gov.in/Defaulthome.aspx?page=H1,Service unavailable,0,,
IN,India,International Financial Services Centres Authority (IFSCA),insurance;pensions,https://www.ifsca.gov.in/,challenge-protected,200,https://www.ifsca.gov.in/,International Financial Services Centres Authority,6,https://ifsca.gov.in/Pages/Contents/UNSC-Sanctions-Committee-List;https://ifsca.gov.in/SezMeeting/PublicNotice;https://ifsca.gov.in/Pages/Contents/Enforcement-Actions;https://ifsca.gov.in/Pages/Contents/Unserved-Notices;https://ifsca.gov.in/Pages/Contents/Unserved-notices-which-resulted-in-Order;https://ifsca.gov.in/Pages/Contents/About_Enforcement,
IN,India,Pension Fund Regulatory and Development Authority,pensions,https://www.pfrda.org.in/,reachable,200,https://www.pfrda.org.in/,Pension Fund Regulatory and Development Authority (PFRDA) - Official Website for NPS & APY Schemes - PFRDA,8,https://www.pfrda.org.in/en/web/pfrda/w/pension-fund-regulatory-and-development-authority-exits-and-withdrawals-under-the-national-pension-system-regulations-2015-last-amended-on-20th-july-2026-.;https://www.pfrda.org.in/en/web/pfrda/w/pfrda-registration-of-pension-funds-guidelines-2026-amended-on-13.07.2026-;https://www.pfrda.org.in/en/web/pfrda/w/notice-inviting-proposals-for-selection-of-sponsors-of-pension-funds-on-tap-basis;https://www.pfrda.org.in/en/web/pfrda/w/circular-introduction-of-nps-pride-disha-pension-fund-returns-for-informed-decision-empowerment-a-subscriber-awareness-and-decision-support-digital-tool-kit;https://www.pfrda.org.in/regulatory-framework/orders/enforcement-orders;https://www.pfrda.org.in/regulatory-framework/orders/notices;https://www.pfrda.org.in/regulatory-framework/orders/general-orders;https://www.pfrda.org.in/w/circular-introduction-of-nps-pride-disha-pension-fund-returns-for-informed-decision-empowerment-a-subscriber-awareness-and-decision-support-digital-tool-kit,
IN,India,Reserve Bank of India,central_banking;prudential_supervision,http://www.rbi.org.in/home.aspx,http-error,404,http://www.rbi.org.in/home.aspx,Page not found,0,,
IN,India,Securities and Exchange Board of India*,securities,http://www.sebi.gov.in/,network-error,,http://www.sebi.gov.in/,,0,,fetch failed
ID,Indonesia,Bank Indonesia,central_banking;prudential_supervision,http://www.bi.go.id/en/,network-error,,http://www.bi.go.id/en/,,0,,fetch failed
ID,Indonesia,Indonesia Financial Services Authority,securities;insurance;pensions,https://www.ojk.go.id/en/Default.aspx,reachable,200,https://www.ojk.go.id/en/Default.aspx,Otoritas Jasa Keuangan,0,,
ID,Indonesia,Indonesian Financial Transaction Reports and Analysis Centre (PPATK),financial_intelligence,http://www.ppatk.go.id/?reloaded=yes,reachable,200,https://www.ppatk.go.id/?reloaded=yes,PPATK | Pusat Pelaporan dan Analisis Transaksi Keuangan,0,,
IR,Iran,Securities and Exchange Organization,securities,http://en.seo.ir/,timeout,,http://en.seo.ir/,,0,,The operation was aborted due to timeout
IR,Iran,The Central Bank of the Islamic Republic of Iran,central_banking;prudential_supervision,http://www.cbi.ir/default_en.aspx,network-error,,http://www.cbi.ir/default_en.aspx,,0,,fetch failed
IQ,Iraq,Anti-Money Laundering and Countering Financing of Terrorism Office of Iraq,financial_intelligence,https://aml.iq/?lang=en,reachable,200,https://aml.iq/?lang=en,AML/CFT,0,,
IQ,Iraq,Central Bank of Iraq,central_banking,https://cbi.iq/,reachable,200,https://cbi.iq/,البنك المركزي العراقي | الرئيسية,1,https://cbi.iq/news/view/3262,
IE,Ireland,Central Bank of Ireland,central_banking;prudential_supervision;securities;insurance,http://www.centralbank.ie/,reachable,200,https://www.centralbank.ie/,Home | Central Bank of Ireland,10,https://www.centralbank.ie/monetary-policy/policy-setting/ecb-governing-council-and-monetary-policy-decisions;https://www.centralbank.ie/regulation/how-we-regulate/international-financial-sanctions/EU-restrictive-measures-relating-to-actions-in-Ukraine;https://www.centralbank.ie/regulation/how-we-regulate/regulatory-decisions-unit;https://www.centralbank.ie/regulation/how-we-regulate/enforcement;https://www.centralbank.ie/regulation/how-we-regulate/international-financial-sanctions;https://www.centralbank.ie/regulation/anti-money-laundering-and-countering-the-financing-of-terrorism/countering-the-financing-of-terrorism;https://www.centralbank.ie/regulation/enforcement;https://www.centralbank.ie/news/article/press-release-central-bank-of-ireland-publishes-supplemental-guidance-prohibition-notices-under-the-f-and-p-regime-30-july-2026;https://www.centralbank.ie/news/article/press-release-central-bank-appoints-external-reviewer-enforcement-activities-22-july-2026;https://www.centralbank.ie/fns/privacy-statement,
IE,Ireland,Financial Intelligence Unit Ireland (FIU Ireland),financial_intelligence,http://www.garda.ie/Controller.aspx?Page=29,reachable,200,https://www.garda.ie/en/?Page=29,Home - Garda,3,https://www.garda.ie/en/roads-policing/fixed-charge-notices/;https://www.garda.ie/en/about-us/our-departments/office-of-corporate-communications/news-media/public-consultation-notice-msd-2026.html;https://www.garda.ie/en/Roads-Policing/Fixed-Charge-Notices/,
IE,Ireland,The Pensions Authority,pensions,https://pensionsauthority.ie/,reachable,200,https://pensionsauthority.ie/,Welcome to the Pensions Authority - pensionsauthority,5,https://pensionsauthority.ie/trustee-hub/defined_benefit_financial_risk_measure/;https://pensionsauthority.ie/trustee-hub/fines_and_penalties/;https://pensionsauthority.ie/guidance/defined-benefit-schemes/;https://pensionsauthority.ie/enforcement/;https://pensionsauthority.ie/data/defined_benefit_statistics_reports/,
IM,Isle of Man,Financial Supervision Commission,prudential_supervision,http://www.fsc.gov.im/,network-error,,http://www.fsc.gov.im/,,0,,fetch failed
IM,Isle of Man,Isle of Man  Financial Intelligence Unit (FIU-IOM),financial_intelligence,http://www.fiu.im/,reachable,200,https://www.fiu.im/,Request Rejected,0,,
IM,Isle of Man,Isle of Man Financial Services Authority,securities,http://www.iomfsa.im/,reachable,200,https://www.iomfsa.im/,Request Rejected,0,,
IM,Isle of Man,Isle of Man Financial Services Authority,insurance,https://www.gov.im/,reachable,200,https://www.gov.im/,Request Rejected,0,,
IL,Israel,Bank of Israel,central_banking;prudential_supervision,https://www.boi.org.il/en/,reachable,200,https://www.boi.org.il/en/,Radware Page,0,,
IL,Israel,Capital Market Insurance and Savings Authority,pensions,https://www.gov.il/,challenge-protected,403,https://www.gov.il/,Attention Required! | Cloudflare,0,,
IL,Israel,"Capital Markets, Insurance and Savings Authority (CMISA)",insurance,https://mof.gov.il/,challenge-protected,403,https://www.gov.il/he/Departments/ministry_of_finance/govil-landing-page,Attention Required! | Cloudflare,0,,
IL,Israel,Israel Money Laundering and Terror Financing Prohibition Authority (IMPA),financial_intelligence,http://www.justice.gov.il/En/Units/IMPA/Pages/Default.aspx,challenge-protected,403,https://www.gov.il/en/departments/impa/govil-landing-page,Attention Required! | Cloudflare,0,,
IL,Israel,Israel Securities Authority,securities,http://www.isa.gov.il/,reachable,200,https://www.new.isa.gov.il/,,0,,
IT,Italy,Bank of Italy,central_banking;prudential_supervision;financial_intelligence,https://www.bancaditalia.it/homepage/index.html?com.dotmarketing.htmlpage.language=1,reachable,200,https://www.bancaditalia.it/homepage/index.html?com.dotmarketing.htmlpage.language=1,Banca d’Italia - The official site of Italy's Central Bank,9,https://www.bancaditalia.it/servizi-cittadino/musei-collezioni/prenotazioni-on-line/index.html;https://www.bancaditalia.it/chi-siamo/provvedimenti/index.html;https://www.bancaditalia.it/media/podcast/centrale/;https://tassidicambio.bancaditalia.it/terzevalute-wf-ui-web/;https://servizionline.bancaditalia.it/;https://economiapertutti.bancaditalia.it/;https://www.youtube.com/watch?v=00ynUpG3VBU;https://alert.bancaditalia.it/webApp/subscribe?LANGUAGE=en;https://www.bancaditalia.it/media/comunicati/documenti/2026-01/cs-riconoscimento-AT-20260731-ENG.pdf?language_id=1,
IT,Italy,Commissione Nazionale per le Società e la Borsa*,securities,http://www.consob.it/,reachable,200,https://www.consob.it/,Homepage - CONSOB,3,https://www.consob.it/web/consob/pubblicazioni1;https://www.consob.it/web/area-pubblica/informazioni-sui-procedimenti-sanzionatori;https://www.consob.it/web/area-pubblica/sanzioni,
IT,Italy,Istituto per la Vigilanza sulle Assicurazioni (IVASS),insurance,https://www.ivass.it/,reachable,200,https://www.ivass.it/,IVASS - Istituto per la vigilanza sulle assicurazioni,2,https://www.ivass.it/normativa/nazionale/secondaria-ivass/normativi-provv/2026/provv-171/Provvedimento_171_del_29_7_2026.pdf;https://www.ivass.it/normativa/nazionale/secondaria-ivass/amministrativi-provv/2026/0169851/Provvedimento_0169851_27_07_2026.pdf,
IT,Italy,Pension Funds Supervision Commission,pensions,https://www.covip.it/,access-blocked,403,https://www.covip.it/,403 Forbidden,0,,
JM,Jamaica,Bank of Jamaica,central_banking;prudential_supervision,http://www.boj.org.jm/,reachable,200,https://boj.org.jm/,Bank of Jamaica Website » Bank of Jamaica,11,https://boj.org.jm/core-functions/monetary-policy/monetary-policy-decision-making/;https://boj.org.jm/core-functions/monetary-policy/policy-schedule/;https://boj.org.jm/core-functions/monetary-policy/policy-schedule/summary-of-decisions/;https://boj.org.jm/news/;https://boj.org.jm/category/notices/;https://boj.org.jm/category/notices/money-market/;https://boj.org.jm/category/notices/net-international-reserve/;https://boj.org.jm/category/notices/treasury-bills/;https://boj.org.jm/category/monetary-policy/;https://boj.org.jm/summary-of-decisions-august-2026/;https://boj.org.jm/category/notices/cod-jmd/,
JM,Jamaica,Financial Investigations Division (FID),financial_intelligence,http://fid.gov.jm/,reachable,200,https://www.fid.gov.jm/,Financial Investigations Divisions – Taking the profit out of Crime,2,https://www.fid.gov.jm/html/foreigners-who-attempted-to-leave-the-island-with-illicit-money-fined/;https://www.fid.gov.jm/un-sanction-list/,
JM,Jamaica,Financial Services Commission,securities;insurance;pensions,http://www.fscjamaica.org/,reachable,200,https://www.fscjamaica.org/,Financial Services Commission - FSC Jamaica,1,https://www.fscjamaica.org/category/media/notices/,
JP,Japan,Bank of Japan,central_banking;prudential_supervision,http://www.boj.or.jp/en/,reachable,200,https://www.boj.or.jp/en/,Home : 日本銀行 Bank of Japan,4,https://www.boj.or.jp/en/statistics/outline/notice_2026/index.htm;https://www.boj.or.jp/en/statistics/outline/general_notice/index.htm;https://www.boj.or.jp/en/about/organization/notice/index.htm;https://www.boj.or.jp/en/statistics/outline/notice_2026/not260810a.htm,
JP,Japan,Financial Services Agency,prudential_supervision;securities;insurance,http://www.fsa.go.jp/en/index.html,reachable,200,https://www.fsa.go.jp/en/index.html,Financial Services Agency,1,https://www.fsa.go.jp/en/regulated_institutions/index.html,
JP,Japan,Japan  Financial Intelligence Center (JAFIC),financial_intelligence,http://www.npa.go.jp/sosikihanzai/jafic/index_e.htm,reachable,200,https://www.npa.go.jp/sosikihanzai/jafic/index_e.htm,Japan Financial Intelligence Center(JAFIC) | National Police Agency,0,,
JP,Japan,"Ministry of Agriculture, Forestry and Fisheries",securities,http://www.maff.go.jp/,reachable,200,https://www.maff.go.jp/,農林水産省ホームページ,0,,
JP,Japan,"Ministry of Economy, Trade and Industry",securities,https://www.meti.go.jp/,reachable,200,https://www.meti.go.jp/,経済産業省のWEBサイト（METI/経済産業省）,1,https://www.meti.go.jp/press/2026/08/20260810001.html,
JE,Jersey,Financial Intelligence Unit – Jersey,financial_intelligence,https://www.fiu.je/,challenge-protected,200,https://fiu.je/,Financial Intelligence Unit - Jersey,0,,
JE,Jersey,Jersey Financial Services Commission,prudential_supervision;securities;insurance,http://www.jerseyfsc.org/,challenge-protected,403,https://www.jerseyfsc.org/,Just a moment...,0,,
JO,Jordan,Anti-Money Laundering and Counter Terrorist Financing Unit (AMLU Jordan),financial_intelligence,http://www.amlu.gov.jo/ar-jo/home.aspx,reachable,200,https://www.amlu.gov.jo/Default/Ar,الصفحة الرئيسية - وحدة مكافحة غسل الأموال وتمويل الإرهاب,1,https://sanctions.amlu.gov.jo/AR/List/%D9%86%D8%A8%D8%B0%D8%A9_%D8%B9%D9%86_%D8%A7%D9%84%D9%84%D8%AC%D9%86%D8%A9_%D8%A7%D9%84%D9%81%D9%86%D9%8A%D8%A9,
JO,Jordan,Central Bank of Jordan,central_banking;prudential_supervision;insurance,http://www.cbj.gov.jo/,reachable,200,https://www.cbj.gov.jo/Default/Ar,الصفحة الرئيسية - البنك المركزي الاردني,1,https://www.cbj.gov.jo/AR/List/%D9%82%D8%B1%D8%A7%D8%B1%D8%A7%D8%AA_%D8%A7%D9%84%D8%B3%D9%8A%D8%A7%D8%B3%D8%A9_%D8%A7%D9%84%D9%86%D9%82%D8%AF%D9%8A%D8%A9,
JO,Jordan,Jordan Securities Commission,securities,http://www.jsc.gov.jo/,network-error,,http://www.jsc.gov.jo/,,0,,fetch failed
KZ,Kazakhstan,Agency of the Republic of Kazakhstan for Regulation and Development of Financial Market,securities;insurance,http://www.finreg.kz/,network-error,,http://www.finreg.kz/,,0,,fetch failed
KZ,Kazakhstan,Astana Financial Services Authority (AFSA),insurance,http://www.afsa.kz/,reachable,200,https://afsa.aifc.kz/,AFSA – Astana Financial Services Authority,1,https://afsa.aifc.kz/notice-register/,
KZ,Kazakhstan,Financial Monitoring Agency of the Republic of Kazakhstan,financial_intelligence,https://afmrk.gov.kz/en/index/,network-error,,https://afmrk.gov.kz/en/index/,,0,,fetch failed
KZ,Kazakhstan,National Bank of Kazakhstan,central_banking;prudential_supervision,https://nationalbank.kz/en,reachable,200,https://nationalbank.kz/en,National Bank of Kazakhstan,5,https://nationalbank.kz/en/news/grafik-prinyatiya-resheniy-po-bazovoy-stavke;https://nationalbank.kz/en/sanction/sankcii-i-mery-vozdeystviya;https://nationalbank.kz/en/page/poryadok-obzhalovaniya-resheniy-prinyatyh-po-rezultatam-rassmotreniya-obrashcheniy;https://nationalbank.kz/en/news/press-relizy/rubrics/2275;https://nationalbank.kz/en/news/grafik-prinyatiya-resheniy-po-bazovoy-stavke/rubrics/2098,
KZ,Kazakhstan,The Agency of the Republic of Kazakhstan for Regulation and Development of Financial Market,prudential_supervision;pensions,https://www.gov.kz/memleket/entities/ardfm?lang=en,reachable,200,https://www.gov.kz/memleket/entities/ardfm?lang=en,GOV.KZ - Единая платформа интернет-ресурсов государственных органов (ЕПИР ГО),0,,
KE,Kenya,Capital Markets Authority,securities,http://www.cma.or.ke/,http-error,404,http://www.cma.or.ke/,Page not found,0,,
KE,Kenya,Central Bank of Kenya,central_banking;prudential_supervision,http://www.centralbank.go.ke/,reachable,200,https://www.centralbank.go.ke/,CBK | Central Bank of Kenya,1,https://www.centralbank.go.ke/releases/public-notices/,
KE,Kenya,Insurance Regulatory Authority,insurance,https://www.ira.go.ke/,challenge-protected,200,https://www.ira.go.ke/,Welcome - Insurance Regulatory Authority,2,https://www.ira.go.ke/resource/public-notice-placement-of-kenyan-insurance-business-with-unlincensed-insurers;https://www.ira.go.ke/legal-notices/?_t=1510,
KE,Kenya,Retirement Benefits Authority,pensions,https://www.rba.go.ke/,reachable,200,https://www.rba.go.ke/,RBA - Retirement Benefit Authority,2,https://www.rba.go.ke/news-and-events/;https://www.rba.go.ke/notice-2026-knbs-survey-of-other-financial-corporations-ofcs/,
KE,Kenya,The Financial Reporting Centre (FRC) Kenya,financial_intelligence,https://www.cid.go.ke/index.php/sections/investigationunits/financial-investigations-unit-fiu.html,timeout,,https://www.cid.go.ke/index.php/sections/investigationunits/financial-investigations-unit-fiu.html,,0,,The operation was aborted due to timeout
XK,Kosovo,Central Bank of the Republic of Kosovo,central_banking;prudential_supervision;insurance;pensions,https://bqk-kos.org/?lang=en,challenge-protected,403,https://bqk-kos.org/?lang=en,Just a moment...,0,,
XK,Kosovo,Financial Intelligence Unit of Kosovo (NJIF-K),financial_intelligence,,no-public-website,,,,0,,
KW,Kuwait,Capital Markets Authority*,securities,http://www.cma.gov.kw/,timeout,,http://www.cma.gov.kw/,,0,,The operation was aborted due to timeout
KW,Kuwait,Central Bank of Kuwait,central_banking;prudential_supervision,http://www.cbk.gov.kw/,reachable,200,https://www.cbk.gov.kw/default,Central Bank of Kuwait,0,,
KW,Kuwait,Insurance Regulatory Unit (IRU),insurance,,no-public-website,,,,0,,
KW,Kuwait,Kuwaiti Financial Intelligence Unit (KwFIU),financial_intelligence,http://www.kwfiu.gov.kw/,network-error,,http://www.kwfiu.gov.kw/,,0,,fetch failed
KG,Kyrgyzstan,National Bank of the Kyrgyz Republic,central_banking;prudential_supervision,https://www.nbkr.kg/index.jsp?lang=eng,reachable,200,https://www.nbkr.kg/index.jsp?lang=eng,National Bank of the Kyrgyz Republic,3,https://www.nbkr.kg/index1.jsp?item=1631&lang=ENG;https://www.nbkr.kg/index1.jsp?item=3547&lang=ENG;https://www.nbkr.kg/index1.jsp?item=2526&lang=ENG,
KG,Kyrgyzstan,State Service for Financial Market Regulation and Supervision under the Government of the Kyrgyz Republic,securities,https://www.fsa.kg/,network-error,,https://www.fsa.kg/,,0,,fetch failed
KG,Kyrgyzstan,The State Financial Intelligence Under the Government of the Kyrgyz Republic (FIS),financial_intelligence,http://www.fiu.gov.kg/en.html,challenge-protected,200,https://www.fiu.gov.kg/user/login,Государственная служба финансовой разведки при Министерстве финансов Кыргызской Республики - Sign in,2,http://fiu.gov.kg/sked/2;http://fiu.gov.kg/sked/9,
LA,Laos,Anti-Money Laundering Intelligence Office of Lao PDR,financial_intelligence,http://amlio.gov.la/eng/about.php,reachable,200,http://amlio.gov.la/eng/about.php,AMLIO,0,,
LA,Laos,Bank of the Lao PDR,central_banking,https://www.bol.gov.la/en/index,network-error,,https://www.bol.gov.la/en/index,,0,,fetch failed
LV,Latvia,Bank of Latvia,central_banking;securities;insurance;pensions,https://www.bank.lv/en/,reachable,200,https://www.bank.lv/en/,Latvijas Banka | Latvijas Banka,0,,
LV,Latvia,Financial and Capital Market Commission,prudential_supervision,http://www.fktk.lv/,reachable,200,https://www.bank.lv/,Latvijas Banka | Latvijas Banka,0,,
LV,Latvia,Financial Intelligence Unit of Latvia (FID),financial_intelligence,https://www.fid.gov.lv/en,reachable,200,https://www.fid.gov.lv/en,Financial Intelligence Unit of Latvia,4,https://www.fid.gov.lv/en/roles-and-responsibilities/sanctions;https://www.fid.gov.lv/en/news/save-the-date-international-sanctions-conference-in-riga-to-focus-on-measures-degrading-russias-war-machine;https://www.fid.gov.lv/en/news/key-sanctions-highlights-in-q2-2026;https://www.fid.gov.lv/en/news/the-eus-21st-sanctions-package-will-significantly-impact-russias-energy-and-financial-sectors,
LB,Lebanon,Central Bank of Lebanon,central_banking;prudential_supervision,http://www.bdl.gov.lb/,challenge-protected,403,https://www.bdl.gov.lb/,Just a moment...,0,,
LB,Lebanon,Special Investigation Commission (SIC),financial_intelligence,http://www.sic.gov.lb/,reachable,200,https://www.sic.gov.lb/,Special Investigation Comission | Special Investigation Comission,0,,
LS,Lesotho,Central Bank of Lesotho,central_banking;prudential_supervision;pensions,http://www.centralbank.org.ls/,reachable,200,http://centralbank.org.ls/,Central Bank of Lesotho,0,,
LS,Lesotho,Central Bank of Lesotho,insurance,,no-public-website,,,,0,,
LS,Lesotho,Financial Intelligence Unit of Lesotho,financial_intelligence,https://fiu.org.ls/,reachable,200,https://fiu.org.ls/,Financial Intelligence Unit – FIU,1,https://www.un.org/securitycouncil/sanctions/1267/aq_sanctions_list,
LR,Liberia,Central Bank of Liberia,central_banking,http://www.cbl.org.lr/,reachable,200,https://www.cbl.org.lr/,Home | Central Bank of Liberia,1,https://www.cbl.org.lr/publications/document-type/mpc-decisions,
LR,Liberia,Financial Intelligence Agency of Liberia	(FIA-LIBERIA),financial_intelligence,https://www.fialiberia.gov.lr/,reachable,200,https://www.fialiberia.gov.lr/,Financial Intelligence Agency of Liberia,2,https://www.fialiberia.gov.lr/law-enforcement-agencies/;http://moj.gov.lr/agencies/dea/,
LY,Libya,Central Bank of Libya,central_banking;prudential_supervision,https://cbl.gov.ly/en/,reachable,200,https://cbl.gov.ly/en/,The Central Bank of Libya - The Central Bank of Libya,0,,
LI,Liechtenstein,Financial Intelligence Unit Liechtenstein (EFFI),financial_intelligence,http://www.fiu.li/index.php/en/,challenge-protected,403,https://www.llv.li/de/landesverwaltung/stabsstelle-fiu,Just a moment...,0,,
LI,Liechtenstein,Financial Market Authority,prudential_supervision;securities;insurance;pensions,http://www.fma-li.li/,reachable,200,https://www.fma-li.li/de,Finanzmarktaufsicht Liechtenstein,2,https://www.fma-li.li/de/aufsicht-regulierung/enforcement-und-sanktionen;https://www.fma-li.li/de/warning/bekanntmachung-fma-verhaengt-massnahmen-gegen-die-tgi-ag-wegen-unerlaubten-betriebs-des-einlagengeschaefts-1630,
LT,Lithuania,Bank of Lithuania,central_banking;prudential_supervision;securities;insurance;pensions,https://www.lb.lt/en/,challenge-protected,403,https://www.lb.lt/en/,Just a moment...,0,,
LT,Lithuania,Financial Crime Investigation Service Under the Ministry of Interior (FCIS),financial_intelligence,http://www.fntt.lt/en.php/138,challenge-protected,403,http://www.fntt.lt/en.php/138,Just a moment...,0,,
LU,Luxembourg,Central Bank of Luxembourg,central_banking;prudential_supervision,https://www.bcl.lu/en/index.html,reachable,200,https://www.bcl.lu/en/index.html,Banque centrale du Luxembourg - English,3,https://www.bcl.lu/en/Monetary-policy/decisions/index.html;https://www.bcl.lu/fr/publications/Blog/blog-34/index.html;https://www.bcl.lu/en/support/cookies1/index.html,
LU,Luxembourg,Commissariat aux Assurances,insurance,http://www.caa.lu/,reachable,200,https://www.caa.lu/,Accueil - Commissariat aux Assurances,3,https://www.caa.lu/fr/consommateurs/sanctions-et-autres-mesures-administratives;https://www.caa.lu/fr/informations/sanctions-fin-int-contre-russie;https://www.caa.lu/fr/surveillance/sanctions-financieres-internationales,
LU,Luxembourg,Commission de Surveillance du Secteur Financier,prudential_supervision;securities;pensions,http://www.cssf.lu/en/,reachable,200,https://www.cssf.lu/en/,CSSF – The Commission de Surveillance du Secteur Financier is a public institution which supervises the professionals and products of the Luxembourg financial sector.,1,https://www.cssf.lu/en/enforcement-of-financial-information/,
LU,Luxembourg,Financial Intelligence Unit (FIU-LUX),financial_intelligence,http://www.crf.lu/,reachable,200,https://crf.public.lu/fr.html,CRF - Cellule de renseignement financier - Luxembourg,0,,
MO,Macau,Financial Intelligence Office (GIF),financial_intelligence,http://www.gif.gov.mo/web1/en_about.html,network-error,,http://www.gif.gov.mo/web1/en_about.html,,0,,fetch failed
MO,Macau,Monetary Authority of Macao,central_banking;prudential_supervision;insurance;pensions,https://www.amcm.gov.mo/en/,reachable,200,https://www.amcm.gov.mo/en/,AMCM,0,,
MG,Madagascar,Banky Foiben'i Madagasikara,central_banking;prudential_supervision,https://www.banky-foibe.mg/,challenge-protected,200,https://www.banky-foibe.mg/,Banky Foiben'i Madagasikara,0,,
MG,Madagascar,The Financial Intelligent Unit (SAMIFIN),financial_intelligence,https://www.samifin.gov.mg/,reachable,200,https://www.samifin.gov.mg/,Home 1 | Welcome to SAMIFIN,3,https://www.samifin.gov.mg/;https://www.samifin.gov.mg/index.php/renforcement-des-capacites-nationales-en-matiere-dinvestigation-des-actifs-virtuels;https://www.samifin.gov.mg/renforcement-des-capacites-nationales-en-matiere-dinvestigation-des-actifs-virtuels,
MW,Malawi,Financial Intelligence Authority Malawi (FIA-Malawi),financial_intelligence,https://fia.gov.mw/index.php,reachable,200,https://fia.gov.mw/index.php,Financial Intelligence Authority,1,https://fia.gov.mw/publications/Supression%20of%20TF%20and%20Proliferation%20Regulations-Director.pdf,
MW,Malawi,Reserve Bank of Malawi,central_banking;prudential_supervision;securities;pensions,https://www.rbm.mw/,reachable,200,https://www.rbm.mw/,Reserve Bank of Malawi,3,https://www.rbm.mw/Home/GetContentFile/?ContentID=63660;https://www.rbm.mw/;https://www.rbm.mw/FinancialMarkets/TreasuryBills/,
MW,Malawi,Reserve Bank of Malawi,insurance,,no-public-website,,,,0,,
MY,Malaysia,Central Bank of Malaysia,central_banking;prudential_supervision;insurance,http://www.bnm.gov.my/,reachable,200,https://www.bnm.gov.my/,Home - Bank Negara Malaysia,6,https://www.bnm.gov.my/notices-announcements/-/tag/notices-2026;https://www.bnm.gov.my/enforcement-actions;https://www.bnm.gov.my/-/ea-pn-20260814;https://www.bnm.gov.my/monetary-stability/opr-decisions;https://www.bnm.gov.my/web/guest/opr-decision-and-statement;https://www.bnm.gov.my/committees/mprc,
MY,Malaysia,Financial Intelligence Unit Malaysia (UPWBNM),financial_intelligence,http://amlcft.bnm.gov.my/AMLCFT02biii.html,http-error,404,https://amlcft.bnm.gov.my/AMLCFT02biii.html,,0,,
MY,Malaysia,Labuan Financial Services Authority (Labuan FSA),insurance,http://www.labuanfsa.gov.my/,challenge-protected,200,https://www.labuanfsa.gov.my/,Labuan FSA | Gateway to Asia’s Premier Financial Centre,3,https://www.labuanfsa.gov.my/;https://www.labuanfsa.gov.my/clients/asset_717D5286-17F8-4620-B852-83CA4FFCC30C/contentms/img/documents/resources/general-notification/2026/RESTRICTED-PR_Office-Closure-Notice_18032026.pdf;https://www.labuanfsa.gov.my/regulations/enforcement-actions,
MY,Malaysia,Securities Commission*,securities,http://www.sc.com.my/,reachable,200,https://www.sc.com.my/,Securities Commission Malaysia | Home,2,https://www.sc.com.my/regulation/enforcement;https://www.sc.com.my/analytics/enforcement,
MV,Maldives,Capital Market Development Authority,securities;pensions,https://cmda.gov.mv/en,reachable,200,https://cmda.gov.mv/en,CMDA - Capital Market Development Authority,6,https://cmda.gov.mv/en/staff-directory?category=36;https://cmda.gov.mv/en/enforcement;https://cmda.gov.mv/en/downloads/fees-deposits-fines;https://cmda.gov.mv/en/announcements/license-expiration-notice;https://cmda.gov.mv/en/announcements/imposition-of-administrative-actions-on-mtcc;https://cmda.gov.mv/en/downloads?category=56,
MV,Maldives,Maldives Monetary Authority,central_banking;prudential_supervision;insurance;financial_intelligence,http://www.mma.gov.mv/,reachable,200,https://www.mma.gov.mv/,Maldives Monetary Authority - Central Bank of Maldives,0,,
ML,Mali,Autorité des Marchés Financiers de l’UMOA,securities,http://www.crepmf.org/,timeout,,http://www.crepmf.org/,,0,,The operation was aborted due to timeout
ML,Mali,Central Bank of West African States (BCEAO),central_banking;prudential_supervision,https://www.bceao.int/en,reachable,200,https://www.bceao.int/en,BCEAO | Banque Centrale des Etats de l’Afrique de l’Ouest,1,https://www.bceao.int/en,
ML,Mali,Conférence Interafricaine des Marchés d'Assurances (CIMA),insurance,http://cima-afrique.org/,reachable,200,https://cima-afrique.org/,CIMA – Conférence Interafricaine des Marchés d’Assurance,2,https://cima-afrique.org/decisions-du-cma/;https://cima-afrique.org/decisions-de-la-crca/,
ML,Mali,National Financial Intelligence Processing Unit (CENTIF-Mali),financial_intelligence,http://www.centif.gov.ml/,network-error,,http://www.centif.gov.ml/,,0,,fetch failed
MT,Malta,Central Bank of Malta,central_banking;prudential_supervision,http://www.centralbankmalta.org/,reachable,200,https://www.centralbankmalta.org/,Home - Central Bank of Malta,0,,
MT,Malta,Financial Intelligence Analysis Unit (FIAU),financial_intelligence,https://fiaumalta.org/,reachable,200,https://fiaumalta.org/,Home - FIAU,2,https://fiaumalta.org/what-we-do/enforcement/;https://fiaumalta.org/privacy-policy/,
MT,Malta,Malta Financial Services Authority,prudential_supervision;insurance,http://www.mfsa.com.mt/,challenge-protected,403,https://www.mfsa.mt/,Attention Required! | Cloudflare,0,,
MT,Malta,Malta Financial Services Authority,securities;pensions,https://www.mfsa.mt/,challenge-protected,403,https://www.mfsa.mt/,Attention Required! | Cloudflare,0,,
MH,Marshall Islands,Domestic  Financial Intelligence Unit (DFIU),financial_intelligence,,no-public-website,,,,0,,
MR,Mauritania,Autorité de Régulation du Marché Financier,securities,https://www.armf.mr/,reachable,200,https://www.armf.mr/,Autorité de Régulation Des Marchés Financiers | ARMF,0,,
MR,Mauritania,Banque Centrale de Mauritanie,central_banking;prudential_supervision,https://www.bcm.mr/portail,reachable,200,https://www.bcm.mr/portail,Banque Centrale de Mauritanie,0,,
MU,Mauritius,Bank of Mauritius,central_banking;prudential_supervision,http://www.bom.mu/,challenge-protected,200,https://www.bom.mu/,Bank of Mauritius |,17,https://www.bom.mu/monetary-policy/interest-rate-decisions;https://www.bom.mu/financial-stability/amlcft/implementation-targeted-sanctions;https://www.bom.mu/markets/market-notices;https://www.bom.mu/markets/open-market-operations/issue-of-bank-of-mauritius-securities/bom-bills/notice-of-tender;https://www.bom.mu/markets/money-market/primary-dealing-system/notices-and-communiques;https://www.bom.mu/markets/government-of-mauritius-securities/government-of-mauritius-treasury-bills/advance-notice/range-of-GMTB-to-be-issued;https://www.bom.mu/markets/government-of-mauritius-securities/government-of-mauritius-treasury-bills/advance-notice/tenor-of-GMTB-to-be-issued;https://www.bom.mu/markets/government-of-mauritius-securities/government-of-mauritius-treasury-bills/notice-of-tender;https://www.bom.mu/markets/market-notices/market-notices/media-release-35-four-year-government-mauritius-savings-bond;https://www.bom.mu/media/media-releases/public-notice-issue-40-five-year-bank-mauritius-emerald-jubilee-bond;https://www.bom.mu/media/media-releases/public-notice-55th-independence-anniversary-one-year-bank-mauritius-certificate-and-two-year-bank;https://www.bom.mu/media/media-releases/public-notice-consultation-document-guide-issue-sustainable-bonds-mauritius;https://www.bom.mu/media/media-releases/public-notice-public-consultation-paper-central-bank-digital-currency-digital-rupee;https://www.bom.mu/markets/government-mauritius-securities/government-mauritius-treasury-bills-gmtb/advance-notice/tenor-gmtb-be-issued-602;https://www.bom.mu/monetary-policy/interest-rate-decisions/post-mpc-meeting-press-conference-statement-governor-7;https://www.bom.mu/markets/open-market-operations/issue-bank-mauritiusbom-securities/bom-bills/notice-tender/notice-tender-bank-121;https://www.bom.mu/markets/government-mauritius-securities/government-mauritius-treasury-bills-gmtb/notice-tender/notice-tender-966,
MU,Mauritius,Financial Intelligence Unit Mauritius (FIU-Mauritius),financial_intelligence,http://www.fiumauritius.org/English/Pages/default.aspx,timeout,,http://www.fiumauritius.org/English/Pages/default.aspx,,0,,The operation was aborted due to timeout
MU,Mauritius,Financial Services Commission,securities;insurance;pensions,http://www.fscmauritius.org/,challenge-protected,200,http://www.fscmauritius.org/,,0,,
MX,Mexico,Bank of Mexico,central_banking,https://www.banxico.org.mx/indexen.html,http-error,406,https://www.banxico.org.mx/indexen.html,406 - Client browser does not accept the MIME type of the requested page.,0,,
MX,Mexico,Comisión Nacional Bancaria y de Valores,prudential_supervision;securities,http://www.cnbv.gob.mx/,network-error,,http://www.cnbv.gob.mx/,,0,,fetch failed
MX,Mexico,Comision Nacional de Seguros y Fianzas,insurance;pensions,https://www.gob.mx/cnsf,challenge-protected,403,https://www.gob.mx/cnsf,Access Denied,0,,
MX,Mexico,Financial Intelligence Unit Mexico (FIU-Mexico),financial_intelligence,,no-public-website,,,,0,,
MD,Moldova,National Bank of Moldova,central_banking;prudential_supervision;insurance,http://www.bnm.md/en,challenge-protected,200,https://www.bnm.md/en,National Bank of Moldova |,8,https://www.bnm.md/en/content/monetary-policy-decision-06082026;https://www.bnm.md/en/search?partitions[0]=677&post_types[677][0]=834;https://www.bnm.md/en/content/sanctions-applied-non-bank-credit-organizations-published-accordance-provisions-art-753-0;https://www.bnm.md/en/content/sanctions-applied-savings-and-loan-association-published-accordance-provisions-art-753-law;https://www.bnm.md/en/content/applied-sanctions-foreign-exchange-entities;https://www.bnm.md/en/content/applied-sanctions-foreign-exchange-entities-and-published-according-provisions-article-753;https://www.bnm.md/en/content/sanctions-applied-payment-service-providerspostal-service-providerselectronic-money;https://www.bnm.md/en/content/decisions-list,
MD,Moldova,Office for Prevention and Fight Against Money Laundering (SPCSB),financial_intelligence,http://spcsb.cna.md/about-us,http-error,404,http://spcsb.cna.md/about-us,404 Not Found,0,,
MC,Monaco,Autorité Monégasque de Sécurité Financière (AMSF),financial_intelligence,https://www.siccfin.mc/,network-error,,https://www.siccfin.mc/,,0,,fetch failed
MC,Monaco,Commission de Contrôle des Activités Financières,securities,http://www.ccaf.mc/,challenge-protected,200,https://ccaf.mc/,Accueil - CCAF,3,https://ccaf.mc/ccaf/les-sanctions-prononcees/;https://ccaf.mc/wp-content/uploads/2026/03/Decision-de-sanction-TAVIRA-MONACO.pdf;https://ccaf.mc/decision-de-sanction-a-lencontre-de-tavira-monaco-sam/,
MN,Mongolia,Bank of Mongolia,central_banking;financial_intelligence,https://www.mongolbank.mn/en/,reachable,200,https://www.mongolbank.mn/en/,The Central Bank of Mongolia,3,https://www.mongolbank.mn/en/p/1098;https://www.mongolbank.mn/en/p/1164;https://www.mongolbank.mn/en/category/5060,
MN,Mongolia,Financial Regulatory Commission,securities;insurance,http://www.frc.mn/,reachable,200,https://frc.mn/,Санхүүгийн зохицуулах хороо :: FRC.mn,0,,
ME,Montenegro,Capital Market Authority of Montenegro,securities,http://www.scmn.me/,access-blocked,403,http://www.scmn.me/,403 - Forbidden,0,,
ME,Montenegro,Central Bank of Montenegro,central_banking,https://www.cbcg.me/en,reachable,200,https://www.cbcg.me/en,CBCG,1,https://www.cbcg.me/en/public-relations/information/faq?accordion-open=1730,
ME,Montenegro,Department for the Prevention of Money Laundering and Terrorist Financing (DPMLTF),financial_intelligence,http://www.foj.gov.me/,network-error,,http://www.foj.gov.me/,,0,,fetch failed
ME,Montenegro,Insurance Supervision Agency,insurance,http://www.ano.me/,reachable,200,https://ano.me/,Početna - Agencija za nadzor osiguranja,0,,
MS,Montserrat,Eastern Caribbean Central Bank,central_banking;prudential_supervision,http://www.eccb-centralbank.org/,reachable,200,https://www.eccb-centralbank.org/,Home | Eastern Caribbean Central Bank - Eastern Caribbean Central Bank,0,,
MS,Montserrat,Financial Services Commission,prudential_supervision,http://www.fscmontserrat.org/,reachable,200,https://www.fscmontserrat.org/,"Financial Services Commission Montserrat | Responsible for the licensing, supervision and regulation of financial service providers.",3,https://www.fscmontserrat.org/notices/;https://www.fscmontserrat.org/enforcement-measures/;https://www.fscmontserrat.org/sanctions/,
MA,Morocco,Autorité de Contrôle des Assurances et de la Prévoyance Sociale (ACAPS),insurance;pensions,https://www.acaps.ma/,challenge-protected,200,https://www.acaps.ma/fr,L'Autorité | ACAPS,0,,
MA,Morocco,Autorité Marocaine du Marché des Capitaux*,securities,http://www.ammc.ma/,timeout,,http://www.ammc.ma/,,0,,The operation was aborted due to timeout
MA,Morocco,Bank Al-Maghrib (Central Bank of Morocco),central_banking;prudential_supervision,http://www.bkam.ma/en,challenge-protected,200,https://www.bkam.ma/en,BANK AL-MAGHRIB,6,https://www.bkam.ma/en/Monetary-policy/Strategic-framework/Decision-making-process;https://www.bkam.ma/en/Monetary-policy/Strategic-framework/Monetary-policy-decisions/Press-release;https://www.bkam.ma/en/Monetary-policy/Strategic-framework/Monetary-policy-decisions/Decisions-history;https://www.bkam.ma/en/Monetary-policy/Operational-framework/Bank-al-maghrib-intervention-mechanism-in-the-money-market/Fine-tuning-operations;https://www.bkam.ma/en/Banking-supervision/Sanctions-regime;https://www.bkam.ma/en/Find-information-about/Legal-notice,
MA,Morocco,Financial Information Processing Unit (UTRF),financial_intelligence,http://www.utrf.gov.ma/,network-error,,http://www.utrf.gov.ma/,,0,,fetch failed
MZ,Mozambique,Bank of Mozambique,central_banking;prudential_supervision,http://www.bancomoc.mz/,timeout,,http://www.bancomoc.mz/,,0,,The operation was aborted due to timeout
MZ,Mozambique,Financial Intelligence Office of Mozambique (GiFiM),financial_intelligence,https://www.gifim.gov.mz/,reachable,200,https://www.gifim.gov.mz/,GIFiM - Gabinete de Informação Financeira de Moçambique,1,https://www.gifim.gov.mz/,
MZ,Mozambique,Instituto de Supervisão de Seguros de Moçambique,insurance;pensions,http://www.issm.gov.mz/,timeout,,http://www.issm.gov.mz/,,0,,The operation was aborted due to timeout
MM,Myanmar,Central Bank of Myanmar,central_banking;prudential_supervision,http://www.cbm.gov.mm/,challenge-protected,200,https://www.cbm.gov.mm/,Home | Central Bank of Myanmar,4,https://www.cbm.gov.mm/content/2253;https://www.cbm.gov.mm/domestic-sanction-list;https://www.cbm.gov.mm/content/6036;https://www.cbm.gov.mm/un-sanction-list,
NA,Namibia,Bank of Namibia,central_banking;prudential_supervision,http://www.bon.com.na/,timeout,,http://www.bon.com.na/,,0,,The operation was aborted due to timeout
NA,Namibia,Financial Intelligence Centre (FIC),financial_intelligence,https://www.fic.na/,reachable,200,https://www.fic.na/,Home - Financial Intelligence Centre,8,https://www.fic.na/how-we-do-it/publications-consultations/;https://www.fic.na/what-we-do/legal/enforcements-issued/;https://services.fic.na/FICSanctionsTool;https://services.fic.na/ficsanctionstool/;https://www.fic.na/wp-content/uploads/2026/06/Decision-PSG-Wealth-vs-NAMFISA-9-April-2025.pdf;https://www.fic.na/wp-content/uploads/2026/06/Decision-Prudential-Portfolio-Managers-Pty-Ltd-vs-NAMFISA-9-April-2025.pdf;https://www.fic.na/wp-content/uploads/2026/06/Decision-Prudential-Namibia-Unit-Trusts-Ltd-vs-NAMFISA-9-April-2025.pdf;https://www.fic.na/what-we-do/enforcement/,
NA,Namibia,Namibia Financial Institutions Supervisory Authority (NAMFISA),insurance;pensions,https://www.namfisa.com.na/,timeout,,https://www.namfisa.com.na/,,0,,The operation was aborted due to timeout
NR,Nauru,Financial Intelligence Unit of Nauru,financial_intelligence,https://justice.gov.nr/financial-intelligence-unit/,reachable,200,https://justice.gov.nr/financial-intelligence-unit/,Financial Intelligence Unit - Department of Justice & Border Control,7,https://justice.gov.nr/wp-content/uploads/2023/12/Counter-Terrorism-and-Transnational-Organised-Crime-Targeted-Financial-Sanctions-Regulations-2023.pdf;https://justice.gov.nr/wp-content/uploads/2026/02/URGENT-NOTICE-TO-ALL-REPORTING-ENTITIES-AND-STAKEHOLDERS-25.02.26.pdf;https://justice.gov.nr/wp-content/uploads/2026/08/Security-Council-ISIL-Daesh-and-Al-Qaida-Sanctions-Committee-Amends-21-Entries-on-Its-Sanctions-List-_-UN-Meetings-Coverage-and-Press-Releases.pdf;https://justice.gov.nr/wp-content/uploads/2024/06/Anti-Money-Laundering-Targeted-Financial-Sanctions-Fit-and-Proper-Person-Criteria.pdf;https://justice.gov.nr/wp-content/uploads/2024/04/Anti-Money-Laundering-and-Targeted-Financial-Sanctions-Simplified-Due-Diligence-Guideline-2023.pdf;https://justice.gov.nr/wp-content/uploads/2026/02/Anti-Money-Laundering-and-Targeted-Financial-Sanctions-High-Risk-Countries-Guideline-2023-Updated-20.02.26-1.pdf;https://justice.gov.nr/wp-content/uploads/2024/04/Nauru-Targeted-Financial-Sanctions-Terrorism-and-Proliferation-Financing-Guide-2023.pdf,
NP,Nepal,Central Bank of Nepal (Nepal Rastra Bank),central_banking;prudential_supervision;financial_intelligence,http://www.nrb.org.np/,challenge-protected,200,https://www.nrb.org.np/,Nepal Rastra Bank (NRB) - the official site of the Central Bank of Nepal,16,https://www.nrb.org.np/category/notices/?department=ofg;https://www.nrb.org.np/category/miscellaneous-notices/?department=bfr;https://www.nrb.org.np/category/notices/?department=fxm;https://www.nrb.org.np/category/notices/?department=psd;https://www.nrb.org.np/category/notices/?department=bkd;https://www.nrb.org.np/category/ecc-notices/?department=bkd;https://www.nrb.org.np/category/enforcement-action/?department=bsd;https://www.nrb.org.np/category/enforcement-action/?department=fisd;https://www.nrb.org.np/category/notices/?department=nbfisd;https://www.nrb.org.np/category/notices/?department=red;https://www.nrb.org.np/category/notices/?department=gsd;https://www.nrb.org.np/category/notices/?department=hrm;https://www.nrb.org.np/category/pdm-notices/?department=pdm;https://www.nrb.org.np/contents/uploads/2022/08/FXMD-Notice-2_207980_Cryptocurrecy.pdf;https://www.nrb.org.np/category/notices/;https://www.nrb.org.np/targeted-sanction-list-and-other,
NP,Nepal,Nepal Insurance Authority,insurance,http://www.nia.gov.np/,challenge-protected,200,http://www.nia.gov.np/,Nepal Insurance Authority,14,https://www.un.org/securitycouncil/sanctions/1718/materials;https://press.un.org/en/2024/sc15597.doc.htm;http://www.nia.gov.np/get-career/vacancy-notice;http://www.nia.gov.np/law/compilation-of-decision;http://www.nia.gov.np/our/publication/pages/enforcement-action;http://www.nia.gov.np/uploads/notice/20260710100709.pdf;http://www.nia.gov.np/uploads/notice/20240312045655.pdf;http://www.nia.gov.np/popup-notice;http://www.nia.gov.np/uploads/information-center/20260814095121.pdf;http://www.nia.gov.np/uploads/information-center/20260814095104.pdf;http://www.nia.gov.np/uploads/information-center/20260807090625.pdf;http://www.nia.gov.np/uploads/information-center/20260731094852.jpg;http://www.nia.gov.np/uploads/information-center/20260731094827.jpg;http://www.nia.gov.np/uploads/information-center/20260727071039.pdf,
NL,Netherlands,De Nederlandsche Bank,central_banking;prudential_supervision;insurance;pensions,https://www.dnb.nl/en,reachable,200,https://www.dnb.nl/en,De Nederlandsche Bank (DNB) – the central bank of the Netherlands,4,https://www.dnb.nl/en/reliable-financial-sector/financial-sanctions/;https://www.dnb.nl/en/sector-information/open-book-supervision/laws-and-eu-regulations/enforcement/;https://www.dnb.nl/en/sector-information/open-book-supervision/laws-and-eu-regulations/sanctions-act-1977/;https://www.dnb.nl/en/privacy-and-security/cookie-notice/,
NL,Netherlands,Financial Intelligence Unit – Netherlands (FIU-NL),financial_intelligence,http://www.fiu-nederland.nl/en,reachable,200,https://www.fiu-nederland.nl/en/,Home - FIU-Nederland,2,https://www.fiu-nederland.nl/en/knowledge_base/third-party-payments-a-method-used-to-conceal-money-laundering-terrorist-financing-and-sanctions-evasion/;https://www.fiu-nederland.nl/en/knowledge_base/luxury-designer-goods-despite-sanctions/,
NL,Netherlands,The Dutch Authority for the Financial Markets*,securities;insurance,http://www.afm.nl/,reachable,200,https://www.afm.nl/,Voor de Sector,1,https://www.afm.nl/nl-nl/sector/actueel/2026/aug/pb-boete-vfs,
NZ,New Zealand,Financial Markets Authority,securities,https://www.fma.govt.nz/,challenge-protected,403,https://www.fma.govt.nz/,Just a moment...,0,,
NZ,New Zealand,New Zealand Police Financial Intelligence Unit (NZ-Police FIU),financial_intelligence,http://www.police.govt.nz/advice/businesses-and-organisations/fiu,reachable,200,https://www.police.govt.nz/advice/businesses-and-organisations/fiu,NZ Financial Intelligence Unit (FIU) | New Zealand Police,1,https://www.police.govt.nz/advice-services/personal-and-community-safety/trespass-notices,
NZ,New Zealand,Reserve Bank of New Zealand,central_banking;prudential_supervision;insurance,http://www.rbnz.govt.nz/,access-blocked,403,https://www.rbnz.govt.nz/,Website unavailable - Reserve Bank of New Zealand - Te Pūtea Matua,0,,
NZ,New Zealand,The Financial Markets Authority - Te Mana Tatai Hokohoko,insurance,,no-public-website,,,,0,,
NI,Nicaragua,Central Bank of Nicaragua,central_banking,http://www.bcn.gob.ni/,challenge-protected,200,https://validate.perfdrive.com/?ssa=030cd25c-f70d-4130-b14f-6e20465577be&ssb=35158283130&ssc=https%3A%2F%2Fwww.bcn.gob.ni%2F&ssi=a882e9db-chpj-43dc-8795-046e07df0a99&ssk=botmanager_support@radware.com&ssm=70868051268313272100858722761900&ssn=9af4d36ffd2ab8d1b8386177fdcdcbc83752d463d564-89a5-4b9a-8d14a4&sso=51d19d16-ad2a07615330df691fd33c80251769960b997c7adf331a64&ssp=14333852051787226858178726210273759&ssq=37312122781777454907927817904150859983395&ssr=ODEuOTkuNDQuMTU5&sst=Mozilla/5.0%20(compatible;%20RegActions%20regulatory%20ecosystem%20research/1.0;%20+https://regactions.com)&ssu=&ssv=&ssw=&ssx=eyJ1em14IjoiN2ZjMDAwNzg0YzFjMDUtMDAzYS00NjM1LWFkMTQtMGRiZjcyMTEwYmVjMS0xNzg3MjI3ODE3NTIyMC0wMDE5MjEzOGY1M2E3MmE3N2NjMTAiLCJyZCI6ImJjbi5nb2IubmkiLCJfX3V6bWYiOiI3ZjkwMDBkNDYzZDU2NC04OWE1LTRiOWEtOGQxNi1hZDJhMDc2MTUzMzAxLTE3ODcyMjc4MTc1MjIwLTAwNGVmMDY4N2U4NmRkYTdmZTIxMCJ9,Radware Captcha Page,0,,
NI,Nicaragua,Superintendencia de Bancos y Otras Instituciones Financieras,prudential_supervision,http://www.siboif.gob.ni/,timeout,,http://www.siboif.gob.ni/,,0,,The operation was aborted due to timeout
NE,Niger,Autorité des Marchés Financiers de l’UMOA,securities,http://www.crepmf.org/,timeout,,http://www.crepmf.org/,,0,,The operation was aborted due to timeout
NE,Niger,Central Bank of West African States (BCEAO),central_banking;prudential_supervision,https://www.bceao.int/en,reachable,200,https://www.bceao.int/en,BCEAO | Banque Centrale des Etats de l’Afrique de l’Ouest,1,https://www.bceao.int/en,
NE,Niger,Conférence Interafricaine des Marchés d'Assurances (CIMA),insurance,http://cima-afrique.org/,reachable,200,https://cima-afrique.org/,CIMA – Conférence Interafricaine des Marchés d’Assurance,2,https://cima-afrique.org/decisions-du-cma/;https://cima-afrique.org/decisions-de-la-crca/,
NE,Niger,National Financial Intelligence and Processing unit of Niger (CENTIF),financial_intelligence,http://www.finances.gouv.ne/index.php/responsables-du-ministere/a-b-c/centif,challenge-protected,200,https://finances.gouv.ne/index.php/responsables-du-ministere/a-b-c/centif,CENTIF - Ministère des Finances du NIGER,0,,
NG,Nigeria,Central Bank of Nigeria,central_banking;prudential_supervision,http://www.cbn.gov.ng/,reachable,200,https://www.cbn.gov.ng/,Home | Central Bank of Nigeria,1,https://www.cbn.gov.ng/Documents/Notices.html,
NG,Nigeria,National Insurance Commission,insurance,http://www.naicom.gov.ng/,network-error,,http://www.naicom.gov.ng/,,0,,fetch failed
NG,Nigeria,National Pension Commission,pensions,https://www.pencom.gov.ng/,challenge-protected,200,https://www.pencom.gov.ng/,National Pension Commission | Regulators of the Nigerian Pension Industry,1,https://www.pencom.gov.ng/website-privacy-notice/,
NG,Nigeria,Nigeria Deposit Insurance Corporation,prudential_supervision,http://www.ndic.gov.ng/,access-blocked,403,http://www.ndic.gov.ng/,403 - Forbidden,0,,
NG,Nigeria,Nigerian Financial Intelligence Unit (NFIU),financial_intelligence,http://www.nfiu.gov.ng/index.php/nfiu,access-blocked,403,http://www.nfiu.gov.ng/index.php/nfiu,,0,,
NG,Nigeria,Securities and Exchange Commission*,securities,http://www.sec.gov.ng/,reachable,200,https://www.sec.gov.ng/,"Welcome to SEC Nigeria - Securities and Exchange Commission, Nigeria",7,https://www.sec.gov.ng/enforcements/;https://www.sec.gov.ng/enforcements/companies-facing-enforcement-action/;https://www.sec.gov.ng/enforcements/referred-cases/;https://www.sec.gov.ng/enforcements/apc-matters/;https://www.sec.gov.ng/enforcements/litigation/;https://www.sec.gov.ng/enforcements/keep-track-of-enforcement-updates/;https://www.sec.gov.ng/enforcements/information-for-harmed-investors/,
NU,Niue,Niue  Financial Intelligence Unit (Niue FIU),financial_intelligence,,no-public-website,,,,0,,
MK,North Macedonia,Agency for Supervision of Fully Funded Pension Insurance,pensions,https://mapas.mk/,challenge-protected,200,https://mapas.mk/,Мапас - Агенција за супервизија на капитално финансирано пензиско осигурување Мапас,0,,
MK,North Macedonia,Financial Intelligence Office (FIO),financial_intelligence,,no-public-website,,,,0,,
MK,North Macedonia,Insurance Supervision Agency (ISA),insurance,http://www.aso.mk/,reachable,200,https://aso.mk/,Агенцијата за супервизија на осигурување,0,,
MK,North Macedonia,National Bank of the Republic of North Macedonia,central_banking;prudential_supervision,https://www.nbrm.mk/pocetna-en.nspx,challenge-protected,403,https://www.nbrm.mk/pocetna-en.nspx,Just a moment...,0,,
MK,North Macedonia,Securities and Exchange Commission of the Republic of North Macedonia,securities,http://www.sec.gov.mk/,reachable,200,https://www.sec.gov.mk/,Комисија за хартии од вредност,0,,
NO,Norway,Central Bank of Norway,central_banking;prudential_supervision,https://www.norges-bank.no/en/,reachable,200,https://www.norges-bank.no/en/,Norges Bank,1,https://www.norges-bank.no/en/topics/monetary-policy/Monetary-policy-meetings/2026/august-2026/,
NO,Norway,Financial Intelligence Unit Norway (EFE),financial_intelligence,http://www.okokrim.no/in-english,reachable,200,https://www.okokrim.no/english.424311.no.html,English - Økokrim,0,,
NO,Norway,Finanstilsynet (The Financial Supervisory Authority of Norway),prudential_supervision;securities;insurance,http://www.finanstilsynet.no/,reachable,200,https://www.finanstilsynet.no/,Forside - Finanstilsynet.no,0,,
OM,Oman,Central Bank of Oman,central_banking;prudential_supervision,http://www.cbo.gov.om/,timeout,,http://www.cbo.gov.om/,,0,,The operation was aborted due to timeout
OM,Oman,Financial Services Authority,securities;insurance,https://www.fsa.gov.om/,network-error,,https://www.fsa.gov.om/,,0,,fetch failed
OM,Oman,National Centre for Financial Information,financial_intelligence,https://www.fiu.gov.om/index.html,network-error,,https://www.fiu.gov.om/index.html,,0,,fetch failed
PK,Pakistan,Securities and Exchange Commission,securities;pensions,https://www.secp.gov.pk/,reachable,200,https://www.secp.gov.pk/,Securities & Exchange Commission of Pakistan (SECP),20,https://www.secp.gov.pk/enforcement/;https://www.secp.gov.pk/enforcement/orders/;https://www.secp.gov.pk/enforcement/orders/orders-issued-under-anti-money-laundering-act-2010/;https://www.secp.gov.pk/enforcement/orders/orders-issued-under-futures-market-act-2016/;https://www.secp.gov.pk/enforcement/orders/orders-issued-under-companies-act-2017/;https://www.secp.gov.pk/enforcement/orders/takaful-rules-2012/;https://www.secp.gov.pk/enforcement/orders/stock-exchanges-corporatization-demutualization-and-integration-act-2012/;https://www.secp.gov.pk/enforcement/orders/securities-ordinance-1969/;https://www.secp.gov.pk/enforcement/orders/securities-act-2015/;https://www.secp.gov.pk/enforcement/orders/secp-act-1997/;https://www.secp.gov.pk/enforcement/orders/nbfc-rules-2003/;https://www.secp.gov.pk/enforcement/orders/modaraba-floatation-and-control-ordinance-1980/;https://www.secp.gov.pk/enforcement/orders/brokers-and-agents-rules-2001/;https://www.secp.gov.pk/enforcement/orders/insurance-ordinance-2000/;https://www.secp.gov.pk/enforcement/orders/debt-securities-trustee-regulations-2012/;https://www.secp.gov.pk/enforcement/orders/companies-rules-1996/;https://www.secp.gov.pk/enforcement/orders/companies-ordinance-1984/;https://www.secp.gov.pk/enforcement/orders/companies-general-provisions-forms-rules-1985/;https://www.secp.gov.pk/enforcement/orders/companies-audit-of-cost-accounts-rules-1998/;https://www.secp.gov.pk/enforcement/orders/companies-amendments-ordinance-2002/,
PK,Pakistan,Securities and Exchange Commission of Pakistan,insurance,,no-public-website,,,,0,,
PK,Pakistan,State Bank of Pakistan,central_banking;prudential_supervision,http://www.sbp.org.pk/,timeout,,http://www.sbp.org.pk/,,0,,The operation was aborted due to timeout
PW,Palau,Financial Institutions Commission,prudential_supervision,https://ropfic.org/,access-blocked,403,https://ropfic.org/,403 - Forbidden,0,,
PW,Palau,Financial Intelligence Unit,financial_intelligence,https://palaufiu.org/,reachable,200,https://palaufiu.wordpress.com/,Financial Intelligence Unit – The Official Website of Palau's Financial Intelligence Unit,2,https://palaufiu.wordpress.com/wp-content/uploads/2026/03/notices-and-regulations-fiu-regulation-04-amlcft-reporting-entity-registry-1.pdf;https://palaufiu.wordpress.com/wp-content/uploads/2026/03/notices-and-regulations-fiu-regulation-03-other-reporting-entities-vasp-and-mvts-1.pdf,
PS,Palestine,Financial Follow-up Unit (FFU),financial_intelligence,http://www.ffu.ps/english.php,challenge-protected,404,https://www.ffu.ps/ar/english.php,FFU,0,,
PS,Palestine,Palestine Capital Market Authority,securities;insurance,http://www.pcma.ps/,reachable,200,https://www.pcma.ps/,هيئة سوق رأس المال – الموقع الرسمي لهيئة سوق رأس المال,0,,
PS,Palestine,Palestine Monetary Authority,central_banking;prudential_supervision,https://www.pma.ps/en/,reachable,200,https://www.pma.ps/en/,سلطة النقد الفلسطينية | Palestine Monetary Authority,0,,
PA,Panama,Financial Analysis Unit Panama (UAF-Panama),financial_intelligence,http://www.uaf.gob.pa/,network-error,,http://www.uaf.gob.pa/,,0,,fetch failed
PA,Panama,National Bank of Panama (Banco Nacional de Panamá),central_banking;prudential_supervision,https://www.banconal.com.pa/,challenge-protected,403,https://www.banconal.com.pa/,Just a moment...,0,,
PA,Panama,Superintendencia de Seguros y Reaseguros de Panamá,insurance,https://superseguros.gob.pa/,reachable,200,https://superseguros.gob.pa/,Superintendencia de Seguros y Reaseguros de Panamá | Inicio,14,https://superseguros.gob.pa/legal/resoluciones/;https://superseguros.gob.pa/sancion/companias-de-seguros/;https://superseguros.gob.pa/sancion/companias-de-reaseguros/;https://superseguros.gob.pa/sancion/sanciones-de-corredores-de-reaseguros/;https://superseguros.gob.pa/sancion/sanciones-de-administradora-de-reaseguros/;https://superseguros.gob.pa/sancion/corredores-de-seguros-personas-juridica/;https://superseguros.gob.pa/sancion/corredores-de-seguros-personas-natural/;https://superseguros.gob.pa/sancion/ajustadores-de-seguros/;https://superseguros.gob.pa/sancion/aseguradoras-cautivas/;https://superseguros.gob.pa/sancion/administradora-de-cautiva/;https://superseguros.gob.pa/sancion/personas-naturales-y-juridicas-sin-autorizacion/;https://superseguros.gob.pa/sancion/terceros-y-centros-docentes/;https://superseguros.gob.pa/sancion/prevencion-de-blanqueo-de-capitales/;https://superseguros.gob.pa/sancion/,
PA,Panama,Superintendencia del Mercado de Valores,securities,http://www.supervalores.gob.pa/,reachable,200,https://supervalores.gob.pa/,Superintendencia del Mercado de Valores – Superintendencia del Mercado de Valores,3,https://supervalores.gob.pa/resoluciones-generales-de-junta-directiva/;https://supervalores.gob.pa/resoluciones/;https://supervalores.gob.pa/multas-sanciones-y-fallos/,
PA,Panama,Superintendency of Banks of the Republic of Panama,prudential_supervision,http://www.superbancos.gob.pa/,access-blocked,403,https://www.superbancos.gob.pa/,403 Forbidden,0,,
PG,Papua New Guinea,Bank of Papua New Guinea,central_banking;prudential_supervision;insurance;pensions;financial_intelligence,http://www.bankpng.gov.pg/,challenge-protected,403,https://www.bankpng.gov.pg/,Just a moment...,0,,
PG,Papua New Guinea,Office of Insurance Commissioner (OIC),insurance,,no-public-website,,,,0,,
PG,Papua New Guinea,Securities Commission of Papua New Guinea,securities,http://www.scpng.gov.pg/,access-blocked,403,http://www.scpng.gov.pg/,403 - Forbidden,0,,
PY,Paraguay,Central Bank of Paraguay,central_banking;prudential_supervision;insurance,http://www.bcp.gov.py/,challenge-protected,403,https://www.bcp.gov.py/,Just a moment...,0,,
PY,Paraguay,Financial Intelligence Unit Paraguay (UAF-Seprelad),financial_intelligence,https://www.seprelad.gov.py/,reachable,200,https://www.seprelad.gov.py/,SEPRELAD,0,,
PY,Paraguay,Superintendencia de Valores Banco Central del Paraguay,securities,https://siv.bcp.gov.py/,network-error,,https://siv.bcp.gov.py/,,0,,fetch failed
PE,Peru,Central Reserve Bank of Peru,central_banking,http://www.bcrp.gob.pe/,reachable,200,https://www.bcrp.gob.pe/,,0,,
PE,Peru,Superintendencia de Banca y Seguros,prudential_supervision;insurance;pensions;financial_intelligence,http://www.sbs.gob.pe/,challenge-protected,200,https://www.sbs.gob.pe/,,0,,
PE,Peru,Superintendencia del Mercado de Valores,securities,http://www.smv.gob.pe/,reachable,200,https://www.gob.pe/smv,Superintendencia del Mercado de Valores - SMV - Plataforma del Estado Peruano,2,https://www.gob.pe/institucion/smv/tema/regulacion-y-sanciones;http://www.sanciones.gob.pe/transparencia/,
PH,Philippines,Anti-Money Laundering Council (AMLC),financial_intelligence,http://www.amlc.gov.ph/,reachable,200,https://www.amlc.gov.ph/,AMLC,0,,
PH,Philippines,Central Bank of the Philippines (Bangko Sentral ng Pilipinas),central_banking;prudential_supervision,http://www.bsp.gov.ph/,reachable,200,https://www.bsp.gov.ph/SitePages/Default.aspx,Bangko Sentral ng Pilipinas,1,https://www.bsp.gov.ph/Pages/AboutTheBank/BSPPrivacyPolicy.aspx,
PH,Philippines,Insurance Commission,insurance,http://www.insurance.gov.ph/,challenge-protected,403,https://www.insurance.gov.ph/,Just a moment...,0,,
PH,Philippines,Securities and Exchange Commission,securities,http://www.sec.gov.ph/,challenge-protected,403,https://www.sec.gov.ph/,Just a moment...,0,,
PL,Poland,General Inspector of Financial Information (GIFI),financial_intelligence,http://www.mf.gov.pl/en/ministry-of-finance/aml-ctf/contact,reachable,200,https://www.gov.pl/web/finance,Go to: Ministry of Finance - Portal gov.pl,2,https://www.gov.pl/web/national-revenue-administration/klauzula-przetwarzania-danych-osobowych-udostepnionych-droga-elektroniczna;https://www.gov.pl/web/finance/klauzula-przetwarzania-danych-osobowych-udostepnionych-droga-elektroniczna,
PL,Poland,Narodowy Bank Polski,central_banking;prudential_supervision,https://nbp.pl/en/,challenge-protected,200,https://nbp.pl/en/,,0,,
PL,Poland,Polish Financial Supervision Authority,prudential_supervision;securities;insurance;pensions,http://www.knf.gov.pl/en/,reachable,200,https://www.knf.gov.pl/en,KNF - Komisja Nadzoru Finansowego,0,,
PT,Portugal,Autoridade de Supervisão de Seguros e Fundos de Pensões (ASF),insurance;pensions,http://www.asf.com.pt/,reachable,200,https://www.asf.com.pt/,Início - Site ASF Institucional - ASF,1,https://www.asf.com.pt/infra%C3%A7%C3%B5es-e-san%C3%A7%C3%B5es,
PT,Portugal,Banco de Portugal,central_banking;prudential_supervision,https://www.bportugal.pt/en,access-blocked,403,https://www.bportugal.pt/en,A verificar se a ligação é segura / Checking if the site connection is secure | Banco de Portugal,0,,
PT,Portugal,Comissão do Mercado de Valores Mobiliários,securities,http://www.cmvm.pt/,reachable,200,https://www.cmvm.pt/,,0,,
PT,Portugal,Financial Intelligence Unit Portugal (UIF-Portugal),financial_intelligence,https://www.policiajudiciaria.pt/PortalWeb/page/%7BE6E29429-8228-44A5-8338-9A3F3BCC3986%7D,http-error,404,https://www.policiajudiciaria.pt/PortalWeb/page/%7BE6E29429-8228-44A5-8338-9A3F3BCC3986,Página não encontrada – Polícia Judiciária,4,https://www.policiajudiciaria.pt/dsdi/;https://www.policiajudiciaria.pt/metadata-law-enforcement-conference-photos/;https://www.policiajudiciaria.pt/projetos-financiados__trashed/aida-artificial-intelligence-and-advanced-data-analyitics-for-law-enforcement-agencies/;https://www.policiajudiciaria.pt/projetos-financiados__trashed/i-lead-innovation-law-enforcement-agencys-dialogue/,
QA,Qatar,Qatar Central Bank,central_banking;prudential_supervision;insurance,http://www.qcb.gov.qa/,network-error,,http://www.qcb.gov.qa/,,0,,fetch failed
QA,Qatar,Qatar Financial Centre Regulatory Authority,prudential_supervision;insurance,http://www.qfcra.com/,challenge-protected,200,https://www.qfcra.com/,qfcra,6,https://www.qfcra.com/united-nations-security-council-resolutions-sanctions-and-other-notices/;https://www.qfcra.com/enforcement/;https://www.qfcra.com/enforcement-press-news/;https://www.qfcra.com/privacy-notice/;https://www.qfcra.com/legal-notice/;https://www.qfcra.com/cookies-notice/,
QA,Qatar,Qatar Financial Information Unit (QFIU),financial_intelligence,http://www.qfiu.gov.qa/index.php,network-error,,http://www.qfiu.gov.qa/index.php,,0,,fetch failed
QA,Qatar,Qatar Financial Markets Authority,securities,http://www.qfma.org.qa/,timeout,,http://www.qfma.org.qa/,,0,,The operation was aborted due to timeout
CG,Republic of the Congo,Agence Nationale d’Investigation Financiere (ANIF),financial_intelligence,http://www.anif.cg/,reachable,200,https://www.anif.cg/,Acceuil,0,,
CG,Republic of the Congo,Bank of Central African States,central_banking,https://www.beac.int/,challenge-protected,200,https://www.beac.int/,Accueil - BEAC,2,https://www.beac.int/politique-monetaire/decisions-de-politique-monetaire/;https://www.beac.int/p-des-changes/circulaires-et-decisions/,
CG,Republic of the Congo,Commission de Surveillance du Marché Financier de l'Afrique Centrale (Securities and Exchange Commission of Central Africa),securities,http://www.cosumaf.org/,challenge-protected,403,https://www.cosumaf.org/,Just a moment...,0,,
CG,Republic of the Congo,Conférence Interafricaine des Marchés d'Assurances (CIMA),insurance,http://cima-afrique.org/,reachable,200,https://cima-afrique.org/,CIMA – Conférence Interafricaine des Marchés d’Assurance,2,https://cima-afrique.org/decisions-du-cma/;https://cima-afrique.org/decisions-de-la-crca/,
RO,Romania,Financial Supervisory Authority,securities;insurance;pensions,http://www.asfromania.ro/,network-error,,http://www.asfromania.ro/,,0,,fetch failed
RO,Romania,National Bank of Romania,central_banking;prudential_supervision,https://www.bnro.ro/,reachable,200,https://www.bnr.ro/,BNR Banca Națională a României (BNR),0,,
RO,Romania,National Office for Prevention and Control of Money Laundering (ONPCSB),financial_intelligence,http://www.onpcsb.ro/html/english.php,http-error,404,https://onpcsb.ro/html/english.php,Eroare,0,,
RU,Russia,Central Bank of the Russian Federation,central_banking;prudential_supervision;securities,http://www.cbr.ru/eng/,reachable,200,http://www.cbr.ru/eng/,The Central Bank of the Russian Federation | Bank of Russia,0,,
RU,Russia,Federal Financial Monitoring Service (Rosfinmonitoring),financial_intelligence,http://www.fedsfm.ru/en,timeout,,http://www.fedsfm.ru/en,,0,,The operation was aborted due to timeout
RW,Rwanda,National Bank of Rwanda,central_banking;prudential_supervision;insurance;pensions,http://www.bnr.rw/,reachable,200,https://www.bnr.rw/,National Bank of Rwanda,0,,
RW,Rwanda,The Financial Intelligence Unit (FIU) of the Republic of Rwanda (FIC),financial_intelligence,https://www.fic.gov.rw/,http-error,503,https://www.fic.gov.rw/,,0,,
KN,Saint Kitts and Nevis,Eastern Caribbean Central Bank,central_banking;prudential_supervision,http://www.eccb-centralbank.org/,reachable,200,https://www.eccb-centralbank.org/,Home | Eastern Caribbean Central Bank - Eastern Caribbean Central Bank,0,,
KN,Saint Kitts and Nevis,Financial Intelligence Unit Saint Kitts and Nevis (FIU-SKN),financial_intelligence,https://www.fiu.kn/,network-error,,https://www.fiu.kn/,,0,,fetch failed
LC,Saint Lucia,Eastern Caribbean Central Bank,central_banking;prudential_supervision,http://www.eccb-centralbank.org/,reachable,200,https://www.eccb-centralbank.org/,Home | Eastern Caribbean Central Bank - Eastern Caribbean Central Bank,0,,
LC,Saint Lucia,Financial Intelligence Authority (FIA-Saint Lucia),financial_intelligence,https://www.slufia.com/,challenge-protected,200,https://www.slufia.com/,Home | Financial Intelligence Authority,1,https://www.slufia.com/p/notices-circulars,
VC,Saint Vincent and the Grenadines,Eastern Caribbean Central Bank,central_banking;prudential_supervision,http://www.eccb-centralbank.org/,reachable,200,https://www.eccb-centralbank.org/,Home | Eastern Caribbean Central Bank - Eastern Caribbean Central Bank,0,,
VC,Saint Vincent and the Grenadines,Financial Intelligence Unit Saint Vincent and the Grenadines (FIU-SVG),financial_intelligence,http://www.svgfiu.com/,reachable,200,https://www.svgfiu.com/,Home,3,https://www.svgfiu.com/index.php/nrsp-dnfbp/nrsp-guidance/offences-and-penalties;https://www.un.org/securitycouncil/sanctions/information;https://www.interpol.int/en/How-we-work/Notices/About-Notices,
WS,Samoa,Central Bank of Samoa,central_banking;prudential_supervision;financial_intelligence,http://www.cbs.gov.ws/,reachable,200,https://cbs.gov.ws/,Central Bank of Samoa,4,https://cbs.gov.ws/aml-public-notices--articles;https://cbs.gov.ws/aml-brochures--sanction-list;https://cbs.gov.ws/news/public-notice-outcome-of-the-review-of-foreign-exchange-control-policies--procedures-2026-and-general-reminders-on-foreign-exchange-control-;https://cbs.gov.ws/news/cbs-publishes-the-full-monetary-policy-statement-2026-2027,
WS,Samoa,Central Bank of Samoa,insurance,,no-public-website,,,,0,,
WS,Samoa,Samoa International Finance Authority,insurance,https://www.sifa.ws/,challenge-protected,403,https://www.sifa.ws/,Just a moment...,0,,
SM,San Marino,Central Bank of the Republic of San Marino,central_banking;prudential_supervision,https://www.bcsm.sm/,reachable,200,https://www.bcsm.sm/,Home page,6,https://www.bcsm.sm/funzioni/sanzioni;https://www.bcsm.sm/normativa/provvedimenti-di-banca-centrale/regolamenti;https://www.bcsm.sm/normativa/provvedimenti-di-banca-centrale/circolari;https://www.bcsm.sm/normativa/provvedimenti-di-banca-centrale/circolari-tassi-soglia;https://www.bcsm.sm/normativa/provvedimenti-di-banca-centrale/consultazioni-pubbliche;https://www.bcsm.sm/normativa/provvedimenti-di-banca-centrale/consultazioni-pubbliche?hsLang=it,
SM,San Marino,Financial Intelligence Agency (FIA San Marino),financial_intelligence,http://www.aif.sm/site/en/home.html,network-error,,http://www.aif.sm/site/en/home.html,,0,,fetch failed
ST,São Tomé and Príncipe,Banco Central de São Tomé e Príncipe,central_banking;prudential_supervision,https://bcstp.st/,reachable,200,https://bcstp.st/,Central de S.Tomé e Príncipe,0,,
SA,Saudi Arabia,Capital Market Authority*,securities,http://www.cma.org.sa/,reachable,200,https://cma.gov.sa/Pages/default.aspx,هيئة السوق المالية | Capital Market Authority,0,,
SA,Saudi Arabia,Insurance Authority,insurance,,no-public-website,,,,0,,
SA,Saudi Arabia,Saudi Arabia Financial Investigation Unit (SAFIU),financial_intelligence,https://www.moi.gov.sa/wps/portal/Home/sectors/safiu,timeout,,https://www.moi.gov.sa/wps/portal/Home/sectors/safiu,,0,,The operation was aborted due to timeout
SA,Saudi Arabia,Saudi Central Bank,central_banking;prudential_supervision,https://www.sama.gov.sa/en-us,reachable,200,https://www.sama.gov.sa/en-us/Pages/default.aspx,Saudi Central Bank,1,https://www.sama.gov.sa/en-US/Currency/FinExc/Pages/Currency.aspx,
SN,Senegal,Autorité des Marchés Financiers de l’UMOA,securities,http://www.crepmf.org/,timeout,,http://www.crepmf.org/,,0,,The operation was aborted due to timeout
SN,Senegal,Central Bank of West African States (BCEAO),central_banking;prudential_supervision,https://www.bceao.int/en,reachable,200,https://www.bceao.int/en,BCEAO | Banque Centrale des Etats de l’Afrique de l’Ouest,1,https://www.bceao.int/en,
SN,Senegal,Conférence Interafricaine des Marchés d'Assurances (CIMA),insurance,http://cima-afrique.org/,reachable,200,https://cima-afrique.org/,CIMA – Conférence Interafricaine des Marchés d’Assurance,2,https://cima-afrique.org/decisions-du-cma/;https://cima-afrique.org/decisions-de-la-crca/,
SN,Senegal,National Financial Intelligence Processing Unit (CENTIF),financial_intelligence,http://www.centif.sn/presentation_eng.php,timeout,,http://www.centif.sn/presentation_eng.php,,0,,The operation was aborted due to timeout
RS,Serbia,Administration for the Prevention of Money Laundering (APML),financial_intelligence,http://www.apml.gov.rs/eng/,reachable,200,https://www.apml.gov.rs/eng/,,0,,
RS,Serbia,National Bank of Serbia,central_banking;prudential_supervision;insurance;pensions,https://nbs.rs/en/indeks/index.html,challenge-protected,200,https://nbs.rs/en/indeks/index.html,NBS | National Bank of Serbia,2,https://nbs.rs/en/ciljevi-i-funkcije/monetarna-politika/proces-odlucivanja/;https://nbs.rs/en/drugi-nivo-navigacije/servisi/reg_resenja,
RS,Serbia,Securities Commission,securities,http://www.sec.gov.rs/,reachable,200,https://www.sec.gov.rs/index.php/sr/,Насловна,0,,
SC,Seychelles,Central Bank of Seychelles,central_banking;prudential_supervision,http://www.cbs.sc/,network-error,,http://www.cbs.sc/,,0,,fetch failed
SC,Seychelles,Financial Services Authority,insurance;pensions,http://www.fsaseychelles.sc/,challenge-protected,200,https://fsaseychelles.sc/,Financial Services Authority,6,https://fsaseychelles.sc/;https://fsaseychelles.sc/enforcement/regulatory-enforcements;https://fsaseychelles.sc/enforcement/disciplinary-actions;https://fsaseychelles.sc/enforcement/appeals-board;https://fsaseychelles.sc/media-corner/regulatory-updates/warning-unauthorised-activity-under-the-virtual-asset-service-providers-act-2024-and-securities-act-2007-as-amended-2;https://fsaseychelles.sc/media-corner/regulatory-updates/public-notice-hdr-global-trading-limited-trading-as-bitmex-exchange-winding-up,
SC,Seychelles,Seychelles  Financial Intelligence Unit (Seychelles FIU),financial_intelligence,http://www.seychellesfiu.sc/,reachable,200,https://seychellesfiu.sc/,Seychelles Financial Intelligence Unit – Leading the Fight Against Money Laundering and Terrorist Financing,2,https://seychellesfiu.sc/notices/;https://seychellesfiu.sc/wp-content/uploads/2026/08/Notice-No.5-of-2026-FIU.pdf,
SL,Sierra Leone,Bank of Sierra Leone,central_banking;prudential_supervision,http://www.bsl.gov.sl/,network-error,,http://www.bsl.gov.sl/,,0,,fetch failed
SL,Sierra Leone,Financial Intelligence Unit Sierra Leone (FIA),financial_intelligence,https://fiu.gov.sl/,reachable,200,https://fiu.gov.sl/,Financial Intelligent Unit – Combating Dirty Money in Sierra Leone,0,,
SG,Singapore,Central Provident Fund Board,pensions,https://www.cpf.gov.sg/,reachable,200,https://www.cpf.gov.sg/member,Central Provident Fund Board (CPFB),0,,
SG,Singapore,Monetary Authority of Singapore,central_banking;prudential_supervision;securities;insurance,http://www.mas.gov.sg/,reachable,200,https://www.mas.gov.sg/,Monetary Authority of Singapore,5,https://www.mas.gov.sg/regulation/enforcement;https://www.mas.gov.sg/regulation/enforcement/enforcement-actions;https://www.mas.gov.sg/regulation/anti-money-laundering/targeted-financial-sanctions/lists-of-designated-individuals-and-entities;https://www.mas.gov.sg/news?content_type=Media%20Releases&page=1&content_type=Enforcement%20Actions%20Media%20Releases;https://www.mas.gov.sg/news?content_type=Enforcement%20Actions&page=1&content_type=Enforcement%20Actions%20Media%20Releases,
SG,Singapore,Suspicious Transaction Reporting Office (STRO),financial_intelligence,https://www.police.gov.sg/Who-We-Are/Organisation-Structure/Specialist-Staff-Departments,http-error,404,https://www.police.gov.sg/Who-We-Are/Organisation-Structure/Specialist-Staff-Departments,SPF | 404 - Page not found,0,,
SX,Sint Maarten,Centrale Bank van Curacao en sint Maarten,insurance,http://www.centralbank.cw/,challenge-protected,403,https://www.centralbank.cw/,Just a moment...,0,,
SX,Sint Maarten,Reporting Center for Unusual Transactions (MOT Sint Maarten),financial_intelligence,http://www.fiu-sxm.net/,reachable,200,http://www.fiu-sxm.net/,Welcome to the FIU Sint Maarten Website,2,http://www.fiu-sxm.net/web/082B268FDAD380EB04257E90004F645A;http://www.fiu-sxm.net/web/401D02EF3A33D2C70425792F006B8044,
SK,Slovakia,Financial Intelligence Unit of the National Criminal Agency (FSJ),financial_intelligence,http://www.minv.sk/?financna-policia,reachable,200,http://www.minv.sk/?financna-policia,"Finančná spravodajská jednotka , Ministerstvo vnútra Slovenskej republiky",0,,
SK,Slovakia,National Bank of Slovakia,central_banking;prudential_supervision;securities;insurance;pensions,http://www.nbs.sk/en/home,reachable,200,https://www.nbs.sk/en,Národná banka Slovenska – The National Bank of Slovakia (NBS) is the central bank of Slovakia.,4,https://nbs.sk/en/monetary-policy/monetary-policy-decisions/;https://nbs.sk/en/press/governing-council-decisions/;https://www.ecb.europa.eu/press/pr/date/2026/html/ecb.mp260723~29f24d99bc.en.html;https://www.nbs.sk/en,
SI,Slovenia,Banka Slovenije,central_banking;prudential_supervision,http://www.bsi.si/en/,reachable,200,http://www.bsi.si/en,Banka Slovenije,4,https://www.bsi.si/en/monetary-policy-2;https://www.bsi.si/en/situation-in-the-slovenian-banking-system;https://www.bsi.si/en/macroeconomic-environment;https://www.bsi.si/en/upcoming-events/bs-ef-seminar-fomc-in-silico-a-multi-agent-system-for-monetary-policy-decision-modeling,
SI,Slovenia,Insurance Supervision Agency,insurance,https://www.a-zn.si/,access-blocked,403,https://www.a-zn.si/,403 - Forbidden,0,,
SI,Slovenia,Office for Money Laundering Prevention (OMLP),financial_intelligence,http://www.uppd.gov.si/en/,reachable,200,https://www.gov.si/en/state-authorities/bodies-within-ministries/office-for-money-laundering-prevention/,Office for Money Laundering Prevention | GOV.SI,0,,
SI,Slovenia,Securities Market Agency/Agencija Za Trg Vrednostnih Papirjev,securities,http://www.atvp.si/,challenge-protected,403,http://www.atvp.si/,Just a moment...,0,,
SB,Solomon Islands,Central Bank of Solomon Islands,central_banking;prudential_supervision;financial_intelligence,https://www.cbsi.com.sb/,reachable,200,https://www.cbsi.com.sb/,Home | Central Bank Solomon Islands,0,,
SO,Somalia,Central Bank of Somalia,central_banking;prudential_supervision,https://centralbank.gov.so/,reachable,200,https://centralbank.gov.so/,Central Bank of Somalia – CBS,0,,
ZA,South Africa,Financial Intelligence Centre (FIC),financial_intelligence,https://www.fic.gov.za/,challenge-protected,200,https://www.fic.gov.za/,FIC – Making South Africa's financial system intolerant to abuse,7,https://www.fic.gov.za/targeted-financial-sanctions/;https://www.fic.gov.za/newsroom/;https://www.fic.gov.za/compliance/sanctions-issued-by-supervisory-bodies/;https://www.fic.gov.za/compliance/sanctions-issued-by-the-fic/;https://www.fic.gov.za/2026/08/03/web-notice-guidance-note-7b-on-the-implementation-of-various-aspects-of-the-fic-act/;https://www.fic.gov.za/2026/07/31/web-notice-draft-directive-12-rmcp/;https://www.fic.gov.za/2026/07/31/web-notice-directive-10-geographic-locations/,
ZA,South Africa,Financial Sector Conduct Authority,securities;insurance;pensions,https://www.fsca.co.za/,reachable,200,https://www.fsca.co.za/,Home,5,https://www.fsca.co.za/Supervisory-Information?collapse=collapseFour;https://www.fsca.co.za/Enforcement-Matters;https://www.fsca.co.za/;https://www.fsca.co.za/Enforcement-Actions;https://www.moonstone.co.za/fsca-publishes-two-pots-guidance-for-defined-benefit-funds/,
ZA,South Africa,South African Reserve Bank,central_banking;prudential_supervision;insurance,http://www.resbank.co.za/,network-error,,http://www.resbank.co.za/,,0,,fetch failed
KR,South Korea,Bank of Korea,central_banking;prudential_supervision,https://www.bok.or.kr/eng/main/main.do,reachable,200,https://www.bok.or.kr/eng/main/main.do,Bank of Korea,9,https://www.bok.or.kr/eng/singl/newsDataEng/list.do?menuNo=400022;https://www.bok.or.kr/eng/singl/newsDataEng/list.do?menuNo=400077;https://www.bok.or.kr/eng/main/contents.do?menuNo=400017;https://www.bok.or.kr/eng/bbs/E0000634/view.do?nttId=11062944&searchCnd=1&searchKwd=&depth2=400417&depth3=400423&depth=400423&pageUnit=10&pageIndex=1&programType=newsDataEng&menuNo=400423&oldMenuNo=400423;https://www.bok.or.kr/eng/bbs/B0000349/view.do?nttId=11063866&menuNo=400403&relate=Y&depth=400403&programType=newsDataEng;https://www.bok.or.kr/eng/bbs/B0000349/view.do?nttId=11063819&menuNo=400403&relate=Y&depth=400403&programType=newsDataEng;https://www.bok.or.kr/eng/bbs/B0000349/view.do?nttId=11063772&menuNo=400403&relate=Y&depth=400403&programType=newsDataEng;https://www.bok.or.kr/eng/bbs/B0000349/view.do?nttId=11063704&menuNo=400403&relate=Y&depth=400403&programType=newsDataEng;https://www.bok.or.kr/eng/bbs/B0000349/view.do?nttId=11063614&menuNo=400403&relate=Y&depth=400403&programType=newsDataEng,
KR,South Korea,Financial Services Commission/Financial Supervisory Service*,securities,http://www.fsc.go.kr/eng,reachable,200,https://www.fsc.go.kr/eng/index,Financial Services Commission,0,,
KR,South Korea,Financial Supervisory Service,prudential_supervision;insurance,http://english.fss.or.kr/,reachable,200,https://www.fss.or.kr/eng/main/main.do?menuNo=400000,FINANCIAL SUPERVISORY SERVICE,1,https://www.fss.or.kr/eng/main/contents.do?menuNo=400158,
KR,South Korea,Financial Supervisory Service,pensions,https://www.fss.or.kr/,reachable,200,https://www.fss.or.kr/fss/main/main.do?menuNo=200000,금융감독원 통합홈페이지,20,https://fine.fss.or.kr/fine/fncco/systemFncCo/list.do?menuNo=900038;https://www.fss.or.kr/fss/cvpl/stepNotice/list.do?menuNo=200581;http://fines.fss.or.kr/fssnew/index.jsp;https://fine.fss.or.kr/fine/fncco/smlamtLnd/list.do?menuNo=900041;https://www.fss.or.kr/fss/bbs/B0000159/list.do?menuNo=200173;https://www.fss.or.kr/fss/job/openInfo/list.do?menuNo=200476;http://fine.fss.or.kr/fine/fnctip/fncDicary/list.do?menuNo=900021;http://fine.fss.or.kr/fine/sub/fineIndex/sub.do?menuNo=900227;https://fine.fss.or.kr/fine/fncco/coreMngmt/fisisBank.do?menuNo=900048;https://fine.fss.or.kr/fine/fncco/coreMngmt/fisisLife.do?menuNo=900049;https://fine.fss.or.kr/fine/fncco/coreMngmt/fisisNonlife.do?menuNo=900050;https://fine.fss.or.kr/fine/fncco/coreMngmt/fisisInvest.do?menuNo=900051;https://fine.fss.or.kr/fine/fncco/coreMngmt/fisisSavingbank.do?menuNo=900052;https://fine.fss.or.kr/fine/fncco/coreMngmt/fisisCard.do?menuNo=900053;https://www.fss.or.kr/fss/bbs/B0000180/list.do?menuNo=200507;https://fines.fss.or.kr/fines/plis/moneyLenderSearch/MoneyLenderSearch.getMoneyLenderList.do;http://fine.fss.or.kr/fine/main/contents.do?menuNo=900209;https://fine.fss.or.kr/fine/main/contents.do?menuNo=900062;https://www.law.go.kr/LSW/lsSc.do?section=&menuId=1&subMenuId=15&tabMenuId=81&eventGubun=060101&query=%EB%8C%80%EB%B6%80%EC%97%85%EB%B2%95;https://www.fss.or.kr/fss/cvpl/extincNotice/list.do?menuNo=200582,
KR,South Korea,Korea  Financial Intelligence Unit (KoFIU),financial_intelligence,https://www.kofiu.go.kr/eng/main.do,reachable,200,https://www.kofiu.go.kr/eng/main.do,FIU,7,https://www.kofiu.go.kr/eng/notification/notice.do;https://www.kofiu.go.kr/eng/notification/sanctions.do;https://www.kofiu.go.kr/eng/law/announce_list.do;https://www.kofiu.go.kr/eng/law/legislation_list.do;https://www.kofiu.go.kr/eng/policy/ptfps03.do;https://main.un.org/securitycouncil/en/sanctions/1267/aq_sanctions_list;https://main.un.org/securitycouncil/en/sanctions/1267/resolutions,
SS,South Sudan,Bank of South Sudan,central_banking;prudential_supervision,https://boss.gov.ss/,reachable,200,https://boss.gov.ss/,Home - BoSS Bank of South Sudan,0,,
ES,Spain,Bank of Spain,central_banking;prudential_supervision,http://www.bde.es/homee.htm,reachable,200,https://www.bde.es/wbe/en/,Banco de Espaï¿½a,17,https://www.bde.es/wbe/en/sobre-banco/transparencia/derecho-acceso/resoluciones-denegatorias/;https://www.bde.es/wbe/en/areas-actuacion/resolucion/;https://www.bde.es/wbe/en/areas-actuacion/resolucion/contexto-internacional/;https://www.bde.es/wbe/en/areas-actuacion/resolucion/que-autoridades-son-competentes/;https://www.bde.es/wbe/en/areas-actuacion/resolucion/planificacion-resolucion/;https://www.bde.es/wbe/en/areas-actuacion/resolucion/herramientas-resolucion/;https://www.bde.es/wbe/en/areas-actuacion/resolucion/analisis-de-resolubilidad/;https://www.bde.es/wbe/en/areas-actuacion/resolucion/mrel-y-tlac/;https://www.bde.es/wbe/en/areas-actuacion/resolucion/el-banco-de-espana-y-su-rol-internacional/;https://www.bde.es/wbe/en/areas-actuacion/resolucion/proximos-pasos/;https://www.bde.es/wbe/en/noticias-eventos/actualidad-bce/decisiones-politica-monetaria/;https://www.bde.es/wbe/en/noticias-eventos/actualidad-bce/otras-decisiones-consejo-gobierno/;https://www.bde.es/wbe/en/noticias-eventos/otras-instituciones/mecanismo-unico-resolucion-mur/;https://www.bde.es/wbe/en/punto-informacion/contenidos/sanciones-impuestas-banco-espana/;http://www.facebook.com/sharer.php?u=https://www.bde.es/wbe/en/punto-informacion/contenidos/sanciones-impuestas-banco-espana/;https://twitter.com/share?text=The%20Banco%20de%20Espa%C3%B1a%20fines%20on%20Duncan%20Macinnes&via=BancoDeEspana&url=https://www.bde.es/wbe/en/punto-informacion/contenidos/sanciones-impuestas-banco-espana/;https://www.linkedin.com/cws/share?url=https://www.bde.es/wbe/en/punto-informacion/contenidos/sanciones-impuestas-banco-espana/,
ES,Spain,Comisión Nacional del Mercado de Valores*,securities,http://www.cnmv.es/,http-error,500,https://www.cnmv.es/portal/Error?aspxerrorpath=/portal/home.aspx,Runtime Error,0,,
ES,Spain,Dirección General de Seguros y Fondos de Pensiones,insurance,http://www.dgsfp.mineco.es/,network-error,,http://www.dgsfp.mineco.es/,,0,,fetch failed
ES,Spain,Directorate General for Insurance and Pension Funds,pensions,https://dgsfp.mineco.gob.es/,reachable,200,https://dgsfp.mineco.gob.es/es/Paginas/Iniciocarrousel.aspx,Páginas - Dirección General de Seguros y Fondos de Pensiones,0,,
ES,Spain,Executive Service of the Commission for the Prevention of Money Laundering and Monetary Offences (SEPBLAC),financial_intelligence,http://www.sepblac.es/ingles/acerca_sepblac/acercade.htm,reachable,200,https://www.sepblac.es/en/,Sepblac,0,,
LK,Sri Lanka,Central Bank of Sri Lanka,central_banking;prudential_supervision,http://www.cbsl.gov.lk/,reachable,200,https://www.cbsl.gov.lk/,Central Bank of Sri Lanka,12,https://www.cbsl.gov.lk/en/laws/directions-circulars-guidelines-on-resolution-and-enforcement;https://www.cbsl.gov.lk/en/press/media/notices;https://www.cbsl.gov.lk/en/press/notice-to-general-public-on-prohibited-pyramid-schemes-20260805;https://www.cbsl.gov.lk/sites/default/files/cbslweb_documents/press/notices/notice_20260807_Procurement_for_providing_armed_and_unarmed_security_services_for_the_Central_Bank_of_Sri_Lanka_on_outsourced_basis_e.pdf;https://www.cbsl.gov.lk/sites/default/files/cbslweb_documents/press/notices/notice_20260807_procurement_of_minting_and_supplying_of_circulation_coins_for_the_cbsl_2026_2028_e.pdf;https://www.cbsl.gov.lk/sites/default/files/cbslweb_documents/press/notices/notice_20260806_procurement_of_cyberArk_%28IDIRA%29_ALERO_%28remote_access%29_licenses_for%20CBSL_e.pdf;https://www.cbsl.gov.lk/sites/default/files/cbslweb_documents/press/notices/notice_20260730_press_notice_to_intiate_compensation_payments_e.pdf;https://www.cbsl.gov.lk/sites/default/files/cbslweb_documents/press/notices/notice_20260127_statement_of_member_accounts_for_second_half_2025_e.pdf;https://www.cbsl.gov.lk/sites/default/files/cbslweb_documents/press/notices/notice_20260719_partitioning_of_3rd_floor_of_the_central_point_building_of_cbsl_e.pdf;https://www.cbsl.gov.lk/press/media/notices;https://www.cbsl.gov.lk/en/public-notices;https://www.cbsl.gov.lk/en/tenders,
LK,Sri Lanka,Financial Intelligence Unit of Sri Lanka (Sri Lanka FIU),financial_intelligence,http://fiusrilanka.gov.lk/,reachable,200,http://fiusrilanka.gov.lk/,Financial Intelligence Unit of Sri Lanka,6,http://fiusrilanka.gov.lk/unscr_sanctions_TF.html;http://fiusrilanka.gov.lk/unscr_sanctions_proliferation.html;https://fiusrilanka.gov.lk/unscr_sanctions_proliferation.html;http://fiusrilanka.gov.lk/docs/home_slider/2024/2024_10_11_Notice_to_Public.pdf;http://fiusrilanka.gov.lk/docs/home_slider/2024/2024_04_23_Pyramid%20Notice.pdf;http://fiusrilanka.gov.lk/notices_to_public.html,
LK,Sri Lanka,Insurance Regulatory Commission of Sri Lanka,insurance,http://www.ibsl.gov.lk/,network-error,,http://www.ibsl.gov.lk/,,0,,fetch failed
LK,Sri Lanka,Securities and Exchange Commission of Sri Lanka,securities,http://www.sec.gov.lk/,reachable,200,https://www.sec.gov.lk/,Securities & Exchange Commission,7,https://www.sec.gov.lk/investigations-enforcement-introduction/;https://www.sec.gov.lk/investigations-enforcement/;https://www.sec.gov.lk/investigations-enforcement-actions/;https://www.sec.gov.lk/unserved-notices-of-show-cause/;https://www.sec.gov.lk/united-nations-sanctions/;https://www.sec.gov.lk/index.php/investigations-enforcement-actions/;https://www.sec.gov.lk/investigations-enforcement-offences/,
SD,Sudan,Bank of Sudan,central_banking;prudential_supervision,http://www.cbos.gov.sd/en,reachable,200,https://cbos.gov.sd/en,CBOS,0,,
SD,Sudan,Financial Information Unit (FIUSU),financial_intelligence,http://www.fiu.gov.sd/,reachable,200,https://www.fiu.gov.sd/,Domain Default page,0,,
SR,Suriname,Central Bank of Suriname,central_banking;prudential_supervision;insurance;pensions,http://www.cbvs.sr/,challenge-protected,200,https://www.cbvs.sr/,Home - Centrale Bank van Suriname,6,https://www.cbvs.sr/images/content/pdf/2016/DTK/S.B._2016_no._34_Staatsbesluit_van_29_feb_16_ter_uitvoering_v.d._Wet_Internationale_Sancties.pdf;https://www.cbvs.sr/images/content/pdf/2016/DTK/S.B._2016_no._34_Staatsbesluit_van_29_feb_16_ter_uitvoering_Wet_Internationale_Sanctie_BIJLAGE_1.pdf;https://www.cbvs.sr/images/content/pdf/2016/DTK/S.B._2016_no._34_Staatsbesluit_van_29_feb_16_ter_uitvoering_Wet_Internationale_Sancties_BIJLAGE_2.pdf;https://www.cbvs.sr/images/content/2025/DTZ2025/AML-CFT-Wetgeving/Besluit%20uitvoering%20Internationale%20Sanctielijst%20-%20SB%202025%20No%2054.pdf;https://www.cbvs.sr/images/content/2025/DTZ2025/AML-CFT-Wetgeving/Besluit%20voering%20Nationale%20Sanctielijst%20-SB%202025%20No.%2053.pdf;https://www.cbvs.sr/images/content/pdf/Wetten/Spaarinstellingen/2023/Staatsbesluit_17_mei_1994_ter_uitvoering_van_artikel_33A_van_de_Wet_Cooperatieve_Vereniging_GB_1944_no_93.pdf,
SR,Suriname,Financial Intelligence Unit Suriname (FIU-Suriname),financial_intelligence,https://www.fiusuriname.org/,reachable,200,https://www.fiusuriname.org/,FIU Suriname,0,,
SE,Sweden,Finansinspektionen,prudential_supervision;securities;financial_intelligence,http://www.fi.se/,reachable,200,https://www.fi.se/,Finansinspektionen,3,https://www.fi.se/sv/publicerat/granskningar/undersokningar/undersokningar-lista/2026/fi-ger-norion-bank-en-anmarkning-och-en-sanktionsavgift/;https://www.fi.se/sv/publicerat/granskningar/undersokningar/undersokningar-lista/2023/fi-undersoker-alecta2/;https://www.fi.se/sv/bank/internationella-sanktioner/frysning-av-tillgangar/2026/beslut-att-frysa-tillgangar-for-tva-personer-och-en-grupp/,
SE,Sweden,Sveriges Riksbank,central_banking;prudential_supervision,https://www.riksbank.se/en-gb/,reachable,200,https://www.riksbank.se/en-gb/,Start | Sveriges Riksbank,20,https://www.riksbank.se/en-gb/monetary-policy/monetary-policy-report/;https://www.riksbank.se/en-gb/monetary-policy/monetary-policy-report/monetary-policy-decision-documents/;https://www.riksbank.se/en-gb/monetary-policy/the-path-to-a-monetary-policy-decision/;https://www.riksbank.se/en-gb/monetary-policy/the-path-to-a-monetary-policy-decision/voting-by-the-executive-board/;https://www.riksbank.se/en-gb/monetary-policy/the-path-to-a-monetary-policy-decision/the-riksbank-makes-forecasts/;https://www.riksbank.se/en-gb/monetary-policy/how-a-monetary-policy-decision-is-implemented/;https://www.riksbank.se/en-gb/press-and-published/notices-and-press-releases/;https://www.riksbank.se/en-gb/press-and-published/notices-and-press-releases/debate-articles/;https://www.riksbank.se/en-gb/press-and-published/notices-and-press-releases/news-about-financial-stability/;https://www.riksbank.se/en-gb/press-and-published/notices-and-press-releases/news-about-monetary-policy/;https://www.riksbank.se/en-gb/press-and-published/notices-and-press-releases/news-about-payments-and-cash/;https://www.riksbank.se/en-gb/press-and-published/notices-and-press-releases/news-about-the-riksbank/;https://www.riksbank.se/en-gb/press-and-published/notices-and-press-releases/news-about-markets/;https://www.riksbank.se/en-gb/about-the-riksbank/how-the-riksbank-is-governed/internal-regulatory-framework/policies/policy-for-the-riksbanks-work-to-prevent-money-laundering/;https://www.riksbank.se/en-gb/monetary-policy/monetary-policy-report/2026/monetary-policy-decision-august-2026/;https://www.riksbank.se/en-gb/press-and-published/notices-and-press-releases/press-releases/2026/policy-rate-unchanged-at-15.75-per-cent;https://www.riksbank.se/en-gb/press-and-published/notices-and-press-releases/notices/2026/the-imfs-report-on-swedens-economy/;https://www.riksbank.se/en-gb/press-and-published/notices-and-press-releases/press-releases/2026/esrb-warns-of-vulnerabilities-in-the-financial-system-linked-to-frontier-ai-models/;https://www.riksbank.se/en-gb/press-and-published/notices-and-press-releases/notices/2026/same-objectives-but-different-trade-offs-norges-bank-and-the-riksbank-after-the-post-pandemic-inflation-surge/;https://www.riksbank.se/en-gb/press-and-published/notices-and-press-releases/notices/2026/the-financial-sector-is-urged-to-take-note-of-the-national-cyber-security-centres-advice-and-recommendations-regarding-cybersecurity-and-ai/,
CH,Switzerland,Money Laundering Reporting Office Switzerland (MROS),financial_intelligence,https://www.fedpol.admin.ch/fedpol/en/home/kriminalitaet/geldwaescherei.html,http-error,404,https://www.fedpol.admin.ch/fedpol/en/home/kriminalitaet/geldwaescherei.html,404 – Seite nicht gefunden,0,,
CH,Switzerland,Swiss Financial Market Supervisory Authority (FINMA),prudential_supervision;securities;insurance,http://www.finma.ch/,reachable,200,https://www.finma.ch/,Willkommen bei der Eidgenössischen Finanzmarktaufsicht FINMA | FINMA,5,https://www.finma.ch/de/durchsetzung/enforcementinstrumente/;https://www.finma.ch/de/dokumentation/finma-publikationen/kennzahlen-und-statistiken/statistiken/enforcement/;https://www.finma.ch/de/dokumentation/enforcementberichterstattung/;https://www.finma.ch/de/dokumentation/internationale-sanktionen-und-terrorismusbekaempfung/;https://report.finma.ch/2025/de/,
CH,Switzerland,Swiss National Bank,central_banking;prudential_supervision,http://www.snb.ch/,reachable,200,https://www.snb.ch/en/,SNB BNS,1,https://www.snb.ch/en/the-snb/mandates-goals/monetary-policy/decisions,
CH,Switzerland,Swiss Occupational Pension Supervisory Commission,pensions,https://www.oak-bv.admin.ch/,reachable,200,https://www.oak-bv.admin.ch/de,Oberaufsichtskommission Berufliche Vorsorge OAK BV,0,,
SY,Syria,Central Bank of Syria,central_banking;prudential_supervision,https://cb.gov.sy/,reachable,200,https://cb.gov.sy/,مصرف سورية المركزي,1,https://cb.gov.sy/index.php?page=list&ex=2&dir=laws&lang=1&lt=3&service=5&act=576,
SY,Syria,Combating Money Laundering and Terrorism Financing Commission (CMLC),financial_intelligence,,no-public-website,,,,0,,
SY,Syria,Syrian Commission on Financial Markets and Securities,securities,http://www.scfms.sy/,network-error,,http://www.scfms.sy/,,0,,fetch failed
TW,Taiwan,Anti-Money Laundering Division (AMLD),financial_intelligence,http://www.mjib.gov.tw/en,reachable,200,https://www.mjib.gov.tw/en,Home - MJIB-EN-Index,1,https://www.mjib.gov.tw/mlpcen,
TW,Taiwan,Financial Supervisory Commission,securities;insurance,http://www.fsc.gov.tw/,reachable,200,https://www.fsc.gov.tw/ch/index.jsp,金融監督管理委員會全球資訊網,7,"https://www.fsc.gov.tw/ch/home.jsp?id=97&parentpath=0,2&mcustomize=multimessage_view.jsp&dataserno=202608130001&aplistdn=ou=noticelaw,ou=chlaw,ou=ap_root,o=fsc,c=tw&dtable=NoticeLaw;https://www.fsc.gov.tw/ch/home.jsp?id=131&parentpath=0,2&mcustomize=multimessage_view.jsp&dataserno=202608170002&aplistdn=ou=data,ou=penalty,ou=multisite,ou=chinese,ou=ap_root,o=fsc,c=tw&dtable=Penalty;https://www.fsc.gov.tw/ch/home.jsp?id=131&parentpath=0,2&mcustomize=multimessage_view.jsp&dataserno=202607220001&aplistdn=ou=data,ou=penalty,ou=multisite,ou=chinese,ou=ap_root,o=fsc,c=tw&dtable=Penalty;https://www.fsc.gov.tw/ch/home.jsp?id=131&parentpath=0,2&mcustomize=multimessage_view.jsp&dataserno=202607140001&aplistdn=ou=data,ou=penalty,ou=multisite,ou=chinese,ou=ap_root,o=fsc,c=tw&dtable=Penalty;https://www.fsc.gov.tw/ch/home.jsp?id=131&parentpath=0,2&mcustomize=multimessage_view.jsp&dataserno=202606300001&aplistdn=ou=data,ou=penalty,ou=multisite,ou=chinese,ou=ap_root,o=fsc,c=tw&dtable=Penalty;https://www.fsc.gov.tw/ch/home.jsp?id=131&parentpath=0,2&mcustomize=multimessage_view.jsp&dataserno=202605290002&aplistdn=ou=data,ou=penalty,ou=multisite,ou=chinese,ou=ap_root,o=fsc,c=tw&dtable=Penalty;https://www.fsc.gov.tw/ch/home.jsp?id=131&parentpath=0,2&mcustomize=multimessage_view.jsp&dataserno=202605180002&aplistdn=ou=data,ou=penalty,ou=multisite,ou=chinese,ou=ap_root,o=fsc,c=tw&dtable=Penalty",
TJ,Tajikistan,National Bank of the Republic of Tajikistan,central_banking;prudential_supervision;financial_intelligence,https://nbt.tj/en/,reachable,200,https://nbt.tj/en/,National bank of Tajikistan,0,,
TZ,Tanzania,Bank of Tanzania,central_banking;prudential_supervision,https://www.bot.go.tz/,reachable,200,https://www.bot.go.tz/,Home Page - Bank of Tanzania,2,https://www.bot.go.tz/MPS/Decisions;https://www.bot.go.tz/PressRelease,
TZ,Tanzania,Capital Markets and Securities Authority,securities,http://www.cmsa-tz.org/,reachable,200,http://www.cmsa-tz.org/,cmsa-tz.org,0,,
TZ,Tanzania,Financial Intelligence Unit (FIU) - Tanzania,financial_intelligence,https://www.fiu.go.tz/,reachable,200,https://www.fiu.go.tz/,Home | FIU - Financial Intelligence Unit,4,https://www.fiu.go.tz/;https://www.fiu.go.tz/publications/enforcement;https://www.fiu.go.tz/uploads/documents/en-1712237226-Guidelines%20on%20Targeted%20Financial%20Sanctions%20revised.pdf;https://www.fiu.go.tz/uploads/documents/en-1712238436-Targeted%20Financial%20Sanctions%20Guideline%202022.pdf,
TH,Thailand,Anti-Money Laundering Office Thailand (AMLO),financial_intelligence,https://www.amlo.go.th/index.php/en/,reachable,200,https://www.amlo.go.th/index.php/en/,สำนักงานป้องกันและปราบปรามการฟอกเงิน,0,,
TH,Thailand,Bank of Thailand,central_banking;prudential_supervision,https://www.bot.or.th/english,http-error,404,https://www.bot.or.th/english,404,1,https://www.bot.or.th/th/laws-and-rules/regulatory-fines-report.html,
TH,Thailand,Office of Insurance Commission,insurance,http://www.oic.or.th/en,challenge-protected,200,https://www.oic.or.th/en,สำนักงานคณะกรรมการกำกับและส่งเสริมการประกอบธุรกิจประกันภัย,0,,
TH,Thailand,Securities and Exchange Commission*,securities;pensions,http://www.sec.or.th/,access-blocked,403,http://www.sec.or.th/,Block Response,0,,
GM,The Gambia,Central Bank of The Gambia,central_banking;prudential_supervision,http://www.cbg.gm/,challenge-protected,200,http://www.cbg.gm/,Central Bank of The Gambia,3,http://www.cbg.gm/policy-rate-decisions;http://www.cbg.gm/treasury-bills-notices;http://www.cbg.gm/bonds-notices,
GM,The Gambia,Financial Intelligence Unit of The Gambia (FIA),financial_intelligence,https://fiu.gov.gm/,network-error,,https://fiu.gov.gm/,,0,,fetch failed
TL,Timor-Leste,UIF Timore-Leste,financial_intelligence,,no-public-website,,,,0,,
TG,Togo,Autorité des Marchés Financiers de l’UMOA,securities,http://www.crepmf.org/,timeout,,http://www.crepmf.org/,,0,,The operation was aborted due to timeout
TG,Togo,Central Bank of West African States (BCEAO),central_banking;prudential_supervision,https://www.bceao.int/en,reachable,200,https://www.bceao.int/en,BCEAO | Banque Centrale des Etats de l’Afrique de l’Ouest,1,https://www.bceao.int/en,
TG,Togo,Conférence Interafricaine des Marchés d'Assurances (CIMA),insurance,http://cima-afrique.org/,reachable,200,https://cima-afrique.org/,CIMA – Conférence Interafricaine des Marchés d’Assurance,2,https://cima-afrique.org/decisions-du-cma/;https://cima-afrique.org/decisions-de-la-crca/,
TG,Togo,Direction Nationale Des Assurances (DNA),insurance,https://service-public.gouv.tg/service_concerne/direction-nationale-des-assurances-dna/,challenge-protected,404,https://service-public.gouv.tg/service_concerne/direction-nationale-des-assurances-dna/,404: Not Found,0,,
TG,Togo,Togo Financial Intelligence Unit (CENTIF Togo),financial_intelligence,http://centif.tg/,reachable,200,http://websafe.virginmedia.com/virussafe-blocked.html,Virus Protection has blocked this page,0,,
TO,Tonga,National Reserve Bank of Tonga,central_banking;prudential_supervision,http://www.reservebank.to/,reachable,200,https://www.reservebank.to/,www.reservebank.to,3,https://www.reservebank.to/index.php/news/public-notice-counterfeit-100-paanga-banknotes-in-circulation;https://www.reservebank.to/index.php/news/public-notice-public-warning-on-facebook-page-imposter-and-scams;https://www.reservebank.to/index.php/news/public-notice-beware-of-romance-scams-targeting-the-vulnerable-community-members,
TT,Trinidad and Tobago,Central Bank of Trinidad and Tobago,central_banking;prudential_supervision;insurance;pensions,http://www.central-bank.org.tt/,reachable,200,https://www.central-bank.org.tt/,Central Bank of Trinidad and Tobago,2,https://www.central-bank.org.tt/wp-content/uploads/2025/09/public-notice-unauthorised-fx-dealings-sept2025.pdf;https://www.central-bank.org.tt/notice-insurance-act-2018-as-amended-5/,
TT,Trinidad and Tobago,Financial Intelligence Unit of Trinidad and Tobago (FIUTT),financial_intelligence,http://www.fiu.gov.tt/,challenge-protected,200,https://fiu.gov.tt/,Financial Intelligence Unit – Trinidad and Tobago,19,https://fiu.gov.tt/compliance/enforcement-statistics/;https://fiu.gov.tt/reporting/enforcement/;https://fiu.gov.tt/reporting/enforcement/local-law-enforcement/;https://fiu.gov.tt/reporting/enforcement/foreign-law-enforcement-authorities/;https://fiu.gov.tt/tfs-search-tool/tfs-search-tool-2/;https://fiu.gov.tt/about-us/legal-framework/legal-notices/;https://fiu.gov.tt/about-us/publications/notices-and-high-court-orders-for-freezing-terrorist-funds/;https://fiu.gov.tt/about-us/publications/notices-and-high-court-orders-for-freezing-terrorist-funds/notice-to-freeze-terrorist-funds/;https://fiu.gov.tt/about-us/publications/notices-and-high-court-orders-for-freezing-terrorist-funds/notice-to-unfreeze-terorrist-funds/;https://fiu.gov.tt/about-us/publications/notices-and-high-court-orders-for-freezing-terrorist-funds/trinidad-and-tobago-consolidated-list-of-court-orders/;https://fiu.gov.tt/about-us/publications/notices-and-high-court-orders-for-freezing-terrorist-funds/removal-of-listed-entities-from-trinidad-and-tobago-consolidated-list-of-court-orders/;https://fiu.gov.tt/about-us/publications/united-nations-security-council-committee/un-security-council-committee-resolution-targeted-sanctions-1988/;https://fiu.gov.tt/about-us/publications/united-nations-security-council-committee/united-nations-security-council-committee-economic-sanctions-1718-and-2231/;https://fiu.gov.tt/media-centre-2/news/notices/;https://fiu.gov.tt/about-us/vacancies/;https://fiu.gov.tt/wp-content/uploads/2025/04/FIUTT-Fraud-Alert.pdf;https://fiu.gov.tt/wp-content/uploads/2026/04/20_04_26-Public-Notice-No-Approved-Training-Providers.pdf;https://fiu.gov.tt/wp-content/uploads/2026/04/01_04_26_Public-Notice_Changes-to-AML_CFT_CPF-Regime-Non-Financial-Co-operatives.pdf%20;https://fiu.gov.tt/wp-content/uploads/2025/07/11_07_25_Notice_Registrant-Validation-Initiative.pdf,
TT,Trinidad and Tobago,Trinidad and Tobago Securities and Exchange Commission,securities,http://www.ttsec.org.tt/,reachable,200,https://www.ttsec.org.tt/,Home - TTSEC | You Invest. We protect. Everyone Benefits!,11,https://www.ttsec.org.tt/enforcement/;https://www.ttsec.org.tt/media-release-ttsec-issues-notice-on-the-virtual-assets-and-virtual-asset-service-providers-act-2025/;https://www.ttsec.org.tt/public-notice-unregistered-investment-promotion-international-traders-dboss-or-d-boss/;https://www.ttsec.org.tt/public-notice-stable-rowdex/;https://www.ttsec.org.tt/public-notice-persons-and-entities-not-registered-with-the-ttsec-august-18th-2025/;https://www.ttsec.org.tt/public-notice-persons-and-entities-not-registered-with-ttsec-2/;https://www.ttsec.org.tt/enforcement/orders/;https://www.ttsec.org.tt/enforcement/orders/settlement-orders/;https://www.ttsec.org.tt/enforcement/orders/administrative-sanctions-orders/;https://www.ttsec.org.tt/enforcement/notices/;https://www.ttsec.org.tt/enforcement/memorandums-of-understanding/,
TN,Tunisia,Central Bank of Tunisia,central_banking;prudential_supervision,https://www.bct.gov.tn/,reachable,200,https://www.bct.gov.tn/bct/siteprod/index.jsp,"Banque Centrale de Tunisie, Accueil",0,,
TN,Tunisia,Conseil du marché financier,securities,http://www.cmf.tn/,reachable,200,https://www.cmf.tn/,Conseil du Marché Financier,1,https://www.un.org/securitycouncil/fr/content/un-sc-consolidated-list,
TN,Tunisia,"Ministère des Finances, Comité Général des Assurances",insurance,https://www.cga.gov.tn/,reachable,200,https://www.cga.gov.tn/index.php?id=104,CGA: الإستقبال,1,https://www.cga.gov.tn/index.php?id=33,
TN,Tunisia,Tunisian Financial Analysis Committee (CTAF),financial_intelligence,http://www.ctaf.gov.tn/ctaf_f/eng/,http-error,404,https://www.ctaf.gov.tn/ctaf_f/eng/,404 Not Found,0,,
TR,Türkiye,Banking Regulation and Supervision Agency,prudential_supervision,http://www.bddk.org.tr/,timeout,,http://www.bddk.org.tr/,,0,,The operation was aborted due to timeout
TR,Türkiye,Capital Markets Board*,securities,http://www.cmb.gov.tr/,network-error,,http://www.cmb.gov.tr/,,0,,fetch failed
TR,Türkiye,Central Bank of the Republic of Türkiye,central_banking;prudential_supervision,https://www.tcmb.gov.tr/,challenge-protected,200,https://www.tcmb.gov.tr/,TCMB,0,,
TR,Türkiye,Financial Crimes Investigation Board (MASAK),financial_intelligence,http://www.masak.gov.tr/en/default,reachable,200,https://masak.hmb.gov.tr/,T.C. Hazine ve Maliye Bakanlığı,0,,
TR,Türkiye,Turkish Insurance and Private Pension Regulation and Supervision Authority,insurance;pensions,http://www.seddk.gov.tr/,reachable,200,https://www.seddk.gov.tr/,SEDDK - Sigortacılık ve Özel Emeklilik Düzenleme ve Denetleme Kurumu,0,,
TM,Turkmenistan,Central Bank of Turkmenistan,central_banking;prudential_supervision,https://www.cbt.tm/en,reachable,200,https://www.cbt.tm/en/,Central Bank of Turkmenistan,0,,
TM,Turkmenistan,Financial Monitoring Service (FMS),financial_intelligence,http://www.turkmenfmd.gov.tm/en,reachable,200,https://turkmenfmd.gov.tm/en,Maliýe gözegçiligi gullugy,0,,
TC,Turks and Caicos Islands,Financial Intelligence Agency of the Turks and Caicos Islands (FIA-TCI),financial_intelligence,http://www.tcipolice.tc/index.php/financial-intelligence-unit/200-fiu-overview,http-error,404,http://www.tcipolice.tc/financial-intelligence-unit/200-fiu-overview,Page not found – Royal Turks and Caicos Island Police,1,https://www.tcipolice.tc/traffic-enforcement-unit/,
TC,Turks and Caicos Islands,Financial Services Commission,prudential_supervision;securities,http://www.tcifsc.tc/,reachable,200,https://www.tcifsc.tc/,Turks and Caicos Islands Financial Services Commission | Home,20,https://www.tcifsc.tc/notices;https://www.tcifsc.tc/business-name-notices;https://www.tcifsc.tc/trademarks-and-patents-notices;https://www.tcifsc.tc/enforcement;https://www.tcifsc.tc/aml-cft-enforcement-actions;https://www.tcifsc.tc/sanctions;https://www.tcifsc.tc/sanctions-regimes;https://www.tcifsc.tc/financial-sanctions-search-tool;https://www.tcifsc.tc/sanctions-guidance;https://www.tcifsc.tc/financial-sanctions-notices;https://www.tcifsc.tc/fsc-notices;https://www.tcifsc.tc/notice;https://www.tcifsc.tc/notices/fsc-advises-of-scheduled-kregistry-platform-maintenance;https://www.tcifsc.tc/notices/financial-sanction-notice-60-of-2026-2;https://www.tcifsc.tc/notices/office-closure-providenciales-location;https://www.tcifsc.tc/notices/financial-sanction-notice-60-of-2026;https://www.tcifsc.tc/notices/financial-sanction-notice-59-of-2026;https://www.tcifsc.tc/notices/financial-sanction-notice-58-of-2026;https://www.tcifsc.tc/notices/financial-sanction-notice-57-of-2026;https://www.tcifsc.tc/notices/financial-sanction-notice-56-of-2026,
TC,Turks and Caicos Islands,Financial Services Commission,insurance,,no-public-website,,,,0,,
UG,Uganda,Bank of Uganda,central_banking;prudential_supervision,http://www.bou.or.ug/,reachable,200,https://www.bou.or.ug/,Bank of Uganda,0,,
UG,Uganda,Capital Markets Authority,securities,http://www.cmauganda.co.ug/,reachable,200,https://cmauganda.co.ug/,Protecting Your Investment - Capital Markets Authority,6,https://cmauganda.co.ug/regulatory-notices/;https://cmauganda.co.ug/notices/;https://cmauganda.co.ug/;https://cmauganda.co.ug/financial-penalties/;https://cmauganda.co.ug/administrative-sanctions/;https://cmauganda.co.ug/bid-notices/,
UG,Uganda,Financial Intelligence Authority (FIA),financial_intelligence,https://www.fia.go.ug/,network-error,,https://www.fia.go.ug/,,0,,fetch failed
UG,Uganda,Insurance Regulatory Authority of Uganda,insurance,https://www.ira.go.ug/,reachable,200,https://ira.go.ug/,Home - The Insurance Regulatory Authority of Uganda,2,https://ira.go.ug/new-tenders/;https://ira.go.ug/best-evaluated-bidders/,
UG,Uganda,Uganda Retirement Benefits Regulatory Authority,pensions,https://urbra.go.ug/,reachable,200,https://urbra.go.ug/,HOME - URBRA,1,https://urbra.go.ug/notices/,
UA,Ukraine,National Bank of Ukraine,central_banking;prudential_supervision;insurance,https://bank.gov.ua/en/,reachable,200,https://bank.gov.ua/en/,National Bank of Ukraine,2,https://bank.gov.ua/en/news/press;https://bank.gov.ua/en/monetary/stages,
UA,Ukraine,National Securities and Stock Market Commission,securities;pensions,http://www.nssmc.gov.ua/,reachable,200,https://www.nssmc.gov.ua/,НКЦПФР | НАЦІОНАЛЬНА КОМІСІЯ З ЦІННИХ ПАПЕРІВ ТА ФОНДОВОГО РИНКУ – НКЦПФР,0,,
UA,Ukraine,The State Financial Monitoring Service of Ukraine (SFMS),financial_intelligence,https://fiu.gov.ua/en/,challenge-protected,403,https://fiu.gov.ua/en/,Access Denied,0,,
AE,United Arab Emirates,Capital Market Authority*,securities,http://www.sca.ae/,timeout,,http://www.sca.ae/,,0,,The operation was aborted due to timeout
AE,United Arab Emirates,Central Bank of the United Arab Emirates,central_banking;prudential_supervision,https://www.centralbank.ae/en,challenge-protected,403,https://www.centralbank.ae/en,Just a moment...,0,,
AE,United Arab Emirates,Central Bank of the United Arab Emirates (CBUAE),insurance,,no-public-website,,,,0,,
AE,United Arab Emirates,Dubai Financial Services Authority,prudential_supervision;securities;insurance,http://www.dfsa.ae/,challenge-protected,403,https://www.dfsa.ae/,Attention Required! | Cloudflare,0,,
AE,United Arab Emirates,Financial Services Regulatory Authority,securities;insurance,http://www.adgm.com/,challenge-protected,200,https://www.adgm.com/,Abu Dhabi's International Financial Centre | ADGM,0,,
AE,United Arab Emirates,United Arab Emirates Financial Intelligence Unit (UAEFIU),financial_intelligence,https://www.uaefiu.gov.ae/en,reachable,200,https://uaefiu.gov.ae/en,Homepage,1,https://uaefiu.gov.ae/en/about/our-mandate/,
GB,United Kingdom,Bank of England,central_banking;prudential_supervision;insurance,http://www.bankofengland.co.uk/,reachable,200,https://www.bankofengland.co.uk/,Home | Bank of England,3,https://www.bankofengland.co.uk/prudential-regulation/the-bank-of-england-enforcement;https://www.bankofengland.co.uk/monetary-policy-report/2026/july-2026;https://www.bankofengland.co.uk/monetary-policy-summary-and-minutes/2026/july-2026,
GB,United Kingdom,The Financial Conduct Authority,prudential_supervision;securities;insurance,http://www.fca.org.uk/,reachable,200,https://www.fca.org.uk/,Financial Conduct Authority | FCA,5,https://www.fca.org.uk/about/how-we-regulate/enforcement;https://www.fca.org.uk/consumers/pension-transfer-defined-benefit;https://www.fca.org.uk/publications/search-results?p_search_term&category=notices%20and%20decisions-decision%20notices%2Cnotices%20and%20decisions-libor%20notices%2Cnotices%20and%20decisions-final%20notices%2Cnotices%20and%20decisions-warning%20notices%2Cnotices%20and%20decisions-supervisory%20notices%2Cnotices%20and%20decisions-cancellation%20notices%2Cnotices%20and%20decisions-requirement%20notices%2Cnotices%20and%20decisions-temporary%20product%20interventions%2Cnotices%20and%20decisions-undertakings%2Cnotices%20and%20decisions-waivers%20and%20crr%20notices;https://www.fca.org.uk/news/press-releases/fca-fines-bans-former-svs-securities-ceo;https://www.fca.org.uk/legal,
GB,United Kingdom,The Pensions Regulator,pensions,https://www.thepensionsregulator.gov.uk/,reachable,200,https://www.thepensionsregulator.gov.uk/,The Pensions Regulator (TPR) - Home,7,https://www.thepensionsregulator.gov.uk/employers/warnings-notices-and-payment-of-fines;https://www.thepensionsregulator.gov.uk/trustees/penalty-notices;https://www.thepensionsregulator.gov.uk/document-library/regulatory-and-enforcement-policies;https://www.thepensionsregulator.gov.uk/document-library/enforcement-activity;https://www.thepensionsregulator.gov.uk/media-hub/blogs/2026-blogs/new-thinking-for-trustees-considering-endgame-solutions-for-db-schemes;https://www.thepensionsregulator.gov.uk/en/website-policies/privacy-notice;https://www.thepensionsregulator.gov.uk/website-policies/privacy-notice,
GB,United Kingdom,UK  Financial Intelligence Unit (UKFIU),financial_intelligence,http://www.nationalcrimeagency.gov.uk/,reachable,200,https://www.nationalcrimeagency.gov.uk/,Home - National Crime Agency,2,https://www.nationalcrimeagency.gov.uk/what-we-do/crime-threats/bribery-corruption-and-sanctions-evasion;https://www.nationalcrimeagency.gov.uk/what-we-do/how-we-work/providing-specialist-capabilities-for-law-enforcement,
US,United States,Board of Governors of the Federal Reserve System,central_banking;prudential_supervision;insurance,http://www.federalreserve.gov/,reachable,200,https://www.federalreserve.gov/,Federal Reserve Board - Home,6,https://www.federalreserve.gov/supervisionreg/legal-developments.htm;https://www.federalreserve.gov/consumerscommunities/shed.htm;https://www.federalreserve.gov/apps/enforcementactions/default.aspx;https://www.federalreserve.gov/newsevents/pressreleases/enforcement20260813a.htm;https://www.federalreserve.gov/newsevents/pressreleases/bcreg20260731b.htm;https://www.federalreserve.gov/newsevents/pressreleases/enforcement20260730b.htm,
US,United States,Commodity Futures Trading Commission*,securities,http://www.cftc.gov/,reachable,200,https://www.cftc.gov/,Commodity Futures Trading Commission | CFTC,1,https://www.cftc.gov/check,
US,United States,Department of Labor,pensions,https://www.dol.gov/,reachable,200,https://www.dol.gov/,Home | U.S. Department of Labor,2,https://www.dol.gov/general/privacynotice;https://www.dol.gov/general/aboutdol/website-policies,
US,United States,Federal Deposit Insurance Corporation DC,prudential_supervision,http://www.fdic.gov/,reachable,200,https://www.fdic.gov/,FDIC: Federal Deposit Insurance Corporation,0,,
US,United States,Federal Insurance Office of the United States Department of Treasury (FIO),insurance,https://home.treasury.gov/,timeout,,https://home.treasury.gov/,,0,,The operation was aborted due to timeout
US,United States,Federal Reserve Bank of Atlanta,central_banking,http://www.frbatlanta.org/,reachable,200,https://www.atlantafed.org/,Federal Reserve Bank of Atlanta - Federal Reserve Bank of Atlanta,0,,
US,United States,Federal Reserve Bank of Boston,central_banking,https://www.bostonfed.org/,reachable,200,https://www.bostonfed.org/,Home - Federal Reserve Bank of Boston,0,,
US,United States,Federal Reserve Bank of Chicago,central_banking,http://www.chicagofed.org/,reachable,200,https://www.chicagofed.org/,Federal Reserve Bank of Chicago - Federal Reserve Bank of Chicago,1,https://www.chicagofed.org/utilities/legal-notices,
US,United States,Federal Reserve Bank of Cleveland,central_banking,http://www.clevelandfed.org/,reachable,200,https://www.clevelandfed.org/,Federal Reserve Bank of Cleveland,1,https://www.clevelandfed.org/banking-and-payments/applications,
US,United States,Federal Reserve Bank of Dallas,central_banking,http://www.dallasfed.org/,reachable,200,https://www.dallasfed.org/,Federal Reserve Bank of Dallas - Dallasfed.org,1,https://www.dallasfed.org/fed/privacy,
US,United States,Federal Reserve Bank of Kansas City,central_banking,http://www.kansascityfed.org/,reachable,200,https://www.kansascityfed.org/,Home - Federal Reserve Bank of Kansas City - Federal Reserve Bank of Kansas City,0,,
US,United States,Federal Reserve Bank of Minneapolis,central_banking,http://www.minneapolisfed.org/,reachable,200,https://www.minneapolisfed.org/,Federal Reserve Bank of Minneapolis,0,,
US,United States,Federal Reserve Bank of New York,central_banking,http://www.newyorkfed.org/,reachable,200,https://www.newyorkfed.org/,FEDERAL RESERVE BANK of NEW YORK - Serving the Second District and the Nation - FEDERAL RESERVE BANK of NEW YORK,0,,
US,United States,Federal Reserve Bank of Philadelphia,central_banking,http://www.philadelphiafed.org/,reachable,200,https://www.philadelphiafed.org/,Federal Reserve Bank of Philadelphia,1,https://www.philadelphiafed.org/about-us/privacy-notice,
US,United States,Federal Reserve Bank of Richmond,central_banking,http://richmondfed.org/,reachable,200,https://www.richmondfed.org/,Federal Reserve Bank of Richmond | Richmond Fed,0,,
US,United States,Federal Reserve Bank of San Francisco,central_banking,http://www.frbsf.org/,reachable,200,https://www.frbsf.org/,Federal Reserve Bank of San Francisco,0,,
US,United States,Federal Reserve Bank of St Louis,central_banking,http://www.stlouisfed.org/,reachable,200,https://www.stlouisfed.org/,Federal Reserve Bank of St. Louis | Economic Resources & Data,2,https://www.stlouisfed.org/bank-supervision/applications-and-notices/federal-reserve-membership/membership-app;https://www.stlouisfed.org/bank-supervision/applications-and-notices,
US,United States,Financial Crimes Enforcement Network (FinCEN),financial_intelligence,https://www.fincen.gov/,timeout,,https://www.fincen.gov/,,0,,The operation was aborted due to timeout
US,United States,National Association of Insurance Commissioners (NAIC),insurance,https://www.naic.org/,reachable,200,https://content.naic.org/,Homepage,0,,
US,United States,New York State Department of Financial Services,prudential_supervision,http://www.dfs.ny.gov/,reachable,200,https://www.dfs.ny.gov/,Home | Department of Financial Services,2,https://www.dfs.ny.gov/industry_guidance/enforcement_actions;https://www.dfs.ny.gov/reports_and_publications/press_releases/pr20260818,
US,United States,Office of the Comptroller of the Currency,prudential_supervision,http://www.occ.treas.gov/,reachable,200,https://www.occ.treas.gov/,Office of the Comptroller of the Currency (OCC),4,https://apps.occ.gov/EASearch;https://www.occ.treas.gov/topics/laws-and-regulations/enforcement-actions/index-enforcement-actions.html;https://www.occ.treas.gov/topics/charters-and-licensing/interpretations-and-decisions/index-interpretations-and-decisions.html;https://www.occ.treas.gov/news-issuances/bulletins/2026/bulletin-2026-36.html,
US,United States,Securities and Exchange Commission*,securities,http://www.sec.gov/,reachable,200,https://www.sec.gov/,SEC.gov | Home,10,https://www.sec.gov/enforcement-litigation;https://www.sec.gov/enforcement-litigation/litigation-releases;https://www.sec.gov/enforcement-litigation/administrative-proceedings;https://www.sec.gov/enforcement-litigation/administrative-law-judge-orders-initial-decisions;https://www.sec.gov/enforcement-litigation/trading-suspensions;https://www.sec.gov/enforcement-litigation/distributions-harmed-investors;https://www.sec.gov/enforcement-litigation/receiverships;https://www.sec.gov/enforcement-litigation/whistleblower-program;https://www.sec.gov/newsroom/whats-new?type=news%2Csecarticle%2Clink&tag=36696;https://www.sec.gov/about/divisions-offices/office-equal-employment-opportunity/no-fear-act-amended,
UY,Uruguay,Central Bank of Uruguay,central_banking;prudential_supervision;securities;insurance;financial_intelligence,https://www.bcu.gub.uy/ingles,network-error,,https://www.bcu.gub.uy/ingles,,0,,fetch failed
UZ,Uzbekistan,Central Bank of the Republic of Uzbekistan,central_banking;prudential_supervision,https://cbu.uz/en/,reachable,200,https://cbu.uz/en/,The Central Bank of the Republic of Uzbekistan,1,https://cbu.uz/en/services/task-execution-states/,
UZ,Uzbekistan,Department on Struggle Against Tax Currency Crimes and Legalization of Criminal Incomes at the GPO (FIU-Uzbekistan),financial_intelligence,http://prokuratura.uz/ru/#/,timeout,,http://prokuratura.uz/ru/#/,,0,,The operation was aborted due to timeout
UZ,Uzbekistan,National Agency of Perspective Projects of the Republic of Uzbekistan,securities;insurance,https://www.napp.uz/,network-error,,https://www.napp.uz/,,0,,fetch failed
VU,Vanuatu,Reserve Bank of Vanuatu,central_banking;prudential_supervision;insurance,http://www.rbv.gov.vu/,timeout,,http://www.rbv.gov.vu/,,0,,The operation was aborted due to timeout
VU,Vanuatu,Vanuatu  Financial Intelligence Unit (FIU-Vanuatu),financial_intelligence,http://fiu.gov.vu/,timeout,,http://fiu.gov.vu/,,0,,The operation was aborted due to timeout
VU,Vanuatu,Vanuatu Financial Services Commission,prudential_supervision,http://www.vfsc.vu/,reachable,200,https://www.vfsc.vu/,Home - Vanuatu Financial Services Commission (VFSC),7,https://www.vfsc.vu/companies-fees-and-penalties/;https://www.vfsc.vu/public-notices/;https://www.vfsc.vu/financial-dealers-license-fdl/;https://www.vfsc.vu/wp-content/uploads/2026/06/LAW-ENFORCEMENT-STAKEHOLDERS-INFORMATION-ACCESS-PROCEDURE.pdf;https://www.vfsc.vu/category/public-notice/;https://www.vfsc.vu/public-notices;https://www.vfsc.vu/vacancy-notice-assistant-registration-officer-business-names-partnerships/,
VA,Vatican City,Financial Information Authority (AIF),financial_intelligence,https://www.aif.va/ENG/Home.aspx,network-error,,https://www.aif.va/ENG/Home.aspx,,0,,fetch failed
VE,Venezuela,Central Bank of Venezuela,central_banking,http://www.bcv.org.ve/,network-error,,http://www.bcv.org.ve/,,0,,fetch failed
VE,Venezuela,Superintendencia de Bancos y Otras Instituciones Financieras,prudential_supervision;financial_intelligence,http://www.sudeban.gob.ve/,timeout,,http://www.sudeban.gob.ve/,,0,,The operation was aborted due to timeout
VN,Vietnam,"Ministry of Finance, Insurance Department",insurance,http://www.mof.gov.vn/,reachable,200,https://www.mof.gov.vn/,Cổng thông tin điện tử Bộ Tài Chính,0,,
VN,Vietnam,State Bank of Vietnam,central_banking;prudential_supervision,https://www.sbv.gov.vn/webcenter/portal/en,reachable,200,https://www.sbv.gov.vn/webcenter/portal/en,Request Rejected,0,,
VN,Vietnam,State Securities Commission,securities,,no-public-website,,,,0,,
YE,Yemen,Central Bank of Yemen,central_banking,https://cby-ye.com/,reachable,200,https://cby-ye.com/,البنك المركزي اليمني,0,,
ZM,Zambia,Bank of Zambia,central_banking;prudential_supervision,https://www.boz.zm/,reachable,200,https://www.boz.zm/,Bank of Zambia,0,,
ZM,Zambia,Financial Intelligence Centre (FIC),financial_intelligence,https://www.fic.gov.zm/,access-blocked,403,https://www.fic.gov.zm/,Home,0,,
ZM,Zambia,Pension and Insurance Authority,pensions,https://www.pia.org.zm/,network-error,,https://www.pia.org.zm/,,0,,fetch failed
ZM,Zambia,Pensions and Insurance Authority,insurance,,no-public-website,,,,0,,
ZM,Zambia,Securities and Exchange Commission,securities,http://www.seczambia.org.zm/,reachable,200,https://www.seczambia.org.zm/,Home - Securities and Exchange Commission (SEC),10,https://www.seczambia.org.zm/about/management-directorate-profiles/directorate-of-enforcement-and-legal-services/;https://www.seczambia.org.zm/investor-protection/enforcement-actions/;https://www.seczambia.org.zm/investor-protection/enforcement-actions/administrative-penalties/;https://www.seczambia.org.zm/investor-protection/enforcement-actions/suspensions/;https://www.seczambia.org.zm/investor-protection/enforcement-actions/revocations/;https://www.seczambia.org.zm/investor-protection/enforcement-actions/censures/;https://www.seczambia.org.zm/investor-protection/enforcement-actions/judgements-rulings/;https://www.seczambia.org.zm/investor-protection/enforcement-actions/notices-of-regulatory-action/;https://www.seczambia.org.zm/latest-news/public-notice-launch-of-the-suptech-online-application-portal/;https://www.seczambia.org.zm/latest-news/public-notice-board-appointment/,
ZW,Zimbabwe,Insurance and Pensions Commission (IPEC),insurance;pensions,https://ipec.co.zw/,challenge-protected,200,https://ipec.co.zw/,IPEC – Insurance and Pensions Commission,1,https://ipec.co.zw/local-news/notice-of-cancellation-of-orchid-funeral-assurance-company-registration-pursuant-to-section-23-of-the-insurance-act-chapter-2407/,
ZW,Zimbabwe,Reserve Bank of Zimbabwe,central_banking;prudential_supervision;financial_intelligence,http://www.rbz.co.zw/,network-error,,http://www.rbz.co.zw/,,0,,fetch failed
