iso2,country,authority,roles,candidate_label,candidate_url,final_url,access_state,http_status,title,publication_relevance,observed_months_2024_2026,observed_month_count,latest_observed_month,provisional_cadence_signal,interpretation,error
AF,Afghanistan,Bank of Afghanistan,central_banking,/sites/default/files/2025-10/Vol-218%20Finel.pdf,https://www.dab.gov.af/sites/default/files/2025-10/Vol-218%20Finel.pdf,https://www.dab.gov.af/sites/default/files/2025-10/Vol-218%20Finel.pdf,reachable,200,,generic-or-ambiguous-link,,0,,no-dated-first-page-signal,"Automated first-page signal only. Human validation, pagination and archive-depth research are required before any published metric.",
AL,Albania,Albanian Financial Intelligence Agency (FIA),financial_intelligence,EU Sanctions List,https://fiu.gov.al/wp-content/uploads/2026/05/20260508-FULL.pdf,https://fiu.gov.al/wp-content/uploads/2026/05/20260508-FULL.pdf,reachable,200,,strong-official-publication-candidate,,0,,no-dated-first-page-signal,"Automated first-page signal only. Human validation, pagination and archive-depth research are required before any published metric.",
AL,Albania,Albanian Financial Supervisory Authority,securities;insurance;pensions,"//<![CDATA[ (function(){for(var g=""function""==typeof Object.defineProperties?Object.defineProperty:function(b,c,a){if(a.get||a.set)throw new TypeError(""ES3 does not support getters and setters."");b!=Array.prototype&&b!=Object.prototype&&(b[c]=a.value)},h=""undefined""!=typeof window&&window===this?this:""undefined""!=typeof global&&null!=global?global:this,k=[""String"",""prototype"",""repeat""],l=0;l<k.length-1;l++){var m=k[l];m in h||(h[m]={});h=h[m]}var n=k[k.length-1],p=h[n],q=p?p:function(b){var c;if(null==this)throw new TypeError(""The 'this' value for String.prototype.repeat must not be null or undefined"");c=this+"""";if(0>b||1342177279<b)throw new RangeError(""Invalid count value"");b|=0;for(var a="""";b;)if(b&1&&(a+=c),b>>>=1)c+=c;return a};q!=p&&null!=q&&g(h,n,{configurable:!0,writable:!0,value:q});var t=this;function u(b,c){var a=b.split("".""),d=t;a[0]in d||!d.execScript||d.execScript(""var ""+a[0]);for(var e;a.length&&(e=a.shift());)a.length||void 0===c?d[e]?d=d[e]:d=d[e]={}:d[e]=c};function v(b){var c=b.length;if(0<c){for(var a=Array(c),d=0;d<c;d++)a[d]=b[d];return a}return[]};function w(b){var c=window;if(c.addEventListener)c.addEventListener(""load"",b,!1);else if(c.attachEvent)c.attachEvent(""onload"",b);else{var a=c.onload;c.onload=function(){b.call(this);a&&a.call(this)}}};var x;function y(b,c,a,d,e){this.h=b;this.j=c;this.l=a;this.f=e;this.g={height:window.innerHeight||document.documentElement.clientHeight||document.body.clientHeight,width:window.innerWidth||document.documentElement.clientWidth||document.body.clientWidth};this.i=d;this.b={};this.a=[];this.c={}}function z(b,c){var a,d,e=c.getAttribute(""data-pagespeed-url-hash"");if(a=e&&!(e in b.c))if(0>=c.offsetWidth&&0>=c.offsetHeight)a=!1;else{d=c.getBoundingClientRect();var f=document.body;a=d.top+(""pageYOffset""in window?window.pageYOffset:(document.documentElement||f.parentNode||f).scrollTop);d=d.left+(""pageXOffset""in window?window.pageXOffset:(document.documentElement||f.parentNode||f).scrollLeft);f=a.toString()+"",""+d;b.b.hasOwnProperty(f)?a=!1:(b.b[f]=!0,a=a<=b.g.height&&d<=b.g.width)}a&&(b.a.push(e),b.c[e]=!0)}y.prototype.checkImageForCriticality=function(b){b.getBoundingClientRect&&z(this,b)};u(""pagespeed.CriticalImages.checkImageForCriticality"",function(b){x.checkImageForCriticality(b)});u(""pagespeed.CriticalImages.checkCriticalImages"",function(){A(x)});function A(b){b.b={};for(var c=[""IMG"",""INPUT""],a=[],d=0;d<c.length;++d)a=a.concat(v(document.getElementsByTagName(c[d])));if(a.length&&a[0].getBoundingClientRect){for(d=0;c=a[d];++d)z(b,c);a=""oh=""+b.l;b.f&&(a+=""&n=""+b.f);if(c=!!b.a.length)for(a+=""&ci=""+encodeURIComponent(b.a[0]),d=1;d<b.a.length;++d){var e="",""+encodeURIComponent(b.a[d]);131072>=a.length+e.length&&(a+=e)}b.i&&(e=""&rd=""+encodeURIComponent(JSON.stringify(B())),131072>=a.length+e.length&&(a+=e),c=!0);C=a;if(c){d=b.h;b=b.j;var f;if(window.XMLHttpRequest)f=new XMLHttpRequest;else if(window.ActiveXObject)try{f=new ActiveXObject(""Msxml2.XMLHTTP"")}catch(r){try{f=new ActiveXObject(""Microsoft.XMLHTTP"")}catch(D){}}f&&(f.open(""POST"",d+(-1==d.indexOf(""?"")?""?"":""&"")+""url=""+encodeURIComponent(b)),f.setRequestHeader(""Content-Type"",""application/x-www-form-urlencoded""),f.send(a))}}}function B(){var b={},c;c=document.getElementsByTagName(""IMG"");if(!c.length)return{};var a=c[0];if(!(""naturalWidth""in a&&""naturalHeight""in a))return{};for(var d=0;a=c[d];++d){var e=a.getAttribute(""data-pagespeed-url-hash"");e&&(!(e in b)&&0<a.width&&0<a.height&&0<a.naturalWidth&&0<a.naturalHeight||e in b&&a.width>=b[e].o&&a.height>=b[e].m)&&(b[e]={rw:a.width,rh:a.height,ow:a.naturalWidth,oh:a.naturalHeight})}return b}var C="""";u(""pagespeed.CriticalImages.getBeaconData"",function(){return C});u(""pagespeed.CriticalImages.Run"",function(b,c,a,d,e,f){var r=new y(b,c,a,e,f);x=r;d&&w(function(){window.setTimeout(function(){A(r)},0)})});})();pagespeed.CriticalImages.Run('/mod_pagespeed_beacon','https://crm.amf.gov.al/error','82dtZm2p5Q',true,false,'iA0tmrKLtsY'); //]]>!function(){""use strict"";function t(){return""cf-marker-""+Math.random().toString().slice(2)}function e(){for(var t=[],e=0;e<arguments.length;e++)t[e]=arguments[e];(n=console.warn||console.log).call.apply(n,[console,""[ROCKET LOADER] ""].concat(t));var n}function n(t,e){var n=e.parentNode;n&&h(t,n,e)}function r(t,e){h(t,e,e.childNodes[0])}function o(t){var e=t.parentNode;e&&e.removeChild(t)}function i(t){var e=t.namespaceURI===A?""xlink:href"":""src"";return t.getAttribute(e)}function a(t,e){var n=t.type.substr(e.length);return!(n&&!E[n.trim()])&&((!k||!t.hasAttribute(""nomodule""))&&!(!k&&""module""===n))}function c(t){return a(t,"""")}function s(t,e){return function(n){if(e(),t)return t.call(this,n)}}function u(t,e){t.onload=s(t.onload,e),t.onerror=s(t.onerror,e)}function p(t){var e=document.createElementNS(t.namespaceURI,""script"");e.async=t.hasAttribute(""async""),e.textContent=t.textContent;for(var n=0;n<t.attributes.length;n++){var r=t.attributes[n];try{r.namespaceURI?e.setAttributeNS(r.namespaceURI,r.name,r.value):e.setAttribute(r.name,r.value)}catch(o){}}return e}function l(t,e){var n=new I(e);t.dispatchEvent(n)}function d(e){var n=e.namespaceURI===A,r=t();e.setAttribute(r,"""");var i=n?""<svg>""+e.outerHTML+""</svg>"":e.outerHTML;L.call(document,i);var a=document.querySelector(""[""+r+""]"");if(a){a.removeAttribute(r);var c=n&&a.parentNode;c&&o(c)}return a}function f(t){if(t&&""handleEvent""in t){var e=t.handleEvent;return""function""==typeof e?e.bind(t):e}return t}function h(t,e,n){var r=n?function(t){return e.insertBefore(t,n)}:function(t){return e.appendChild(t)};Array.prototype.slice.call(t).forEach(r)}function v(){return/chrome/i.test(navigator.userAgent)&&/google/i.test(navigator.vendor)}function y(t,e){function n(){this.constructor=t}H(t,e),t.prototype=null===e?Object.create(e):(n.prototype=e.prototype,new n)}function m(t){return t instanceof Window?[""load""]:t instanceof Document?[""DOMContentLoaded"",""readystatechange""]:[]}function b(t){var e=t.getAttribute(R);if(!e)return null;var n=e.split(T);return{nonce:n[0],handlerPrefixLength:+n[1],bailout:!t.hasAttribute(""defer"")}}function g(t){var e=B+t.nonce;Array.prototype.forEach.call(document.querySelectorAll(""[""+e+""]""),function(n){n.removeAttribute(e),Array.prototype.forEach.call(n.attributes,function(e){/^on/.test(e.name)&&""function""!=typeof n[e.name]&&n.setAttribute(e.name,e.value.substring(t.handlerPrefixLength))})})}function S(){var t=window;""undefined""!=typeof Promise&&(t.__cfQR={done:new Promise(function(t){return U=t})})}function w(t){var e=new N(t),n=new C(e);e.harvestScriptsInDocument(),new W(e,{nonce:t,blocking:!0,docWriteSimulator:n,callback:function(){}}).run()}function x(t){var e=new N(t),n=new C(e);e.harvestScriptsInDocument();var r=new W(e,{nonce:t,blocking:!1,docWriteSimulator:n,callback:function(){window.__cfRLUnblockHandlers=!0,r.removePreloadHints(),P(t)}});r.insertPreloadHints(),M.runOnLoad(function(){r.run()})}function P(t){var e=new O(t);M.simulateStateBeforeDeferScriptsActivation(),e.harvestDeferScriptsInDocument(),new W(e,{nonce:t,blocking:!1,callback:function(){M.simulateStateAfterDeferScriptsActivation(),U&&U()}}).run()}var A=""http://www.w3.org/2000/svg"",E={""application/ecmascript"":!0,""application/javascript"":!0,""application/x-ecmascript"":!0,""application/x-javascript"":!0,""text/ecmascript"":!0,""text/javascript"":!0,""text/javascript1.0"":!0,""text/javascript1.1"":!0,""text/javascript1.2"":!0,""text/javascript1.3"":!0,""text/javascript1.4"":!0,""text/javascript1.5"":!0,""text/jscript"":!0,""text/livescript"":!0,""text/x-ecmascript"":!0,""text/x-javascript"":!0,module:!0},k=void 0!==document.createElement(""script"").noModule,I=function(){var t=window;return t.__rocketLoaderEventCtor||Object.defineProperty(t,""__rocketLoaderEventCtor"",{value:Event}),t.__rocketLoaderEventCtor}(),L=document.write,_=document.writeln,H=Object.setPrototypeOf||{__proto__:[]}instanceof Array&&function(t,e){t.__proto__=e}||function(t,e){for(var n in e)e.hasOwnProperty(n)&&(t[n]=e[n])},D=function(){function t(t){this.nonce=t,this.items=[]}return Object.defineProperty(t.prototype,""hasItems"",{get:function(){return this.items.length>0},enumerable:!0,configurable:!0}),t.prototype.pop=function(){return this.items.pop()},t.prototype.forEach=function(t){this.items.forEach(function(e){var n=e.script;return t(n)})},t.prototype.harvestScripts=function(t,e){var n=this,r=e.filter,o=e.mutate;Array.prototype.slice.call(t.querySelectorAll(""script"")).filter(r).reverse().forEach(function(t){o(t),n.pushScriptOnStack(t)})},t.prototype.pushScriptOnStack=function(t){var e=t.parentNode,n=this.createPlaceholder(t),r=!!i(t);e.replaceChild(n,t),this.items.push({script:t,placeholder:n,external:r,async:r&&t.hasAttribute(""async""),executable:c(t)})},t.prototype.hasNonce=function(t){return 0===(t.getAttribute(""type"")||"""").indexOf(this.nonce)},t.prototype.removeNonce=function(t){t.type=t.type.substr(this.nonce.length)},t.prototype.makeNonExecutable=function(t){t.type=this.nonce+t.type},t.prototype.isPendingDeferScript=function(t){return t.hasAttribute(""defer"")||t.type===this.nonce+""module""&&!t.hasAttribute(""async"")},t}(),N=function(t){function e(){return null!==t&&t.apply(this,arguments)||this}return y(e,t),e.prototype.harvestScriptsInDocument=function(){var t=this;this.harvestScripts(document,{filter:function(e){return t.hasNonce(e)},mutate:function(e){t.isPendingDeferScript(e)||t.removeNonce(e)}})},e.prototype.harvestScriptsAfterDocWrite=function(t){var e=this;this.harvestScripts(t,{filter:c,mutate:function(t){e.isPendingDeferScript(t)&&e.makeNonExecutable(t)}})},e.prototype.createPlaceholder=function(t){return document.createComment(t.outerHTML)},e}(D),O=function(t){function e(){return null!==t&&t.apply(this,arguments)||this}return y(e,t),e.prototype.harvestDeferScriptsInDocument=function(){var t=this;this.harvestScripts(document,{filter:function(e){return t.hasNonce(e)&&t.isPendingDeferScript(e)},mutate:function(e){return t.removeNonce(e)}})},e.prototype.createPlaceholder=function(t){var e=p(t);return this.makeNonExecutable(e),e},e}(D),C=function(){function t(t){this.scriptStack=t}return t.prototype.enable=function(t){var e=this;this.insertionPointMarker=t,this.buffer="""",document.write=function(){for(var t=[],n=0;n<arguments.length;n++)t[n]=arguments[n];return e.write(t,!1)},document.writeln=function(){for(var t=[],n=0;n<arguments.length;n++)t[n]=arguments[n];return e.write(t,!0)}},t.prototype.flushWrittenContentAndDisable=function(){document.write=L,document.writeln=_,this.buffer.length&&(document.contains(this.insertionPointMarker)?this.insertionPointMarker.parentNode===document.head?this.insertContentInHead():this.insertContentInBody():e(""Insertion point marker for document.write was detached from document:"",""Markup will not be inserted""))},t.prototype.insertContentInHead=function(){var t=new DOMParser,e=""<!DOCTYPE html><head>""+this.buffer+""</head>"",o=t.parseFromString(e,""text/html"");if(this.scriptStack.harvestScriptsAfterDocWrite(o),n(o.head.childNodes,this.insertionPointMarker),o.body.childNodes.length){for(var i=Array.prototype.slice.call(o.body.childNodes),a=this.insertionPointMarker.nextSibling;a;)i.push(a),a=a.nextSibling;document.body||L.call(document,""<body>""),r(i,document.body)}},t.prototype.insertContentInBody=function(){var t=this.insertionPointMarker.parentElement,e=document.createElement(t.tagName);e.innerHTML=this.buffer,this.scriptStack.harvestScriptsAfterDocWrite(e),n(e.childNodes,this.insertionPointMarker)},t.prototype.write=function(t,e){var n=document.currentScript;n&&i(n)&&n.hasAttribute(""async"")?(r=e?_:L).call.apply(r,[document].concat(t)):this.buffer+=t.map(String).join(e?""\n"":"""");var r},t}(),j=function(){function t(){var t=this;this.simulatedReadyState=""loading"",this.bypassEventsInProxies=!1,this.nativeWindowAddEventListener=window.addEventListener;try{Object.defineProperty(document,""readyState"",{get:function(){return t.simulatedReadyState}})}catch(e){}this.setupEventListenerProxy(),this.updateInlineHandlers()}return t.prototype.runOnLoad=function(t){var e=this;this.nativeWindowAddEventListener.call(window,""load"",function(n){if(!e.bypassEventsInProxies)return t(n)})},t.prototype.updateInlineHandlers=function(){this.proxyInlineHandler(document,""onreadystatechange""),this.proxyInlineHandler(window,""onload""),document.body&&this.proxyInlineHandler(document.body,""onload"")},t.prototype.simulateStateBeforeDeferScriptsActivation=function(){this.bypassEventsInProxies=!0,this.simulatedReadyState=""interactive"",l(document,""readystatechange""),this.bypassEventsInProxies=!1},t.prototype.simulateStateAfterDeferScriptsActivation=function(){var t=this;this.bypassEventsInProxies=!0,l(document,""DOMContentLoaded""),this.simulatedReadyState=""complete"",l(document,""readystatechange""),l(window,""load""),this.bypassEventsInProxies=!1,window.setTimeout(function(){return t.bypassEventsInProxies=!0},0)},t.prototype.setupEventListenerProxy=function(){var t=this;(""undefined""!=typeof EventTarget?[EventTarget.prototype]:[Node.prototype,Window.prototype]).forEach(function(e){return t.patchEventTargetMethods(e)})},t.prototype.patchEventTargetMethods=function(t){var e=this,n=t.addEventListener,r=t.removeEventListener;t.addEventListener=function(t,r){for(var o=[],i=2;i<arguments.length;i++)o[i-2]=arguments[i];var a=m(this),c=r&&r.__rocketLoaderProxiedHandler;if(!c){var s=f(r);""function""==typeof s?(c=function(n){if(e.bypassEventsInProxies||a.indexOf(t)<0)return s.call(this,n)},Object.defineProperty(r,""__rocketLoaderProxiedHandler"",{value:c})):c=r}n.call.apply(n,[this,t,c].concat(o))},t.removeEventListener=function(t,e){for(var n=[],o=2;o<arguments.length;o++)n[o-2]=arguments[o];var i=e&&e.__rocketLoaderProxiedHandler||e;r.call.apply(r,[this,t,i].concat(n))}},t.prototype.proxyInlineHandler=function(t,e){try{var n=t[e];if(n&&!n.__rocketLoaderInlineHandlerProxy){var r=this;t[e]=function(t){if(r.bypassEventsInProxies)return n.call(this,t)},Object.defineProperty(t[e],""__rocketLoaderInlineHandlerProxy"",{value:!0})}}catch(o){return void console.warn(""encountered an error when accessing ""+e+"" handler:"",o.message)}},t}(),M=function(){var t=window;return t.__rocketLoaderLoadProgressSimulator||Object.defineProperty(t,""__rocketLoaderLoadProgressSimulator"",{value:new j}),t.__rocketLoaderLoadProgressSimulator}(),W=function(){function t(t,e){this.scriptStack=t,this.settings=e,this.preloadHints=[]}return t.prototype.insertPreloadHints=function(){var t=this;this.scriptStack.forEach(function(e){if(a(e,t.settings.nonce)){var n=i(e),r=v()&&e.hasAttribute(""integrity"");if(n&&!r){var o=document.createElement(""link"");o.setAttribute(""rel"",""preload""),o.setAttribute(""as"",""script""),o.setAttribute(""href"",n),e.crossOrigin&&o.setAttribute(""crossorigin"",e.crossOrigin),document.head.appendChild(o),t.preloadHints.push(o)}}})},t.prototype.removePreloadHints=function(){this.preloadHints.forEach(function(t){return o(t)})},t.prototype.run=function(){for(var t=this,e=this;this.scriptStack.hasItems;){var n=function(){var n=e.settings.docWriteSimulator,r=e.scriptStack.pop();n&&!r.async&&n.enable(r.placeholder);var o=e.activateScript(r);return o?r.external&&r.executable&&!r.async?(u(o,function(){t.finalizeActivation(r),t.run()}),{value:void 0}):void e.finalizeActivation(r):(n&&n.flushWrittenContentAndDisable(),""continue"")}();if(""object""==typeof n)return n.value}this.scriptStack.hasItems||this.settings.callback()},t.prototype.finalizeActivation=function(t){this.settings.docWriteSimulator&&!t.async&&this.settings.docWriteSimulator.flushWrittenContentAndDisable(),M.updateInlineHandlers(),o(t.placeholder)},t.prototype.activateScript=function(t){var n=t.script,r=t.placeholder,o=t.external,i=t.async,a=r.parentNode;if(!document.contains(r))return e(""Placeholder for script \n""+n.outerHTML+""\n was detached from document."",""Script will not be executed.""),null;var c=this.settings.blocking&&o&&!i?d(n):p(n);return c?(a.insertBefore(c,r),c):(e(""Failed to create activatable copy of script \n""+n.outerHTML+""\n"",""Script will not be executed.""),null)},t}(),R=""data-cf-settings"",T=""|"",B=""data-cf-modified-"",U=void 0;!function(){var t=document.currentScript;if(t){var n=b(t);n?(o(t),g(n),M.updateInlineHandlers(),n.bailout?w(n.nonce):(S(),x(n.nonce))):e(""Activator script doesn't have settings. No scripts will be executed."")}else e(""Can't obtain activator script. No scripts will be executed."")}()}();",https://amf.gov.al/,https://amf.gov.al/,challenge-protected,403,AMF :: Autoriteti i Mbikëqyrjes Financiare,not-observable,,0,,not-observable,"Automated first-page signal only. Human validation, pagination and archive-depth research are required before any published metric.",
AL,Albania,Bank of Albania,central_banking;prudential_supervision,"Governor Sejko at the Press Conference on MP decision, 3 May 2023",https://youtu.be/jytYfn8tgOM,https://www.youtube.com/watch?v=jytYfn8tgOM&feature=youtu.be,reachable,200,- YouTube,generic-or-ambiguous-link,,0,,no-dated-first-page-signal,"Automated first-page signal only. Human validation, pagination and archive-depth research are required before any published metric.",
DZ,Algeria,Commission d'Organisation et de Surveillance des Opérations de Bourse,securities,Décisions et visas,https://cosob.dz/decisions-et-visas/,https://cosob.dz/decisions-et-visas/,reachable,200,Décisions et visas – COSOB,generic-or-ambiguous-link,2024-03;2024-04,2,2024-04,no-dated-first-page-signal,"Automated first-page signal only. Human validation, pagination and archive-depth research are required before any published metric.",
AS,American Samoa,Office of the Insurance Commissioner,insurance,NOTICES,https://www.americansamoa.gov/notices,https://www.americansamoa.gov/notices,challenge-protected,200,NOTICES | AMERICAN SAMOA,not-observable,,0,,not-observable,"Automated first-page signal only. Human validation, pagination and archive-depth research are required before any published metric.",
AO,Angola,Agência Angolana de Regulação e Supervisão de Seguros (ARSEG),insurance;pensions,Actividade Sancionatória,https://www.arseg.ao/,https://www.arseg.ao/,reachable,200,ARSEG - Início,strong-official-publication-candidate,,0,,no-dated-first-page-signal,"Automated first-page signal only. Human validation, pagination and archive-depth research are required before any published metric.",
AO,Angola,Comissão do Mercado de Capitais,securities,Lista de Sanções da ONU,https://www.cmc.ao/pt-pt/AML/CFT,https://www.cmc.ao/pt-pt/AML/CFT,challenge-protected,200,Lista de Sanções da ONU | Portal CMC,not-observable,,0,,not-observable,"Automated first-page signal only. Human validation, pagination and archive-depth research are required before any published metric.",
AO,Angola,Unidade de Informação Financeira (UIF-Angola),financial_intelligence,Listas de Sanções,http://www.uif.ao/listas-de-sancoes.aspx,http://www.uif.ao/listas-de-sancoes,reachable,200,UIF - Unidade de Informação Financeira,strong-official-publication-candidate,2026-02;2026-03,2,2026-03,low-frequency-first-page-signal,"Automated first-page signal only. Human validation, pagination and archive-depth research are required before any published metric.",
AI,Anguilla,Financial Services Commission,prudential_supervision;financial_intelligence,Enforcement Action,http://www.fsc.org.ai/enforcementaction.php,http://www.fsc.org.ai/enforcementaction.php,reachable,200,Anguilla Financial Services Commission - Publications - Enforcement Action,strong-official-publication-candidate,,0,,no-dated-first-page-signal,"Automated first-page signal only. Human validation, pagination and archive-depth research are required before any published metric.",
AG,Antigua and Barbuda,Office of National Drug and Money Laundering Control Policy (ONDCP),financial_intelligence,Enforcement,https://ondcp.gov.ag/,https://ondcp.gov.ag/,reachable,200,Office of National Drug and Money Laundering Control Policy | Office of National Drug and Money Laundering Control Policy,strong-official-publication-candidate,2024-10;2025-03;2025-06;2025-07;2025-08;2025-10;2025-12;2026-02;2026-06,9,2026-06,active-first-page-signal,"Automated first-page signal only. Human validation, pagination and archive-depth research are required before any published metric.",
AR,Argentina,Superintendencia de Seguros de la Nacion Argentina,insurance;financial_intelligence,Seguros y Salud: la SSN presentó los alcances de la Resolución 258/2026 en la Fundación Sanatorio Güemes,https://www.argentina.gob.ar/noticias/seguros-y-salud-la-ssn-presento-los-alcances-de-la-resolucion-2582026-en-la-fundacion,https://www.argentina.gob.ar/noticias/seguros-y-salud-la-ssn-presento-los-alcances-de-la-resolucion-2582026-en-la-fundacion,challenge-protected,200,Seguros y Salud: la SSN presentó los alcances de la Resolución 258/2026 en la Fundación Sanatorio Güemes | Argentina.gob.ar,not-observable,2026-07;2026-08,2,2026-08,not-observable,"Automated first-page signal only. Human validation, pagination and archive-depth research are required before any published metric.",
AM,Armenia,Central Bank of Armenia,central_banking;prudential_supervision;securities;insurance;pensions;financial_intelligence,Խորհրդի փաստաթղթեր,https://www.cba.am/hy/Board-decisions/,https://www.cba.am/hy/Board-decisions/,reachable,200,Խորհրդի փաստաթղթեր | CBA,generic-or-ambiguous-link,,0,,no-dated-first-page-signal,"Automated first-page signal only. Human validation, pagination and archive-depth research are required before any published metric.",
AW,Aruba,Central Bank of Aruba,central_banking;prudential_supervision;insurance,Financial sanctions regulations,https://www.cbaruba.org/financial-sanctions-regulations/,https://www.cbaruba.org/financial-sanctions-regulations/,reachable,200,Financial sanctions regulations - Centrale Bank van Aruba - Centrale Bank van Aruba,strong-official-publication-candidate,,0,,no-dated-first-page-signal,"Automated first-page signal only. Human validation, pagination and archive-depth research are required before any published metric.",
AW,Aruba,Financial Intelligence Unit of Aruba (FIU-Aruba),financial_intelligence,Sanctions List,https://www.fiu-aruba.com/legislation/sanctions-regime/,https://www.fiu-aruba.com/legislation/sanctions-regime/,reachable,200,Sanction regime | FIU-Aruba | Financial Intelligence Unit - Aruba,strong-official-publication-candidate,,0,,no-dated-first-page-signal,"Automated first-page signal only. Human validation, pagination and archive-depth research are required before any published metric.",
AU,Australia,Australian Prudential Regulation Authority,prudential_supervision;insurance;pensions,Enforcement,https://www.apra.gov.au/about-us/our-functions/enforcement,https://www.apra.gov.au/about-us/our-functions/enforcement,reachable,200,Enforcement | APRA,strong-official-publication-candidate,2024-01;2024-03;2024-06;2024-07;2024-12;2025-03,6,2025-03,low-frequency-first-page-signal,"Automated first-page signal only. Human validation, pagination and archive-depth research are required before any published metric.",
AU,Australia,Australian Securities and Investments Commission*,securities;insurance,Investigations and enforcement,https://www.asic.gov.au/,https://www.asic.gov.au/,reachable,200,ASIC Home | ASIC,strong-official-publication-candidate,,0,,no-dated-first-page-signal,"Automated first-page signal only. Human validation, pagination and archive-depth research are required before any published metric.",
AU,Australia,Reserve Bank of Australia,central_banking;prudential_supervision,Copyright and Disclaimer Notice,https://www.rba.gov.au/copyright/,https://www.rba.gov.au/copyright/,reachable,200,Copyright and Disclaimer Notice | RBA,generic-or-ambiguous-link,,0,,no-dated-first-page-signal,"Automated first-page signal only. Human validation, pagination and archive-depth research are required before any published metric.",
AT,Austria,Central Bank of the Republic of Austria,central_banking;prudential_supervision,Imprint and Disclaimer,https://www.oenb.at/en/Services/copyright-notice-and-disclaimer.html,https://www.oenb.at/en/Services/copyright-notice-and-disclaimer.html,reachable,200,Copyright notice and disclaimer - Oesterreichische Nationalbank (OeNB),generic-or-ambiguous-link,,0,,no-dated-first-page-signal,"Automated first-page signal only. Human validation, pagination and archive-depth research are required before any published metric.",
AZ,Azerbaijan,Central Bank of the Republic of Azerbaijan,central_banking;prudential_supervision;insurance,Announcements and notices,https://www.cbar.az/press-releases/2,https://www.cbar.az/press-releases/2,reachable,200,Azərbaycan Respublikasının Mərkəzi Bankı - Elanlar,generic-or-ambiguous-link,,0,,no-dated-first-page-signal,"Automated first-page signal only. Human validation, pagination and archive-depth research are required before any published metric.",
BS,Bahamas,Central Bank of The Bahamas,central_banking;prudential_supervision,US/OFAC Sanctions,https://www.centralbankbahamas.com/bank-supervision/us-ofac-sanctions,https://www.centralbankbahamas.com/bank-supervision/us-ofac-sanctions,reachable,200,US/OFAC Sanctions- Central Bank of the Bahamas,strong-official-publication-candidate,,0,,no-dated-first-page-signal,"Automated first-page signal only. Human validation, pagination and archive-depth research are required before any published metric.",
BS,Bahamas,Financial Intelligence Unit Bahamas (FIU-Bahamas),financial_intelligence,Notices,https://www.fiubahamas.org.bs/category/notices/,https://www.fiubahamas.org.bs/category/notices/,reachable,200,Notices – Financial Intelligence Unit,generic-or-ambiguous-link,2024-10;2025-03;2025-06;2025-10;2025-12,5,2025-12,periodic-first-page-signal,"Automated first-page signal only. Human validation, pagination and archive-depth research are required before any published metric.",
BS,Bahamas,Securities Commission of The Bahamas*,securities,Judgements and Rulings,https://scb.gov.bs/enforcement/judgements/,https://scb.gov.bs/enforcement/judgements/,reachable,200,Judgements - Securities Commission of The Bahamas,strong-official-publication-candidate,2025-11;2026-08,2,2026-08,low-frequency-first-page-signal,"Automated first-page signal only. Human validation, pagination and archive-depth research are required before any published metric.",
BS,Bahamas,The Insurance Commission of The Bahamas,insurance;pensions,Enforcement,https://www.icb.gov.bs/enforcement/,https://www.icb.gov.bs/enforcement/,reachable,200,Enforcement – Insurance Commission of The Bahamas,strong-official-publication-candidate,,0,,no-dated-first-page-signal,"Automated first-page signal only. Human validation, pagination and archive-depth research are required before any published metric.",
BD,Bangladesh,Bangladesh Bank,central_banking;prudential_supervision;financial_intelligence,Information regarding enlistment of CA firms for auditing Banks and Finance Companies,https://www.bb.org.bd/mediaroom/notice/notice_342.pdf,https://www.bb.org.bd/mediaroom/notice/notice_342.pdf,reachable,200,,generic-or-ambiguous-link,,0,,no-dated-first-page-signal,"Automated first-page signal only. Human validation, pagination and archive-depth research are required before any published metric.",
BD,Bangladesh,Bangladesh Securities and Exchange Commission,securities,Enforcement Department,https://sec.gov.bd/home/enforcement,https://sec.gov.bd/home/enforcement,reachable,200,Bangladesh Securities and Exchange Commission,strong-official-publication-candidate,,0,,no-dated-first-page-signal,"Automated first-page signal only. Human validation, pagination and archive-depth research are required before any published metric.",
BB,Barbados,Central Bank of Barbados,central_banking;prudential_supervision,United Nations Security Council Sanctions,https://www.centralbank.org.bb/financial-stability-and-financial-regulation/united-nations-security-council-sanctions,https://www.centralbank.org.bb/financial-stability-and-financial-regulation/united-nations-security-council-sanctions,reachable,200,United Nations Security Council Sanctions,strong-official-publication-candidate,,0,,no-dated-first-page-signal,"Automated first-page signal only. Human validation, pagination and archive-depth research are required before any published metric.",
BB,Barbados,Financial Services Commission,securities,Read More,https://www.fsc.gov.bb/enforcement,https://www.fsc.gov.bb/enforcement,reachable,200,Financial Services Commission | Enforcement | Financial Services Commission Barbados,strong-official-publication-candidate,,0,,no-dated-first-page-signal,"Automated first-page signal only. Human validation, pagination and archive-depth research are required before any published metric.",
BE,Belgium,Financial Services and Markets Authority*,securities;insurance;pensions,Warnings & sanctions,https://www.fsma.be/en/warnings-sanctions,https://www.fsma.be/en/warnings-sanctions,reachable,200,Warnings & sanctions | FSMA,strong-official-publication-candidate,,0,,no-dated-first-page-signal,"Automated first-page signal only. Human validation, pagination and archive-depth research are required before any published metric.",
BE,Belgium,National Bank of Belgium,central_banking;prudential_supervision;insurance,Advance notice of events,https://www.nbb.be/en/news-events/events/advance-notice-events,https://www.nbb.be/en/news-events/events/advance-notice-events,challenge-protected,200,Advance notice of events | National Bank of Belgium,not-observable,,0,,not-observable,"Automated first-page signal only. Human validation, pagination and archive-depth research are required before any published metric.",
BZ,Belize,Central Bank of Belize,central_banking;prudential_supervision,"Press Release The Central Bank, FIU, and FSC Sign Governance Agreements for the Use of the Sanctions Registry System July 27, 2026 The Central Bank of Belize (the Central Bank), the Financial Intelligence Unit (FIU), and the Financial Services Commission (FSC) have signed governance agreements establishing the framework for the shared use of the Sanctions Registry System (SRS).",https://www.centralbank.org.bz/detail-pages/news/2026/07/27/the-central-bank--fiu--and-fsc-sign-governance-agreements-for-the-use-of-the-sanctions-registry-system,https://www.centralbank.org.bz/detail-pages/news/2026/07/27/the-central-bank--fiu--and-fsc-sign-governance-agreements-for-the-use-of-the-sanctions-registry-system,reachable,200,"The Central Bank, FIU, and FSC Sign Governance Agreements for the Use of the Sanctions Registry System | Central Bank of Belize",strong-official-publication-candidate,,0,,no-dated-first-page-signal,"Automated first-page signal only. Human validation, pagination and archive-depth research are required before any published metric.",
BZ,Belize,Financial Intelligence Unit Belize (FIU-Belize),financial_intelligence,UN Consolidated Sanctions List,https://scsanctions.un.org/consolidated/,https://unsolprodfiles.blob.core.windows.net/publiclegacyxmlfiles/EN/consolidatedLegacyByNAME.html?sv=2024-05-04&st=2026-08-20T12%3A10%3A45Z&se=2026-08-20T13%3A10%3A45Z&sr=b&sp=r&sig=a6jAserH89q0g4hTYsDOc36X1eO1wghFrj676YXd2aM%3D&rscd=attachment%3B%20filename%3D%22consolidatedLegacyByNAME.html%22,reachable,200,,strong-official-publication-candidate,2024-05;2024-12;2026-02;2026-06,4,2026-06,periodic-first-page-signal,"Automated first-page signal only. Human validation, pagination and archive-depth research are required before any published metric.",
BZ,Belize,Financial Services Commission,securities,Enforcement,https://www.belizefsc.org.bz/enforcement/,https://www.belizefsc.org.bz/enforcement/,reachable,200,Enforcement | FSC Enforcement Regulations,strong-official-publication-candidate,,0,,no-dated-first-page-signal,"Automated first-page signal only. Human validation, pagination and archive-depth research are required before any published metric.",
BJ,Benin,Central Bank of West African States (BCEAO),central_banking;prudential_supervision,Legal Notice,https://www.bceao.int/en,https://www.bceao.int/en,reachable,200,BCEAO | Banque Centrale des Etats de l’Afrique de l’Ouest,generic-or-ambiguous-link,2026-03;2026-05;2026-06;2026-07,4,2026-07,periodic-first-page-signal,"Automated first-page signal only. Human validation, pagination and archive-depth research are required before any published metric.",
BJ,Benin,Conférence Interafricaine des Marchés d'Assurances (CIMA),insurance,Décisions du Conseil des Ministres des Assurances,https://cima-afrique.org/decisions-du-cma/,https://cima-afrique.org/decisions-du-cma/,reachable,200,Décisions du CMA – CIMA,generic-or-ambiguous-link,2026-07,1,2026-07,low-frequency-first-page-signal,"Automated first-page signal only. Human validation, pagination and archive-depth research are required before any published metric.",
BM,Bermuda,Financial Intelligence Agency Bermuda (FIA),financial_intelligence,Sanction Notices,https://public.govdelivery.com/accounts/BERMFSIU/signup/46844?FIA,https://public.govdelivery.com/accounts/BERMFSIU/signup/46844?FIA,reachable,200,FSIU Bermuda - Email Updates,generic-or-ambiguous-link,,0,,no-dated-first-page-signal,"Automated first-page signal only. Human validation, pagination and archive-depth research are required before any published metric.",
BO,Bolivia,Central Bank of Bolivia,central_banking;prudential_supervision,Resoluciones,https://www.bcb.gob.bo/?q=content/resoluciones-de-directorio-1,https://www.bcb.gob.bo/?q=content/resoluciones-de-directorio-1,reachable,200,Resoluciones de Directorio | Banco Central de Bolivia,generic-or-ambiguous-link,,0,,no-dated-first-page-signal,"Automated first-page signal only. Human validation, pagination and archive-depth research are required before any published metric.",
BA,Bosnia and Herzegovina,Central Bank of Bosnia and Herzegovina,central_banking,Education component,http://fined.cbbh.ba/,http://fined.cbbh.ba/home/language,reachable,200,Centralna banka Bosne i Hercegovine,generic-or-ambiguous-link,,0,,no-dated-first-page-signal,"Automated first-page signal only. Human validation, pagination and archive-depth research are required before any published metric.",
BW,Botswana,Bank of Botswana,central_banking;prudential_supervision,Public Notice - Lower Denomination Coin Circulation,http://www.bankofbotswana.bw/sites/default/files/press-release-files/Public%20Notice%20-%20Lower%20Denomination%20Coin%20Cirulation.pdf,http://www.bankofbotswana.bw/sites/default/files/press-release-files/Public%20Notice%20-%20Lower%20Denomination%20Coin%20Cirulation.pdf,reachable,200,,generic-or-ambiguous-link,,0,,no-dated-first-page-signal,"Automated first-page signal only. Human validation, pagination and archive-depth research are required before any published metric.",
BW,Botswana,Financial Intelligence Unit (FIU) - Botswana,financial_intelligence,Notice to Specified Parties and Accountable Institutions,https://www.finance.gov.bw/index.php?Itemid=466&option=com_content&view=category&id=58,https://www.finance.gov.bw/index.php?Itemid=466&option=com_content&view=category&id=58,http-404,404,404 - Category not found,not-observable,,0,,not-observable,"Automated first-page signal only. Human validation, pagination and archive-depth research are required before any published metric.",
BW,Botswana,Non-Bank Financial Institutions Regulatory Authority (NBFIRA),insurance;pensions,Notice of Evaluated Technical Bids – Tender No: NBFIRA 001/26-27,https://www.nbfira.org.bw/news/notice-of-evaluated-technical-bids-tender-no-nbfira-001-26-27/,https://www.nbfira.org.bw/news/notice-of-evaluated-technical-bids-tender-no-nbfira-001-26-27/,reachable,200,Notice of Evaluated Technical Bids - Tender No: NBFIRA 001/26-27 - NBFIRA,generic-or-ambiguous-link,2024-02;2024-03;2024-04;2024-05;2024-06;2024-07;2024-08;2024-09;2024-10;2024-11;2024-12;2025-01;2025-02;2025-03;2025-04;2025-05;2025-06;2025-07;2025-08;2025-09;2025-10;2025-11;2025-12;2026-01;2026-02;2026-03;2026-04;2026-05;2026-06;2026-07;2026-08,31,2026-08,frequent-first-page-signal,"Automated first-page signal only. Human validation, pagination and archive-depth research are required before any published metric.",
BR,Brazil,Brazilian Pension Funds Authority,pensions,Sanções Administrativas,https://www.gov.br/previc/pt-br/acesso-a-informacao-1/sancoes-administrativas,https://www.gov.br/previc/pt-br/acesso-a-informacao-1/sancoes-administrativas,challenge-protected,200,Sanções Administrativas,not-observable,,0,,not-observable,"Automated first-page signal only. Human validation, pagination and archive-depth research are required before any published metric.",
BR,Brazil,Comissão de Valores Mobiliários*,securities,Relatório de Atividade Sancionadora,https://www.gov.br/cvm/pt-br/centrais-de-conteudo/publicacoes/relatorios/relatorio-de-atividade-sancionadora,https://www.gov.br/cvm/pt-br/centrais-de-conteudo/publicacoes/relatorios/relatorio-de-atividade-sancionadora,challenge-protected,200,Relatório de Atividade Sancionadora da CVM — Comissão de Valores Mobiliários,not-observable,,0,,not-observable,"Automated first-page signal only. Human validation, pagination and archive-depth research are required before any published metric.",
VG,British Virgin Islands,Financial Investigation Agency British Virgin Islands (FIA),financial_intelligence,Supervision & Enforcement,https://fiabvi.vg/Supervision-Enforcement,https://fiabvi.vg/Supervision-Enforcement,reachable,200,British Virgin Islands Financial Investigation Agency > Supervision & Enforcement,strong-official-publication-candidate,,0,,no-dated-first-page-signal,"Automated first-page signal only. Human validation, pagination and archive-depth research are required before any published metric.",
BN,Brunei,Brunei Darussalam Central Bank,central_banking;securities;insurance;financial_intelligence,Enforcement,https://www.bdcb.gov.bn/regulatory/enforcement,https://www.bdcb.gov.bn/regulatory/enforcement,reachable,200,Enforcement - BDCB,strong-official-publication-candidate,,0,,no-dated-first-page-signal,"Automated first-page signal only. Human validation, pagination and archive-depth research are required before any published metric.",
BF,Burkina Faso,Central Bank of West African States (BCEAO),central_banking;prudential_supervision,Legal Notice,https://www.bceao.int/en,https://www.bceao.int/en,reachable,200,BCEAO | Banque Centrale des Etats de l’Afrique de l’Ouest,generic-or-ambiguous-link,2026-03;2026-05;2026-06;2026-07,4,2026-07,periodic-first-page-signal,"Automated first-page signal only. Human validation, pagination and archive-depth research are required before any published metric.",
BF,Burkina Faso,Conférence Interafricaine des Marchés d'Assurances (CIMA),insurance,Décisions du Conseil des Ministres des Assurances,https://cima-afrique.org/decisions-du-cma/,https://cima-afrique.org/decisions-du-cma/,reachable,200,Décisions du CMA – CIMA,generic-or-ambiguous-link,2026-07,1,2026-07,low-frequency-first-page-signal,"Automated first-page signal only. Human validation, pagination and archive-depth research are required before any published metric.",
CM,Cameroon,Bank of Central African States,central_banking,Circulaires et décisions,https://www.beac.int/p-des-changes/circulaires-et-decisions/,https://www.beac.int/p-des-changes/circulaires-et-decisions/,challenge-protected,200,Circulaires et décisions - BEAC,not-observable,,0,,not-observable,"Automated first-page signal only. Human validation, pagination and archive-depth research are required before any published metric.",
CM,Cameroon,Conférence Interafricaine des Marchés d'Assurances (CIMA),insurance,Décisions du Conseil des Ministres des Assurances,https://cima-afrique.org/decisions-du-cma/,https://cima-afrique.org/decisions-du-cma/,reachable,200,Décisions du CMA – CIMA,generic-or-ambiguous-link,2026-07,1,2026-07,low-frequency-first-page-signal,"Automated first-page signal only. Human validation, pagination and archive-depth research are required before any published metric.",
CM,Cameroon,National Agency for Financial Investigation (NAFI),financial_intelligence,Voir plus,https://anif.cm/liste-des-sanctions-financieres-ciblees/,https://anif.cm/liste-des-sanctions-financieres-ciblees/,reachable,200,Liste des Sanctions Financiéres Ciblées – ANIF,strong-official-publication-candidate,2025-08,1,2025-08,low-frequency-first-page-signal,"Automated first-page signal only. Human validation, pagination and archive-depth research are required before any published metric.",
CA,Canada,Alberta Securities Commission,securities,Enforcement,https://www.asc.ca/,https://www.asc.ca/,reachable,200,ASC | Home Page Alberta Securities Commission,strong-official-publication-candidate,,0,,no-dated-first-page-signal,"Automated first-page signal only. Human validation, pagination and archive-depth research are required before any published metric.",
CA,Canada,Bank of Canada,central_banking,See more,https://www.bankofcanada.ca/markets/market-notices/?content_type%5B%5D=388,https://www.bankofcanada.ca/markets/market-notices/?content_type%5B%5D=388,challenge-protected,200,Market notices - Bank of Canada,not-observable,2026-02;2026-03;2026-04;2026-05;2026-06;2026-07;2026-08,7,2026-08,not-observable,"Automated first-page signal only. Human validation, pagination and archive-depth research are required before any published metric.",
CA,Canada,British Columbia Securities Commission,securities,Enforcing securities law,https://www.bcsc.bc.ca/enforcement,https://www.bcsc.bc.ca/enforcement,challenge-protected,200,Enforcement | BCSC,not-observable,,0,,not-observable,"Automated first-page signal only. Human validation, pagination and archive-depth research are required before any published metric.",
CA,Canada,Financial Transactions and Reports Analysis Centre of Canada (FINTRAC-CANAFE),financial_intelligence,Enforcement actions taken,https://fintrac-canafe.canada.ca/pen/4-eng,https://fintrac-canafe.canada.ca/pen/4-eng,reachable,200,Public notice of administrative monetary penalties,strong-official-publication-candidate,2024-01;2024-02;2024-03;2024-04;2024-05;2024-06;2024-07;2024-08;2024-09;2024-10;2024-11;2024-12;2025-02;2025-03;2025-05;2025-06;2025-07;2025-08;2025-09;2025-10;2025-11;2025-12;2026-02;2026-03;2026-05;2026-07,26,2026-07,frequent-first-page-signal,"Automated first-page signal only. Human validation, pagination and archive-depth research are required before any published metric.",
CA,Canada,Office of the Superintendent of Financial Institutions,prudential_supervision;insurance,"Catastrophe bonds and risk transfer July 20, 2026",https://www.osfi-bsif.gc.ca/en/guidance/guidance-library/regulatory-notice-using-natural-catastrophe-bonds-minimum-capital-test-guideline,https://www.osfi-bsif.gc.ca/en/guidance/guidance-library/regulatory-notice-using-natural-catastrophe-bonds-minimum-capital-test-guideline,reachable,200,Regulatory notice on using natural catastrophe bonds in the Minimum Capital Test guideline - Office of the Superintendent of Financial Institutions,generic-or-ambiguous-link,2026-07,1,2026-07,low-frequency-first-page-signal,"Automated first-page signal only. Human validation, pagination and archive-depth research are required before any published metric.",
CA,Canada,Ontario Securities Commission*,securities,Enforcement,https://www.osc.ca/en/enforcement,https://www.osc.ca/en/enforcement,reachable,200,Enforcement | OSC,strong-official-publication-candidate,2025-09;2026-03;2026-04;2026-05;2026-06,5,2026-06,periodic-first-page-signal,"Automated first-page signal only. Human validation, pagination and archive-depth research are required before any published metric.",
KY,Cayman Islands,Cayman Islands Monetary Authority,securities;insurance,Enforcement,https://www.cima.ky/enforcement-1,https://www.cima.ky/enforcement-1,challenge-protected,200,Enforcement,not-observable,,0,,not-observable,"Automated first-page signal only. Human validation, pagination and archive-depth research are required before any published metric.",
CF,Central African Republic,Bank of Central African States,central_banking;prudential_supervision,Circulaires et décisions,https://www.beac.int/p-des-changes/circulaires-et-decisions/,https://www.beac.int/p-des-changes/circulaires-et-decisions/,challenge-protected,200,Circulaires et décisions - BEAC,not-observable,,0,,not-observable,"Automated first-page signal only. Human validation, pagination and archive-depth research are required before any published metric.",
CF,Central African Republic,Conférence Interafricaine des Marchés d'Assurances (CIMA),insurance,Décisions du Conseil des Ministres des Assurances,https://cima-afrique.org/decisions-du-cma/,https://cima-afrique.org/decisions-du-cma/,reachable,200,Décisions du CMA – CIMA,generic-or-ambiguous-link,2026-07,1,2026-07,low-frequency-first-page-signal,"Automated first-page signal only. Human validation, pagination and archive-depth research are required before any published metric.",
TD,Chad,Bank of Central African States,central_banking,Circulaires et décisions,https://www.beac.int/p-des-changes/circulaires-et-decisions/,https://www.beac.int/p-des-changes/circulaires-et-decisions/,challenge-protected,200,Circulaires et décisions - BEAC,not-observable,,0,,not-observable,"Automated first-page signal only. Human validation, pagination and archive-depth research are required before any published metric.",
TD,Chad,Conférence Interafricaine des Marchés d'Assurances (CIMA),insurance,Décisions du Conseil des Ministres des Assurances,https://cima-afrique.org/decisions-du-cma/,https://cima-afrique.org/decisions-du-cma/,reachable,200,Décisions du CMA – CIMA,generic-or-ambiguous-link,2026-07,1,2026-07,low-frequency-first-page-signal,"Automated first-page signal only. Human validation, pagination and archive-depth research are required before any published metric.",
CL,Chile,Comisión para el Mercado Financiero (Financial Market Commission),securities;insurance,CMF sanciona a corredora de bolsa por proporcionar información falsa sobre su situación financiera,https://www.cmfchile.cl/portal/prensa/625/w4-article-112799.html,https://www.cmfchile.cl/portal/prensa/625/w4-article-112799.html,reachable,200,CMF sanciona a corredora de bolsa por proporcionar información falsa sobre su situación financiera - CMF Chile - Prensa y presentaciones,strong-official-publication-candidate,,0,,no-dated-first-page-signal,"Automated first-page signal only. Human validation, pagination and archive-depth research are required before any published metric.",
CL,Chile,Unidad de Analisis Financiero (UAF),financial_intelligence,Sanciones ejecutoriadas,https://www.uaf.cl/es-cl/publicaciones-uaf/sanciones-ejecutoriadas,https://www.uaf.cl/es-cl/publicaciones-uaf/sanciones-ejecutoriadas,reachable,200,Sanciones ejecutoriadas,strong-official-publication-candidate,,0,,no-dated-first-page-signal,"Automated first-page signal only. Human validation, pagination and archive-depth research are required before any published metric.",
CN,China,China Securities Regulatory Commission*,securities,行政处罚,https://www.csrc.gov.cn/csrc/c101971/zfxxgk_zdgk.shtml,https://www.csrc.gov.cn/csrc/c101971/zfxxgk_zdgk.shtml,reachable,200,政府信息公开,strong-official-publication-candidate,,0,,no-dated-first-page-signal,"Automated first-page signal only. Human validation, pagination and archive-depth research are required before any published metric.",
CN,China,The People's Bank of China,central_banking;prudential_supervision,Risk Warning and Financial Sanction-UN Regulations,https://www.pbc.gov.cn/en/3688241/3688636/3688648/index.html,https://www.pbc.gov.cn/en/3688241/3688636/3688648/index.html,reachable,200,Risk Warning and Financial Sanction-UN Regulations,strong-official-publication-candidate,,0,,no-dated-first-page-signal,"Automated first-page signal only. Human validation, pagination and archive-depth research are required before any published metric.",
CO,Colombia,Superintendencia Financiera de Colombia,prudential_supervision;securities;insurance;pensions,Sanciones,https://www.superfinanciera.gov.co/publicaciones/20708/sanciones-20708/,https://www.superfinanciera.gov.co/publicaciones/20708/sanciones-20708/,reachable,200,Sanciones,strong-official-publication-candidate,,0,,no-dated-first-page-signal,"Automated first-page signal only. Human validation, pagination and archive-depth research are required before any published metric.",
KM,Comoros,Banque Centrale des Comores,central_banking;prudential_supervision,Décisions du conseil d'administration,https://banque-comores.km/page/show/decisions-du-conseil-dadministration,https://banque-comores.km/page/show/decisions-du-conseil-dadministration,reachable,200,Décisions du conseil d'administration | Banque Centrale des Comores,generic-or-ambiguous-link,,0,,no-dated-first-page-signal,"Automated first-page signal only. Human validation, pagination and archive-depth research are required before any published metric.",
CK,Cook Islands,Financial Supervisory Commission,prudential_supervision;financial_intelligence,Sanctions,https://www.fsc.gov.ck/public/content.aspx?cn=CompanySanctions,https://www.fsc.gov.ck/public/content.aspx?cn=CompanySanctions,challenge-protected,200,Financial Supervisory Commission - Cook Islands,not-observable,,0,,not-observable,"Automated first-page signal only. Human validation, pagination and archive-depth research are required before any published metric.",
CR,Costa Rica,Central Bank of Costa Rica,central_banking;prudential_supervision,Sanciones por hostigamiento sexual,https://www.bccr.fi.cr/cr/es/transparencia-institucional/informacion-institucional-y-tramites/sanciones-por-hostigamiento-sexual.html,https://www.bccr.fi.cr/cr/es/transparencia-institucional/informacion-institucional-y-tramites/sanciones-por-hostigamiento-sexual.html,challenge-protected,200,Sanciones por hostigamiento sexual,not-observable,,0,,not-observable,"Automated first-page signal only. Human validation, pagination and archive-depth research are required before any published metric.",
CR,Costa Rica,Superintendencia General de Entidades Financieras (SUGEF),prudential_supervision,Sanciones,https://www.sugef.fi.cr/informacion_relevante/Sanciones/index.aspx,https://www.sugef.fi.cr/informacion_relevante/Sanciones/index.aspx,reachable,200,Hermes dot Net Websites Framework,strong-official-publication-candidate,,0,,no-dated-first-page-signal,"Automated first-page signal only. Human validation, pagination and archive-depth research are required before any published metric.",
CR,Costa Rica,Superintendencia General de Valores,securities,Medidas disciplinarias,https://serviciosexternos.sugeval.fi.cr/RNVIWeb/MenuPrincipal/MedidasDisciplinarias,https://serviciosexternos.sugeval.fi.cr/RNVIWeb/MenuPrincipal/MedidasDisciplinarias,reachable,200,Medidas Disciplinarias,strong-official-publication-candidate,,0,,no-dated-first-page-signal,"Automated first-page signal only. Human validation, pagination and archive-depth research are required before any published metric.",
CI,Côte d'Ivoire,Conférence Interafricaine des Marchés d'Assurances (CIMA),insurance,Décisions du Conseil des Ministres des Assurances,https://cima-afrique.org/decisions-du-cma/,https://cima-afrique.org/decisions-du-cma/,reachable,200,Décisions du CMA – CIMA,generic-or-ambiguous-link,2026-07,1,2026-07,low-frequency-first-page-signal,"Automated first-page signal only. Human validation, pagination and archive-depth research are required before any published metric.",
CI,Côte d'Ivoire,National Unit for the Processing of Financial Information in Côte d’Ivoire (CENTIF-CI),financial_intelligence,Liste des sanctions,https://www.centif.ci/liste-des-sanctions/,https://www.centif.ci/liste-des-sanctions/,reachable,200,Liste des Sanctions Financieres Ciblées (SFC) - CENTIF CI,strong-official-publication-candidate,2024-04;2026-01;2026-06,3,2026-06,low-frequency-first-page-signal,"Automated first-page signal only. Human validation, pagination and archive-depth research are required before any published metric.",
HR,Croatia,Croatian Financial Services Supervisory Agency,securities;insurance;pensions,Više,https://www.hanfa.hr/vijesti/pruzanje-kriptousluga-od-1-srpnja-2026-za-drustva-obvezna-kriptolicenca-i-upis-u-hanfine-registre-a-korisnike-se-poziva-na-oprez/,https://www.hanfa.hr/vijesti/pruzanje-kriptousluga-od-1-srpnja-2026-za-drustva-obvezna-kriptolicenca-i-upis-u-hanfine-registre-a-korisnike-se-poziva-na-oprez/,reachable,200,"HANFA - Pružanje kriptousluga od 1. srpnja 2026.: za društva obvezna kriptolicenca i upis u Hanfine registre, a korisnike se poziva na oprez",generic-or-ambiguous-link,,0,,no-dated-first-page-signal,"Automated first-page signal only. Human validation, pagination and archive-depth research are required before any published metric.",
CY,Cyprus,Central Bank of Cyprus,central_banking;prudential_supervision,Administrative Sanctions & Measures,https://www.centralbank.cy/en/administrative-sanctions-and-measures,https://www.centralbank.cy/en/administrative-sanctions-and-measures,challenge-protected,200,Central Bank of Cyprus - Administrative Sanctions & Measures,not-observable,2025-09;2025-10;2025-12,3,2025-12,not-observable,"Automated first-page signal only. Human validation, pagination and archive-depth research are required before any published metric.",
CY,Cyprus,Cyprus Securities and Exchange Commission,securities,Κυρώσεις/Περιοριστικά Μέτρα,https://www.cysec.gov.cy/el-GR/legislation/sanctions/,https://www.cysec.gov.cy/el-GR/legislation/sanctions/,challenge-protected,200,Επιτροπή Κεφαλαιαγοράς Κύπρου | Κυρώσεις/Περιοριστικά Μέτρα,not-observable,,0,,not-observable,"Automated first-page signal only. Human validation, pagination and archive-depth research are required before any published metric.",
CZ,Czechia,Czech National Bank,central_banking;prudential_supervision;securities;insurance;pensions,Bank Board decisions,https://www.cnb.cz/en/monetary-policy/bank-board-decisions/,https://www.cnb.cz/en/monetary-policy/bank-board-decisions/,reachable,200,Bank Board decisions - Czech National Bank,generic-or-ambiguous-link,,0,,no-dated-first-page-signal,"Automated first-page signal only. Human validation, pagination and archive-depth research are required before any published metric.",
CZ,Czechia,Financial Analytical Unit (FAU-CR),financial_intelligence,"Информация для арендаторов недвижимости, находящейся под санкциями",https://www.fau.gov.cz/cs/rozcestnik/reseni-nekterych-zivotnich-situaci/informaciya-dlya-arendatorov-nedvizhimosti-nahodya-196,https://www.fau.gov.cz/cs/rozcestnik/reseni-nekterych-zivotnich-situaci/informaciya-dlya-arendatorov-nedvizhimosti-nahodya-196,challenge-protected,200,"Информация для арендаторов недвижимости, находящейся под санкциями | FAÚ",not-observable,,0,,not-observable,"Automated first-page signal only. Human validation, pagination and archive-depth research are required before any published metric.",
DO,Dominican Republic,Central Bank of the Dominican Republic,central_banking,Resoluciones JM,https://bancentral.gov.do/a/resoluciones,https://bancentral.gov.do/a/resoluciones,reachable,200,Banco Central de la República Dominicana,generic-or-ambiguous-link,,0,,no-dated-first-page-signal,"Automated first-page signal only. Human validation, pagination and archive-depth research are required before any published metric.",
DO,Dominican Republic,Pensions Superintendency,pensions,Otras Leyes afines,https://sipen.gob.do/normativas/otras-leyes-afines,https://sipen.gob.do/normativas/otras-leyes-afines,reachable,200,SIPEN - Superintendencia de Pensiones · SIPEN,generic-or-ambiguous-link,,0,,no-dated-first-page-signal,"Automated first-page signal only. Human validation, pagination and archive-depth research are required before any published metric.",
DO,Dominican Republic,Superintendencia de Seguros,insurance,Sanciones,https://sis.gob.do/transparencia/sanciones/,https://sis.gob.do/transparencia/sanciones/,reachable,200,Superintendencia de Seguros - OGTIC y el Gabinete de Innovación,strong-official-publication-candidate,,0,,no-dated-first-page-signal,"Automated first-page signal only. Human validation, pagination and archive-depth research are required before any published metric.",
DO,Dominican Republic,Unidad de Analisis Financiero (UAF),financial_intelligence,Lista de Resoluciones de la ONU,https://www.un.org/securitycouncil/es/content/un-sc-consolidated-list,https://main.un.org/securitycouncil/es/content/un-sc-consolidated-list,reachable,200,Lista consolidada del Consejo de Seguridad de la Naciones Unidas | Consejo de Seguridad,plausible-official-publication-candidate,,0,,no-dated-first-page-signal,"Automated first-page signal only. Human validation, pagination and archive-depth research are required before any published metric.",
EC,Ecuador,"Superintendencia de Compañías, Valores y Seguros",securities,Publicaciones y Resoluciones,https://publico.supercias.gob.ec/publicacionesCompanias/menuPublicaciones.jsf,https://publico.supercias.gob.ec/publicacionesCompanias/menuPublicaciones.jsf,reachable,200,PUBLICACIÓN DE RESOLUCIONES Y EXTRACTOS,generic-or-ambiguous-link,,0,,no-dated-first-page-signal,"Automated first-page signal only. Human validation, pagination and archive-depth research are required before any published metric.",
EC,Ecuador,Unidad de Analisis Financiero y Economico del Ecuador (UAFE),financial_intelligence,Resolución / UAFE fortalece el regimém sancionador,http://www.uafe.gob.ec/,http://www.uafe.gob.ec/,reachable,200,Unidad de Análisis Financiero y Económico – UAFE,strong-official-publication-candidate,,0,,no-dated-first-page-signal,"Automated first-page signal only. Human validation, pagination and archive-depth research are required before any published metric.",
GQ,Equatorial Guinea,Bank of Central African States,central_banking,Circulaires et décisions,https://www.beac.int/p-des-changes/circulaires-et-decisions/,https://www.beac.int/p-des-changes/circulaires-et-decisions/,challenge-protected,200,Circulaires et décisions - BEAC,not-observable,,0,,not-observable,"Automated first-page signal only. Human validation, pagination and archive-depth research are required before any published metric.",
GQ,Equatorial Guinea,Conférence Interafricaine des Marchés d'Assurances (CIMA),insurance,Décisions du Conseil des Ministres des Assurances,https://cima-afrique.org/decisions-du-cma/,https://cima-afrique.org/decisions-du-cma/,reachable,200,Décisions du CMA – CIMA,generic-or-ambiguous-link,2026-07,1,2026-07,low-frequency-first-page-signal,"Automated first-page signal only. Human validation, pagination and archive-depth research are required before any published metric.",
EE,Estonia,Estonian Financial Intelligence Unit (Estonian FIU),financial_intelligence,"23. juulil võttis Euroopa Liit (EL)🇪🇺 vastu 21. sanktsioonipaketi seoses Venemaa agressiooniga ja Valgevene režiimi tegevusega Ukraina vastu. Kokku lisati sanktsiooninimekirja 🚫218 inimest ja organisatsiooni. ⚠️Finantssanktsioon 📌Tehingukeeldu laiendati 33 Venemaa krediidi- ja finantsasutusele, ühele Kõrgõzstani pangale ning kolmele teisele väljaspool Venemaad tegutsevale pangale. Nüüdsest on pea kõik suuremad Venemaa pangad sanktsioonide all. Täiendavalt eemaldati 33 Venemaa panka rahvusvahelisest SWIFT-maksesüsteemist. Varade täielik külmutamine puudutab 94 Venemaa panka ja finantsasutust, sh Moskva börsi. 📌Tehingukeelu alla lisati 14 krüptoplatvormi. Uus õiguslik alus võimaldab ELil keelata tehingud krüptovarateenuse pakkujatega, kes võimaldavad Venemaal sanktsioonidest kõrvale hiilida. ⚠️Teised valdkondlikud piiravad meetmed 📌Sanktsiooninimekirja lisati 41 laeva, peamiselt varilaevastiku tankerid. Sellega kasvas sanktsioonide alla pandud aluste koguarv 673-ni. 📌Tehingukeelu nimekirja lisati kaks Venemaa sadamat, aga ka neli lennujaama. 📌Ühtlasi laiendas EL piiranguid laevadele, mis punkerdavad, tangivad või teenindavad muul viisil juba sanktsioneeritud aluseid. 📌Lepiti kokku sammudes, mille alusel keelata lühiajalised ELi viisad Venemaa relvajõududes või seotud rühmitustes Ukraina‑vastases sõjategevuses osalenud isikutele. 📌Lisandus alus ELi kohtutele ja liikmesriikidele mitte tunnustada ega täita Venemaa kohtuotsuseid ELi sanktsioone puudutavates menetlustes. ℹRahapesu Andmebüroo on pädev asutus finantssanktsiooni korral. Sanktsiooni subjektide ELis olevad varad tuleb külmutada ning neile ei tohi majandusressursse kättesaadavaks teha. Sanktsiooni kohaldamisel lähtu õigusaktist, sh sätestatud üleminekuajast. ❗️Lisateavet vaata Välisministeeriumi kodulehelt https://vm.ee/tegevused/rahvusvahelised-sanktsioonid/muudatused-rahvusvahelistes-sanktsioonides?sort=decision_date&page=1 #sanktsioon #finantssanktsioon #SlavaUkraini🇺🇦 #StandwithUkraine Estonian Ministry of Foreign Affairs / Välisministeerium",https://facebook.com/102210322426157_1025691216755449,https://www.facebook.com/FIUEstonia/posts/pfbid0jFQTtEisksj5s8bdLYPRJa1FnspZFNMe5g2f4areE5Vj4qedSj9SWx19BooAGuiql,reachable,200,23. juulil võttis Euroopa Liit... - Rahapesu Andmebüroo,plausible-official-publication-candidate,,0,,no-dated-first-page-signal,"Automated first-page signal only. Human validation, pagination and archive-depth research are required before any published metric.",
SZ,Eswatini,Eswatini Financial Intelligence Centre (EFIC),financial_intelligence,Enforcement & Sanctions,https://www.efic.org.sz/compliance/enforcement/,https://www.efic.org.sz/compliance/enforcement/,reachable,200,Enforcement & Sanctions | Compliance :: Eswatini Financial Intelligence Centre (EFIC),strong-official-publication-candidate,,0,,no-dated-first-page-signal,"Automated first-page signal only. Human validation, pagination and archive-depth research are required before any published metric.",
SZ,Eswatini,Financial Services Regulatory Authority (FSRA),insurance;pensions,See More Enforcement Notices,https://www.fsra.co.sz/enforcement-notices/,https://www.fsra.co.sz/enforcement-notices/,reachable,200,Enforcement Notices — Publications and Resources :: Media & Opportunities | Financial Services Regulatory Authority (FSRA) Eswatini,strong-official-publication-candidate,2026-02,1,2026-02,low-frequency-first-page-signal,"Automated first-page signal only. Human validation, pagination and archive-depth research are required before any published metric.",
ET,Ethiopia,National Bank of Ethiopia,central_banking;prudential_supervision,Public Notice,https://nbe.gov.et/public-notice-2/,https://nbe.gov.et/public-notice-2/,reachable,200,Public Notice – National Bank of Ethiopia,generic-or-ambiguous-link,,0,,no-dated-first-page-signal,"Automated first-page signal only. Human validation, pagination and archive-depth research are required before any published metric.",
FI,Finland,Bank of Finland,central_banking;prudential_supervision,Press release | 30 Jun 2026 Reference rate and penalty interest rates for 1 July – 31 December 2026 The reference rate under section 12 of the Interest Act (633/1982) for the period 1 July – 31 December 2026 is 2.5 %.,https://www.suomenpankki.fi/en/news-and-topical/press-releases-and-news/releases/2026/reference-rate-and-penalty-interest-rates-for-1-july--31-december-2026/,https://www.suomenpankki.fi/en/news-and-topical/press-releases-and-news/releases/2026/reference-rate-and-penalty-interest-rates-for-1-july--31-december-2026/,reachable,200,Reference rate and penalty interest rates for 1 July – 31 December 2026,strong-official-publication-candidate,2026-06,1,2026-06,low-frequency-first-page-signal,"Automated first-page signal only. Human validation, pagination and archive-depth research are required before any published metric.",
FI,Finland,Financial Intelligence Unit (RAP),financial_intelligence,Sanctions in the financial markets,https://vm.fi/en/sanctions-in-the-financial-markets,https://vm.fi/en/sanctions-in-the-financial-markets,reachable,200,Sanctions in the financial markets - vm.fi - Valtiovarainministeriö,strong-official-publication-candidate,,0,,no-dated-first-page-signal,"Automated first-page signal only. Human validation, pagination and archive-depth research are required before any published metric.",
FI,Finland,Financial Supervisory Authority,prudential_supervision,IFRS and sustainability information enforcement,https://www.finanssivalvonta.fi/en/financial-market-participants/capital-markets/issuers-and-investors/ifrs/,https://www.finanssivalvonta.fi/en/financial-market-participants/capital-markets/issuers-and-investors/ifrs/,reachable,200,IFRS and sustainability information enforcement - Issuers and investors - www.finanssivalvonta.fi,strong-official-publication-candidate,2024-03;2024-06;2024-09;2024-12;2025-03;2025-06;2025-08;2025-09;2025-12;2026-03;2026-06,11,2026-06,active-first-page-signal,"Automated first-page signal only. Human validation, pagination and archive-depth research are required before any published metric.",
FR,France,Autorité de Contrôle Prudentiel et de Résolution,prudential_supervision;insurance;pensions,En savoir plus,https://acpr.banque-france.fr/fr/reglementation/recueil-des-sanctions,https://acpr.banque-france.fr/fr/reglementation/recueil-des-sanctions,reachable,200,Recueil des sanctions | Autorité de contrôle prudentiel et de résolution,strong-official-publication-candidate,2024-06;2024-10;2025-01;2025-06;2025-11;2026-03;2026-05,7,2026-05,periodic-first-page-signal,"Automated first-page signal only. Human validation, pagination and archive-depth research are required before any published metric.",
FR,France,Autorité des marchés financiers*,securities,FAQ,https://www.amf-france.org/fr/sanctions-transactions/faq,https://www.amf-france.org/fr/sanctions-transactions/faq,reachable,200,FAQ | AMF,strong-official-publication-candidate,,0,,no-dated-first-page-signal,"Automated first-page signal only. Human validation, pagination and archive-depth research are required before any published metric.",
FR,France,Bank of France,central_banking,The Overdelivery Premium: When Monetary Policy Decisions Exceed Market Expectations,https://www.banque-france.fr/en/events/overdelivery-premium-when-monetary-policy-decisions-exceed-market-expectations,https://www.banque-france.fr/en/events/overdelivery-premium-when-monetary-policy-decisions-exceed-market-expectations,reachable,200,The Overdelivery Premium: When Monetary Policy Decisions Exceed Market Expectations | Banque de France,generic-or-ambiguous-link,2026-08,1,2026-08,low-frequency-first-page-signal,"Automated first-page signal only. Human validation, pagination and archive-depth research are required before any published metric.",
GA,Gabon,Bank of Central African States,central_banking,Circulaires et décisions,https://www.beac.int/p-des-changes/circulaires-et-decisions/,https://www.beac.int/p-des-changes/circulaires-et-decisions/,challenge-protected,200,Circulaires et décisions - BEAC,not-observable,,0,,not-observable,"Automated first-page signal only. Human validation, pagination and archive-depth research are required before any published metric.",
GA,Gabon,Conférence Interafricaine des Marchés d'Assurances (CIMA),insurance,Décisions du Conseil des Ministres des Assurances,https://cima-afrique.org/decisions-du-cma/,https://cima-afrique.org/decisions-du-cma/,reachable,200,Décisions du CMA – CIMA,generic-or-ambiguous-link,2026-07,1,2026-07,low-frequency-first-page-signal,"Automated first-page signal only. Human validation, pagination and archive-depth research are required before any published metric.",
GE,Georgia,National Bank of Georgia,central_banking;prudential_supervision;pensions,Sanctions,https://nbg.gov.ge/en/supervision/aml-cft,https://nbg.gov.ge/en/supervision/aml-cft,reachable,200,The National Bank of Georgia,strong-official-publication-candidate,,0,,no-dated-first-page-signal,"Automated first-page signal only. Human validation, pagination and archive-depth research are required before any published metric.",
DE,Germany,Deutsche Bundesbank,central_banking;prudential_supervision,Financial sanctions,https://www.bundesbank.de/en/service/financial-sanctions,https://www.bundesbank.de/en/service/financial-sanctions,reachable,200,Financial sanctions | Deutsche Bundesbank,strong-official-publication-candidate,,0,,no-dated-first-page-signal,"Automated first-page signal only. Human validation, pagination and archive-depth research are required before any published metric.",
DE,Germany,Federal Financial Supervisory Authority,prudential_supervision;securities;insurance;pensions,Effecta GmbH: Bafin setzt Geldbuße fest,https://www.bafin.de/SharedDocs/Veroeffentlichungen/DE/Massnahmen/40c_neu_124_WpHG/meldung_2026_08_20_effecta_gmbh.html?nn=154268,https://www.bafin.de/SharedDocs/Veroeffentlichungen/DE/Massnahmen/40c_neu_124_WpHG/meldung_2026_08_20_effecta_gmbh.html?nn=154268,reachable,200,Startseite - Effecta GmbH: Bafin setzt Geldbuße fest - Bafin,generic-or-ambiguous-link,,0,,no-dated-first-page-signal,"Automated first-page signal only. Human validation, pagination and archive-depth research are required before any published metric.",
DE,Germany,Financial Intelligence Unit Germany (FIU),financial_intelligence,Zentralstelle für Sanktionsdurchsetzung,https://www.zoll.de/DE/FIU/DE/Unternehmen/Zentralstelle-Sanktionsdurchsetzung/zentralstelle-sanktionsdurchsetzung_node.html,https://www.zoll.de/DE/FIU/DE/Unternehmen/Zentralstelle-Sanktionsdurchsetzung/zentralstelle-sanktionsdurchsetzung_node.html,http-404,404,Zoll online - Service - Entschuldigung!,not-observable,,0,,not-observable,"Automated first-page signal only. Human validation, pagination and archive-depth research are required before any published metric.",
GH,Ghana,National Pensions Regulatory Authority,pensions,view more...,https://npra.gov.gh/news-and-events/public-notices/,https://npra.gov.gh/news-and-events/public-notices/,reachable,200,Public Notices | NPRA,generic-or-ambiguous-link,,0,,no-dated-first-page-signal,"Automated first-page signal only. Human validation, pagination and archive-depth research are required before any published metric.",
GI,Gibraltar,Gibraltar Financial Intelligence Unit (GCID GFIU),financial_intelligence,Sanctions,http://gfiu.gov.gi/sanctions,http://gfiu.gov.gi/sanctions,challenge-protected,200,Sanctions | Gibraltar Financial Intelligence Unit,not-observable,,0,,not-observable,"Automated first-page signal only. Human validation, pagination and archive-depth research are required before any published metric.",
GR,Greece,Hellenic Capital Market Commission*,securities,Κυρώσεις,http://www.hcmc.gr/el_GR/web/portal/sanctions,http://www.hcmc.gr/el_GR/web/portal/sanctions,reachable,200,Κυρώσεις - HCMC,strong-official-publication-candidate,,0,,no-dated-first-page-signal,"Automated first-page signal only. Human validation, pagination and archive-depth research are required before any published metric.",
GU,Guam,Banking and Insurance Board,prudential_supervision,Tax Enforcement Division,https://www.guamtax.com/about/enforcement.html,https://www.guamtax.com/about/enforcement.html,reachable,200,Tax Enforcement Division,strong-official-publication-candidate,,0,,no-dated-first-page-signal,"Automated first-page signal only. Human validation, pagination and archive-depth research are required before any published metric.",
GG,Guernsey,Financial Intelligence Service (FIS),financial_intelligence,Sanctions,https://guernseyfiu.gov.gg/article/175899/Sanctions,https://guernseyfiu.gov.gg/article/175899/Sanctions,reachable,200,Sanctions - Financial Investigation Unit,strong-official-publication-candidate,,0,,no-dated-first-page-signal,"Automated first-page signal only. Human validation, pagination and archive-depth research are required before any published metric.",
GG,Guernsey,Guernsey Financial Services Commission,prudential_supervision;securities;insurance;pensions,More Sanctions Notices,https://www.gfsc.gg/news/sanctions,https://www.gfsc.gg/news/sanctions,reachable,200,Sanctions — GFSC,strong-official-publication-candidate,2026-07;2026-08,2,2026-08,low-frequency-first-page-signal,"Automated first-page signal only. Human validation, pagination and archive-depth research are required before any published metric.",
GW,Guinea-Bissau,Central Bank of West African States (BCEAO),central_banking;prudential_supervision,Legal Notice,https://www.bceao.int/en,https://www.bceao.int/en,reachable,200,BCEAO | Banque Centrale des Etats de l’Afrique de l’Ouest,generic-or-ambiguous-link,2026-03;2026-05;2026-06;2026-07,4,2026-07,periodic-first-page-signal,"Automated first-page signal only. Human validation, pagination and archive-depth research are required before any published metric.",
GW,Guinea-Bissau,Conférence Interafricaine des Marchés d'Assurances (CIMA),insurance,Décisions du Conseil des Ministres des Assurances,https://cima-afrique.org/decisions-du-cma/,https://cima-afrique.org/decisions-du-cma/,reachable,200,Décisions du CMA – CIMA,generic-or-ambiguous-link,2026-07,1,2026-07,low-frequency-first-page-signal,"Automated first-page signal only. Human validation, pagination and archive-depth research are required before any published metric.",
GY,Guyana,Bank of Guyana,central_banking;prudential_supervision,NOTICE - REVOCATION OF LICENCE DEALERS IN FOREIGN CURRENCY (CAMBIO BUSINESS),https://bankofguyana.org.gy/bog/images/communications/press_release/BOG%20Notice.pdf,https://bankofguyana.org.gy/bog3/images/communications/press_release/BOG%20Notice.pdf,reachable,200,,generic-or-ambiguous-link,,0,,no-dated-first-page-signal,"Automated first-page signal only. Human validation, pagination and archive-depth research are required before any published metric.",
HN,Honduras,Unidad de Inteligencia Financiera (UIF-Honduras),financial_intelligence,"24 marzo, 2023",https://pplaft.cnbs.gob.hn/blog/2023/03/24/oficio-uif-166-2023-comunicacion-nueva-actualizacion-a-la-lista-de-sanciones/,https://pplaft.cnbs.gob.hn/blog/2023/03/24/oficio-uif-166-2023-comunicacion-nueva-actualizacion-a-la-lista-de-sanciones/,reachable,200,Oficio UIF 166-2023 – Comunicación nueva actualización a la Lista de Sanciones – Portal de Prevención de Lavado de Activos y Financiamiento del Terrorismo,strong-official-publication-candidate,,0,,no-dated-first-page-signal,"Automated first-page signal only. Human validation, pagination and archive-depth research are required before any published metric.",
HK,Hong Kong,Hong Kong Monetary Authority,central_banking;prudential_supervision,Banking Conduct and Enforcement,https://www.hkma.gov.hk/eng/key-functions/banking/banking-conduct-supervision/,https://www.hkma.gov.hk/eng/key-functions/banking/banking-conduct-supervision/,reachable,200,Hong Kong Monetary Authority - Banking Conduct and Enforcement,strong-official-publication-candidate,2024-10,1,2024-10,low-frequency-first-page-signal,"Automated first-page signal only. Human validation, pagination and archive-depth research are required before any published metric.",
HK,Hong Kong,Mandatory Provident Fund Schemes Authority,pensions,工作概覽,https://www.mpfa.org.hk/enforcement/overview,https://www.mpfa.org.hk/enforcement/overview,reachable,200,工作概覽 - 積金局,generic-or-ambiguous-link,,0,,no-dated-first-page-signal,"Automated first-page signal only. Human validation, pagination and archive-depth research are required before any published metric.",
HU,Hungary,Central Bank of Hungary,central_banking,Decision making levels,https://www.mnb.hu/en/reserve-management/decision-making-levels,https://www.mnb.hu/en/reserve-management/decision-making-levels,challenge-protected,200,Decision making levels | MNB.hu,not-observable,,0,,not-observable,"Automated first-page signal only. Human validation, pagination and archive-depth research are required before any published metric.",
IS,Iceland,Central Bank of Iceland,central_banking;prudential_supervision;securities,Interest rate decision dates,https://cb.is/news-and-publications/events/?category=72f27799-bbe1-4a72-87a7-0164438ef63f&tags=monetary%20policy%20committee,https://cb.is/news-and-publications/events/?category=72f27799-bbe1-4a72-87a7-0164438ef63f&tags=monetary%20policy%20committee,challenge-protected,200,,not-observable,,0,,not-observable,"Automated first-page signal only. Human validation, pagination and archive-depth research are required before any published metric.",
IS,Iceland,Financial Supervisory Authority of Iceland,prudential_supervision,Interest rate decision dates,https://cb.is/news-and-publications/events/?category=72f27799-bbe1-4a72-87a7-0164438ef63f&tags=monetary%20policy%20committee,https://cb.is/news-and-publications/events/?category=72f27799-bbe1-4a72-87a7-0164438ef63f&tags=monetary%20policy%20committee,challenge-protected,200,,not-observable,,0,,not-observable,"Automated first-page signal only. Human validation, pagination and archive-depth research are required before any published metric.",
IN,India,International Financial Services Centres Authority (IFSCA),insurance;pensions,About Enforcement,https://ifsca.gov.in/Pages/Contents/About_Enforcement,https://ifsca.gov.in/Pages/Contents/About_Enforcement,reachable,200,International Financial Services Centres Authority,strong-official-publication-candidate,,0,,no-dated-first-page-signal,"Automated first-page signal only. Human validation, pagination and archive-depth research are required before any published metric.",
IN,India,Pension Fund Regulatory and Development Authority,pensions,Enforcement Orders,https://www.pfrda.org.in/regulatory-framework/orders/enforcement-orders,https://www.pfrda.org.in/regulatory-framework/orders/enforcement-orders,reachable,200,PFRDA Enforcement Orders - Regulatory Actions for Pension Scheme Compliance - PFRDA,strong-official-publication-candidate,2026-06,1,2026-06,low-frequency-first-page-signal,"Automated first-page signal only. Human validation, pagination and archive-depth research are required before any published metric.",
IQ,Iraq,Central Bank of Iraq,central_banking,مكتب مكافحة غسل الأموال وتمويل الإرهاب يناقش العقوبات المالية في خطة عمل (FATF),https://cbi.iq/news/view/3262,https://cbi.iq/news/view/3262,reachable,200,البنك المركزي العراقي | مكتب مكافحة غسل الأموال وتمويل الإرهاب يناقش العقوبات المالية في خطة عمل (FATF),strong-official-publication-candidate,2026-07,1,2026-07,low-frequency-first-page-signal,"Automated first-page signal only. Human validation, pagination and archive-depth research are required before any published metric.",
IE,Ireland,Central Bank of Ireland,central_banking;prudential_supervision;securities;insurance,Enforcement,https://www.centralbank.ie/regulation/enforcement,https://www.centralbank.ie/regulation/how-we-regulate/enforcement,reachable,200,Enforcement | Central Bank of Ireland,strong-official-publication-candidate,,0,,no-dated-first-page-signal,"Automated first-page signal only. Human validation, pagination and archive-depth research are required before any published metric.",
IE,Ireland,Financial Intelligence Unit Ireland (FIU Ireland),financial_intelligence,Fixed Charge Notices,https://www.garda.ie/en/roads-policing/fixed-charge-notices/,https://www.garda.ie/en/roads-policing/fixed-charge-notices/,reachable,200,Fixed Charge Notices - Garda,plausible-official-publication-candidate,,0,,no-dated-first-page-signal,"Automated first-page signal only. Human validation, pagination and archive-depth research are required before any published metric.",
IE,Ireland,The Pensions Authority,pensions,Enforcement Information about the Authority's enforcement powers and related actions,https://pensionsauthority.ie/enforcement/,https://pensionsauthority.ie/enforcement/,reachable,200,Enforcement - pensionsauthority,strong-official-publication-candidate,,0,,no-dated-first-page-signal,"Automated first-page signal only. Human validation, pagination and archive-depth research are required before any published metric.",
IT,Italy,Bank of Italy,central_banking;prudential_supervision;financial_intelligence,Go to the Online service platform (si apre in una nuova finestra),https://servizionline.bancaditalia.it/,https://servizionline.bancaditalia.it/,reachable,200,Servizi online,generic-or-ambiguous-link,,0,,no-dated-first-page-signal,"Automated first-page signal only. Human validation, pagination and archive-depth research are required before any published metric.",
IT,Italy,Commissione Nazionale per le Società e la Borsa*,securities,Vai alla sezione,https://www.consob.it/web/area-pubblica/sanzioni,https://www.consob.it/web/area-pubblica/sanzioni,reachable,200,Provvedimenti sanzionatori - AREA PUBBLICA - CONSOB,strong-official-publication-candidate,,0,,no-dated-first-page-signal,"Automated first-page signal only. Human validation, pagination and archive-depth research are required before any published metric.",
IT,Italy,Istituto per la Vigilanza sulle Assicurazioni (IVASS),insurance,L'IVASS pubblica il Provvedimento che modifica i termini di trasmissione di alcune informazioni anagrafiche per l'alimentazione di RIGA,https://www.ivass.it/normativa/nazionale/secondaria-ivass/normativi-provv/2026/provv-171/Provvedimento_171_del_29_7_2026.pdf,https://www.ivass.it/normativa/nazionale/secondaria-ivass/normativi-provv/2026/provv-171/Provvedimento_171_del_29_7_2026.pdf,reachable,200,,generic-or-ambiguous-link,,0,,no-dated-first-page-signal,"Automated first-page signal only. Human validation, pagination and archive-depth research are required before any published metric.",
JM,Jamaica,Bank of Jamaica,central_banking;prudential_supervision,Notices,https://boj.org.jm/news/,https://boj.org.jm/news/,reachable,200,News » Bank of Jamaica,generic-or-ambiguous-link,2026-04;2026-06;2026-08,3,2026-08,periodic-first-page-signal,"Automated first-page signal only. Human validation, pagination and archive-depth research are required before any published metric.",
JM,Jamaica,Financial Investigations Division (FID),financial_intelligence,TPA Orders & Sanction List,https://www.fid.gov.jm/un-sanction-list/,https://www.fid.gov.jm/un-sanction-list/,reachable,200,UN Designations (for Terrorism & Proliferation) – Financial Investigations Divisions,strong-official-publication-candidate,2024-02;2024-06;2025-06;2025-10;2026-02,5,2026-02,periodic-first-page-signal,"Automated first-page signal only. Human validation, pagination and archive-depth research are required before any published metric.",
JM,Jamaica,Financial Services Commission,securities;insurance;pensions,Notices,https://www.fscjamaica.org/category/media/notices/,https://www.fscjamaica.org/category/media/notices/,reachable,200,Notices - Financial Services Commission,generic-or-ambiguous-link,2026-04;2026-07,2,2026-07,low-frequency-first-page-signal,"Automated first-page signal only. Human validation, pagination and archive-depth research are required before any published metric.",
JP,Japan,Bank of Japan,central_banking;prudential_supervision,Warning against Scams Using the Bank's Name,https://www.boj.or.jp/en/about/organization/notice/index.htm,https://www.boj.or.jp/en/about/organization/notice/index.htm,reachable,200,Warning against Scams Using the Bank of Japan's Name : 日本銀行 Bank of Japan,plausible-official-publication-candidate,,0,,no-dated-first-page-signal,"Automated first-page signal only. Human validation, pagination and archive-depth research are required before any published metric.",
JP,Japan,Financial Services Agency,prudential_supervision;securities;insurance,Administrative Action,https://www.fsa.go.jp/en/regulated_institutions/index.html,https://www.fsa.go.jp/en/regulated_institutions/index.html,reachable,200,Regulated Institutions : FSA,generic-or-ambiguous-link,,0,,no-dated-first-page-signal,"Automated first-page signal only. Human validation, pagination and archive-depth research are required before any published metric.",
JP,Japan,"Ministry of Economy, Trade and Industry",securities,懲戒処分の公表について,https://www.meti.go.jp/press/2026/08/20260810001.html,https://www.meti.go.jp/press/2026/08/20260810001.html,reachable,200,懲戒処分の公表について（METI/経済産業省）,strong-official-publication-candidate,,0,,no-dated-first-page-signal,"Automated first-page signal only. Human validation, pagination and archive-depth research are required before any published metric.",
JO,Jordan,Anti-Money Laundering and Counter Terrorist Financing Unit (AMLU Jordan),financial_intelligence,اللجنة الفنية,https://sanctions.amlu.gov.jo/AR/List/%D9%86%D8%A8%D8%B0%D8%A9_%D8%B9%D9%86_%D8%A7%D9%84%D9%84%D8%AC%D9%86%D8%A9_%D8%A7%D9%84%D9%81%D9%86%D9%8A%D8%A9,https://sanctions.amlu.gov.jo/AR/List/%D9%86%D8%A8%D8%B0%D8%A9_%D8%B9%D9%86_%D8%A7%D9%84%D9%84%D8%AC%D9%86%D8%A9_%D8%A7%D9%84%D9%81%D9%86%D9%8A%D8%A9,reachable,200,نبذة عن اللجنة الفنية - وحدة مكافحة غسل الأموال وتمويل الإرهاب,strong-official-publication-candidate,,0,,no-dated-first-page-signal,"Automated first-page signal only. Human validation, pagination and archive-depth research are required before any published metric.",
JO,Jordan,Central Bank of Jordan,central_banking;prudential_supervision;insurance,قرارات السياسة النقدية,https://www.cbj.gov.jo/AR/List/%D9%82%D8%B1%D8%A7%D8%B1%D8%A7%D8%AA_%D8%A7%D9%84%D8%B3%D9%8A%D8%A7%D8%B3%D8%A9_%D8%A7%D9%84%D9%86%D9%82%D8%AF%D9%8A%D8%A9,https://www.cbj.gov.jo/AR/List/%D9%82%D8%B1%D8%A7%D8%B1%D8%A7%D8%AA_%D8%A7%D9%84%D8%B3%D9%8A%D8%A7%D8%B3%D8%A9_%D8%A7%D9%84%D9%86%D9%82%D8%AF%D9%8A%D8%A9,challenge-protected,200,قرارات السياسة النقدية - البنك المركزي الاردني,not-observable,,0,,not-observable,"Automated first-page signal only. Human validation, pagination and archive-depth research are required before any published metric.",
KZ,Kazakhstan,Astana Financial Services Authority (AFSA),insurance,Notice Register,https://afsa.aifc.kz/notice-register/,https://afsa.aifc.kz/notice-register/,reachable,200,AFSA – Astana Financial Services Authority » Notice Register,plausible-official-publication-candidate,,0,,no-dated-first-page-signal,"Automated first-page signal only. Human validation, pagination and archive-depth research are required before any published metric.",
KZ,Kazakhstan,National Bank of Kazakhstan,central_banking;prudential_supervision,Measures being imposed,https://nationalbank.kz/en/sanction/sankcii-i-mery-vozdeystviya,https://nationalbank.kz/en/sanction/sankcii-i-mery-vozdeystviya,reachable,200,Measures being imposed | National Bank of Kazakhstan,strong-official-publication-candidate,,0,,no-dated-first-page-signal,"Automated first-page signal only. Human validation, pagination and archive-depth research are required before any published metric.",
KE,Kenya,Central Bank of Kenya,central_banking;prudential_supervision,Public Notices,https://www.centralbank.go.ke/releases/public-notices/,https://www.centralbank.go.ke/releases/public-notices/,reachable,200,Public Notices | CBK,generic-or-ambiguous-link,2026-05,1,2026-05,low-frequency-first-page-signal,"Automated first-page signal only. Human validation, pagination and archive-depth research are required before any published metric.",
KE,Kenya,Insurance Regulatory Authority,insurance,Legal Notices,https://www.ira.go.ke/legal-notices/?_t=1510,https://www.ira.go.ke/legal-notices/?_t=1510,challenge-protected,200,Legal Notices - Insurance Regulatory Authority,not-observable,,0,,not-observable,"Automated first-page signal only. Human validation, pagination and archive-depth research are required before any published metric.",
KE,Kenya,Retirement Benefits Authority,pensions,Notices,https://www.rba.go.ke/news-and-events/,https://www.rba.go.ke/news-and-events/,reachable,200,News and Events - Retirement Benefit Authority,generic-or-ambiguous-link,2024-01;2024-02;2024-03;2024-06;2024-07;2024-08;2024-09;2024-12;2025-02;2025-03;2025-04;2025-05;2025-06;2025-07;2025-08;2025-09;2026-05;2026-07;2026-08,19,2026-08,active-first-page-signal,"Automated first-page signal only. Human validation, pagination and archive-depth research are required before any published metric.",
KG,Kyrgyzstan,National Bank of the Kyrgyz Republic,central_banking;prudential_supervision,Сriminal sanction for counterfeiting,https://www.nbkr.kg/index1.jsp?item=1631&lang=ENG,https://www.nbkr.kg/index1.jsp?item=1631&lang=ENG,reachable,200,National Bank of the Kyrgyz Republic,strong-official-publication-candidate,,0,,no-dated-first-page-signal,"Automated first-page signal only. Human validation, pagination and archive-depth research are required before any published metric.",
KG,Kyrgyzstan,The State Financial Intelligence Under the Government of the Kyrgyz Republic (FIS),financial_intelligence,БУУнун Коопсуздук Кеңешинин Жыйынды санкциялык тизмеги,http://fiu.gov.kg/sked/2,https://fiu.gov.kg/sked/2,challenge-protected,200,Государственная служба финансовой разведки при Министерстве финансов Кыргызской Республики - БУУнун Коопсуздук Кеңешинин Жыйынды санкциялык тизмеги,not-observable,,0,,not-observable,"Automated first-page signal only. Human validation, pagination and archive-depth research are required before any published metric.",
LV,Latvia,Financial Intelligence Unit of Latvia (FID),financial_intelligence,Sanctions,https://www.fid.gov.lv/en/roles-and-responsibilities/sanctions,https://www.fid.gov.lv/en/roles-and-responsibilities/sanctions,reachable,200,Sanctions | Finanšu izlūkošanas dienests,strong-official-publication-candidate,,0,,no-dated-first-page-signal,"Automated first-page signal only. Human validation, pagination and archive-depth research are required before any published metric.",
LS,Lesotho,Financial Intelligence Unit of Lesotho,financial_intelligence,UN Sanctions List,https://www.un.org/securitycouncil/sanctions/1267/aq_sanctions_list,https://main.un.org/securitycouncil/en/sanctions/1267/aq_sanctions_list,reachable,200,Sanctions List Materials | Security Council,strong-official-publication-candidate,2026-08,1,2026-08,low-frequency-first-page-signal,"Automated first-page signal only. Human validation, pagination and archive-depth research are required before any published metric.",
LR,Liberia,Central Bank of Liberia,central_banking,MPC Decisions,https://www.cbl.org.lr/publications/document-type/mpc-decisions,https://www.cbl.org.lr/publications/document-type/mpc-decisions,reachable,200,MPC Decisions | Central Bank of Liberia,generic-or-ambiguous-link,2024-01;2024-05;2024-10;2025-04;2025-07;2025-10;2026-02;2026-04;2026-07,9,2026-07,periodic-first-page-signal,"Automated first-page signal only. Human validation, pagination and archive-depth research are required before any published metric.",
LR,Liberia,Financial Intelligence Agency of Liberia	(FIA-LIBERIA),financial_intelligence,Drug Enforcement Agency (DEA),http://moj.gov.lr/agencies/dea/,https://moj.gov.lr/agencies/dea/,http-404,404,404 | Ministry of Justice,not-observable,,0,,not-observable,"Automated first-page signal only. Human validation, pagination and archive-depth research are required before any published metric.",
LI,Liechtenstein,Financial Market Authority,prudential_supervision;securities;insurance;pensions,Enforcement und Sanktionen,https://www.fma-li.li/de/aufsicht-regulierung/enforcement-und-sanktionen,https://www.fma-li.li/de/aufsicht-regulierung/enforcement-und-sanktionen,reachable,200,Enforcement und Sanktionen,strong-official-publication-candidate,2024-01;2024-02;2024-03;2024-04;2024-05;2024-06;2024-07;2024-09;2024-10;2024-12;2025-01;2025-02;2025-03;2025-04;2025-05;2025-06;2025-08;2025-09;2025-11;2025-12;2026-01;2026-02;2026-03;2026-04;2026-05;2026-06,26,2026-06,frequent-first-page-signal,"Automated first-page signal only. Human validation, pagination and archive-depth research are required before any published metric.",
LU,Luxembourg,Central Bank of Luxembourg,central_banking;prudential_supervision,Privacy notice and cookies,https://www.bcl.lu/en/support/cookies1/index.html,https://www.bcl.lu/en/support/cookies1/index.html,reachable,200,Banque centrale du Luxembourg - Privacy notice and cookies,generic-or-ambiguous-link,,0,,no-dated-first-page-signal,"Automated first-page signal only. Human validation, pagination and archive-depth research are required before any published metric.",
LU,Luxembourg,Commissariat aux Assurances,insurance,Informations dans le contexte de l’agression militaire de la Russie contre l’Ukraine,https://www.caa.lu/fr/informations/sanctions-fin-int-contre-russie,https://www.caa.lu/fr/informations/sanctions-fin-int-contre-russie,reachable,200,Informations dans le contexte de l’agression militaire de la Russie contre l’Ukraine - Informations - Commissariat aux Assurances,strong-official-publication-candidate,2024-01;2024-03;2024-04;2024-05;2024-06;2024-07;2024-09;2024-10;2024-12;2025-03;2025-04;2025-05;2025-06;2025-07;2025-09;2025-10;2025-12;2026-01;2026-03;2026-04;2026-05;2026-06;2026-07;2026-08,24,2026-08,frequent-first-page-signal,"Automated first-page signal only. Human validation, pagination and archive-depth research are required before any published metric.",
LU,Luxembourg,Commission de Surveillance du Secteur Financier,prudential_supervision;securities;pensions,Enforcement of Issuer Disclosure,https://www.cssf.lu/en/enforcement-of-financial-information/,https://www.cssf.lu/en/enforcement-of-financial-information/,reachable,200,Enforcement of Issuer Disclosure – CSSF,strong-official-publication-candidate,2024-01;2024-02;2024-04;2024-05;2024-07;2024-10;2024-12;2025-02;2025-04;2025-06;2025-07;2025-08;2025-10;2025-12;2026-01;2026-02,16,2026-02,active-first-page-signal,"Automated first-page signal only. Human validation, pagination and archive-depth research are required before any published metric.",
MG,Madagascar,The Financial Intelligent Unit (SAMIFIN),financial_intelligence,Sanctions&Rankings,https://www.samifin.gov.mg/,https://www.samifin.gov.mg/,reachable,200,Home 1 | Welcome to SAMIFIN,strong-official-publication-candidate,2026-05;2026-06;2026-07;2026-08,4,2026-08,periodic-first-page-signal,"Automated first-page signal only. Human validation, pagination and archive-depth research are required before any published metric.",
MW,Malawi,Financial Intelligence Authority Malawi (FIA-Malawi),financial_intelligence,Gazette Notice (CDD and Supervisory Authorities)),https://fia.gov.mw/publications/Supression%20of%20TF%20and%20Proliferation%20Regulations-Director.pdf,https://fia.gov.mw/publications/Supression%20of%20TF%20and%20Proliferation%20Regulations-Director.pdf,reachable,200,,generic-or-ambiguous-link,,0,,no-dated-first-page-signal,"Automated first-page signal only. Human validation, pagination and archive-depth research are required before any published metric.",
MW,Malawi,Reserve Bank of Malawi,central_banking;prudential_supervision;securities;pensions,Auction Notice,https://www.rbm.mw/,https://www.rbm.mw/,reachable,200,Reserve Bank of Malawi,generic-or-ambiguous-link,2025-12;2026-06;2026-07;2026-08,4,2026-08,periodic-first-page-signal,"Automated first-page signal only. Human validation, pagination and archive-depth research are required before any published metric.",
MY,Malaysia,Central Bank of Malaysia,central_banking;prudential_supervision;insurance,Monetary Penalty Review Committee,https://www.bnm.gov.my/committees/mprc,https://www.bnm.gov.my/committees/mprc,reachable,200,Monetary Penalty Review Committee - Bank Negara Malaysia,strong-official-publication-candidate,,0,,no-dated-first-page-signal,"Automated first-page signal only. Human validation, pagination and archive-depth research are required before any published metric.",
MY,Malaysia,Labuan Financial Services Authority (Labuan FSA),insurance,Enforcement Actions,https://www.labuanfsa.gov.my/,https://www.labuanfsa.gov.my/,challenge-protected,200,Labuan FSA | Gateway to Asia’s Premier Financial Centre,not-observable,,0,,not-observable,"Automated first-page signal only. Human validation, pagination and archive-depth research are required before any published metric.",
MY,Malaysia,Securities Commission*,securities,Enforcement,https://www.sc.com.my/analytics/enforcement,https://www.sc.com.my/analytics/enforcement,reachable,200,Enforcement - ANALYTICS | Securities Commission Malaysia,strong-official-publication-candidate,,0,,no-dated-first-page-signal,"Automated first-page signal only. Human validation, pagination and archive-depth research are required before any published metric.",
MV,Maldives,Capital Market Development Authority,securities;pensions,Enforcement Process,https://cmda.gov.mv/en/enforcement,https://cmda.gov.mv/en/enforcement,reachable,200,CMDA - Enforcement,strong-official-publication-candidate,,0,,no-dated-first-page-signal,"Automated first-page signal only. Human validation, pagination and archive-depth research are required before any published metric.",
ML,Mali,Central Bank of West African States (BCEAO),central_banking;prudential_supervision,Legal Notice,https://www.bceao.int/en,https://www.bceao.int/en,reachable,200,BCEAO | Banque Centrale des Etats de l’Afrique de l’Ouest,generic-or-ambiguous-link,2026-03;2026-05;2026-06;2026-07,4,2026-07,periodic-first-page-signal,"Automated first-page signal only. Human validation, pagination and archive-depth research are required before any published metric.",
ML,Mali,Conférence Interafricaine des Marchés d'Assurances (CIMA),insurance,Décisions du Conseil des Ministres des Assurances,https://cima-afrique.org/decisions-du-cma/,https://cima-afrique.org/decisions-du-cma/,reachable,200,Décisions du CMA – CIMA,generic-or-ambiguous-link,2026-07,1,2026-07,low-frequency-first-page-signal,"Automated first-page signal only. Human validation, pagination and archive-depth research are required before any published metric.",
MT,Malta,Financial Intelligence Analysis Unit (FIAU),financial_intelligence,Enforcement,https://fiaumalta.org/what-we-do/enforcement/,https://fiaumalta.org/what-we-do/enforcement/,reachable,200,Enforcement - FIAU,strong-official-publication-candidate,,0,,no-dated-first-page-signal,"Automated first-page signal only. Human validation, pagination and archive-depth research are required before any published metric.",
MU,Mauritius,Bank of Mauritius,central_banking;prudential_supervision,Implementation of Targeted Sanctions,https://www.bom.mu/financial-stability/amlcft/implementation-targeted-sanctions,https://www.bom.mu/financial-stability/amlcft/implementation-targeted-sanctions,challenge-protected,200,Implementation of Targeted Sanctions | Bank of Mauritius,not-observable,2024-12,1,2024-12,not-observable,"Automated first-page signal only. Human validation, pagination and archive-depth research are required before any published metric.",
MD,Moldova,National Bank of Moldova,central_banking;prudential_supervision;insurance,Applied sanctions to foreign exchange entities,https://www.bnm.md/en/content/applied-sanctions-foreign-exchange-entities,https://www.bnm.md/en/content/applied-sanctions-foreign-exchange-entities,challenge-protected,200,Applied sanctions to foreign exchange entities | National Bank of Moldova,not-observable,,0,,not-observable,"Automated first-page signal only. Human validation, pagination and archive-depth research are required before any published metric.",
MC,Monaco,Commission de Contrôle des Activités Financières,securities,Les sanctions prononcées,https://ccaf.mc/ccaf/les-sanctions-prononcees/,https://ccaf.mc/ccaf/les-sanctions-prononcees/,challenge-protected,200,Les sanctions prononcées - CCAF,not-observable,,0,,not-observable,"Automated first-page signal only. Human validation, pagination and archive-depth research are required before any published metric.",
MN,Mongolia,Bank of Mongolia,central_banking;financial_intelligence,Monetary policy decision-making,https://www.mongolbank.mn/en/p/1098,https://www.mongolbank.mn/en/p/1098,reachable,200,Monetary policy decision-making,generic-or-ambiguous-link,,0,,no-dated-first-page-signal,"Automated first-page signal only. Human validation, pagination and archive-depth research are required before any published metric.",
ME,Montenegro,Central Bank of Montenegro,central_banking,Questions and answers regarding the manner of application of the Decision on interim measures to reduce the adverse effects of the impact of the new coronavirus outbreak on the financial system after the mitigating measures to protect the population against communicable diseases,https://www.cbcg.me/en/public-relations/information/faq?accordion-open=1730,https://www.cbcg.me/en/public-relations/information/faq?accordion-open=1730,reachable,200,FAQ - CBCG,plausible-official-publication-candidate,,0,,no-dated-first-page-signal,"Automated first-page signal only. Human validation, pagination and archive-depth research are required before any published metric.",
MS,Montserrat,Financial Services Commission,prudential_supervision,Sanctions,https://www.fscmontserrat.org/sanctions/,https://www.fscmontserrat.org/sanctions/,reachable,200,Sanctions | Financial Services Commission Montserrat,strong-official-publication-candidate,,0,,no-dated-first-page-signal,"Automated first-page signal only. Human validation, pagination and archive-depth research are required before any published metric.",
MA,Morocco,Bank Al-Maghrib (Central Bank of Morocco),central_banking;prudential_supervision,Sanctions regime,https://www.bkam.ma/en/Banking-supervision/Sanctions-regime,https://www.bkam.ma/en/Banking-supervision/Sanctions-regime,challenge-protected,200,BANK AL-MAGHRIB - Sanctions regime,not-observable,,0,,not-observable,"Automated first-page signal only. Human validation, pagination and archive-depth research are required before any published metric.",
MZ,Mozambique,Financial Intelligence Office of Mozambique (GiFiM),financial_intelligence,Lista Nacional de Sancionados,https://www.gifim.gov.mz/,https://www.gifim.gov.mz/,reachable,200,GIFiM - Gabinete de Informação Financeira de Moçambique,strong-official-publication-candidate,,0,,no-dated-first-page-signal,"Automated first-page signal only. Human validation, pagination and archive-depth research are required before any published metric.",
MM,Myanmar,Central Bank of Myanmar,central_banking;prudential_supervision,Reserve Requirement Penalty Instruction,https://www.cbm.gov.mm/content/2253,https://www.cbm.gov.mm/content/2253,challenge-protected,200,Reserve Requirement Penalty Instruction | Central Bank of Myanmar,not-observable,,0,,not-observable,"Automated first-page signal only. Human validation, pagination and archive-depth research are required before any published metric.",
NA,Namibia,Financial Intelligence Centre (FIC),financial_intelligence,Sanctions Screening Tool,https://services.fic.na/FICSanctionsTool,https://services.fic.na/FICSanctionsTool,reachable,200,FIC sanctions screening,strong-official-publication-candidate,,0,,no-dated-first-page-signal,"Automated first-page signal only. Human validation, pagination and archive-depth research are required before any published metric.",
NR,Nauru,Financial Intelligence Unit of Nauru,financial_intelligence,Download,https://justice.gov.nr/wp-content/uploads/2024/06/Anti-Money-Laundering-Targeted-Financial-Sanctions-Fit-and-Proper-Person-Criteria.pdf,https://justice.gov.nr/wp-content/uploads/2024/06/Anti-Money-Laundering-Targeted-Financial-Sanctions-Fit-and-Proper-Person-Criteria.pdf,reachable,200,,generic-or-ambiguous-link,,0,,no-dated-first-page-signal,"Automated first-page signal only. Human validation, pagination and archive-depth research are required before any published metric.",
NP,Nepal,Central Bank of Nepal (Nepal Rastra Bank),central_banking;prudential_supervision;financial_intelligence,Targeted Sanction List and Other,https://www.nrb.org.np/targeted-sanction-list-and-other,https://www.nrb.org.np/targeted-sanction-list-and-other,challenge-protected,200,Targeted Sanction List and Other - the official site of the Central Bank of Nepal,not-observable,,0,,not-observable,"Automated first-page signal only. Human validation, pagination and archive-depth research are required before any published metric.",
NP,Nepal,Nepal Insurance Authority,insurance,AML/CFT's Sanction List Link-2,https://press.un.org/en/2024/sc15597.doc.htm,https://press.un.org/en/2024/sc15597.doc.htm,reachable,200,Client Challenge,generic-or-ambiguous-link,,0,,no-dated-first-page-signal,"Automated first-page signal only. Human validation, pagination and archive-depth research are required before any published metric.",
NL,Netherlands,De Nederlandsche Bank,central_banking;prudential_supervision;insurance;pensions,Financial sanctions,https://www.dnb.nl/en/reliable-financial-sector/financial-sanctions/,https://www.dnb.nl/en/reliable-financial-sector/financial-sanctions/,reachable,200,Financial sanctions│De Nederlandsche Bank | De Nederlandsche Bank,strong-official-publication-candidate,2026-04;2026-06;2026-07,3,2026-07,periodic-first-page-signal,"Automated first-page signal only. Human validation, pagination and archive-depth research are required before any published metric.",
NL,Netherlands,Financial Intelligence Unit – Netherlands (FIU-NL),financial_intelligence,Luxury designer goods despite sanctions,https://www.fiu-nederland.nl/en/knowledge_base/luxury-designer-goods-despite-sanctions/,https://www.fiu-nederland.nl/en/knowledge_base/luxury-designer-goods-despite-sanctions/,reachable,200,Luxury designer goods despite sanctions - FIU-Nederland,strong-official-publication-candidate,,0,,no-dated-first-page-signal,"Automated first-page signal only. Human validation, pagination and archive-depth research are required before any published metric.",
NL,Netherlands,The Dutch Authority for the Financial Markets*,securities;insurance,Lees meer,https://www.afm.nl/nl-nl/sector/actueel/2026/aug/pb-boete-vfs,https://www.afm.nl/nl-nl/sector/actueel/2026/aug/pb-boete-vfs,reachable,200,Vodafone Financial Services krijgt boete voor onverantwoorde kredietverstrekking,generic-or-ambiguous-link,,0,,no-dated-first-page-signal,"Automated first-page signal only. Human validation, pagination and archive-depth research are required before any published metric.",
NZ,New Zealand,New Zealand Police Financial Intelligence Unit (NZ-Police FIU),financial_intelligence,Trespass,https://www.police.govt.nz/advice-services/personal-and-community-safety/trespass-notices,https://www.police.govt.nz/advice-services/personal-and-community-safety/trespass-notices,reachable,200,How to give someone a trespass notice | New Zealand Police,generic-or-ambiguous-link,,0,,no-dated-first-page-signal,"Automated first-page signal only. Human validation, pagination and archive-depth research are required before any published metric.",
NE,Niger,Central Bank of West African States (BCEAO),central_banking;prudential_supervision,Legal Notice,https://www.bceao.int/en,https://www.bceao.int/en,reachable,200,BCEAO | Banque Centrale des Etats de l’Afrique de l’Ouest,generic-or-ambiguous-link,2026-03;2026-05;2026-06;2026-07,4,2026-07,periodic-first-page-signal,"Automated first-page signal only. Human validation, pagination and archive-depth research are required before any published metric.",
NE,Niger,Conférence Interafricaine des Marchés d'Assurances (CIMA),insurance,Décisions du Conseil des Ministres des Assurances,https://cima-afrique.org/decisions-du-cma/,https://cima-afrique.org/decisions-du-cma/,reachable,200,Décisions du CMA – CIMA,generic-or-ambiguous-link,2026-07,1,2026-07,low-frequency-first-page-signal,"Automated first-page signal only. Human validation, pagination and archive-depth research are required before any published metric.",
NG,Nigeria,Central Bank of Nigeria,central_banking;prudential_supervision,See more,https://www.cbn.gov.ng/Documents/Notices.html,https://www.cbn.gov.ng/Documents/Notices.html,challenge-protected,200,Notices | Central Bank of Nigeria,not-observable,,0,,not-observable,"Automated first-page signal only. Human validation, pagination and archive-depth research are required before any published metric.",
NG,Nigeria,National Pension Commission,pensions,Website Privacy Notice,https://www.pencom.gov.ng/website-privacy-notice/,https://www.pencom.gov.ng/website-privacy-notice/,challenge-protected,200,Website Privacy Notice | National Pension Commission,not-observable,2026-06,1,2026-06,not-observable,"Automated first-page signal only. Human validation, pagination and archive-depth research are required before any published metric.",
NG,Nigeria,Securities and Exchange Commission*,securities,Enforcements,https://www.sec.gov.ng/enforcements/,https://www.sec.gov.ng/enforcements/,reachable,200,"Enforcements by SEC - Securities and Exchange Commission, Nigeria",strong-official-publication-candidate,,0,,no-dated-first-page-signal,"Automated first-page signal only. Human validation, pagination and archive-depth research are required before any published metric.",
NO,Norway,Central Bank of Norway,central_banking;prudential_supervision,Rate decision August 2026,https://www.norges-bank.no/en/topics/monetary-policy/Monetary-policy-meetings/2026/august-2026/,https://www.norges-bank.no/en/topics/monetary-policy/Monetary-policy-meetings/2026/august-2026/,reachable,200,Rate decision August 2026,generic-or-ambiguous-link,2026-08,1,2026-08,low-frequency-first-page-signal,"Automated first-page signal only. Human validation, pagination and archive-depth research are required before any published metric.",
PK,Pakistan,Securities and Exchange Commission,securities;pensions,Enforcement,https://www.secp.gov.pk/enforcement/,https://www.secp.gov.pk/enforcement/orders/stock-exchanges-corporatization-demutualization-and-integration-act-2012/,reachable,200,"Stock Exchanges Act, 2012 - Enforcement | SECP",strong-official-publication-candidate,,0,,no-dated-first-page-signal,"Automated first-page signal only. Human validation, pagination and archive-depth research are required before any published metric.",
PW,Palau,Financial Intelligence Unit,financial_intelligence,Notice of English and Palauan of Proposed Regulations and FIU AML/CFT Regulation 04 - AML/CFT Reporting Entity Registry,https://palaufiu.wordpress.com/wp-content/uploads/2026/03/notices-and-regulations-fiu-regulation-04-amlcft-reporting-entity-registry-1.pdf,https://palaufiu.wordpress.com/wp-content/uploads/2026/03/notices-and-regulations-fiu-regulation-04-amlcft-reporting-entity-registry-1.pdf,reachable,200,,generic-or-ambiguous-link,,0,,no-dated-first-page-signal,"Automated first-page signal only. Human validation, pagination and archive-depth research are required before any published metric.",
PA,Panama,Superintendencia de Seguros y Reaseguros de Panamá,insurance,Sanciones,https://superseguros.gob.pa/sancion/,https://superseguros.gob.pa/sancion/,reachable,200,Superintendencia de Seguros y Reaseguros de Panamá | Sanciones,strong-official-publication-candidate,,0,,no-dated-first-page-signal,"Automated first-page signal only. Human validation, pagination and archive-depth research are required before any published metric.",
PA,Panama,Superintendencia del Mercado de Valores,securities,"Multas, Sanciones y Fallos",https://supervalores.gob.pa/multas-sanciones-y-fallos/,https://supervalores.gob.pa/multas-sanciones-y-fallos/,reachable,200,"Multas, Sanciones y Fallos – Superintendencia del Mercado de Valores",strong-official-publication-candidate,,0,,no-dated-first-page-signal,"Automated first-page signal only. Human validation, pagination and archive-depth research are required before any published metric.",
PE,Peru,Superintendencia del Mercado de Valores,securities,RNSDD,http://www.sanciones.gob.pe/transparencia/,http://www.sanciones.gob.pe/transparencia/,timeout,,,not-observable,,0,,not-observable,"Automated first-page signal only. Human validation, pagination and archive-depth research are required before any published metric.",The operation was aborted due to timeout
PH,Philippines,Central Bank of the Philippines (Bangko Sentral ng Pilipinas),central_banking;prudential_supervision,Privacy Notice,https://www.bsp.gov.ph/Pages/AboutTheBank/BSPPrivacyPolicy.aspx,https://www.bsp.gov.ph/Pages/AboutTheBank/BSPPrivacyPolicy.aspx,reachable,200,About The Bank,plausible-official-publication-candidate,,0,,no-dated-first-page-signal,"Automated first-page signal only. Human validation, pagination and archive-depth research are required before any published metric.",
PL,Poland,General Inspector of Financial Information (GIFI),financial_intelligence,Minister of Finance Data Processing Notice,https://www.gov.pl/web/finance/klauzula-przetwarzania-danych-osobowych-udostepnionych-droga-elektroniczna,https://www.gov.pl/web/finance/klauzula-przetwarzania-danych-osobowych-udostepnionych-droga-elektroniczna,reachable,200,Minister of Finance Data Processing Notice - Ministry of Finance - Gov.pl website,generic-or-ambiguous-link,,0,,no-dated-first-page-signal,"Automated first-page signal only. Human validation, pagination and archive-depth research are required before any published metric.",
PT,Portugal,Autoridade de Supervisão de Seguros e Fundos de Pensões (ASF),insurance;pensions,"Infrações, Sanções e Medidas Cautelares",https://www.asf.com.pt/infra%C3%A7%C3%B5es-e-san%C3%A7%C3%B5es,https://www.asf.com.pt/mercado/infra%C3%A7%C3%B5es-e-san%C3%A7%C3%B5es/sinteses-trimestrais,reachable,200,Sinteses trimestrais - Site ASF Institucional - ASF,strong-official-publication-candidate,,0,,no-dated-first-page-signal,"Automated first-page signal only. Human validation, pagination and archive-depth research are required before any published metric.",
PT,Portugal,Financial Intelligence Unit Portugal (UIF-Portugal),financial_intelligence,Direção de Serviços de Disciplina e Inspeção (DS-DI),https://www.policiajudiciaria.pt/dsdi/,https://www.policiajudiciaria.pt/dsdi/,reachable,200,Direção de Serviços de Disciplina e Inspeção (DS-DI) – Polícia Judiciária,strong-official-publication-candidate,,0,,no-dated-first-page-signal,"Automated first-page signal only. Human validation, pagination and archive-depth research are required before any published metric.",
QA,Qatar,Qatar Financial Centre Regulatory Authority,prudential_supervision;insurance,Enforcement,https://www.qfcra.com/enforcement/,https://www.qfcra.com/enforcement/,challenge-protected,200,qfcra,not-observable,,0,,not-observable,"Automated first-page signal only. Human validation, pagination and archive-depth research are required before any published metric.",
CG,Republic of the Congo,Bank of Central African States,central_banking,Circulaires et décisions,https://www.beac.int/p-des-changes/circulaires-et-decisions/,https://www.beac.int/p-des-changes/circulaires-et-decisions/,challenge-protected,200,Circulaires et décisions - BEAC,not-observable,,0,,not-observable,"Automated first-page signal only. Human validation, pagination and archive-depth research are required before any published metric.",
CG,Republic of the Congo,Conférence Interafricaine des Marchés d'Assurances (CIMA),insurance,Décisions du Conseil des Ministres des Assurances,https://cima-afrique.org/decisions-du-cma/,https://cima-afrique.org/decisions-du-cma/,reachable,200,Décisions du CMA – CIMA,generic-or-ambiguous-link,2026-07,1,2026-07,low-frequency-first-page-signal,"Automated first-page signal only. Human validation, pagination and archive-depth research are required before any published metric.",
LC,Saint Lucia,Financial Intelligence Authority (FIA-Saint Lucia),financial_intelligence,Notices/Circulars,https://www.slufia.com/p/notices-circulars,https://www.slufia.com/p/notices-circulars,challenge-protected,200,Notices/Circulars | Financial Intelligence Authority,not-observable,,0,,not-observable,"Automated first-page signal only. Human validation, pagination and archive-depth research are required before any published metric.",
VC,Saint Vincent and the Grenadines,Financial Intelligence Unit Saint Vincent and the Grenadines (FIU-SVG),financial_intelligence,UN Sanctions,https://www.un.org/securitycouncil/sanctions/information,https://main.un.org/securitycouncil/en/sanctions/information,reachable,200,Sanctions | Security Council,strong-official-publication-candidate,,0,,no-dated-first-page-signal,"Automated first-page signal only. Human validation, pagination and archive-depth research are required before any published metric.",
WS,Samoa,Central Bank of Samoa,central_banking;prudential_supervision;financial_intelligence,AML Brochures & Sanction List,https://cbs.gov.ws/aml-brochures--sanction-list,https://cbs.gov.ws/aml-brochures--sanction-list,reachable,200,Central Bank of Samoa - AML Brochures & Sanction List,strong-official-publication-candidate,,0,,no-dated-first-page-signal,"Automated first-page signal only. Human validation, pagination and archive-depth research are required before any published metric.",
SM,San Marino,Central Bank of the Republic of San Marino,central_banking;prudential_supervision,Sanzioni,https://www.bcsm.sm/funzioni/sanzioni,https://www.bcsm.sm/funzioni/sanzioni,reachable,200,Sanzioni - BCSM,strong-official-publication-candidate,,0,,no-dated-first-page-signal,"Automated first-page signal only. Human validation, pagination and archive-depth research are required before any published metric.",
SA,Saudi Arabia,Saudi Central Bank,central_banking;prudential_supervision,View all,https://www.sama.gov.sa/en-US/Currency/FinExc/Pages/Currency.aspx,https://www.sama.gov.sa/en-US/Currency/FinExc/Pages/Currency.aspx,reachable,200,Exchange Rate,generic-or-ambiguous-link,,0,,no-dated-first-page-signal,"Automated first-page signal only. Human validation, pagination and archive-depth research are required before any published metric.",
SN,Senegal,Central Bank of West African States (BCEAO),central_banking;prudential_supervision,Legal Notice,https://www.bceao.int/en,https://www.bceao.int/en,reachable,200,BCEAO | Banque Centrale des Etats de l’Afrique de l’Ouest,generic-or-ambiguous-link,2026-03;2026-05;2026-06;2026-07,4,2026-07,periodic-first-page-signal,"Automated first-page signal only. Human validation, pagination and archive-depth research are required before any published metric.",
SN,Senegal,Conférence Interafricaine des Marchés d'Assurances (CIMA),insurance,Décisions du Conseil des Ministres des Assurances,https://cima-afrique.org/decisions-du-cma/,https://cima-afrique.org/decisions-du-cma/,reachable,200,Décisions du CMA – CIMA,generic-or-ambiguous-link,2026-07,1,2026-07,low-frequency-first-page-signal,"Automated first-page signal only. Human validation, pagination and archive-depth research are required before any published metric.",
RS,Serbia,National Bank of Serbia,central_banking;prudential_supervision;insurance;pensions,Register of Received Decisions,https://nbs.rs/en/drugi-nivo-navigacije/servisi/reg_resenja,https://webappcenter.nbs.rs/PnWebApp/EnforcedCollectionDecision/EnforcedCollectionDecision/Index?isSearchExecuted=false,reachable,200,Центар за јавне веб апликације - Упит у регистар примљених решења,generic-or-ambiguous-link,,0,,no-dated-first-page-signal,"Automated first-page signal only. Human validation, pagination and archive-depth research are required before any published metric.",
SC,Seychelles,Financial Services Authority,insurance;pensions,Enforcement,https://fsaseychelles.sc/,https://fsaseychelles.sc/,challenge-protected,200,Financial Services Authority,not-observable,2026-01;2026-05;2026-06;2026-07;2026-08,5,2026-08,not-observable,"Automated first-page signal only. Human validation, pagination and archive-depth research are required before any published metric.",
SC,Seychelles,Seychelles  Financial Intelligence Unit (Seychelles FIU),financial_intelligence,NOTICES,https://seychellesfiu.sc/notices/,https://seychellesfiu.sc/notices/,reachable,200,NOTICES – Seychelles Financial Intelligence Unit,plausible-official-publication-candidate,,0,,no-dated-first-page-signal,"Automated first-page signal only. Human validation, pagination and archive-depth research are required before any published metric.",
SG,Singapore,Monetary Authority of Singapore,central_banking;prudential_supervision;securities;insurance,Enforcement,https://www.mas.gov.sg/regulation/enforcement,https://www.mas.gov.sg/regulation/enforcement,reachable,200,Enforcement,strong-official-publication-candidate,2025-10;2025-12,2,2025-12,low-frequency-first-page-signal,"Automated first-page signal only. Human validation, pagination and archive-depth research are required before any published metric.",
SX,Sint Maarten,Reporting Center for Unusual Transactions (MOT Sint Maarten),financial_intelligence,UN and EU Sanctions,http://www.fiu-sxm.net/web/082B268FDAD380EB04257E90004F645A,http://www.fiu-sxm.net/web/082B268FDAD380EB04257E90004F645A,http-404,404,Unable to Process Request,not-observable,,0,,not-observable,"Automated first-page signal only. Human validation, pagination and archive-depth research are required before any published metric.",
SK,Slovakia,National Bank of Slovakia,central_banking;prudential_supervision;securities;insurance;pensions,Monetary policy decisions,https://www.nbs.sk/en,https://www.nbs.sk/en,reachable,200,Národná banka Slovenska – The National Bank of Slovakia (NBS) is the central bank of Slovakia.,generic-or-ambiguous-link,2026-06;2026-07,2,2026-07,low-frequency-first-page-signal,"Automated first-page signal only. Human validation, pagination and archive-depth research are required before any published metric.",
SI,Slovenia,Banka Slovenije,central_banking;prudential_supervision,"Monetary Policy Decisions by the Governing Council of the ECB where the objective is ensuring price stability. The decisions are made on the basis of current economic indicators, projections for the euro area, and the situation on the financial markets.",https://www.bsi.si/en/monetary-policy-2,https://www.bsi.si/en/monetary-policy-2,reachable,200,Monetary Policy | Banka Slovenije,generic-or-ambiguous-link,,0,,no-dated-first-page-signal,"Automated first-page signal only. Human validation, pagination and archive-depth research are required before any published metric.",
ZA,South Africa,Financial Intelligence Centre (FIC),financial_intelligence,https://www.fic.gov.za/targeted-financial-sanctions/,https://www.fic.gov.za/targeted-financial-sanctions/,https://www.fic.gov.za/targeted-financial-sanctions/,challenge-protected,200,Targeted financial sanctions – FIC,not-observable,,0,,not-observable,"Automated first-page signal only. Human validation, pagination and archive-depth research are required before any published metric.",
ZA,South Africa,Financial Sector Conduct Authority,securities;insurance;pensions,Enforcement Actions,https://www.fsca.co.za/,https://www.fsca.co.za/,reachable,200,Home,strong-official-publication-candidate,2024-04;2024-05;2024-06;2024-07;2024-08;2024-09;2024-10;2024-11;2024-12;2025-02;2025-03;2025-04;2025-05;2025-06;2025-08;2025-10;2025-11;2026-01;2026-02;2026-03;2026-04;2026-06;2026-07,23,2026-07,frequent-first-page-signal,"Automated first-page signal only. Human validation, pagination and archive-depth research are required before any published metric.",
KR,South Korea,Bank of Korea,central_banking;prudential_supervision,Decision-making Process of Monetary Policy,https://www.bok.or.kr/eng/main/contents.do?menuNo=400017,https://www.bok.or.kr/eng/main/contents.do?menuNo=400017,reachable,200,| Decision-making Process of Monetary Policy | Objectives & Framework of Monetary Policy | Monetary Policy | Topics | Bank of Korea,generic-or-ambiguous-link,,0,,no-dated-first-page-signal,"Automated first-page signal only. Human validation, pagination and archive-depth research are required before any published metric.",
KR,South Korea,Financial Supervisory Service,prudential_supervision;insurance,Unfair Trading and Enforcement,https://www.fss.or.kr/eng/main/contents.do?menuNo=400158,https://www.fss.or.kr/eng/main/contents.do?menuNo=400158,reachable,200,Trading of securities on the basis of material nonpublic information | Types of Unfair Trading | Unfair Trading and Enforcement | Capital Markets | Supervision |,strong-official-publication-candidate,,0,,no-dated-first-page-signal,"Automated first-page signal only. Human validation, pagination and archive-depth research are required before any published metric.",
KR,South Korea,Financial Supervisory Service,pensions,"검사·제재 제재관련 공시, 과거제재내용공시, 검사징구자료양식, 검사매뉴얼 정보를 제공하는 서비스입니다. 바로가기",https://www.fss.or.kr/fss/bbs/B0000159/list.do?menuNo=200173,https://www.fss.or.kr/fss/bbs/B0000159/list.do?menuNo=200173,reachable,200,과거제재내용 공시(목록) | 검사·제재 | 업무자료 |,strong-official-publication-candidate,,0,,no-dated-first-page-signal,"Automated first-page signal only. Human validation, pagination and archive-depth research are required before any published metric.",
KR,South Korea,Korea  Financial Intelligence Unit (KoFIU),financial_intelligence,Sanctions Disclosure,https://www.kofiu.go.kr/eng/notification/sanctions.do,https://www.kofiu.go.kr/eng/notification/sanctions.do,reachable,200,FIU,strong-official-publication-candidate,,0,,no-dated-first-page-signal,"Automated first-page signal only. Human validation, pagination and archive-depth research are required before any published metric.",
ES,Spain,Bank of Spain,central_banking;prudential_supervision,Sanctions,https://www.bde.es/wbe/en/punto-informacion/contenidos/sanciones-impuestas-banco-espana/,https://www.bde.es/wbe/en/punto-informacion/contenidos/sanciones-impuestas-banco-espana/,reachable,200,Sanctions imposed by the Banco de España - Banco de Espaï¿½a,strong-official-publication-candidate,,0,,no-dated-first-page-signal,"Automated first-page signal only. Human validation, pagination and archive-depth research are required before any published metric.",
LK,Sri Lanka,Central Bank of Sri Lanka,central_banking;prudential_supervision,Deposit Insurance and Resolution,https://www.cbsl.gov.lk/en/laws/directions-circulars-guidelines-on-resolution-and-enforcement,https://www.cbsl.gov.lk/en/laws/directions-circulars-guidelines-on-resolution-and-enforcement,reachable,200,"Directions, Circulars, Guidelines and Gazettes for Deposit Insurance and Resolution | Central Bank of Sri Lanka",generic-or-ambiguous-link,,0,,no-dated-first-page-signal,"Automated first-page signal only. Human validation, pagination and archive-depth research are required before any published metric.",
LK,Sri Lanka,Financial Intelligence Unit of Sri Lanka (Sri Lanka FIU),financial_intelligence,Sanctions on TF,http://fiusrilanka.gov.lk/unscr_sanctions_TF.html,http://fiusrilanka.gov.lk/unscr_sanctions_TF.html,reachable,200,Financial Intelligence Unit of Sri Lanka - Sanctions on TF,strong-official-publication-candidate,2026-01;2026-08,2,2026-08,low-frequency-first-page-signal,"Automated first-page signal only. Human validation, pagination and archive-depth research are required before any published metric.",
LK,Sri Lanka,Securities and Exchange Commission of Sri Lanka,securities,United Nations Sanctions,https://www.sec.gov.lk/united-nations-sanctions/,https://www.sec.gov.lk/united-nations-sanctions/,reachable,200,United Nations Sanctions – Securities & Exchange Commission,strong-official-publication-candidate,2024-08;2024-09;2025-06;2025-09;2026-02;2026-03;2026-04;2026-05;2026-07,9,2026-07,periodic-first-page-signal,"Automated first-page signal only. Human validation, pagination and archive-depth research are required before any published metric.",
SR,Suriname,Central Bank of Suriname,central_banking;prudential_supervision;insurance;pensions,Besluit voering Nationale Sanctielijst -SB 2025 No. 53,https://www.cbvs.sr/images/content/2025/DTZ2025/AML-CFT-Wetgeving/Besluit%20voering%20Nationale%20Sanctielijst%20-SB%202025%20No.%2053.pdf,https://www.cbvs.sr/images/content/2025/DTZ2025/AML-CFT-Wetgeving/Besluit%20voering%20Nationale%20Sanctielijst%20-SB%202025%20No.%2053.pdf,reachable,200,,generic-or-ambiguous-link,,0,,no-dated-first-page-signal,"Automated first-page signal only. Human validation, pagination and archive-depth research are required before any published metric.",
SE,Sweden,Finansinspektionen,prudential_supervision;securities;financial_intelligence,FI ger Alecta en varning med sanktionsavgift,https://www.fi.se/sv/publicerat/granskningar/undersokningar/undersokningar-lista/2023/fi-undersoker-alecta2/,https://www.fi.se/sv/publicerat/granskningar/undersokningar/undersokningar-lista/2023/fi-undersoker-alecta2/,reachable,200,FI ger Alecta en varning med sanktionsavgift | Finansinspektionen,strong-official-publication-candidate,,0,,no-dated-first-page-signal,"Automated first-page signal only. Human validation, pagination and archive-depth research are required before any published metric.",
SE,Sweden,Sveriges Riksbank,central_banking;prudential_supervision,"Policy for counteracting money laundering, terrorist financing and violations of international Sanctions",https://www.riksbank.se/en-gb/about-the-riksbank/how-the-riksbank-is-governed/internal-regulatory-framework/policies/policy-for-the-riksbanks-work-to-prevent-money-laundering/,https://www.riksbank.se/en-gb/about-the-riksbank/how-the-riksbank-is-governed/internal-regulatory-framework/policies/policy-for-the-riksbanks-work-to-prevent-money-laundering/,reachable,200,"Policy for the Riksbank's work to prevent money laundering, terrorist financing and violations of international sanctions | Sveriges Riksbank",strong-official-publication-candidate,,0,,no-dated-first-page-signal,"Automated first-page signal only. Human validation, pagination and archive-depth research are required before any published metric.",
CH,Switzerland,Swiss Financial Market Supervisory Authority (FINMA),prudential_supervision;securities;insurance,FINMA-Jahresbericht 2025 Der Jahresbericht beleuchtet die Schwerpunkte der Aufsichtstätigkeit 2025. Weiter stellt die FINMA Angaben zu den Enforcementfällen in einer Datenbank sowie Statistiken auf ihrer Webseite zur Verfügung. Zum Jahresbericht,https://report.finma.ch/2025/de/,https://report.finma.ch/2025/de/,reachable,200,Startseite: FINMA Geschäftsbericht 2025,strong-official-publication-candidate,,0,,no-dated-first-page-signal,"Automated first-page signal only. Human validation, pagination and archive-depth research are required before any published metric.",
CH,Switzerland,Swiss National Bank,central_banking;prudential_supervision,Financial market participants,https://www.snb.ch/en/the-snb/mandates-goals/monetary-policy/decisions,https://www.snb.ch/en/the-snb/mandates-goals/monetary-policy/decisions,reachable,200,The SNB’s monetary policy decisions | Swiss National Bank,generic-or-ambiguous-link,,0,,no-dated-first-page-signal,"Automated first-page signal only. Human validation, pagination and archive-depth research are required before any published metric.",
SY,Syria,Central Bank of Syria,central_banking;prudential_supervision,قرارات,https://cb.gov.sy/index.php?page=list&ex=2&dir=laws&lang=1&lt=3&service=5&act=576,https://cb.gov.sy/index.php?page=list&ex=2&dir=laws&lang=1&lt=3&service=5&act=576,reachable,200,مصرف سورية المركزي,generic-or-ambiguous-link,,0,,no-dated-first-page-signal,"Automated first-page signal only. Human validation, pagination and archive-depth research are required before any published metric.",
TW,Taiwan,Anti-Money Laundering Division (AMLD),financial_intelligence,"Anti-Money Laundering Division (AMLD) CFT Sanctions List, Reference Documents, FATF Public Documents. more",https://www.mjib.gov.tw/mlpcen,https://www.mjib.gov.tw/mlpcen,reachable,200,Prevention of Money Laundering/Terrorist Financing - MJIB-EN-Index,strong-official-publication-candidate,2024-09;2026-07;2026-08,3,2026-08,periodic-first-page-signal,"Automated first-page signal only. Human validation, pagination and archive-depth research are required before any published metric.",
TW,Taiwan,Financial Supervisory Commission,securities;insurance,2026-08-17 合作金庫商業銀行辦理信用卡疑義帳款作業所涉缺失一案，核有違反銀行......,"https://www.fsc.gov.tw/ch/home.jsp?id=131&parentpath=0,2&mcustomize=multimessage_view.jsp&dataserno=202608170002&aplistdn=ou=data,ou=penalty,ou=multisite,ou=chinese,ou=ap_root,o=fsc,c=tw&dtable=Penalty","https://www.fsc.gov.tw/ch/home.jsp?id=131&parentpath=0,2&mcustomize=multimessage_view.jsp&dataserno=202608170002&aplistdn=ou=data,ou=penalty,ou=multisite,ou=chinese,ou=ap_root,o=fsc,c=tw&dtable=Penalty",reachable,200,"裁罰案件-合作金庫商業銀行辦理信用卡疑義帳款作業所涉缺失一案，核有違反銀行法第45條之1第1項及行為時「金融控股公司及銀行業內部控制及稽核制度實施辦法」第3條第1項及第8條第1項規定，依同法第129條第7款規定，核處新臺幣（下同）1,200萬元罰鍰，併依同法第61條之1第1項規定核處予以糾正，及依同條項第2款規定，自本處分書送達翌日起，停止貴行受理新客戶辦理信用卡業務1個月，屆期經本會認可改善情形後始得重新辦理。-金融監督管理委員會全球資訊網",generic-or-ambiguous-link,2026-08,1,2026-08,low-frequency-first-page-signal,"Automated first-page signal only. Human validation, pagination and archive-depth research are required before any published metric.",
TZ,Tanzania,Bank of Tanzania,central_banking;prudential_supervision,Public Notices,https://www.bot.go.tz/PressRelease,https://www.bot.go.tz/PressRelease,reachable,200,Public Notices - Bank of Tanzania,generic-or-ambiguous-link,2025-03,1,2025-03,low-frequency-first-page-signal,"Automated first-page signal only. Human validation, pagination and archive-depth research are required before any published metric.",
TZ,Tanzania,Financial Intelligence Unit (FIU) - Tanzania,financial_intelligence,Guidance and Enforcement,https://www.fiu.go.tz/,https://www.fiu.go.tz/,reachable,200,Home | FIU - Financial Intelligence Unit,strong-official-publication-candidate,2025-05,1,2025-05,low-frequency-first-page-signal,"Automated first-page signal only. Human validation, pagination and archive-depth research are required before any published metric.",
TH,Thailand,Bank of Thailand,central_banking;prudential_supervision,สรุปผลการปรับเป็นพินัยประจำปี สรุปผลการปรับเป็นพินัยตามกฎหมายของ ธปท.,https://www.bot.or.th/th/laws-and-rules/regulatory-fines-report.html,https://www.bot.or.th/th/laws-and-rules/regulatory-fines-report.html,reachable,200,สรุปผลการปรับเป็นพินัยประจำปี,generic-or-ambiguous-link,,0,,no-dated-first-page-signal,"Automated first-page signal only. Human validation, pagination and archive-depth research are required before any published metric.",
GM,The Gambia,Central Bank of The Gambia,central_banking;prudential_supervision,Bonds Notices,http://www.cbg.gm/bonds-notices,http://www.cbg.gm/bonds-notices,challenge-protected,200,Bonds Notices - Central Bank of The Gambia,not-observable,,0,,not-observable,"Automated first-page signal only. Human validation, pagination and archive-depth research are required before any published metric.",
TG,Togo,Central Bank of West African States (BCEAO),central_banking;prudential_supervision,Legal Notice,https://www.bceao.int/en,https://www.bceao.int/en,reachable,200,BCEAO | Banque Centrale des Etats de l’Afrique de l’Ouest,generic-or-ambiguous-link,2026-03;2026-05;2026-06;2026-07,4,2026-07,periodic-first-page-signal,"Automated first-page signal only. Human validation, pagination and archive-depth research are required before any published metric.",
TG,Togo,Conférence Interafricaine des Marchés d'Assurances (CIMA),insurance,Décisions du Conseil des Ministres des Assurances,https://cima-afrique.org/decisions-du-cma/,https://cima-afrique.org/decisions-du-cma/,reachable,200,Décisions du CMA – CIMA,generic-or-ambiguous-link,2026-07,1,2026-07,low-frequency-first-page-signal,"Automated first-page signal only. Human validation, pagination and archive-depth research are required before any published metric.",
TO,Tonga,National Reserve Bank of Tonga,central_banking;prudential_supervision,Public Notice: COUNTERFEIT $100 PA’ANGA BANKNOTES IN CIRCULATION,https://www.reservebank.to/index.php/news/public-notice-counterfeit-100-paanga-banknotes-in-circulation,https://www.reservebank.to/index.php/news/public-notice-counterfeit-100-paanga-banknotes-in-circulation,reachable,200,Public Notice: COUNTERFEIT $100 PA’ANGA BANKNOTES IN CIRCULATION,generic-or-ambiguous-link,,0,,no-dated-first-page-signal,"Automated first-page signal only. Human validation, pagination and archive-depth research are required before any published metric.",
TT,Trinidad and Tobago,Central Bank of Trinidad and Tobago,central_banking;prudential_supervision;insurance;pensions,Read More,https://www.central-bank.org.tt/notice-insurance-act-2018-as-amended-5/,https://www.central-bank.org.tt/notice-insurance-act-2018-as-amended-5/,reachable,200,Notice Insurance Act 2018 (As Amended) - Central Bank of Trinidad and Tobago,generic-or-ambiguous-link,2026-03,1,2026-03,low-frequency-first-page-signal,"Automated first-page signal only. Human validation, pagination and archive-depth research are required before any published metric.",
TT,Trinidad and Tobago,Financial Intelligence Unit of Trinidad and Tobago (FIUTT),financial_intelligence,Enforcement,https://fiu.gov.tt/reporting/enforcement/,https://fiu.gov.tt/reporting/enforcement/,challenge-protected,200,Enforcement – Financial Intelligence Unit,not-observable,,0,,not-observable,"Automated first-page signal only. Human validation, pagination and archive-depth research are required before any published metric.",
TT,Trinidad and Tobago,Trinidad and Tobago Securities and Exchange Commission,securities,Enforcement,https://www.ttsec.org.tt/enforcement/,https://www.ttsec.org.tt/enforcement/,reachable,200,Enforcement - TTSEC | You Invest. We protect. Everyone Benefits!,strong-official-publication-candidate,,0,,no-dated-first-page-signal,"Automated first-page signal only. Human validation, pagination and archive-depth research are required before any published metric.",
TN,Tunisia,Conseil du marché financier,securities,Liste récapitulative des sanctions du conseil de sécurité de l’ONU,https://www.un.org/securitycouncil/fr/content/un-sc-consolidated-list,https://main.un.org/securitycouncil/fr/content/un-sc-consolidated-list,reachable,200,Liste récapitulative du Conseil de sécurité des Nations Unies | Conseil de sécurité,strong-official-publication-candidate,2026-08,1,2026-08,low-frequency-first-page-signal,"Automated first-page signal only. Human validation, pagination and archive-depth research are required before any published metric.",
TN,Tunisia,"Ministère des Finances, Comité Général des Assurances",insurance,تراتيب وقرارات مجلس الهيئة,https://www.cga.gov.tn/index.php?id=33,https://www.cga.gov.tn/index.php?id=33,reachable,200,CGA: تراتيب وقرارات مجلس الهيئة,generic-or-ambiguous-link,,0,,no-dated-first-page-signal,"Automated first-page signal only. Human validation, pagination and archive-depth research are required before any published metric.",
TC,Turks and Caicos Islands,Financial Intelligence Agency of the Turks and Caicos Islands (FIA-TCI),financial_intelligence,Traffic Enforcement Unit,https://www.tcipolice.tc/traffic-enforcement-unit/,https://www.tcipolice.tc/traffic-enforcement-unit/,reachable,200,Traffic Enforcement Unit - Royal Turks and Caicos Island Police,strong-official-publication-candidate,,0,,no-dated-first-page-signal,"Automated first-page signal only. Human validation, pagination and archive-depth research are required before any published metric.",
TC,Turks and Caicos Islands,Financial Services Commission,prudential_supervision;securities,More Sanctions,https://www.tcifsc.tc/sanctions,https://www.tcifsc.tc/sanctions,reachable,200,Turks and Caicos Islands Financial Services Commission | Sanctions,strong-official-publication-candidate,,0,,no-dated-first-page-signal,"Automated first-page signal only. Human validation, pagination and archive-depth research are required before any published metric.",
UG,Uganda,Capital Markets Authority,securities,Enforcement,https://cmauganda.co.ug/,https://cmauganda.co.ug/,reachable,200,Protecting Your Investment - Capital Markets Authority,strong-official-publication-candidate,2026-04;2026-05;2026-06;2026-07,4,2026-07,periodic-first-page-signal,"Automated first-page signal only. Human validation, pagination and archive-depth research are required before any published metric.",
UG,Uganda,Insurance Regulatory Authority of Uganda,insurance,BID Notices,https://ira.go.ug/new-tenders/,https://ira.go.ug/new-tenders/,reachable,200,BID Notices - The Insurance Regulatory Authority of Uganda,generic-or-ambiguous-link,,0,,no-dated-first-page-signal,"Automated first-page signal only. Human validation, pagination and archive-depth research are required before any published metric.",
UG,Uganda,Uganda Retirement Benefits Regulatory Authority,pensions,NOTICES,https://urbra.go.ug/notices/,https://urbra.go.ug/notices/,reachable,200,NOTICES - URBRA,generic-or-ambiguous-link,,0,,no-dated-first-page-signal,"Automated first-page signal only. Human validation, pagination and archive-depth research are required before any published metric.",
UA,Ukraine,National Bank of Ukraine,central_banking;prudential_supervision;insurance,Notice,https://bank.gov.ua/en/news/press,https://bank.gov.ua/en/news/press,reachable,200,Notice,generic-or-ambiguous-link,,0,,no-dated-first-page-signal,"Automated first-page signal only. Human validation, pagination and archive-depth research are required before any published metric.",
AE,United Arab Emirates,United Arab Emirates Financial Intelligence Unit (UAEFIU),financial_intelligence,Our Mandate The legal powers and competencies that define the UAEFIU's role under UAE law.,https://uaefiu.gov.ae/en/about/our-mandate/,https://uaefiu.gov.ae/en/about/our-mandate/,reachable,200,Our Mandate,plausible-official-publication-candidate,,0,,no-dated-first-page-signal,"Automated first-page signal only. Human validation, pagination and archive-depth research are required before any published metric.",
GB,United Kingdom,Bank of England,central_banking;prudential_supervision;insurance,The Bank of England’s approach to enforcement,https://www.bankofengland.co.uk/prudential-regulation/the-bank-of-england-enforcement,https://www.bankofengland.co.uk/prudential-regulation/the-bank-of-england-enforcement,reachable,200,The Bank of England’s approach to enforcement | Bank of England,strong-official-publication-candidate,2024-01;2024-05;2024-08;2024-09;2024-12;2025-04;2025-07;2025-12;2026-03;2026-07,10,2026-07,periodic-first-page-signal,"Automated first-page signal only. Human validation, pagination and archive-depth research are required before any published metric.",
GB,United Kingdom,The Financial Conduct Authority,prudential_supervision;securities;insurance,Enforcement,https://www.fca.org.uk/about/how-we-regulate/enforcement,https://www.fca.org.uk/about/how-we-regulate/enforcement,reachable,200,Enforcement | FCA,strong-official-publication-candidate,2024-04,1,2024-04,no-dated-first-page-signal,"Automated first-page signal only. Human validation, pagination and archive-depth research are required before any published metric.",
GB,United Kingdom,The Pensions Regulator,pensions,DC or climate change penalty notices,https://www.thepensionsregulator.gov.uk/trustees/penalty-notices,https://www.thepensionsregulator.gov.uk/trustees/penalty-notices,reachable,200,DC or climate change penalty notices,strong-official-publication-candidate,,0,,no-dated-first-page-signal,"Automated first-page signal only. Human validation, pagination and archive-depth research are required before any published metric.",
GB,United Kingdom,UK  Financial Intelligence Unit (UKFIU),financial_intelligence,"Bribery, corruption and sanctions evasion",https://www.nationalcrimeagency.gov.uk/what-we-do/crime-threats/bribery-corruption-and-sanctions-evasion,https://www.nationalcrimeagency.gov.uk/what-we-do/crime-threats/bribery-corruption-and-sanctions-evasion,reachable,200,"Bribery, corruption and sanctions evasion - National Crime Agency",strong-official-publication-candidate,,0,,no-dated-first-page-signal,"Automated first-page signal only. Human validation, pagination and archive-depth research are required before any published metric.",
US,United States,Board of Governors of the Federal Reserve System,central_banking;prudential_supervision;insurance,Enforcement Actions,https://www.federalreserve.gov/apps/enforcementactions/default.aspx,https://www.federalreserve.gov/supervisionreg/enforcementactions.htm,reachable,200,The Fed - Enforcement Actions,strong-official-publication-candidate,,0,,no-dated-first-page-signal,"Automated first-page signal only. Human validation, pagination and archive-depth research are required before any published metric.",
US,United States,Commodity Futures Trading Commission*,securities,Check Registration & Disciplinary History,https://www.cftc.gov/check,https://www.cftc.gov/check,reachable,200,Be Smart: Check Registration & Backgrounds Before You Trade | CFTC,strong-official-publication-candidate,,0,,no-dated-first-page-signal,"Automated first-page signal only. Human validation, pagination and archive-depth research are required before any published metric.",
US,United States,Department of Labor,pensions,Privacy & Security Statement,https://www.dol.gov/general/privacynotice,https://www.dol.gov/general/privacynotice,reachable,200,Privacy and Security Statement | U.S. Department of Labor,generic-or-ambiguous-link,,0,,no-dated-first-page-signal,"Automated first-page signal only. Human validation, pagination and archive-depth research are required before any published metric.",
US,United States,Federal Reserve Bank of Chicago,central_banking,Legal Notices,https://www.chicagofed.org/utilities/legal-notices,https://www.chicagofed.org/utilities/legal-notices,reachable,200,Legal Notices - Federal Reserve Bank of Chicago,plausible-official-publication-candidate,,0,,no-dated-first-page-signal,"Automated first-page signal only. Human validation, pagination and archive-depth research are required before any published metric.",
US,United States,Federal Reserve Bank of Cleveland,central_banking,Application Filings and Notices,https://www.clevelandfed.org/banking-and-payments/applications,https://www.clevelandfed.org/banking-and-payments/applications,reachable,200,Application Filings and Notices,generic-or-ambiguous-link,,0,,no-dated-first-page-signal,"Automated first-page signal only. Human validation, pagination and archive-depth research are required before any published metric.",
US,United States,Federal Reserve Bank of Dallas,central_banking,Privacy Notice,https://www.dallasfed.org/fed/privacy,https://www.dallasfed.org/fed/privacy,reachable,200,General Reserve Bank data privacy notice - Dallasfed.org,plausible-official-publication-candidate,,0,,no-dated-first-page-signal,"Automated first-page signal only. Human validation, pagination and archive-depth research are required before any published metric.",
US,United States,Federal Reserve Bank of Philadelphia,central_banking,Privacy Notice,https://www.philadelphiafed.org/about-us/privacy-notice,https://www.philadelphiafed.org/about-us/privacy-notice,reachable,200,Privacy Notice,plausible-official-publication-candidate,,0,,no-dated-first-page-signal,"Automated first-page signal only. Human validation, pagination and archive-depth research are required before any published metric.",
US,United States,Federal Reserve Bank of St Louis,central_banking,Application Filings and Notices,https://www.stlouisfed.org/bank-supervision/applications-and-notices,https://www.stlouisfed.org/bank-supervision/applications-and-notices,reachable,200,Application Filings and Notices | St. Louis Fed,generic-or-ambiguous-link,,0,,no-dated-first-page-signal,"Automated first-page signal only. Human validation, pagination and archive-depth research are required before any published metric.",
US,United States,New York State Department of Financial Services,prudential_supervision,Enforcement & Discipline,https://www.dfs.ny.gov/industry_guidance/enforcement_actions,https://www.dfs.ny.gov/industry_guidance/enforcement_actions,reachable,200,"Banking, Other Financial Products and Services | Department of Financial Services",strong-official-publication-candidate,,0,,no-dated-first-page-signal,"Automated first-page signal only. Human validation, pagination and archive-depth research are required before any published metric.",
US,United States,Office of the Comptroller of the Currency,prudential_supervision,Enforcement Actions Search,https://apps.occ.gov/EASearch,https://apps.occ.gov/EASearch,reachable,200,Enforcement Actions Search | OCC,strong-official-publication-candidate,,0,,no-dated-first-page-signal,"Automated first-page signal only. Human validation, pagination and archive-depth research are required before any published metric.",
US,United States,Securities and Exchange Commission*,securities,Enforcement & Litigation,https://www.sec.gov/enforcement-litigation,https://www.sec.gov/enforcement-litigation,reachable,200,SEC.gov | Enforcement and Litigation,strong-official-publication-candidate,,0,,no-dated-first-page-signal,"Automated first-page signal only. Human validation, pagination and archive-depth research are required before any published metric.",
UZ,Uzbekistan,Central Bank of the Republic of Uzbekistan,central_banking;prudential_supervision,Executive discipline,https://cbu.uz/en/services/task-execution-states/,https://cbu.uz/en/services/task-execution-states/,reachable,200,Executive discipline - The Central Bank of the Republic of Uzbekistan,strong-official-publication-candidate,2026-05,1,2026-05,low-frequency-first-page-signal,"Automated first-page signal only. Human validation, pagination and archive-depth research are required before any published metric.",
VU,Vanuatu,Vanuatu Financial Services Commission,prudential_supervision,"Fees, Help and Support",https://www.vfsc.vu/companies-fees-and-penalties/,https://www.vfsc.vu/companies-fees-and-penalties/,reachable,200,"Fees, Help & Support - Vanuatu Financial Services Commission (VFSC)",strong-official-publication-candidate,,0,,no-dated-first-page-signal,"Automated first-page signal only. Human validation, pagination and archive-depth research are required before any published metric.",
ZM,Zambia,Securities and Exchange Commission,securities,Enforcement Actions,https://www.seczambia.org.zm/investor-protection/enforcement-actions/,https://www.seczambia.org.zm/investor-protection/enforcement-actions/,reachable,200,Enforcement Actions - Securities and Exchange Commission (SEC),strong-official-publication-candidate,,0,,no-dated-first-page-signal,"Automated first-page signal only. Human validation, pagination and archive-depth research are required before any published metric.",
ZW,Zimbabwe,Insurance and Pensions Commission (IPEC),insurance;pensions,Read more,https://ipec.co.zw/local-news/notice-of-cancellation-of-orchid-funeral-assurance-company-registration-pursuant-to-section-23-of-the-insurance-act-chapter-2407/,https://ipec.co.zw/local-news/notice-of-cancellation-of-orchid-funeral-assurance-company-registration-pursuant-to-section-23-of-the-insurance-act-chapter-2407/,challenge-protected,200,NOTICE OF CANCELLATION OF ORCHID FUNERAL ASSURANCE COMPANY REGISTRATION PURSUANT TO SECTION 23 OF THE INSURANCE ACT [CHAPTER 24:07] – IPEC,not-observable,2024-01;2024-02;2024-03;2024-04;2024-05;2024-07;2024-10;2025-02;2025-03;2025-04;2025-06;2025-07;2025-09;2025-10;2025-11;2025-12;2026-02;2026-05;2026-06,19,2026-06,not-observable,"Automated first-page signal only. Human validation, pagination and archive-depth research are required before any published metric.",
