iso2,iso3,country,region,subregion,authority_evidence_state,authority_count,mapped_roles,ecosystem_research_depth,fatf_direct_member,fsrb_membership,regactions_coverage_state,live_regulators,pipeline_regulators,live_observed_records,latest_observed_action,discovered_official_publication_candidates,candidate_publication_urls,cadence_pages_observed,cadence_pages_with_dates,strong_official_publication_candidates,plausible_official_publication_candidates,provisional_cadence_signals,next_research,evidence_note,external_evidence_url
DZ,DZA,Algeria,Africa,North Africa,local-authority-evidence,3,central_banking;financial_intelligence;prudential_supervision;securities,moderate,false,MENAFATF,ecosystem-mapped-no-validated-feed,,,0,,2,https://cosob.dz/decisions-et-visas/;https://cosob.dz/emetteurs/notice-dinformation/,1,1,0,0,no-dated-first-page-signal,Locate official enforcement/disciplinary publication routes for each mapped sector authority; record genuine non-publication explicitly.,,
AO,AGO,Angola,Africa,Central Africa,local-authority-evidence,4,central_banking;financial_intelligence;insurance;pensions;prudential_supervision;securities,broad,false,ESAAMLG,ecosystem-mapped-no-validated-feed,,,0,,17,https://www.arseg.ao/;https://www.arseg.ao/publicacoes/actividade-sancionatoria/2023/;https://www.arseg.ao/publicacoes/actividade-sancionatoria/2024/;https://www.arseg.ao/publicacoes/actividade-sancionatoria/2025/;https://www.arseg.ao/publicacoes/actividade-sancionatoria/2026/;https://www.arseg.ao/noticias/relat%C3%B3rio-da-actividade-sancionat%C3%B3ria-i-%C2%BA-semestre-de-2026/;https://www.arseg.ao/noticias/relat%C3%B3rio-da-actividade-sancionat%C3%B3ria-ii%C2%BA-semestre-2025/;https://www.arseg.ao/noticias/decisao-do-processo-de-transgressao-a-entidade-alianca-seguros-s-a/;https://www.arseg.ao/noticias/comunicado-da-decisao-em-processo-de-transgressao-da-sol-seguros-s-a/;https://www.arseg.ao/noticias/relat%C3%B3rio-da-actividade-sancionat%C3%B3ria-i%C2%BA-semestre-2025/;https://www.arseg.ao/noticias/comunicado-da-decisao-em-processo-de-transgressao-da-bic-seguros-s-a-1/;https://www.arseg.ao/noticias/relatorio-de-processos-sancionatorios-de-2024/,3,1,2,0,low-frequency-first-page-signal;no-dated-first-page-signal;not-observable,Locate official enforcement/disciplinary publication routes for each mapped sector authority; record genuine non-publication explicitly.,,
BJ,BEN,Benin,Africa,West Africa,local-authority-evidence,4,central_banking;financial_intelligence;insurance;prudential_supervision;securities,broad,false,GIABA,ecosystem-mapped-no-validated-feed,,,0,,3,https://www.bceao.int/en;https://cima-afrique.org/decisions-du-cma/;https://cima-afrique.org/decisions-de-la-crca/,2,2,0,0,low-frequency-first-page-signal;periodic-first-page-signal,Locate official enforcement/disciplinary publication routes for each mapped sector authority; record genuine non-publication explicitly.,,
BW,BWA,Botswana,Africa,Southern Africa,local-authority-evidence,3,central_banking;financial_intelligence;insurance;pensions;prudential_supervision,broad,false,ESAAMLG,ecosystem-mapped-no-validated-feed,,,0,,3,http://www.bankofbotswana.bw/sites/default/files/press-release-files/Public%20Notice%20-%20Lower%20Denomination%20Coin%20Cirulation.pdf;https://www.finance.gov.bw/index.php?Itemid=466&option=com_content&view=category&id=58;https://www.nbfira.org.bw/news/notice-of-evaluated-technical-bids-tender-no-nbfira-001-26-27/,3,1,0,0,frequent-first-page-signal;no-dated-first-page-signal;not-observable,Locate official enforcement/disciplinary publication routes for each mapped sector authority; record genuine non-publication explicitly.,,
BF,BFA,Burkina Faso,Africa,West Africa,local-authority-evidence,4,central_banking;financial_intelligence;insurance;prudential_supervision;securities,broad,false,GIABA,ecosystem-mapped-no-validated-feed,,,0,,3,https://www.bceao.int/en;https://cima-afrique.org/decisions-du-cma/;https://cima-afrique.org/decisions-de-la-crca/,2,2,0,0,low-frequency-first-page-signal;periodic-first-page-signal,Locate official enforcement/disciplinary publication routes for each mapped sector authority; record genuine non-publication explicitly.,,
BI,BDI,Burundi,Africa,East Africa,local-authority-evidence,2,central_banking;insurance;prudential_supervision,moderate,false,ESAAMLG,ecosystem-mapped-no-validated-feed,,,0,,0,,0,0,0,0,,Locate official enforcement/disciplinary publication routes for each mapped sector authority; record genuine non-publication explicitly.,,
CV,CPV,Cabo Verde,Africa,West Africa,local-authority-evidence,2,central_banking;financial_intelligence;insurance;prudential_supervision;securities,broad,false,GIABA,ecosystem-mapped-no-validated-feed,,,0,,0,,0,0,0,0,,Locate official enforcement/disciplinary publication routes for each mapped sector authority; record genuine non-publication explicitly.,,
CM,CMR,Cameroon,Africa,Central Africa,local-authority-evidence,4,central_banking;financial_intelligence;insurance;securities,moderate,false,GABAC,ecosystem-mapped-no-validated-feed,,,0,,5,https://www.beac.int/politique-monetaire/decisions-de-politique-monetaire/;https://www.beac.int/p-des-changes/circulaires-et-decisions/;https://cima-afrique.org/decisions-du-cma/;https://cima-afrique.org/decisions-de-la-crca/;https://anif.cm/liste-des-sanctions-financieres-ciblees/,3,2,1,0,low-frequency-first-page-signal;not-observable,Locate official enforcement/disciplinary publication routes for each mapped sector authority; record genuine non-publication explicitly.,,
CF,CAF,Central African Republic,Africa,Central Africa,local-authority-evidence,3,central_banking;insurance;prudential_supervision;securities,moderate,false,GABAC,ecosystem-mapped-no-validated-feed,,,0,,4,https://www.beac.int/politique-monetaire/decisions-de-politique-monetaire/;https://www.beac.int/p-des-changes/circulaires-et-decisions/;https://cima-afrique.org/decisions-du-cma/;https://cima-afrique.org/decisions-de-la-crca/,2,1,0,0,low-frequency-first-page-signal;not-observable,Locate official enforcement/disciplinary publication routes for each mapped sector authority; record genuine non-publication explicitly.,,
TD,TCD,Chad,Africa,Central Africa,local-authority-evidence,4,central_banking;financial_intelligence;insurance;securities,moderate,false,GABAC,ecosystem-mapped-no-validated-feed,,,0,,4,https://www.beac.int/politique-monetaire/decisions-de-politique-monetaire/;https://www.beac.int/p-des-changes/circulaires-et-decisions/;https://cima-afrique.org/decisions-du-cma/;https://cima-afrique.org/decisions-de-la-crca/,2,1,0,0,low-frequency-first-page-signal;not-observable,Locate official enforcement/disciplinary publication routes for each mapped sector authority; record genuine non-publication explicitly.,,
KM,COM,Comoros,Africa,East Africa,local-authority-evidence,1,central_banking;prudential_supervision,limited,false,GIABA,ecosystem-mapped-no-validated-feed,,,0,,1,https://banque-comores.km/page/show/decisions-du-conseil-dadministration,1,0,0,0,no-dated-first-page-signal,Locate official enforcement/disciplinary publication routes for each mapped sector authority; record genuine non-publication explicitly.,,
CG,COG,Republic of the Congo,Africa,Central Africa,local-authority-evidence,4,central_banking;financial_intelligence;insurance;securities,moderate,false,GABAC,ecosystem-mapped-no-validated-feed,,,0,,4,https://www.beac.int/politique-monetaire/decisions-de-politique-monetaire/;https://www.beac.int/p-des-changes/circulaires-et-decisions/;https://cima-afrique.org/decisions-du-cma/;https://cima-afrique.org/decisions-de-la-crca/,2,1,0,0,low-frequency-first-page-signal;not-observable,Locate official enforcement/disciplinary publication routes for each mapped sector authority; record genuine non-publication explicitly.,,
CD,COD,Democratic Republic of the Congo,Africa,Central Africa,local-authority-evidence,3,central_banking;financial_intelligence;insurance;prudential_supervision,moderate,false,GABAC,ecosystem-mapped-no-validated-feed,,,0,,0,,0,0,0,0,,Locate official enforcement/disciplinary publication routes for each mapped sector authority; record genuine non-publication explicitly.,,
CI,CIV,Côte d'Ivoire,Africa,West Africa,local-authority-evidence,4,central_banking;financial_intelligence;insurance;prudential_supervision;securities,broad,false,GIABA,ecosystem-mapped-no-validated-feed,,,0,,6,https://cima-afrique.org/decisions-du-cma/;https://cima-afrique.org/decisions-de-la-crca/;https://www.centif.ci/cadre-juridique/sanctions-financieres-ciblees-tf-et-pf/;https://www.centif.ci/liste-des-sanctions/;https://www.un.org/sg/en/content/sg/notes-correspondents/2025-09-28/note-correspondents-re-application-of-resolutions-1696-%282006%29-1737-%282006%29-1747-%282007%29-1803-%282008%29-1835-%282008%29-and-1929-%282010%29-concerning-the-islamic;https://www.centif.ci/blanchiment-la-fintech-du-createur-de-twitter-ecope-dune-amende-de-40-millions-de-dollars/,2,2,1,0,low-frequency-first-page-signal,Locate official enforcement/disciplinary publication routes for each mapped sector authority; record genuine non-publication explicitly.,,
DJ,DJI,Djibouti,Africa,East Africa,local-authority-evidence,1,central_banking;prudential_supervision,limited,false,MENAFATF,ecosystem-mapped-no-validated-feed,,,0,,0,,0,0,0,0,,Locate official enforcement/disciplinary publication routes for each mapped sector authority; record genuine non-publication explicitly.,,
EG,EGY,Egypt,Africa,North Africa,local-authority-evidence,3,central_banking;financial_intelligence;insurance;pensions;prudential_supervision;securities,broad,false,MENAFATF,ecosystem-mapped-no-validated-feed,,,0,,0,,0,0,0,0,,Locate official enforcement/disciplinary publication routes for each mapped sector authority; record genuine non-publication explicitly.,,
GQ,GNQ,Equatorial Guinea,Africa,Central Africa,local-authority-evidence,4,central_banking;financial_intelligence;insurance;securities,moderate,false,GABAC,ecosystem-mapped-no-validated-feed,,,0,,4,https://www.beac.int/politique-monetaire/decisions-de-politique-monetaire/;https://www.beac.int/p-des-changes/circulaires-et-decisions/;https://cima-afrique.org/decisions-du-cma/;https://cima-afrique.org/decisions-de-la-crca/,2,1,0,0,low-frequency-first-page-signal;not-observable,Locate official enforcement/disciplinary publication routes for each mapped sector authority; record genuine non-publication explicitly.,,
ER,ERI,Eritrea,Africa,East Africa,local-authority-evidence,1,prudential_supervision,limited,false,ESAAMLG,ecosystem-mapped-no-validated-feed,,,0,,0,,0,0,0,0,,Locate official enforcement/disciplinary publication routes for each mapped sector authority; record genuine non-publication explicitly.,,
SZ,SWZ,Eswatini,Africa,Southern Africa,local-authority-evidence,3,central_banking;financial_intelligence;insurance;pensions;prudential_supervision,broad,false,ESAAMLG,ecosystem-mapped-no-validated-feed,,,0,,14,https://www.efic.org.sz/compliance/enforcement/;https://www.efic.org.sz/media/notices/;https://main.un.org/securitycouncil/en/content/un-sc-consolidated-list;https://www.fsra.co.sz/enforcement-notices/;https://www.fsra.co.sz/docs/Public_Notice_Fairtree.pdf;https://www.fsra.co.sz/docs/Public%20Notice_Pulse%20Glide.pdf;https://www.fsra.co.sz/docs/fsrainsika.jpg;https://www.fsra.co.sz/docs/doc02903620211209112016.pdf;https://www.fsra.co.sz/enforcement-notices/docs/Public_Notice_Fairtree.pdf;https://www.fsra.co.sz/enforcement-notices/docs/Public%20Notice_Pulse%20Glide.pdf;https://www.fsra.co.sz/enforcement-notices/docs/fsrainsika.jpg;https://www.fsra.co.sz/enforcement-notices/docs/Termination%20of%20license%202.pdf,2,1,2,0,low-frequency-first-page-signal;no-dated-first-page-signal,Locate official enforcement/disciplinary publication routes for each mapped sector authority; record genuine non-publication explicitly.,,
ET,ETH,Ethiopia,Africa,East Africa,local-authority-evidence,2,central_banking;financial_intelligence;prudential_supervision,moderate,false,ESAAMLG,ecosystem-mapped-no-validated-feed,,,0,,1,https://nbe.gov.et/public-notice-2/,1,0,0,0,no-dated-first-page-signal,Locate official enforcement/disciplinary publication routes for each mapped sector authority; record genuine non-publication explicitly.,,
GA,GAB,Gabon,Africa,Central Africa,local-authority-evidence,4,central_banking;financial_intelligence;insurance;securities,moderate,false,GABAC,ecosystem-mapped-no-validated-feed,,,0,,4,https://www.beac.int/politique-monetaire/decisions-de-politique-monetaire/;https://www.beac.int/p-des-changes/circulaires-et-decisions/;https://cima-afrique.org/decisions-du-cma/;https://cima-afrique.org/decisions-de-la-crca/,2,1,0,0,low-frequency-first-page-signal;not-observable,Locate official enforcement/disciplinary publication routes for each mapped sector authority; record genuine non-publication explicitly.,,
GM,GMB,The Gambia,Africa,West Africa,local-authority-evidence,2,central_banking;financial_intelligence;prudential_supervision,moderate,false,GIABA,ecosystem-mapped-no-validated-feed,,,0,,3,http://www.cbg.gm/policy-rate-decisions;http://www.cbg.gm/treasury-bills-notices;http://www.cbg.gm/bonds-notices,1,0,0,0,not-observable,Locate official enforcement/disciplinary publication routes for each mapped sector authority; record genuine non-publication explicitly.,,
GH,GHA,Ghana,Africa,West Africa,local-authority-evidence,5,central_banking;financial_intelligence;insurance;pensions;prudential_supervision;securities,broad,false,GIABA,live,GHSEC,,68,2026-03-31T00:00:00.000Z,5,https://npra.gov.gh/news-and-events/public-notices/;https://npra.gov.gh/news-and-events/public-notices/public-notice-on-approved-schemes-2/;https://npra.gov.gh/news-and-events/public-notices/public-notice-on-licensed-individual-trustees-in-good-standing-as-of-the-month-ending-2026/;https://npra.gov.gh/news-and-events/public-notices/notice-of-new-fees-and-charges2026/;https://npra.gov.gh/news-and-events/public-notices/new-post-page-5/,1,0,0,0,no-dated-first-page-signal,Calibrate publication transparency and coverage confidence; preserve regulator-specific cadence contract.,,
GN,GIN,Guinea,Africa,West Africa,local-authority-evidence,1,central_banking;prudential_supervision,limited,false,GIABA,ecosystem-mapped-no-validated-feed,,,0,,0,,0,0,0,0,,Locate official enforcement/disciplinary publication routes for each mapped sector authority; record genuine non-publication explicitly.,,
GW,GNB,Guinea-Bissau,Africa,West Africa,local-authority-evidence,3,central_banking;insurance;prudential_supervision;securities,moderate,false,GIABA,ecosystem-mapped-no-validated-feed,,,0,,3,https://www.bceao.int/en;https://cima-afrique.org/decisions-du-cma/;https://cima-afrique.org/decisions-de-la-crca/,2,2,0,0,low-frequency-first-page-signal;periodic-first-page-signal,Locate official enforcement/disciplinary publication routes for each mapped sector authority; record genuine non-publication explicitly.,,
KE,KEN,Kenya,Africa,East Africa,local-authority-evidence,5,central_banking;financial_intelligence;insurance;pensions;prudential_supervision;securities,broad,false,ESAAMLG,ecosystem-mapped-no-validated-feed,,,0,,5,https://www.centralbank.go.ke/releases/public-notices/;https://www.ira.go.ke/resource/public-notice-placement-of-kenyan-insurance-business-with-unlincensed-insurers;https://www.ira.go.ke/legal-notices/?_t=1510;https://www.rba.go.ke/news-and-events/;https://www.rba.go.ke/notice-2026-knbs-survey-of-other-financial-corporations-ofcs/,3,2,0,0,active-first-page-signal;low-frequency-first-page-signal;not-observable,Locate official enforcement/disciplinary publication routes for each mapped sector authority; record genuine non-publication explicitly.,,
LS,LSO,Lesotho,Africa,Southern Africa,local-authority-evidence,3,central_banking;financial_intelligence;insurance;pensions;prudential_supervision,broad,false,ESAAMLG,ecosystem-mapped-no-validated-feed,,,0,,1,https://www.un.org/securitycouncil/sanctions/1267/aq_sanctions_list,1,1,1,0,low-frequency-first-page-signal,Locate official enforcement/disciplinary publication routes for each mapped sector authority; record genuine non-publication explicitly.,,
LR,LBR,Liberia,Africa,West Africa,local-authority-evidence,2,central_banking;financial_intelligence,limited,false,GIABA,ecosystem-mapped-no-validated-feed,,,0,,3,https://www.cbl.org.lr/publications/document-type/mpc-decisions;https://www.fialiberia.gov.lr/law-enforcement-agencies/;http://moj.gov.lr/agencies/dea/,2,1,0,0,not-observable;periodic-first-page-signal,Locate official enforcement/disciplinary publication routes for each mapped sector authority; record genuine non-publication explicitly.,,
LY,LBY,Libya,Africa,North Africa,local-authority-evidence,1,central_banking;prudential_supervision,limited,false,MENAFATF,ecosystem-mapped-no-validated-feed,,,0,,0,,0,0,0,0,,Locate official enforcement/disciplinary publication routes for each mapped sector authority; record genuine non-publication explicitly.,,
MG,MDG,Madagascar,Africa,East Africa,local-authority-evidence,2,central_banking;financial_intelligence;prudential_supervision,moderate,false,ESAAMLG,ecosystem-mapped-no-validated-feed,,,0,,3,https://www.samifin.gov.mg/;https://www.samifin.gov.mg/index.php/renforcement-des-capacites-nationales-en-matiere-dinvestigation-des-actifs-virtuels;https://www.samifin.gov.mg/renforcement-des-capacites-nationales-en-matiere-dinvestigation-des-actifs-virtuels,1,1,1,0,periodic-first-page-signal,Locate official enforcement/disciplinary publication routes for each mapped sector authority; record genuine non-publication explicitly.,,
MW,MWI,Malawi,Africa,East Africa,local-authority-evidence,3,central_banking;financial_intelligence;insurance;pensions;prudential_supervision;securities,broad,false,ESAAMLG,ecosystem-mapped-no-validated-feed,,,0,,4,https://fia.gov.mw/publications/Supression%20of%20TF%20and%20Proliferation%20Regulations-Director.pdf;https://www.rbm.mw/Home/GetContentFile/?ContentID=63660;https://www.rbm.mw/;https://www.rbm.mw/FinancialMarkets/TreasuryBills/,2,1,0,0,no-dated-first-page-signal;periodic-first-page-signal,Locate official enforcement/disciplinary publication routes for each mapped sector authority; record genuine non-publication explicitly.,,
ML,MLI,Mali,Africa,West Africa,local-authority-evidence,4,central_banking;financial_intelligence;insurance;prudential_supervision;securities,broad,false,GIABA,ecosystem-mapped-no-validated-feed,,,0,,3,https://www.bceao.int/en;https://cima-afrique.org/decisions-du-cma/;https://cima-afrique.org/decisions-de-la-crca/,2,2,0,0,low-frequency-first-page-signal;periodic-first-page-signal,Locate official enforcement/disciplinary publication routes for each mapped sector authority; record genuine non-publication explicitly.,,
MR,MRT,Mauritania,Africa,West Africa,local-authority-evidence,2,central_banking;prudential_supervision;securities,moderate,false,MENAFATF,ecosystem-mapped-no-validated-feed,,,0,,0,,0,0,0,0,,Locate official enforcement/disciplinary publication routes for each mapped sector authority; record genuine non-publication explicitly.,,
MU,MUS,Mauritius,Africa,East Africa,local-authority-evidence,3,central_banking;financial_intelligence;insurance;pensions;prudential_supervision;securities,broad,false,ESAAMLG,ecosystem-mapped-no-validated-feed,,,0,,17,https://www.bom.mu/monetary-policy/interest-rate-decisions;https://www.bom.mu/financial-stability/amlcft/implementation-targeted-sanctions;https://www.bom.mu/markets/market-notices;https://www.bom.mu/markets/open-market-operations/issue-of-bank-of-mauritius-securities/bom-bills/notice-of-tender;https://www.bom.mu/markets/money-market/primary-dealing-system/notices-and-communiques;https://www.bom.mu/markets/government-of-mauritius-securities/government-of-mauritius-treasury-bills/advance-notice/range-of-GMTB-to-be-issued;https://www.bom.mu/markets/government-of-mauritius-securities/government-of-mauritius-treasury-bills/advance-notice/tenor-of-GMTB-to-be-issued;https://www.bom.mu/markets/government-of-mauritius-securities/government-of-mauritius-treasury-bills/notice-of-tender;https://www.bom.mu/markets/market-notices/market-notices/media-release-35-four-year-government-mauritius-savings-bond;https://www.bom.mu/media/media-releases/public-notice-issue-40-five-year-bank-mauritius-emerald-jubilee-bond;https://www.bom.mu/media/media-releases/public-notice-55th-independence-anniversary-one-year-bank-mauritius-certificate-and-two-year-bank;https://www.bom.mu/media/media-releases/public-notice-consultation-document-guide-issue-sustainable-bonds-mauritius,1,0,0,0,not-observable,Locate official enforcement/disciplinary publication routes for each mapped sector authority; record genuine non-publication explicitly.,,
MA,MAR,Morocco,Africa,North Africa,local-authority-evidence,4,central_banking;financial_intelligence;insurance;pensions;prudential_supervision;securities,broad,false,MENAFATF,live,AMMC,,9,2024-03-07T00:00:00.000Z,6,https://www.bkam.ma/en/Monetary-policy/Strategic-framework/Decision-making-process;https://www.bkam.ma/en/Monetary-policy/Strategic-framework/Monetary-policy-decisions/Press-release;https://www.bkam.ma/en/Monetary-policy/Strategic-framework/Monetary-policy-decisions/Decisions-history;https://www.bkam.ma/en/Monetary-policy/Operational-framework/Bank-al-maghrib-intervention-mechanism-in-the-money-market/Fine-tuning-operations;https://www.bkam.ma/en/Banking-supervision/Sanctions-regime;https://www.bkam.ma/en/Find-information-about/Legal-notice,1,0,0,0,not-observable,Calibrate publication transparency and coverage confidence; preserve regulator-specific cadence contract.,,
MZ,MOZ,Mozambique,Africa,East Africa,local-authority-evidence,3,central_banking;financial_intelligence;insurance;pensions;prudential_supervision,broad,false,ESAAMLG,ecosystem-mapped-no-validated-feed,,,0,,1,https://www.gifim.gov.mz/,1,0,1,0,no-dated-first-page-signal,Locate official enforcement/disciplinary publication routes for each mapped sector authority; record genuine non-publication explicitly.,,
NA,NAM,Namibia,Africa,Southern Africa,local-authority-evidence,3,central_banking;financial_intelligence;insurance;pensions;prudential_supervision,broad,false,ESAAMLG,ecosystem-mapped-no-validated-feed,,,0,,8,https://www.fic.na/how-we-do-it/publications-consultations/;https://www.fic.na/what-we-do/legal/enforcements-issued/;https://services.fic.na/FICSanctionsTool;https://services.fic.na/ficsanctionstool/;https://www.fic.na/wp-content/uploads/2026/06/Decision-PSG-Wealth-vs-NAMFISA-9-April-2025.pdf;https://www.fic.na/wp-content/uploads/2026/06/Decision-Prudential-Portfolio-Managers-Pty-Ltd-vs-NAMFISA-9-April-2025.pdf;https://www.fic.na/wp-content/uploads/2026/06/Decision-Prudential-Namibia-Unit-Trusts-Ltd-vs-NAMFISA-9-April-2025.pdf;https://www.fic.na/what-we-do/enforcement/,1,0,1,0,no-dated-first-page-signal,Locate official enforcement/disciplinary publication routes for each mapped sector authority; record genuine non-publication explicitly.,,
NE,NER,Niger,Africa,West Africa,local-authority-evidence,4,central_banking;financial_intelligence;insurance;prudential_supervision;securities,broad,false,GIABA,ecosystem-mapped-no-validated-feed,,,0,,3,https://www.bceao.int/en;https://cima-afrique.org/decisions-du-cma/;https://cima-afrique.org/decisions-de-la-crca/,2,2,0,0,low-frequency-first-page-signal;periodic-first-page-signal,Locate official enforcement/disciplinary publication routes for each mapped sector authority; record genuine non-publication explicitly.,,
NG,NGA,Nigeria,Africa,West Africa,local-authority-evidence,6,central_banking;financial_intelligence;insurance;pensions;prudential_supervision;securities,broad,false,GIABA,official-enforcement-source-validated,,CBN,0,,9,https://www.cbn.gov.ng/Documents/Notices.html;https://www.pencom.gov.ng/website-privacy-notice/;https://www.sec.gov.ng/enforcements/;https://www.sec.gov.ng/enforcements/companies-facing-enforcement-action/;https://www.sec.gov.ng/enforcements/referred-cases/;https://www.sec.gov.ng/enforcements/apc-matters/;https://www.sec.gov.ng/enforcements/litigation/;https://www.sec.gov.ng/enforcements/keep-track-of-enforcement-updates/;https://www.sec.gov.ng/enforcements/information-for-harmed-investors/,3,0,1,0,no-dated-first-page-signal;not-observable,"Profile archive structure, historical depth, language, stable identifiers and publication cadence before ingestion design.",,
RW,RWA,Rwanda,Africa,East Africa,local-authority-evidence,2,central_banking;financial_intelligence;insurance;pensions;prudential_supervision,broad,false,ESAAMLG,ecosystem-mapped-no-validated-feed,,,0,,0,,0,0,0,0,,Locate official enforcement/disciplinary publication routes for each mapped sector authority; record genuine non-publication explicitly.,,
ST,STP,São Tomé and Príncipe,Africa,Central Africa,local-authority-evidence,1,central_banking;prudential_supervision,limited,false,GIABA,ecosystem-mapped-no-validated-feed,,,0,,0,,0,0,0,0,,Locate official enforcement/disciplinary publication routes for each mapped sector authority; record genuine non-publication explicitly.,,
SN,SEN,Senegal,Africa,West Africa,local-authority-evidence,4,central_banking;financial_intelligence;insurance;prudential_supervision;securities,broad,false,GIABA,ecosystem-mapped-no-validated-feed,,,0,,3,https://www.bceao.int/en;https://cima-afrique.org/decisions-du-cma/;https://cima-afrique.org/decisions-de-la-crca/,2,2,0,0,low-frequency-first-page-signal;periodic-first-page-signal,Locate official enforcement/disciplinary publication routes for each mapped sector authority; record genuine non-publication explicitly.,,
SC,SYC,Seychelles,Africa,East Africa,local-authority-evidence,3,central_banking;financial_intelligence;insurance;pensions;prudential_supervision,broad,false,ESAAMLG,ecosystem-mapped-no-validated-feed,,,0,,8,https://fsaseychelles.sc/;https://fsaseychelles.sc/enforcement/regulatory-enforcements;https://fsaseychelles.sc/enforcement/disciplinary-actions;https://fsaseychelles.sc/enforcement/appeals-board;https://fsaseychelles.sc/media-corner/regulatory-updates/warning-unauthorised-activity-under-the-virtual-asset-service-providers-act-2024-and-securities-act-2007-as-amended-2;https://fsaseychelles.sc/media-corner/regulatory-updates/public-notice-hdr-global-trading-limited-trading-as-bitmex-exchange-winding-up;https://seychellesfiu.sc/notices/;https://seychellesfiu.sc/wp-content/uploads/2026/08/Notice-No.5-of-2026-FIU.pdf,2,0,0,1,no-dated-first-page-signal;not-observable,Locate official enforcement/disciplinary publication routes for each mapped sector authority; record genuine non-publication explicitly.,,
SL,SLE,Sierra Leone,Africa,West Africa,local-authority-evidence,2,central_banking;financial_intelligence;prudential_supervision,moderate,false,GIABA,ecosystem-mapped-no-validated-feed,,,0,,0,,0,0,0,0,,Locate official enforcement/disciplinary publication routes for each mapped sector authority; record genuine non-publication explicitly.,,
SO,SOM,Somalia,Africa,East Africa,local-authority-evidence,1,central_banking;prudential_supervision,limited,false,MENAFATF,ecosystem-mapped-no-validated-feed,,,0,,0,,0,0,0,0,,Locate official enforcement/disciplinary publication routes for each mapped sector authority; record genuine non-publication explicitly.,,
ZA,ZAF,South Africa,Africa,Southern Africa,local-authority-evidence,3,central_banking;financial_intelligence;insurance;pensions;prudential_supervision;securities,broad,true,ESAAMLG,official-enforcement-source-validated,,FSCA,0,,12,https://www.fic.gov.za/targeted-financial-sanctions/;https://www.fic.gov.za/newsroom/;https://www.fic.gov.za/compliance/sanctions-issued-by-supervisory-bodies/;https://www.fic.gov.za/compliance/sanctions-issued-by-the-fic/;https://www.fic.gov.za/2026/08/03/web-notice-guidance-note-7b-on-the-implementation-of-various-aspects-of-the-fic-act/;https://www.fic.gov.za/2026/07/31/web-notice-draft-directive-12-rmcp/;https://www.fic.gov.za/2026/07/31/web-notice-directive-10-geographic-locations/;https://www.fsca.co.za/Supervisory-Information?collapse=collapseFour;https://www.fsca.co.za/Enforcement-Matters;https://www.fsca.co.za/;https://www.fsca.co.za/Enforcement-Actions;https://www.moonstone.co.za/fsca-publishes-two-pots-guidance-for-defined-benefit-funds/,2,1,1,0,frequent-first-page-signal;not-observable,"Profile archive structure, historical depth, language, stable identifiers and publication cadence before ingestion design.",,
SS,SSD,South Sudan,Africa,East Africa,local-authority-evidence,1,central_banking;prudential_supervision,limited,false,ESAAMLG,ecosystem-mapped-no-validated-feed,,,0,,0,,0,0,0,0,,Locate official enforcement/disciplinary publication routes for each mapped sector authority; record genuine non-publication explicitly.,,
SD,SDN,Sudan,Africa,North Africa,local-authority-evidence,2,central_banking;financial_intelligence;prudential_supervision,moderate,false,MENAFATF,ecosystem-mapped-no-validated-feed,,,0,,0,,0,0,0,0,,Locate official enforcement/disciplinary publication routes for each mapped sector authority; record genuine non-publication explicitly.,,
TZ,TZA,Tanzania,Africa,East Africa,local-authority-evidence,3,central_banking;financial_intelligence;prudential_supervision;securities,moderate,false,ESAAMLG,ecosystem-mapped-no-validated-feed,,,0,,6,https://www.bot.go.tz/MPS/Decisions;https://www.bot.go.tz/PressRelease;https://www.fiu.go.tz/;https://www.fiu.go.tz/publications/enforcement;https://www.fiu.go.tz/uploads/documents/en-1712237226-Guidelines%20on%20Targeted%20Financial%20Sanctions%20revised.pdf;https://www.fiu.go.tz/uploads/documents/en-1712238436-Targeted%20Financial%20Sanctions%20Guideline%202022.pdf,2,2,1,0,low-frequency-first-page-signal,Locate official enforcement/disciplinary publication routes for each mapped sector authority; record genuine non-publication explicitly.,,
TG,TGO,Togo,Africa,West Africa,local-authority-evidence,5,central_banking;financial_intelligence;insurance;prudential_supervision;securities,broad,false,GIABA,ecosystem-mapped-no-validated-feed,,,0,,3,https://www.bceao.int/en;https://cima-afrique.org/decisions-du-cma/;https://cima-afrique.org/decisions-de-la-crca/,2,2,0,0,low-frequency-first-page-signal;periodic-first-page-signal,Locate official enforcement/disciplinary publication routes for each mapped sector authority; record genuine non-publication explicitly.,,
TN,TUN,Tunisia,Africa,North Africa,local-authority-evidence,4,central_banking;financial_intelligence;insurance;prudential_supervision;securities,broad,false,MENAFATF,ecosystem-mapped-no-validated-feed,,,0,,2,https://www.un.org/securitycouncil/fr/content/un-sc-consolidated-list;https://www.cga.gov.tn/index.php?id=33,2,1,1,0,low-frequency-first-page-signal;no-dated-first-page-signal,Locate official enforcement/disciplinary publication routes for each mapped sector authority; record genuine non-publication explicitly.,,
UG,UGA,Uganda,Africa,East Africa,local-authority-evidence,5,central_banking;financial_intelligence;insurance;pensions;prudential_supervision;securities,broad,false,ESAAMLG,ecosystem-mapped-no-validated-feed,,,0,,9,https://cmauganda.co.ug/regulatory-notices/;https://cmauganda.co.ug/notices/;https://cmauganda.co.ug/;https://cmauganda.co.ug/financial-penalties/;https://cmauganda.co.ug/administrative-sanctions/;https://cmauganda.co.ug/bid-notices/;https://ira.go.ug/new-tenders/;https://ira.go.ug/best-evaluated-bidders/;https://urbra.go.ug/notices/,3,1,1,0,no-dated-first-page-signal;periodic-first-page-signal,Locate official enforcement/disciplinary publication routes for each mapped sector authority; record genuine non-publication explicitly.,,
ZM,ZMB,Zambia,Africa,East Africa,local-authority-evidence,5,central_banking;financial_intelligence;insurance;pensions;prudential_supervision;securities,broad,false,ESAAMLG,ecosystem-mapped-no-validated-feed,,,0,,10,https://www.seczambia.org.zm/about/management-directorate-profiles/directorate-of-enforcement-and-legal-services/;https://www.seczambia.org.zm/investor-protection/enforcement-actions/;https://www.seczambia.org.zm/investor-protection/enforcement-actions/administrative-penalties/;https://www.seczambia.org.zm/investor-protection/enforcement-actions/suspensions/;https://www.seczambia.org.zm/investor-protection/enforcement-actions/revocations/;https://www.seczambia.org.zm/investor-protection/enforcement-actions/censures/;https://www.seczambia.org.zm/investor-protection/enforcement-actions/judgements-rulings/;https://www.seczambia.org.zm/investor-protection/enforcement-actions/notices-of-regulatory-action/;https://www.seczambia.org.zm/latest-news/public-notice-launch-of-the-suptech-online-application-portal/;https://www.seczambia.org.zm/latest-news/public-notice-board-appointment/,1,0,1,0,no-dated-first-page-signal,Locate official enforcement/disciplinary publication routes for each mapped sector authority; record genuine non-publication explicitly.,,
ZW,ZWE,Zimbabwe,Africa,East Africa,local-authority-evidence,2,central_banking;financial_intelligence;insurance;pensions;prudential_supervision,broad,false,ESAAMLG,ecosystem-mapped-no-validated-feed,,,0,,1,https://ipec.co.zw/local-news/notice-of-cancellation-of-orchid-funeral-assurance-company-registration-pursuant-to-section-23-of-the-insurance-act-chapter-2407/,1,0,0,0,not-observable,Locate official enforcement/disciplinary publication routes for each mapped sector authority; record genuine non-publication explicitly.,,
AR,ARG,Argentina,Americas,South America,local-authority-evidence,3,central_banking;financial_intelligence;insurance;prudential_supervision;securities,broad,true,GAFILAT,live,CNV,,41,2026-06-10T00:00:00.000Z,1,https://www.argentina.gob.ar/noticias/seguros-y-salud-la-ssn-presento-los-alcances-de-la-resolucion-2582026-en-la-fundacion,1,0,0,0,not-observable,Calibrate publication transparency and coverage confidence; preserve regulator-specific cadence contract.,,
BZ,BLZ,Belize,Americas,Central America,local-authority-evidence,4,central_banking;financial_intelligence;insurance;prudential_supervision;securities,broad,false,CFATF,ecosystem-mapped-no-validated-feed,,,0,,33,https://www.centralbank.org.bz/home/news-and-publications/news/treasury-bill-auction-notices;https://www.centralbank.org.bz/home/news-and-publications/news/government-of-belize-notices;https://www.centralbank.org.bz/home/news-and-publications/news/warning-circulars;https://www.centralbank.org.bz/detail-pages/news/2026/08/17/treasury-bill-auction-notice--12-of-2026;https://www.centralbank.org.bz/detail-pages/news/2026/07/27/treasury-bill-auction-notice--11-of-2026;https://www.centralbank.org.bz/detail-pages/news/2026/07/27/the-central-bank--fiu--and-fsc-sign-governance-agreements-for-the-use-of-the-sanctions-registry-system;https://www.centralbank.org.bz/detail-pages/news/2026/07/08/treasury-bill-auction-notice--10-of-2026;https://www.centralbank.org.bz/detail-pages/news/2026/06/16/treasury-bill-auction-notice--9-of-2026;https://www.centralbank.org.bz/detail-pages/news/2026/04/28/the-board-of-the-central-bank-of-belize-reaffirms-the-governance-framework-and-institutional-integrity-of-the-central-bank-of-belize;https://www.centralbank.org.bz/detail-pages/news/2026/04/22/treasury-bill-auction-notice--7-of-2026;https://www.centralbank.org.bz/detail-pages/news/2026/04/16/treasury-bill-auction-notice--6-of-2026;https://fiubelize.org/compliance-notice/,3,1,3,0,no-dated-first-page-signal;periodic-first-page-signal,Locate official enforcement/disciplinary publication routes for each mapped sector authority; record genuine non-publication explicitly.,,
BO,BOL,Bolivia,Americas,South America,local-authority-evidence,3,central_banking;financial_intelligence;prudential_supervision;securities,moderate,false,GAFILAT,ecosystem-mapped-no-validated-feed,,,0,,1,https://www.bcb.gob.bo/?q=content/resoluciones-de-directorio-1,1,0,0,0,no-dated-first-page-signal,Locate official enforcement/disciplinary publication routes for each mapped sector authority; record genuine non-publication explicitly.,,
BR,BRA,Brazil,Americas,South America,local-authority-evidence,5,central_banking;financial_intelligence;insurance;pensions;prudential_supervision;securities,broad,true,GAFILAT,live,CVM,,563,2026-08-11T00:00:00.000Z,3,https://www.gov.br/previc/pt-br/acesso-a-informacao-1/sancoes-administrativas;https://www.gov.br/cvm/pt-br/assuntos/regulados/multa-cominatoria-recurso;https://www.gov.br/cvm/pt-br/centrais-de-conteudo/publicacoes/relatorios/relatorio-de-atividade-sancionadora,2,0,0,0,not-observable,Calibrate publication transparency and coverage confidence; preserve regulator-specific cadence contract.,,
CA,CAN,Canada,Americas,North America,local-authority-evidence,8,central_banking;financial_intelligence;insurance;pensions;prudential_supervision;securities,broad,true,,live,CIRO;OSC,,961,2026-08-14T00:00:00.000Z,65,https://www.asc.ca/en/enforcement/asc-proceedings;https://www.asc.ca/en/Enforcement/ASC-Proceedings;https://www.asc.ca/en/enforcement/office-of-the-whistleblower;https://www.asc.ca/en/issuer-regulation/decisions-and-orders;https://www.asc.ca/en/registrant-and-market-regulation/decisions-and-orders-registrants;https://www.asc.ca/en/enforcement;https://www.asc.ca/en/enforcement/asc-proceedings/appearing-before-the-asc;https://www.asc.ca/en/enforcement/asc-proceedings/guidelines-for-using-electronic-documents-in-asc-enforcement-hearings;https://www.asc.ca/en/enforcement/asc-proceedings/remote-hearing-guidelines;https://www.asc.ca/en/enforcement/asc-proceedings/status-of-current-proceedings;https://www.asc.ca/en/enforcement/asc-proceedings/other-proceedings;https://www.asc.ca/en/enforcement/notices-decisions-and-orders,6,3,3,0,frequent-first-page-signal;low-frequency-first-page-signal;no-dated-first-page-signal;not-observable;periodic-first-page-signal,Calibrate publication transparency and coverage confidence; preserve regulator-specific cadence contract.,,
CL,CHL,Chile,Americas,South America,local-authority-evidence,5,central_banking;financial_intelligence;insurance;pensions;prudential_supervision;securities,broad,false,GAFILAT,official-enforcement-source-validated,,CMF,0,,7,https://www.cmfchile.cl/portal/principal/623/w4-propertyvalue-48725.html;https://www.cmfchile.cl/portal/prensa/625/w4-article-112799.html;https://www.cmfchile.cl/portal/prensa/625/w4-article-112727.html;https://www.cmfchile.cl/institucional/sanciones/sanciones_mercados_entidad.php;https://www.cmfchile.cl/institucional/resoluciones/resoluciones_cursadas_meses_anteriores.php;https://www.uaf.cl/es-cl/publicaciones-uaf/sanciones-ejecutoriadas;https://www.uaf.cl/es-cl/sujetos-obligados/sector-privado/listas-de-resoluciones-onu,2,0,2,0,no-dated-first-page-signal,"Profile archive structure, historical depth, language, stable identifiers and publication cadence before ingestion design.",,
CO,COL,Colombia,Americas,South America,local-authority-evidence,3,central_banking;financial_intelligence;insurance;pensions;prudential_supervision;securities,broad,false,GAFILAT,ecosystem-mapped-no-validated-feed,,,0,,4,https://www.superfinanciera.gov.co/publicaciones/10086317/informes-y-cifrasinformesmecanismos-de-resolucion-key-attributes-of-effective-resolution-regimes-for-financial-institutions-10086317/;https://www.superfinanciera.gov.co/publicaciones/10087080/nuestra-entidadinformes-control-disciplinario-10087080/;https://www.superfinanciera.gov.co/publicaciones/20708/sanciones-20708/;https://www.superfinanciera.gov.co/personas/,1,0,1,0,no-dated-first-page-signal,Locate official enforcement/disciplinary publication routes for each mapped sector authority; record genuine non-publication explicitly.,,
CR,CRI,Costa Rica,Americas,Central America,local-authority-evidence,6,central_banking;financial_intelligence;insurance;pensions;prudential_supervision;securities,broad,false,GAFILAT,ecosystem-mapped-no-validated-feed,,,0,,5,https://www.bccr.fi.cr/cr/es/transparencia-institucional/informacion-institucional-y-tramites/sanciones-por-hostigamiento-sexual.html;https://www.sugef.fi.cr/sugef/transparencia/Jerarcas_y_decisiones.aspx;https://www.sugef.fi.cr/informacion_relevante/acuerdos_superintendente.aspx;https://www.sugef.fi.cr/informacion_relevante/Sanciones/index.aspx;https://serviciosexternos.sugeval.fi.cr/RNVIWeb/MenuPrincipal/MedidasDisciplinarias,3,0,2,0,no-dated-first-page-signal;not-observable,Locate official enforcement/disciplinary publication routes for each mapped sector authority; record genuine non-publication explicitly.,,
CU,CUB,Cuba,Americas,Caribbean,local-authority-evidence,2,central_banking;financial_intelligence;prudential_supervision,moderate,false,GAFILAT,ecosystem-mapped-no-validated-feed,,,0,,0,,0,0,0,0,,Locate official enforcement/disciplinary publication routes for each mapped sector authority; record genuine non-publication explicitly.,,
DM,DMA,Dominica,Americas,Caribbean,local-authority-evidence,2,central_banking;financial_intelligence;prudential_supervision,moderate,false,CFATF,ecosystem-mapped-no-validated-feed,,,0,,0,,0,0,0,0,,Locate official enforcement/disciplinary publication routes for each mapped sector authority; record genuine non-publication explicitly.,,
DO,DOM,Dominican Republic,Americas,Caribbean,local-authority-evidence,6,central_banking;financial_intelligence;insurance;pensions;prudential_supervision;securities,broad,false,CFATF;GAFILAT,ecosystem-mapped-no-validated-feed,,,0,,14,https://www.bancentral.gov.do/a/d/2569-leyes-decretos-y-disposiciones-afines;https://bancentral.gov.do/a/resoluciones;https://sipen.gob.do/normativas/resoluciones-del-cnss;https://sipen.gob.do/normativas/resoluciones-de-la-sipen;https://sipen.gob.do/normativas/resoluciones-de-la-ccrli;https://sipen.gob.do/normativas/resoluciones-de-la-ctd;https://sipen.gob.do/normativas/otras-leyes-afines;https://sis.gob.do/transparencia/sanciones/;https://sis.gob.do/wp-content/uploads/2024/04/Resolucion-05-2026-Sobre-cierre-definitivo-de-la-compania-Seguros-Cibao-S.R.L.pdf;https://sis.gob.do/wp-content/uploads/2024/04/Resolucion-Conclafit-2025-01.pdf;https://sis.gob.do/wp-content/uploads/2025/02/Circular-10-Modificacion-cronograma-de-trabajo-entrada-en-vigencia-Resolucion-01-24.pdf;https://sis.gob.do/wp-content/uploads/2024/04/Resolucion-07-2025-Que-modifica-y-actualiza-los-limites-minimos-seguros-motocicletas.pdf,4,0,1,1,no-dated-first-page-signal,Locate official enforcement/disciplinary publication routes for each mapped sector authority; record genuine non-publication explicitly.,,
EC,ECU,Ecuador,Americas,South America,local-authority-evidence,4,central_banking;financial_intelligence;prudential_supervision;securities,moderate,false,GAFILAT,ecosystem-mapped-no-validated-feed,,,0,,6,https://publico.supercias.gob.ec/publicacionesCompanias/menuPublicaciones.jsf;https://www.uafe.gob.ec/wp-content/uploads/2026/07/RESOLUCION-SUSPENSION-DE-PLAZOS-Y-TERMINOS-PAS-signed.pdf;https://www.uafe.gob.ec/wp-content/uploads/2026/02/Resolucion-No.-UAFE-DG-2026-0002-Firmada.pdf;https://www.uafe.gob.ec/wp-content/uploads/2026/04/Resolucion-de-ROS-y-ATEM1-signed.pdf;http://www.uafe.gob.ec/;https://www.uafe.gob.ec/resoluciones-sujetos-obligados/,2,0,1,0,no-dated-first-page-signal,Locate official enforcement/disciplinary publication routes for each mapped sector authority; record genuine non-publication explicitly.,,
SV,SLV,El Salvador,Americas,Central America,local-authority-evidence,4,central_banking;financial_intelligence;insurance;pensions;prudential_supervision;securities,broad,false,CFATF;GAFILAT,ecosystem-mapped-no-validated-feed,,,0,,0,,0,0,0,0,,Locate official enforcement/disciplinary publication routes for each mapped sector authority; record genuine non-publication explicitly.,,
GT,GTM,Guatemala,Americas,Central America,local-authority-evidence,2,central_banking;financial_intelligence;insurance;prudential_supervision,moderate,false,CFATF;GAFILAT,ecosystem-mapped-no-validated-feed,,,0,,0,,0,0,0,0,,Locate official enforcement/disciplinary publication routes for each mapped sector authority; record genuine non-publication explicitly.,,
GD,GRD,Grenada,Americas,Caribbean,local-authority-evidence,2,central_banking;financial_intelligence;prudential_supervision,moderate,false,CFATF,ecosystem-mapped-no-validated-feed,,,0,,0,,0,0,0,0,,Locate official enforcement/disciplinary publication routes for each mapped sector authority; record genuine non-publication explicitly.,,
GY,GUY,Guyana,Americas,South America,local-authority-evidence,2,central_banking;financial_intelligence;prudential_supervision,moderate,false,CFATF,ecosystem-mapped-no-validated-feed,,,0,,2,https://bankofguyana.org.gy/bog/images/national_payment_systems/Specific%20Procurement%20Notice%20(SPN)%20-%20RFB%20for%20RTGS%20and%20CSD%20Systems.pdf;https://bankofguyana.org.gy/bog/images/communications/press_release/BOG%20Notice.pdf,1,0,0,0,no-dated-first-page-signal,Locate official enforcement/disciplinary publication routes for each mapped sector authority; record genuine non-publication explicitly.,,
HT,HTI,Haiti,Americas,Caribbean,local-authority-evidence,1,central_banking;prudential_supervision,limited,false,CFATF,ecosystem-mapped-no-validated-feed,,,0,,0,,0,0,0,0,,Locate official enforcement/disciplinary publication routes for each mapped sector authority; record genuine non-publication explicitly.,,
HN,HND,Honduras,Americas,Central America,local-authority-evidence,3,central_banking;financial_intelligence;pensions;prudential_supervision,moderate,false,GAFILAT,ecosystem-mapped-no-validated-feed,,,0,,3,https://pplaft.cnbs.gob.hn/nacionales/normas-nacionales-circulares-yo-resoluciones/;https://pplaft.cnbs.gob.hn/internacionales/normas-internacionales-resoluciones-del-consejo-de-seguridad-de-las-naciones-unidas/;https://pplaft.cnbs.gob.hn/blog/2023/03/24/oficio-uif-166-2023-comunicacion-nueva-actualizacion-a-la-lista-de-sanciones/,1,0,1,0,no-dated-first-page-signal,Locate official enforcement/disciplinary publication routes for each mapped sector authority; record genuine non-publication explicitly.,,
JM,JAM,Jamaica,Americas,Caribbean,local-authority-evidence,3,central_banking;financial_intelligence;insurance;pensions;prudential_supervision;securities,broad,false,CFATF,ecosystem-mapped-no-validated-feed,,,0,,14,https://boj.org.jm/core-functions/monetary-policy/monetary-policy-decision-making/;https://boj.org.jm/core-functions/monetary-policy/policy-schedule/;https://boj.org.jm/core-functions/monetary-policy/policy-schedule/summary-of-decisions/;https://boj.org.jm/news/;https://boj.org.jm/category/notices/;https://boj.org.jm/category/notices/money-market/;https://boj.org.jm/category/notices/net-international-reserve/;https://boj.org.jm/category/notices/treasury-bills/;https://boj.org.jm/category/monetary-policy/;https://boj.org.jm/summary-of-decisions-august-2026/;https://boj.org.jm/category/notices/cod-jmd/;https://www.fid.gov.jm/html/foreigners-who-attempted-to-leave-the-island-with-illicit-money-fined/,3,3,1,0,low-frequency-first-page-signal;periodic-first-page-signal,Locate official enforcement/disciplinary publication routes for each mapped sector authority; record genuine non-publication explicitly.,,
MX,MEX,Mexico,Americas,North America,local-authority-evidence,4,central_banking;financial_intelligence;insurance;pensions;prudential_supervision;securities,broad,true,GAFILAT,official-enforcement-source-validated,,CNBV,0,,0,,0,0,0,0,,"Profile archive structure, historical depth, language, stable identifiers and publication cadence before ingestion design.",,
NI,NIC,Nicaragua,Americas,Central America,local-authority-evidence,2,central_banking;prudential_supervision,limited,false,GAFILAT,ecosystem-mapped-no-validated-feed,,,0,,0,,0,0,0,0,,Locate official enforcement/disciplinary publication routes for each mapped sector authority; record genuine non-publication explicitly.,,
PA,PAN,Panama,Americas,Central America,local-authority-evidence,5,central_banking;financial_intelligence;insurance;prudential_supervision;securities,broad,false,GAFILAT,ecosystem-mapped-no-validated-feed,,,0,,17,https://superseguros.gob.pa/legal/resoluciones/;https://superseguros.gob.pa/sancion/companias-de-seguros/;https://superseguros.gob.pa/sancion/companias-de-reaseguros/;https://superseguros.gob.pa/sancion/sanciones-de-corredores-de-reaseguros/;https://superseguros.gob.pa/sancion/sanciones-de-administradora-de-reaseguros/;https://superseguros.gob.pa/sancion/corredores-de-seguros-personas-juridica/;https://superseguros.gob.pa/sancion/corredores-de-seguros-personas-natural/;https://superseguros.gob.pa/sancion/ajustadores-de-seguros/;https://superseguros.gob.pa/sancion/aseguradoras-cautivas/;https://superseguros.gob.pa/sancion/administradora-de-cautiva/;https://superseguros.gob.pa/sancion/personas-naturales-y-juridicas-sin-autorizacion/;https://superseguros.gob.pa/sancion/terceros-y-centros-docentes/,2,0,2,0,no-dated-first-page-signal,Locate official enforcement/disciplinary publication routes for each mapped sector authority; record genuine non-publication explicitly.,,
PY,PRY,Paraguay,Americas,South America,local-authority-evidence,3,central_banking;financial_intelligence;insurance;prudential_supervision;securities,broad,false,GAFILAT,ecosystem-mapped-no-validated-feed,,,0,,0,,0,0,0,0,,Locate official enforcement/disciplinary publication routes for each mapped sector authority; record genuine non-publication explicitly.,,
PE,PER,Peru,Americas,South America,local-authority-evidence,3,central_banking;financial_intelligence;insurance;pensions;prudential_supervision;securities,broad,false,GAFILAT,ecosystem-mapped-no-validated-feed,,,0,,2,https://www.gob.pe/institucion/smv/tema/regulacion-y-sanciones;http://www.sanciones.gob.pe/transparencia/,1,0,0,0,not-observable,Locate official enforcement/disciplinary publication routes for each mapped sector authority; record genuine non-publication explicitly.,,
SR,SUR,Suriname,Americas,South America,local-authority-evidence,2,central_banking;financial_intelligence;insurance;pensions;prudential_supervision,broad,false,CFATF,ecosystem-mapped-no-validated-feed,,,0,,6,https://www.cbvs.sr/images/content/pdf/2016/DTK/S.B._2016_no._34_Staatsbesluit_van_29_feb_16_ter_uitvoering_v.d._Wet_Internationale_Sancties.pdf;https://www.cbvs.sr/images/content/pdf/2016/DTK/S.B._2016_no._34_Staatsbesluit_van_29_feb_16_ter_uitvoering_Wet_Internationale_Sanctie_BIJLAGE_1.pdf;https://www.cbvs.sr/images/content/pdf/2016/DTK/S.B._2016_no._34_Staatsbesluit_van_29_feb_16_ter_uitvoering_Wet_Internationale_Sancties_BIJLAGE_2.pdf;https://www.cbvs.sr/images/content/2025/DTZ2025/AML-CFT-Wetgeving/Besluit%20uitvoering%20Internationale%20Sanctielijst%20-%20SB%202025%20No%2054.pdf;https://www.cbvs.sr/images/content/2025/DTZ2025/AML-CFT-Wetgeving/Besluit%20voering%20Nationale%20Sanctielijst%20-SB%202025%20No.%2053.pdf;https://www.cbvs.sr/images/content/pdf/Wetten/Spaarinstellingen/2023/Staatsbesluit_17_mei_1994_ter_uitvoering_van_artikel_33A_van_de_Wet_Cooperatieve_Vereniging_GB_1944_no_93.pdf,1,0,0,0,no-dated-first-page-signal,Locate official enforcement/disciplinary publication routes for each mapped sector authority; record genuine non-publication explicitly.,,
KN,KNA,Saint Kitts and Nevis,Americas,Caribbean,local-authority-evidence,2,central_banking;financial_intelligence;prudential_supervision,moderate,false,CFATF,ecosystem-mapped-no-validated-feed,,,0,,0,,0,0,0,0,,Locate official enforcement/disciplinary publication routes for each mapped sector authority; record genuine non-publication explicitly.,,
LC,LCA,Saint Lucia,Americas,Caribbean,local-authority-evidence,2,central_banking;financial_intelligence;prudential_supervision,moderate,false,CFATF,ecosystem-mapped-no-validated-feed,,,0,,1,https://www.slufia.com/p/notices-circulars,1,0,0,0,not-observable,Locate official enforcement/disciplinary publication routes for each mapped sector authority; record genuine non-publication explicitly.,,
VC,VCT,Saint Vincent and the Grenadines,Americas,Caribbean,local-authority-evidence,2,central_banking;financial_intelligence;prudential_supervision,moderate,false,CFATF,ecosystem-mapped-no-validated-feed,,,0,,3,https://www.svgfiu.com/index.php/nrsp-dnfbp/nrsp-guidance/offences-and-penalties;https://www.un.org/securitycouncil/sanctions/information;https://www.interpol.int/en/How-we-work/Notices/About-Notices,1,0,1,0,no-dated-first-page-signal,Locate official enforcement/disciplinary publication routes for each mapped sector authority; record genuine non-publication explicitly.,,
TT,TTO,Trinidad and Tobago,Americas,Caribbean,local-authority-evidence,3,central_banking;financial_intelligence;insurance;pensions;prudential_supervision;securities,broad,false,CFATF,ecosystem-mapped-no-validated-feed,,,0,,32,https://www.central-bank.org.tt/wp-content/uploads/2025/09/public-notice-unauthorised-fx-dealings-sept2025.pdf;https://www.central-bank.org.tt/notice-insurance-act-2018-as-amended-5/;https://fiu.gov.tt/compliance/enforcement-statistics/;https://fiu.gov.tt/reporting/enforcement/;https://fiu.gov.tt/reporting/enforcement/local-law-enforcement/;https://fiu.gov.tt/reporting/enforcement/foreign-law-enforcement-authorities/;https://fiu.gov.tt/tfs-search-tool/tfs-search-tool-2/;https://fiu.gov.tt/about-us/legal-framework/legal-notices/;https://fiu.gov.tt/about-us/publications/notices-and-high-court-orders-for-freezing-terrorist-funds/;https://fiu.gov.tt/about-us/publications/notices-and-high-court-orders-for-freezing-terrorist-funds/notice-to-freeze-terrorist-funds/;https://fiu.gov.tt/about-us/publications/notices-and-high-court-orders-for-freezing-terrorist-funds/notice-to-unfreeze-terorrist-funds/;https://fiu.gov.tt/about-us/publications/notices-and-high-court-orders-for-freezing-terrorist-funds/trinidad-and-tobago-consolidated-list-of-court-orders/,3,1,1,0,low-frequency-first-page-signal;no-dated-first-page-signal;not-observable,Locate official enforcement/disciplinary publication routes for each mapped sector authority; record genuine non-publication explicitly.,,
US,USA,United States,Americas,North America,local-authority-evidence,22,central_banking;financial_intelligence;insurance;pensions;prudential_supervision;securities,broad,true,APG;CFATF,live,SEC;OCC;FINCEN;FDIC;FRB;FINRA,,25726,2026-08-18T00:00:00.000Z,31,https://www.federalreserve.gov/supervisionreg/legal-developments.htm;https://www.federalreserve.gov/consumerscommunities/shed.htm;https://www.federalreserve.gov/apps/enforcementactions/default.aspx;https://www.federalreserve.gov/newsevents/pressreleases/enforcement20260813a.htm;https://www.federalreserve.gov/newsevents/pressreleases/bcreg20260731b.htm;https://www.federalreserve.gov/newsevents/pressreleases/enforcement20260730b.htm;https://www.cftc.gov/check;https://www.dol.gov/general/privacynotice;https://www.dol.gov/general/aboutdol/website-policies;https://www.chicagofed.org/utilities/legal-notices;https://www.clevelandfed.org/banking-and-payments/applications;https://www.dallasfed.org/fed/privacy,11,0,5,3,no-dated-first-page-signal,Calibrate publication transparency and coverage confidence; preserve regulator-specific cadence contract.,,
UY,URY,Uruguay,Americas,South America,local-authority-evidence,1,central_banking;financial_intelligence;insurance;prudential_supervision;securities,broad,false,GAFILAT,ecosystem-mapped-no-validated-feed,,,0,,0,,0,0,0,0,,Locate official enforcement/disciplinary publication routes for each mapped sector authority; record genuine non-publication explicitly.,,
VE,VEN,Venezuela,Americas,South America,local-authority-evidence,2,central_banking;financial_intelligence;prudential_supervision,moderate,false,CFATF,ecosystem-mapped-no-validated-feed,,,0,,0,,0,0,0,0,,Locate official enforcement/disciplinary publication routes for each mapped sector authority; record genuine non-publication explicitly.,,
AF,AFG,Afghanistan,Asia Pacific,South Asia,local-authority-evidence,1,central_banking,limited,false,APG,ecosystem-mapped-no-validated-feed,,,0,,1,https://www.dab.gov.af/sites/default/files/2025-10/Vol-218%20Finel.pdf,1,0,0,0,no-dated-first-page-signal,Locate official enforcement/disciplinary publication routes for each mapped sector authority; record genuine non-publication explicitly.,,
AU,AUS,Australia,Asia Pacific,Oceania,local-authority-evidence,4,central_banking;financial_intelligence;insurance;pensions;prudential_supervision;securities,broad,true,APG,live,ASIC;AUSTRAC,,217,2026-07-31T00:00:00.000Z,18,https://www.apra.gov.au/registers/list-infringement-notices;https://www.apra.gov.au/registers/infringement-notices/infringement-notice-register;https://www.apra.gov.au/about-us/our-functions/enforcement;https://www.apra.gov.au/about-us/our-functions/enforcement/guidelines-use-infringement-notices-australian-prudential;https://www.asic.gov.au/about-asic/asic-investigations-and-enforcement/enforcement-activities;https://www.asic.gov.au/;https://www.asic.gov.au/about-asic/asic-investigations-and-enforcement/;https://www.asic.gov.au/about-asic/asic-investigations-and-enforcement/enforcement-activities/alammc-developments/;https://www.asic.gov.au/about-asic/asic-investigations-and-enforcement/enforcement-activities/ascent-investments-and-coaching-pty-ltd-and-michael-dunjey/;https://www.asic.gov.au/about-asic/asic-investigations-and-enforcement/enforcement-activities/brite-advisors/;https://www.asic.gov.au/about-asic/asic-investigations-and-enforcement/enforcement-activities/first-guardian-master-fund/;https://www.asic.gov.au/about-asic/asic-investigations-and-enforcement/enforcement-activities/first-mutual-private-equity-pty-ltd-and-mr-cotton/,3,1,2,0,low-frequency-first-page-signal;no-dated-first-page-signal,Calibrate publication transparency and coverage confidence; preserve regulator-specific cadence contract.,,
BD,BGD,Bangladesh,Asia Pacific,South Asia,local-authority-evidence,2,central_banking;financial_intelligence;prudential_supervision;securities,moderate,false,APG,ecosystem-mapped-no-validated-feed,,,0,,13,https://www.bb.org.bd/en/index.php/monetaryactivity/auc_notice;https://www.bb.org.bd/mediaroom/notice/notice_342.pdf;https://www.bb.org.bd/mediaroom/notice/notice_340.pdf;https://www.bb.org.bd/mediaroom/circulars/brpd-2/aug192026brpd-2l12.pdf;https://www.bb.org.bd/en/index.php/mediaroom/noticeboard;https://sec.gov.bd/home/enforcement_division;https://sec.gov.bd/home/enforcement;https://sec.gov.bd/home/ntprogram;https://sec.gov.bd/home/inotice;https://sec.gov.bd/home/enforcementreport/2026;https://sec.gov.bd/home/Policies_Guidelines_Meeting_Decisions_Minutes;https://sec.gov.bd/home/careers,2,0,1,0,no-dated-first-page-signal,Locate official enforcement/disciplinary publication routes for each mapped sector authority; record genuine non-publication explicitly.,,
BT,BTN,Bhutan,Asia Pacific,South Asia,local-authority-evidence,1,central_banking;financial_intelligence;prudential_supervision,moderate,false,APG,ecosystem-mapped-no-validated-feed,,,0,,0,,0,0,0,0,,Locate official enforcement/disciplinary publication routes for each mapped sector authority; record genuine non-publication explicitly.,,
BN,BRN,Brunei,Asia Pacific,Southeast Asia,local-authority-evidence,1,central_banking;financial_intelligence;insurance;securities,moderate,false,APG,ecosystem-mapped-no-validated-feed,,,0,,1,https://www.bdcb.gov.bn/regulatory/enforcement,1,0,1,0,no-dated-first-page-signal,Locate official enforcement/disciplinary publication routes for each mapped sector authority; record genuine non-publication explicitly.,,
KH,KHM,Cambodia,Asia Pacific,Southeast Asia,local-authority-evidence,3,central_banking;financial_intelligence;insurance;pensions,moderate,false,APG,ecosystem-mapped-no-validated-feed,,,0,,0,,0,0,0,0,,Locate official enforcement/disciplinary publication routes for each mapped sector authority; record genuine non-publication explicitly.,,
CN,CHN,China,Asia Pacific,East Asia,local-authority-evidence,4,central_banking;insurance;pensions;prudential_supervision;securities,broad,true,APG;EAG,official-enforcement-source-validated,,CSRC,0,,14,https://www.csrc.gov.cn/csrc/c101971/zfxxgk_zdgk.shtml?channelid=17d5ff2fe43e488dba825807ae40d63f;https://www.csrc.gov.cn/csrc/c101928/c7650681/content.shtml;https://www.csrc.gov.cn/csrc/c101928/c7650677/content.shtml;https://www.csrc.gov.cn/csrc/c101928/c7650675/content.shtml;https://www.csrc.gov.cn/csrc/c101928/c7650671/content.shtml;https://www.csrc.gov.cn/csrc/c101928/c7650660/content.shtml;https://www.csrc.gov.cn/csrc/c101928/c7647312/content.shtml;https://www.csrc.gov.cn/csrc/c101981/c7627021/content.shtml;https://www.csrc.gov.cn/csrc/c101981/c7626994/content.shtml;https://www.csrc.gov.cn/csrc/c101971/zfxxgk_zdgk.shtml;https://www.pbc.gov.cn/en/3688241/3688636/3688648/index.html;https://www.pbc.gov.cn/en/3688241/3688777/3688795/index.html,2,0,2,0,no-dated-first-page-signal,"Profile archive structure, historical depth, language, stable identifiers and publication cadence before ingestion design.",,
CK,COK,Cook Islands,Asia Pacific,Oceania,local-authority-evidence,1,financial_intelligence;prudential_supervision,limited,false,APG,ecosystem-mapped-no-validated-feed,,,0,,2,https://www.fsc.gov.ck/public/content.aspx?cn=PublicNotice;https://www.fsc.gov.ck/public/content.aspx?cn=CompanySanctions,1,0,0,0,not-observable,Locate official enforcement/disciplinary publication routes for each mapped sector authority; record genuine non-publication explicitly.,,
FJ,FJI,Fiji,Asia Pacific,Oceania,local-authority-evidence,2,central_banking;financial_intelligence;prudential_supervision,moderate,false,APG,ecosystem-mapped-no-validated-feed,,,0,,0,,0,0,0,0,,Locate official enforcement/disciplinary publication routes for each mapped sector authority; record genuine non-publication explicitly.,,
IN,IND,India,Asia Pacific,South Asia,local-authority-evidence,6,central_banking;financial_intelligence;insurance;pensions;prudential_supervision;securities,broad,true,APG;EAG,live,SEBI,,433,2026-07-31T00:00:00.000Z,14,https://ifsca.gov.in/Pages/Contents/UNSC-Sanctions-Committee-List;https://ifsca.gov.in/SezMeeting/PublicNotice;https://ifsca.gov.in/Pages/Contents/Enforcement-Actions;https://ifsca.gov.in/Pages/Contents/Unserved-Notices;https://ifsca.gov.in/Pages/Contents/Unserved-notices-which-resulted-in-Order;https://ifsca.gov.in/Pages/Contents/About_Enforcement;https://www.pfrda.org.in/en/web/pfrda/w/pension-fund-regulatory-and-development-authority-exits-and-withdrawals-under-the-national-pension-system-regulations-2015-last-amended-on-20th-july-2026-.;https://www.pfrda.org.in/en/web/pfrda/w/pfrda-registration-of-pension-funds-guidelines-2026-amended-on-13.07.2026-;https://www.pfrda.org.in/en/web/pfrda/w/notice-inviting-proposals-for-selection-of-sponsors-of-pension-funds-on-tap-basis;https://www.pfrda.org.in/en/web/pfrda/w/circular-introduction-of-nps-pride-disha-pension-fund-returns-for-informed-decision-empowerment-a-subscriber-awareness-and-decision-support-digital-tool-kit;https://www.pfrda.org.in/regulatory-framework/orders/enforcement-orders;https://www.pfrda.org.in/regulatory-framework/orders/notices,2,1,2,0,low-frequency-first-page-signal;no-dated-first-page-signal,Calibrate publication transparency and coverage confidence; preserve regulator-specific cadence contract.,,
ID,IDN,Indonesia,Asia Pacific,Southeast Asia,local-authority-evidence,3,central_banking;financial_intelligence;insurance;pensions;prudential_supervision;securities,broad,true,APG,ecosystem-mapped-no-validated-feed,,,0,,0,,0,0,0,0,,Locate official enforcement/disciplinary publication routes for each mapped sector authority; record genuine non-publication explicitly.,,
JP,JPN,Japan,Asia Pacific,East Asia,local-authority-evidence,5,central_banking;financial_intelligence;insurance;prudential_supervision;securities,broad,true,APG,live,SESC,,74,2026-07-08T00:00:00.000Z,6,https://www.boj.or.jp/en/statistics/outline/notice_2026/index.htm;https://www.boj.or.jp/en/statistics/outline/general_notice/index.htm;https://www.boj.or.jp/en/about/organization/notice/index.htm;https://www.boj.or.jp/en/statistics/outline/notice_2026/not260810a.htm;https://www.fsa.go.jp/en/regulated_institutions/index.html;https://www.meti.go.jp/press/2026/08/20260810001.html,3,0,1,1,no-dated-first-page-signal,Calibrate publication transparency and coverage confidence; preserve regulator-specific cadence contract.,,
KZ,KAZ,Kazakhstan,Asia Pacific,Central Asia,local-authority-evidence,5,central_banking;financial_intelligence;insurance;pensions;prudential_supervision;securities,broad,false,EAG,ecosystem-mapped-no-validated-feed,,,0,,6,https://afsa.aifc.kz/notice-register/;https://nationalbank.kz/en/news/grafik-prinyatiya-resheniy-po-bazovoy-stavke;https://nationalbank.kz/en/sanction/sankcii-i-mery-vozdeystviya;https://nationalbank.kz/en/page/poryadok-obzhalovaniya-resheniy-prinyatyh-po-rezultatam-rassmotreniya-obrashcheniy;https://nationalbank.kz/en/news/press-relizy/rubrics/2275;https://nationalbank.kz/en/news/grafik-prinyatiya-resheniy-po-bazovoy-stavke/rubrics/2098,2,0,1,1,no-dated-first-page-signal,Locate official enforcement/disciplinary publication routes for each mapped sector authority; record genuine non-publication explicitly.,,
KP,PRK,North Korea,Asia Pacific,East Asia,external-risk-evidence-only,0,,externally-observable-unpublished,false,,domestic-publication-unobservable,,,0,,0,,0,0,0,0,,"Retain an explicit unobservable/watch state; do not infer no regulator, no action or low risk.",No credible public domestic regulator source located; FATF currently calls for countermeasures and this must not be represented as a zero-regulator or zero-risk state.,https://www.fatf-gafi.org/en/countries/detail/DPRK.html
KR,KOR,South Korea,Asia Pacific,East Asia,local-authority-evidence,5,central_banking;financial_intelligence;insurance;pensions;prudential_supervision;securities,broad,true,APG,live,FSS,FSC-KR,40,2026-04-19T00:00:00.000Z,37,https://www.bok.or.kr/eng/singl/newsDataEng/list.do?menuNo=400022;https://www.bok.or.kr/eng/singl/newsDataEng/list.do?menuNo=400077;https://www.bok.or.kr/eng/main/contents.do?menuNo=400017;https://www.bok.or.kr/eng/bbs/E0000634/view.do?nttId=11062944&searchCnd=1&searchKwd=&depth2=400417&depth3=400423&depth=400423&pageUnit=10&pageIndex=1&programType=newsDataEng&menuNo=400423&oldMenuNo=400423;https://www.bok.or.kr/eng/bbs/B0000349/view.do?nttId=11063866&menuNo=400403&relate=Y&depth=400403&programType=newsDataEng;https://www.bok.or.kr/eng/bbs/B0000349/view.do?nttId=11063819&menuNo=400403&relate=Y&depth=400403&programType=newsDataEng;https://www.bok.or.kr/eng/bbs/B0000349/view.do?nttId=11063772&menuNo=400403&relate=Y&depth=400403&programType=newsDataEng;https://www.bok.or.kr/eng/bbs/B0000349/view.do?nttId=11063704&menuNo=400403&relate=Y&depth=400403&programType=newsDataEng;https://www.bok.or.kr/eng/bbs/B0000349/view.do?nttId=11063614&menuNo=400403&relate=Y&depth=400403&programType=newsDataEng;https://www.fss.or.kr/eng/main/contents.do?menuNo=400158;https://fine.fss.or.kr/fine/fncco/systemFncCo/list.do?menuNo=900038;https://www.fss.or.kr/fss/cvpl/stepNotice/list.do?menuNo=200581,4,0,3,0,no-dated-first-page-signal,Calibrate publication transparency and coverage confidence; preserve regulator-specific cadence contract.,,
KG,KGZ,Kyrgyzstan,Asia Pacific,Central Asia,local-authority-evidence,3,central_banking;financial_intelligence;prudential_supervision;securities,moderate,false,EAG,ecosystem-mapped-no-validated-feed,,,0,,5,https://www.nbkr.kg/index1.jsp?item=1631&lang=ENG;https://www.nbkr.kg/index1.jsp?item=3547&lang=ENG;https://www.nbkr.kg/index1.jsp?item=2526&lang=ENG;http://fiu.gov.kg/sked/2;http://fiu.gov.kg/sked/9,2,0,1,0,no-dated-first-page-signal;not-observable,Locate official enforcement/disciplinary publication routes for each mapped sector authority; record genuine non-publication explicitly.,,
LA,LAO,Laos,Asia Pacific,Southeast Asia,local-authority-evidence,2,central_banking;financial_intelligence,limited,false,APG,ecosystem-mapped-no-validated-feed,,,0,,0,,0,0,0,0,,Locate official enforcement/disciplinary publication routes for each mapped sector authority; record genuine non-publication explicitly.,,
MY,MYS,Malaysia,Asia Pacific,Southeast Asia,local-authority-evidence,4,central_banking;financial_intelligence;insurance;prudential_supervision;securities,broad,true,APG,live,SC,,97,2026-06-24T00:00:00.000Z,11,https://www.bnm.gov.my/notices-announcements/-/tag/notices-2026;https://www.bnm.gov.my/enforcement-actions;https://www.bnm.gov.my/-/ea-pn-20260814;https://www.bnm.gov.my/monetary-stability/opr-decisions;https://www.bnm.gov.my/web/guest/opr-decision-and-statement;https://www.bnm.gov.my/committees/mprc;https://www.labuanfsa.gov.my/;https://www.labuanfsa.gov.my/clients/asset_717D5286-17F8-4620-B852-83CA4FFCC30C/contentms/img/documents/resources/general-notification/2026/RESTRICTED-PR_Office-Closure-Notice_18032026.pdf;https://www.labuanfsa.gov.my/regulations/enforcement-actions;https://www.sc.com.my/regulation/enforcement;https://www.sc.com.my/analytics/enforcement,3,0,2,0,no-dated-first-page-signal;not-observable,Calibrate publication transparency and coverage confidence; preserve regulator-specific cadence contract.,,
MV,MDV,Maldives,Asia Pacific,South Asia,local-authority-evidence,2,central_banking;financial_intelligence;insurance;pensions;prudential_supervision;securities,broad,false,APG,ecosystem-mapped-no-validated-feed,,,0,,6,https://cmda.gov.mv/en/staff-directory?category=36;https://cmda.gov.mv/en/enforcement;https://cmda.gov.mv/en/downloads/fees-deposits-fines;https://cmda.gov.mv/en/announcements/license-expiration-notice;https://cmda.gov.mv/en/announcements/imposition-of-administrative-actions-on-mtcc;https://cmda.gov.mv/en/downloads?category=56,1,0,1,0,no-dated-first-page-signal,Locate official enforcement/disciplinary publication routes for each mapped sector authority; record genuine non-publication explicitly.,,
MH,MHL,Marshall Islands,Asia Pacific,Oceania,local-authority-evidence,1,financial_intelligence,limited,false,APG,ecosystem-mapped-no-validated-feed,,,0,,0,,0,0,0,0,,Locate official enforcement/disciplinary publication routes for each mapped sector authority; record genuine non-publication explicitly.,,
MN,MNG,Mongolia,Asia Pacific,East Asia,local-authority-evidence,2,central_banking;financial_intelligence;insurance;securities,moderate,false,APG,ecosystem-mapped-no-validated-feed,,,0,,3,https://www.mongolbank.mn/en/p/1098;https://www.mongolbank.mn/en/p/1164;https://www.mongolbank.mn/en/category/5060,1,0,0,0,no-dated-first-page-signal,Locate official enforcement/disciplinary publication routes for each mapped sector authority; record genuine non-publication explicitly.,,
MM,MMR,Myanmar,Asia Pacific,Southeast Asia,local-authority-evidence,1,central_banking;prudential_supervision,limited,false,APG,ecosystem-mapped-no-validated-feed,,,0,,4,https://www.cbm.gov.mm/content/2253;https://www.cbm.gov.mm/domestic-sanction-list;https://www.cbm.gov.mm/content/6036;https://www.cbm.gov.mm/un-sanction-list,1,0,0,0,not-observable,Locate official enforcement/disciplinary publication routes for each mapped sector authority; record genuine non-publication explicitly.,,
NP,NPL,Nepal,Asia Pacific,South Asia,local-authority-evidence,2,central_banking;financial_intelligence;insurance;prudential_supervision,moderate,false,APG,ecosystem-mapped-no-validated-feed,,,0,,30,https://www.nrb.org.np/category/notices/?department=ofg;https://www.nrb.org.np/category/miscellaneous-notices/?department=bfr;https://www.nrb.org.np/category/notices/?department=fxm;https://www.nrb.org.np/category/notices/?department=psd;https://www.nrb.org.np/category/notices/?department=bkd;https://www.nrb.org.np/category/ecc-notices/?department=bkd;https://www.nrb.org.np/category/enforcement-action/?department=bsd;https://www.nrb.org.np/category/enforcement-action/?department=fisd;https://www.nrb.org.np/category/notices/?department=nbfisd;https://www.nrb.org.np/category/notices/?department=red;https://www.nrb.org.np/category/notices/?department=gsd;https://www.nrb.org.np/category/notices/?department=hrm,2,0,0,0,no-dated-first-page-signal;not-observable,Locate official enforcement/disciplinary publication routes for each mapped sector authority; record genuine non-publication explicitly.,,
NR,NRU,Nauru,Asia Pacific,Oceania,local-authority-evidence,1,financial_intelligence,limited,false,APG,ecosystem-mapped-no-validated-feed,,,0,,7,https://justice.gov.nr/wp-content/uploads/2023/12/Counter-Terrorism-and-Transnational-Organised-Crime-Targeted-Financial-Sanctions-Regulations-2023.pdf;https://justice.gov.nr/wp-content/uploads/2026/02/URGENT-NOTICE-TO-ALL-REPORTING-ENTITIES-AND-STAKEHOLDERS-25.02.26.pdf;https://justice.gov.nr/wp-content/uploads/2026/08/Security-Council-ISIL-Daesh-and-Al-Qaida-Sanctions-Committee-Amends-21-Entries-on-Its-Sanctions-List-_-UN-Meetings-Coverage-and-Press-Releases.pdf;https://justice.gov.nr/wp-content/uploads/2024/06/Anti-Money-Laundering-Targeted-Financial-Sanctions-Fit-and-Proper-Person-Criteria.pdf;https://justice.gov.nr/wp-content/uploads/2024/04/Anti-Money-Laundering-and-Targeted-Financial-Sanctions-Simplified-Due-Diligence-Guideline-2023.pdf;https://justice.gov.nr/wp-content/uploads/2026/02/Anti-Money-Laundering-and-Targeted-Financial-Sanctions-High-Risk-Countries-Guideline-2023-Updated-20.02.26-1.pdf;https://justice.gov.nr/wp-content/uploads/2024/04/Nauru-Targeted-Financial-Sanctions-Terrorism-and-Proliferation-Financing-Guide-2023.pdf,1,0,0,0,no-dated-first-page-signal,Locate official enforcement/disciplinary publication routes for each mapped sector authority; record genuine non-publication explicitly.,,
NZ,NZL,New Zealand,Asia Pacific,Oceania,local-authority-evidence,4,central_banking;financial_intelligence;insurance;prudential_supervision;securities,broad,true,APG,live,FMANZ,,177,2026-07-06T00:00:00.000Z,1,https://www.police.govt.nz/advice-services/personal-and-community-safety/trespass-notices,1,0,0,0,no-dated-first-page-signal,Calibrate publication transparency and coverage confidence; preserve regulator-specific cadence contract.,,
NU,NIU,Niue,Asia Pacific,Oceania,local-authority-evidence,1,financial_intelligence,limited,false,APG,ecosystem-mapped-no-validated-feed,,,0,,0,,0,0,0,0,,Locate official enforcement/disciplinary publication routes for each mapped sector authority; record genuine non-publication explicitly.,,
PK,PAK,Pakistan,Asia Pacific,South Asia,local-authority-evidence,3,central_banking;insurance;pensions;prudential_supervision;securities,broad,false,APG,ecosystem-mapped-no-validated-feed,,,0,,20,https://www.secp.gov.pk/enforcement/;https://www.secp.gov.pk/enforcement/orders/;https://www.secp.gov.pk/enforcement/orders/orders-issued-under-anti-money-laundering-act-2010/;https://www.secp.gov.pk/enforcement/orders/orders-issued-under-futures-market-act-2016/;https://www.secp.gov.pk/enforcement/orders/orders-issued-under-companies-act-2017/;https://www.secp.gov.pk/enforcement/orders/takaful-rules-2012/;https://www.secp.gov.pk/enforcement/orders/stock-exchanges-corporatization-demutualization-and-integration-act-2012/;https://www.secp.gov.pk/enforcement/orders/securities-ordinance-1969/;https://www.secp.gov.pk/enforcement/orders/securities-act-2015/;https://www.secp.gov.pk/enforcement/orders/secp-act-1997/;https://www.secp.gov.pk/enforcement/orders/nbfc-rules-2003/;https://www.secp.gov.pk/enforcement/orders/modaraba-floatation-and-control-ordinance-1980/,1,0,1,0,no-dated-first-page-signal,Locate official enforcement/disciplinary publication routes for each mapped sector authority; record genuine non-publication explicitly.,,
PW,PLW,Palau,Asia Pacific,Oceania,local-authority-evidence,2,financial_intelligence;prudential_supervision,limited,false,APG,ecosystem-mapped-no-validated-feed,,,0,,2,https://palaufiu.wordpress.com/wp-content/uploads/2026/03/notices-and-regulations-fiu-regulation-04-amlcft-reporting-entity-registry-1.pdf;https://palaufiu.wordpress.com/wp-content/uploads/2026/03/notices-and-regulations-fiu-regulation-03-other-reporting-entities-vasp-and-mvts-1.pdf,1,0,0,0,no-dated-first-page-signal,Locate official enforcement/disciplinary publication routes for each mapped sector authority; record genuine non-publication explicitly.,,
PG,PNG,Papua New Guinea,Asia Pacific,Oceania,local-authority-evidence,3,central_banking;financial_intelligence;insurance;pensions;prudential_supervision;securities,broad,false,APG,ecosystem-mapped-no-validated-feed,,,0,,0,,0,0,0,0,,Locate official enforcement/disciplinary publication routes for each mapped sector authority; record genuine non-publication explicitly.,,
PH,PHL,Philippines,Asia Pacific,Southeast Asia,local-authority-evidence,4,central_banking;financial_intelligence;insurance;prudential_supervision;securities,broad,false,APG,ecosystem-mapped-no-validated-feed,,,0,,1,https://www.bsp.gov.ph/Pages/AboutTheBank/BSPPrivacyPolicy.aspx,1,0,0,1,no-dated-first-page-signal,Locate official enforcement/disciplinary publication routes for each mapped sector authority; record genuine non-publication explicitly.,,
WS,WSM,Samoa,Asia Pacific,Oceania,local-authority-evidence,3,central_banking;financial_intelligence;insurance;prudential_supervision,moderate,false,APG,ecosystem-mapped-no-validated-feed,,,0,,4,https://cbs.gov.ws/aml-public-notices--articles;https://cbs.gov.ws/aml-brochures--sanction-list;https://cbs.gov.ws/news/public-notice-outcome-of-the-review-of-foreign-exchange-control-policies--procedures-2026-and-general-reminders-on-foreign-exchange-control-;https://cbs.gov.ws/news/cbs-publishes-the-full-monetary-policy-statement-2026-2027,1,0,1,0,no-dated-first-page-signal,Locate official enforcement/disciplinary publication routes for each mapped sector authority; record genuine non-publication explicitly.,,
SG,SGP,Singapore,Asia Pacific,Southeast Asia,local-authority-evidence,3,central_banking;financial_intelligence;insurance;pensions;prudential_supervision;securities,broad,true,APG,live,MAS,,27,2026-06-30T00:00:00.000Z,5,https://www.mas.gov.sg/regulation/enforcement;https://www.mas.gov.sg/regulation/enforcement/enforcement-actions;https://www.mas.gov.sg/regulation/anti-money-laundering/targeted-financial-sanctions/lists-of-designated-individuals-and-entities;https://www.mas.gov.sg/news?content_type=Media%20Releases&page=1&content_type=Enforcement%20Actions%20Media%20Releases;https://www.mas.gov.sg/news?content_type=Enforcement%20Actions&page=1&content_type=Enforcement%20Actions%20Media%20Releases,1,1,1,0,low-frequency-first-page-signal,Calibrate publication transparency and coverage confidence; preserve regulator-specific cadence contract.,,
SB,SLB,Solomon Islands,Asia Pacific,Oceania,local-authority-evidence,1,central_banking;financial_intelligence;prudential_supervision,moderate,false,APG,ecosystem-mapped-no-validated-feed,,,0,,0,,0,0,0,0,,Locate official enforcement/disciplinary publication routes for each mapped sector authority; record genuine non-publication explicitly.,,
LK,LKA,Sri Lanka,Asia Pacific,South Asia,local-authority-evidence,4,central_banking;financial_intelligence;insurance;prudential_supervision;securities,broad,false,APG,ecosystem-mapped-no-validated-feed,,,0,,25,https://www.cbsl.gov.lk/en/laws/directions-circulars-guidelines-on-resolution-and-enforcement;https://www.cbsl.gov.lk/en/press/media/notices;https://www.cbsl.gov.lk/en/press/notice-to-general-public-on-prohibited-pyramid-schemes-20260805;https://www.cbsl.gov.lk/sites/default/files/cbslweb_documents/press/notices/notice_20260807_Procurement_for_providing_armed_and_unarmed_security_services_for_the_Central_Bank_of_Sri_Lanka_on_outsourced_basis_e.pdf;https://www.cbsl.gov.lk/sites/default/files/cbslweb_documents/press/notices/notice_20260807_procurement_of_minting_and_supplying_of_circulation_coins_for_the_cbsl_2026_2028_e.pdf;https://www.cbsl.gov.lk/sites/default/files/cbslweb_documents/press/notices/notice_20260806_procurement_of_cyberArk_%28IDIRA%29_ALERO_%28remote_access%29_licenses_for%20CBSL_e.pdf;https://www.cbsl.gov.lk/sites/default/files/cbslweb_documents/press/notices/notice_20260730_press_notice_to_intiate_compensation_payments_e.pdf;https://www.cbsl.gov.lk/sites/default/files/cbslweb_documents/press/notices/notice_20260127_statement_of_member_accounts_for_second_half_2025_e.pdf;https://www.cbsl.gov.lk/sites/default/files/cbslweb_documents/press/notices/notice_20260719_partitioning_of_3rd_floor_of_the_central_point_building_of_cbsl_e.pdf;https://www.cbsl.gov.lk/press/media/notices;https://www.cbsl.gov.lk/en/public-notices;https://www.cbsl.gov.lk/en/tenders,3,2,2,0,low-frequency-first-page-signal;no-dated-first-page-signal;periodic-first-page-signal,Locate official enforcement/disciplinary publication routes for each mapped sector authority; record genuine non-publication explicitly.,,
TW,TWN,Taiwan,Asia Pacific,East Asia,local-authority-evidence,2,financial_intelligence;insurance;securities,moderate,false,APG,live,TWFSC,,932,2026-08-11T00:00:00.000Z,8,"https://www.mjib.gov.tw/mlpcen;https://www.fsc.gov.tw/ch/home.jsp?id=97&parentpath=0,2&mcustomize=multimessage_view.jsp&dataserno=202608130001&aplistdn=ou=noticelaw,ou=chlaw,ou=ap_root,o=fsc,c=tw&dtable=NoticeLaw;https://www.fsc.gov.tw/ch/home.jsp?id=131&parentpath=0,2&mcustomize=multimessage_view.jsp&dataserno=202608170002&aplistdn=ou=data,ou=penalty,ou=multisite,ou=chinese,ou=ap_root,o=fsc,c=tw&dtable=Penalty;https://www.fsc.gov.tw/ch/home.jsp?id=131&parentpath=0,2&mcustomize=multimessage_view.jsp&dataserno=202607220001&aplistdn=ou=data,ou=penalty,ou=multisite,ou=chinese,ou=ap_root,o=fsc,c=tw&dtable=Penalty;https://www.fsc.gov.tw/ch/home.jsp?id=131&parentpath=0,2&mcustomize=multimessage_view.jsp&dataserno=202607140001&aplistdn=ou=data,ou=penalty,ou=multisite,ou=chinese,ou=ap_root,o=fsc,c=tw&dtable=Penalty;https://www.fsc.gov.tw/ch/home.jsp?id=131&parentpath=0,2&mcustomize=multimessage_view.jsp&dataserno=202606300001&aplistdn=ou=data,ou=penalty,ou=multisite,ou=chinese,ou=ap_root,o=fsc,c=tw&dtable=Penalty;https://www.fsc.gov.tw/ch/home.jsp?id=131&parentpath=0,2&mcustomize=multimessage_view.jsp&dataserno=202605290002&aplistdn=ou=data,ou=penalty,ou=multisite,ou=chinese,ou=ap_root,o=fsc,c=tw&dtable=Penalty;https://www.fsc.gov.tw/ch/home.jsp?id=131&parentpath=0,2&mcustomize=multimessage_view.jsp&dataserno=202605180002&aplistdn=ou=data,ou=penalty,ou=multisite,ou=chinese,ou=ap_root,o=fsc,c=tw&dtable=Penalty",2,2,1,0,low-frequency-first-page-signal;periodic-first-page-signal,Calibrate publication transparency and coverage confidence; preserve regulator-specific cadence contract.,,
TJ,TJK,Tajikistan,Asia Pacific,Central Asia,local-authority-evidence,1,central_banking;financial_intelligence;prudential_supervision,moderate,false,EAG,ecosystem-mapped-no-validated-feed,,,0,,0,,0,0,0,0,,Locate official enforcement/disciplinary publication routes for each mapped sector authority; record genuine non-publication explicitly.,,
TH,THA,Thailand,Asia Pacific,Southeast Asia,local-authority-evidence,4,central_banking;financial_intelligence;insurance;pensions;prudential_supervision;securities,broad,false,APG,ecosystem-mapped-no-validated-feed,,,0,,1,https://www.bot.or.th/th/laws-and-rules/regulatory-fines-report.html,1,0,0,0,no-dated-first-page-signal,Locate official enforcement/disciplinary publication routes for each mapped sector authority; record genuine non-publication explicitly.,,
TO,TON,Tonga,Asia Pacific,Oceania,local-authority-evidence,1,central_banking;prudential_supervision,limited,false,APG,ecosystem-mapped-no-validated-feed,,,0,,3,https://www.reservebank.to/index.php/news/public-notice-counterfeit-100-paanga-banknotes-in-circulation;https://www.reservebank.to/index.php/news/public-notice-public-warning-on-facebook-page-imposter-and-scams;https://www.reservebank.to/index.php/news/public-notice-beware-of-romance-scams-targeting-the-vulnerable-community-members,1,0,0,0,no-dated-first-page-signal,Locate official enforcement/disciplinary publication routes for each mapped sector authority; record genuine non-publication explicitly.,,
TL,TLS,Timor-Leste,Asia Pacific,Southeast Asia,local-authority-evidence,1,financial_intelligence,limited,false,APG,ecosystem-mapped-no-validated-feed,,,0,,0,,0,0,0,0,,Locate official enforcement/disciplinary publication routes for each mapped sector authority; record genuine non-publication explicitly.,,
TM,TKM,Turkmenistan,Asia Pacific,Central Asia,local-authority-evidence,2,central_banking;financial_intelligence;prudential_supervision,moderate,false,EAG,ecosystem-mapped-no-validated-feed,,,0,,0,,0,0,0,0,,Locate official enforcement/disciplinary publication routes for each mapped sector authority; record genuine non-publication explicitly.,,
UZ,UZB,Uzbekistan,Asia Pacific,Central Asia,local-authority-evidence,3,central_banking;financial_intelligence;insurance;prudential_supervision;securities,broad,false,EAG,ecosystem-mapped-no-validated-feed,,,0,,1,https://cbu.uz/en/services/task-execution-states/,1,1,1,0,low-frequency-first-page-signal,Locate official enforcement/disciplinary publication routes for each mapped sector authority; record genuine non-publication explicitly.,,
VU,VUT,Vanuatu,Asia Pacific,Oceania,local-authority-evidence,3,central_banking;financial_intelligence;insurance;prudential_supervision,moderate,false,APG,ecosystem-mapped-no-validated-feed,,,0,,7,https://www.vfsc.vu/companies-fees-and-penalties/;https://www.vfsc.vu/public-notices/;https://www.vfsc.vu/financial-dealers-license-fdl/;https://www.vfsc.vu/wp-content/uploads/2026/06/LAW-ENFORCEMENT-STAKEHOLDERS-INFORMATION-ACCESS-PROCEDURE.pdf;https://www.vfsc.vu/category/public-notice/;https://www.vfsc.vu/public-notices;https://www.vfsc.vu/vacancy-notice-assistant-registration-officer-business-names-partnerships/,1,0,1,0,no-dated-first-page-signal,Locate official enforcement/disciplinary publication routes for each mapped sector authority; record genuine non-publication explicitly.,,
VN,VNM,Vietnam,Asia Pacific,Southeast Asia,local-authority-evidence,3,central_banking;insurance;prudential_supervision;securities,moderate,false,APG,ecosystem-mapped-no-validated-feed,,,0,,0,,0,0,0,0,,Locate official enforcement/disciplinary publication routes for each mapped sector authority; record genuine non-publication explicitly.,,
HK,HKG,Hong Kong,Asia Pacific,East Asia,local-authority-evidence,5,central_banking;financial_intelligence;insurance;pensions;prudential_supervision;securities,broad,true,APG,live,SFC;HKMA,,256,2026-08-13T00:00:00.000Z,13,https://www.hkma.gov.hk/eng/key-functions/banking/banking-conduct-supervision/;https://www.hkma.gov.hk/eng/news-and-media/speeches/2026/07/20260727-1/;https://www.mpfa.org.hk/enforcement/overview;https://www.mpfa.org.hk/enforcement/enforcement-against-employers;https://www.mpfa.org.hk/enforcement/plan-members;https://www.mpfa.org.hk/enforcement/self-employed;https://www.mpfa.org.hk/enforcement/mpf-intermediary;https://www.mpfa.org.hk/enforcement/mpf-trustees;https://www.mpfa.org.hk/enforcement/orso-employers-and-administrators;https://www.mpfa.org.hk/enforcement/enforcement-statistics;https://www.mpfa.org.hk/enforcement/beware-of-scams;https://www.mpfa.org.hk/enforcement/enforcement-alerts,2,1,1,0,low-frequency-first-page-signal;no-dated-first-page-signal,Calibrate publication transparency and coverage confidence; preserve regulator-specific cadence contract.,,
MO,MAC,Macau,Asia Pacific,East Asia,local-authority-evidence,2,central_banking;financial_intelligence;insurance;pensions;prudential_supervision,broad,false,APG,ecosystem-mapped-no-validated-feed,,,0,,0,,0,0,0,0,,Locate official enforcement/disciplinary publication routes for each mapped sector authority; record genuine non-publication explicitly.,,
AL,ALB,Albania,Europe,Southern Europe,local-authority-evidence,3,central_banking;financial_intelligence;insurance;pensions;prudential_supervision;securities,broad,false,MONEYVAL,ecosystem-mapped-no-validated-feed,,,0,,27,https://fiu.gov.al/en/legislation/decisions-of-the-council-of-ministers/;https://fiu.gov.al/en/notice-on-the-updates-made-to-the-list-of-designated-persons-on-14-august-2026/;https://fiu.gov.al/wp-content/uploads/2026/08/UN-Consolidatedlist-14.08.2026.pdf;https://fiu.gov.al/wp-content/uploads/2026/05/20260508-FULL.pdf;http://www.un.org/securitycouncil/sanctions/2653/press-releases;https://fiu.gov.al/en/notice/;https://amf.gov.al/;https://www.bankofalbania.org/Monetary_Policy/Latest_monetary_policy_decision_and_calendar/;https://www.bankofalbania.org/Press/Press_Releases/Governor_Sejko_Statement_to_the_Press_Conference_on_Monetary_Policy_Decision_1_July_2026.html;https://www.bankofalbania.org/Press/Press_Releases/Governor_Sejko_Statement_on_the_Monetary_Policy_Decision_of_the_Supervisory_Council_of_the_Bank_of_Albania.html;https://www.youtube.com/watch?v=l2v9QeTGGoA;https://www.youtube.com/watch?v=JKmadXzLg90,3,0,1,0,no-dated-first-page-signal;not-observable,Locate official enforcement/disciplinary publication routes for each mapped sector authority; record genuine non-publication explicitly.,,
AD,AND,Andorra,Europe,Southern Europe,local-authority-evidence,2,financial_intelligence;insurance;securities,moderate,false,MONEYVAL,ecosystem-mapped-no-validated-feed,,,0,,0,,0,0,0,0,,Locate official enforcement/disciplinary publication routes for each mapped sector authority; record genuine non-publication explicitly.,,
AM,ARM,Armenia,Europe,Eastern Europe,local-authority-evidence,1,central_banking;financial_intelligence;insurance;pensions;prudential_supervision;securities,broad,false,MONEYVAL,ecosystem-mapped-no-validated-feed,,,0,,3,https://www.cba.am/hy/Board-decisions/;https://www.cba.am/hy/Chairman's-decisions/;https://www.cba.am/hy/circulars-notices/,1,0,0,0,no-dated-first-page-signal,Locate official enforcement/disciplinary publication routes for each mapped sector authority; record genuine non-publication explicitly.,,
AT,AUT,Austria,Europe,Western Europe,local-authority-evidence,3,central_banking;financial_intelligence;insurance;pensions;prudential_supervision;securities,broad,true,,live,FMAAT,,121,2026-07-02T00:00:00.000Z,1,https://www.oenb.at/en/Services/copyright-notice-and-disclaimer.html,1,0,0,0,no-dated-first-page-signal,Calibrate publication transparency and coverage confidence; preserve regulator-specific cadence contract.,,
AZ,AZE,Azerbaijan,Europe,Eastern Europe,local-authority-evidence,2,central_banking;financial_intelligence;insurance;prudential_supervision,moderate,false,MONEYVAL,ecosystem-mapped-no-validated-feed,,,0,,2,https://www.cbar.az/page-134/monetary-policy-decisions;https://www.cbar.az/press-releases/2,1,0,0,0,no-dated-first-page-signal,Locate official enforcement/disciplinary publication routes for each mapped sector authority; record genuine non-publication explicitly.,,
BY,BLR,Belarus,Europe,Eastern Europe,local-authority-evidence,2,central_banking;financial_intelligence;prudential_supervision,moderate,false,EAG,ecosystem-mapped-no-validated-feed,,,0,,0,,0,0,0,0,,Locate official enforcement/disciplinary publication routes for each mapped sector authority; record genuine non-publication explicitly.,,
BE,BEL,Belgium,Europe,Western Europe,local-authority-evidence,3,central_banking;financial_intelligence;insurance;pensions;prudential_supervision;securities,broad,true,,live,FSMA,,191,2026-06-26T00:00:00.000Z,3,https://www.fsma.be/en/warnings-sanctions;https://www.fsma.be/en/administrative-sanctions;https://www.nbb.be/en/news-events/events/advance-notice-events,2,0,1,0,no-dated-first-page-signal;not-observable,Calibrate publication transparency and coverage confidence; preserve regulator-specific cadence contract.,,
BA,BIH,Bosnia and Herzegovina,Europe,Southern Europe,local-authority-evidence,9,central_banking;financial_intelligence;insurance;prudential_supervision;securities,broad,false,MONEYVAL,ecosystem-mapped-no-validated-feed,,,0,,3,http://fined.cbbh.ba/;https://www.cbbh.ba/press/ShowNews/1797;https://www.cbbh.ba/Home/GetTableAttachment?contentId=24076a97-9d4f-41fc-b3a7-466110bbd695&lang=en,1,0,0,0,no-dated-first-page-signal,Locate official enforcement/disciplinary publication routes for each mapped sector authority; record genuine non-publication explicitly.,,
BG,BGR,Bulgaria,Europe,Eastern Europe,local-authority-evidence,3,central_banking;financial_intelligence;insurance;pensions;prudential_supervision;securities,broad,false,MONEYVAL,ecosystem-mapped-no-validated-feed,,,0,,0,,0,0,0,0,,Locate official enforcement/disciplinary publication routes for each mapped sector authority; record genuine non-publication explicitly.,,
HR,HRV,Croatia,Europe,Southern Europe,local-authority-evidence,3,central_banking;financial_intelligence;insurance;pensions;prudential_supervision;securities,broad,false,MONEYVAL,ecosystem-mapped-no-validated-feed,,,0,,1,https://www.hanfa.hr/vijesti/pruzanje-kriptousluga-od-1-srpnja-2026-za-drustva-obvezna-kriptolicenca-i-upis-u-hanfine-registre-a-korisnike-se-poziva-na-oprez/,1,0,0,0,no-dated-first-page-signal,Locate official enforcement/disciplinary publication routes for each mapped sector authority; record genuine non-publication explicitly.,,
CY,CYP,Cyprus,Europe,Southern Europe,local-authority-evidence,3,central_banking;financial_intelligence;prudential_supervision;securities,moderate,false,MONEYVAL,live,CYSEC,,1136,2026-08-03T00:00:00.000Z,11,https://www.centralbank.cy/en/administrative-sanctions-and-measures;https://www.cysec.gov.cy/el-GR/cysec/privacy-notice/;https://www.cysec.gov.cy/el-GR/public-info/decisions/;https://www.cysec.gov.cy/el-GR/public-info/court-decisions/;https://www.cysec.gov.cy/el-GR/public-info/administrative-sanctions/;https://www.cysec.gov.cy/el-GR/legislation/sanctions/;https://www.cysec.gov.cy/public-info/administrative-sanctions/;https://www.cysec.gov.cy/el-GR/legislation/sanctions/notifications/104219/;https://www.cysec.gov.cy/el-GR/legislation/sanctions/notifications/104218/;https://www.cysec.gov.cy/el-GR/legislation/sanctions/notifications/104204/;https://www.cysec.gov.cy/home/decisions/,2,0,0,0,not-observable,Calibrate publication transparency and coverage confidence; preserve regulator-specific cadence contract.,,
CZ,CZE,Czechia,Europe,Eastern Europe,local-authority-evidence,2,central_banking;financial_intelligence;insurance;pensions;prudential_supervision;securities,broad,false,MONEYVAL,live,CNBCZ,,1779,2026-08-05T00:00:00.000Z,7,https://www.cnb.cz/en/monetary-policy/bank-board-decisions/;https://www.cnb.cz/en/financial-stability/cnb-board-decision/;https://www.cnb.cz/en/supervision-financial-market/conduct-of-supervision/public-notices/;https://www.cnb.cz/en/supervision-financial-market/conduct-of-supervision/final-administrative-decisions-of-the-czech-national-bank/;https://www.cnb.cz/en/monetary-policy/bank-board-decisions/CNB-Board-decisions-1785999600000/?tab=record;https://www.cnb.cz/en/monetary-policy/bank-board-decisions/CNB-Board-decisions-1785999600000/?tab=transcript;https://www.fau.gov.cz/cs/rozcestnik/reseni-nekterych-zivotnich-situaci/informaciya-dlya-arendatorov-nedvizhimosti-nahodya-196,2,0,0,0,no-dated-first-page-signal;not-observable,Calibrate publication transparency and coverage confidence; preserve regulator-specific cadence contract.,,
DK,DNK,Denmark,Europe,Northern Europe,local-authority-evidence,3,central_banking;financial_intelligence;insurance;prudential_supervision;securities,broad,true,,live,FTDK,,59,2026-07-06T00:00:00.000Z,0,,0,0,0,0,,Calibrate publication transparency and coverage confidence; preserve regulator-specific cadence contract.,,
EE,EST,Estonia,Europe,Northern Europe,local-authority-evidence,3,central_banking;financial_intelligence;insurance;prudential_supervision;securities,broad,false,MONEYVAL,ecosystem-mapped-no-validated-feed,,,0,,1,https://facebook.com/102210322426157_1025691216755449,1,0,0,1,no-dated-first-page-signal,Locate official enforcement/disciplinary publication routes for each mapped sector authority; record genuine non-publication explicitly.,,
FI,FIN,Finland,Europe,Northern Europe,local-authority-evidence,4,central_banking;financial_intelligence;insurance;prudential_supervision;securities,broad,true,,live,FINFSA,,48,2026-05-15T00:00:00.000Z,27,https://www.suomenpankki.fi/en/Monetary-policy/monetary-policy-decisions/;https://www.suomenpankki.fi/en/news-and-topical/decisions-by-the-ecbs-governing-council/;https://www.suomenpankki.fi/en/bank-of-finland/our-strategy/ECB-and-the-eurosystem/decision-making/;https://www.suomenpankki.fi/en/news-and-topical/press-releases-and-news/releases/2026/reference-rate-and-penalty-interest-rates-for-1-july--31-december-2026/;https://www.rahamuseo.fi/en/financial-literacy-centre/;https://vm.fi/en/sanctions-in-the-financial-markets;https://vm.fi/en/decision-making-in-wellbeing-services-counties;https://www.finanssivalvonta.fi/en/financial-market-participants/banks/prevention-of-money-laundering-and-terrorist-financing/international-economic-sanctions-and-domestic-freezing-decisions/;https://www.finanssivalvonta.fi/en/financial-market-participants/insurance/prevention-of-money-laundering-and-terrorist-financing/international-economic-sanctions-and-domestic-freezing-decisions/;https://www.finanssivalvonta.fi/en/financial-market-participants/capital-markets/issuers-and-investors/ifrs/;https://www.finanssivalvonta.fi/en/financial-market-participants/capital-markets/prevention-of-money-laundering-and-terrorist-financing/international-economic-sanctions-and-domestic-freezing-decisions/;https://www.finanssivalvonta.fi/en/financial-market-stability/macroprudential/macroprudential-decisions-and-appendices/,3,2,3,0,active-first-page-signal;low-frequency-first-page-signal;no-dated-first-page-signal,Calibrate publication transparency and coverage confidence; preserve regulator-specific cadence contract.,,
FR,FRA,France,Europe,Western Europe,local-authority-evidence,4,central_banking;financial_intelligence;insurance;pensions;prudential_supervision;securities,broad,true,,live,AMF;ACPR,,194,2026-07-28T00:00:00.000Z,14,https://acpr.banque-france.fr/fr/lacpr/notre-organisation/nos-directions-et-services/service-de-la-commission-des-sanctions;https://acpr.banque-france.fr/fr/lacpr/notre-organisation/colleges-et-commissions/commission-des-sanctions;https://acpr.banque-france.fr/fr/nos-missions/sanctionner-les-manquements;https://acpr.banque-france.fr/fr/reglementation/registre-officiel/decisions;https://acpr.banque-france.fr/fr/reglementation/registre-officiel/notices;https://acpr.banque-france.fr/fr/reglementation/recueil-des-sanctions;https://www.amf-france.org/fr/sanctions-transactions/sanctions-et-transactions-accueil;https://www.amf-france.org/fr/actualites-publications/communiques/communiques-de-la-commission-des-sanctions;https://www.amf-france.org/fr/sanctions-transactions/seances-de-la-commission-des-sanctions;https://www.amf-france.org/fr/sanction-transaction/Decisions-de-la-commission-des-sanctions;https://www.amf-france.org/fr/sanctions-transactions/recueil-de-jurisprudence;https://www.amf-france.org/fr/sanction-transaction/transaction,3,2,2,0,low-frequency-first-page-signal;no-dated-first-page-signal;periodic-first-page-signal,Calibrate publication transparency and coverage confidence; preserve regulator-specific cadence contract.,,
DE,DEU,Germany,Europe,Western Europe,local-authority-evidence,3,central_banking;financial_intelligence;insurance;pensions;prudential_supervision;securities,broad,true,,live,BaFin,,380,2026-08-03T00:00:00.000Z,23,https://www.bundesbank.de/en/tasks/monetary-policy/monetary-policy-decisions;https://www.bundesbank.de/en/tasks/monetary-policy/open-market-operations/regular-refinancing-and-fine-tuning-operations;https://www.bundesbank.de/en/service/financial-sanctions;https://www.bundesbank.de/en/service/reporting-systems/external-sector/faq-and-notices;https://publikationen.bundesbank.de/publikationen-en/research/research-brief/2026-84-trade-sanctions-950826;https://www.bundesbank.de/resource/blob/879838/95fecc6c538cd0cc25025968d7ad35e6/472B63F073F071307366337C94F8C870/faq-finanzsanktionen-data.pdf;https://www.bafin.de/SharedDocs/Veroeffentlichungen/DE/Massnahmen/40c_neu_124_WpHG/meldung_2026_08_20_effecta_gmbh.html?nn=154268;https://www.bafin.de/SharedDocs/Veroeffentlichungen/DE/Massnahmen/40c_neu_124_WpHG/meldung_2026_08_20_companisto_trust_service_xxxv_ug.html?nn=154268;https://www.bafin.de/SharedDocs/Veroeffentlichungen/DE/Massnahmen/60b_KWG_84_WpIG_und_57_GwG_anonym/meldung_2026_08_17_verwarnung_gl.html?nn=154268;https://www.bafin.de/SharedDocs/Veroeffentlichungen/DE/Massnahmen/60b_KWG_84_WpIG_und_57_GwG/meldung_2026_08_13_state_bank_of_india_zweigniederlassung_frankfurt_am_main.html?nn=154268;https://www.bafin.de/SharedDocs/Veroeffentlichungen/DE/Massnahmen/60b_KWG_84_WpIG_und_57_GwG_anonym/meldung_2026_08_10_verwarnung_gl.html?nn=154268;https://www.bafin.de/SharedDocs/Veroeffentlichungen/DE/Massnahmen/60b_KWG_84_WpIG_und_57_GwG/meldung_2026_08_03_norddeutschen_landesbank_girozentrale.html?nn=154268,3,0,1,0,no-dated-first-page-signal;not-observable,Calibrate publication transparency and coverage confidence; preserve regulator-specific cadence contract.,,
GE,GEO,Georgia,Europe,Eastern Europe,local-authority-evidence,4,central_banking;financial_intelligence;insurance;pensions;prudential_supervision;securities,broad,false,MONEYVAL,ecosystem-mapped-no-validated-feed,,,0,,3,https://nbg.gov.ge/en/monetary-policy/committee-decisions;https://nbg.gov.ge/en/supervision/aml-cft;https://nbg.gov.ge/en/page/decisions-of-the-national-bank-of-georgia,1,0,1,0,no-dated-first-page-signal,Locate official enforcement/disciplinary publication routes for each mapped sector authority; record genuine non-publication explicitly.,,
GR,GRC,Greece,Europe,Southern Europe,local-authority-evidence,3,central_banking;financial_intelligence;insurance;prudential_supervision;securities,broad,true,,ecosystem-mapped-no-validated-feed,,,0,,20,http://www.hcmc.gr/el_GR/web/portal/elib/decisions;http://www.hcmc.gr/el_GR/web/portal/elib/lawscecdecisions;http://www.hcmc.gr/el_GR/web/portal/diagrafinew;http://www.hcmc.gr/el_GR/web/portal/sanctions;https://www.finedu.gr/;http://www.hcmc.gr/vdrv/elib/a543c199c-0cad-453e-b539-85d558182f8f-246227520-0;http://www.hcmc.gr/vdrv/elib/aa26c6ffd-babb-4d46-ba2b-e281d06f0fc2-246227520-0;http://www.hcmc.gr/vdrv/elib/ac3d77a2e-01f1-4dcd-ae91-2e4de38ce067-92668751-0;http://www.hcmc.gr/vdrv/elib/ad0382f72-ea86-4b8c-8ec7-4dd4de08f147-92668751-0;http://www.hcmc.gr/vdrv/elib/a33662bf9-6458-4c38-846b-d1ad2ed86971-246227520-0;http://www.hcmc.gr/vdrv/elib/a63465ff2-d221-4667-9506-56b4e5d64bfe-246227520-0;http://www.hcmc.gr/vdrv/elib/a8eafd0b5-d758-4041-b3ff-6d7b1ad6d033-246227520-0,1,0,1,0,no-dated-first-page-signal,Locate official enforcement/disciplinary publication routes for each mapped sector authority; record genuine non-publication explicitly.,,
HU,HUN,Hungary,Europe,Eastern Europe,local-authority-evidence,4,central_banking;financial_intelligence;insurance;pensions;prudential_supervision;securities,broad,false,MONEYVAL,ecosystem-mapped-no-validated-feed,,,0,,2,https://www.mnb.hu/en/reserve-management/decision-making-levels;https://www.mnb.hu/en/the-central-bank/practical-issues/data-protection-notice,1,0,0,0,not-observable,Locate official enforcement/disciplinary publication routes for each mapped sector authority; record genuine non-publication explicitly.,,
IS,ISL,Iceland,Europe,Northern Europe,local-authority-evidence,3,central_banking;financial_intelligence;prudential_supervision;securities,moderate,true,,ecosystem-mapped-no-validated-feed,,,0,,1,https://cb.is/news-and-publications/events/?category=72f27799-bbe1-4a72-87a7-0164438ef63f&tags=monetary%20policy%20committee,2,0,0,0,not-observable,Locate official enforcement/disciplinary publication routes for each mapped sector authority; record genuine non-publication explicitly.,,
IE,IRL,Ireland,Europe,Northern Europe,local-authority-evidence,3,central_banking;financial_intelligence;insurance;pensions;prudential_supervision;securities,broad,true,,live,CBI,,119,2025-12-12T00:00:00.000Z,18,https://www.centralbank.ie/monetary-policy/policy-setting/ecb-governing-council-and-monetary-policy-decisions;https://www.centralbank.ie/regulation/how-we-regulate/international-financial-sanctions/EU-restrictive-measures-relating-to-actions-in-Ukraine;https://www.centralbank.ie/regulation/how-we-regulate/regulatory-decisions-unit;https://www.centralbank.ie/regulation/how-we-regulate/enforcement;https://www.centralbank.ie/regulation/how-we-regulate/international-financial-sanctions;https://www.centralbank.ie/regulation/anti-money-laundering-and-countering-the-financing-of-terrorism/countering-the-financing-of-terrorism;https://www.centralbank.ie/regulation/enforcement;https://www.centralbank.ie/news/article/press-release-central-bank-of-ireland-publishes-supplemental-guidance-prohibition-notices-under-the-f-and-p-regime-30-july-2026;https://www.centralbank.ie/news/article/press-release-central-bank-appoints-external-reviewer-enforcement-activities-22-july-2026;https://www.centralbank.ie/fns/privacy-statement;https://www.garda.ie/en/roads-policing/fixed-charge-notices/;https://www.garda.ie/en/about-us/our-departments/office-of-corporate-communications/news-media/public-consultation-notice-msd-2026.html,3,0,2,1,no-dated-first-page-signal,Calibrate publication transparency and coverage confidence; preserve regulator-specific cadence contract.,,
IT,ITA,Italy,Europe,Southern Europe,local-authority-evidence,4,central_banking;financial_intelligence;insurance;pensions;prudential_supervision;securities,broad,true,,live,BDI;IVASS,CONSOB,286,2026-06-23T00:00:00.000Z,14,https://www.bancaditalia.it/servizi-cittadino/musei-collezioni/prenotazioni-on-line/index.html;https://www.bancaditalia.it/chi-siamo/provvedimenti/index.html;https://www.bancaditalia.it/media/podcast/centrale/;https://tassidicambio.bancaditalia.it/terzevalute-wf-ui-web/;https://servizionline.bancaditalia.it/;https://economiapertutti.bancaditalia.it/;https://www.youtube.com/watch?v=00ynUpG3VBU;https://alert.bancaditalia.it/webApp/subscribe?LANGUAGE=en;https://www.bancaditalia.it/media/comunicati/documenti/2026-01/cs-riconoscimento-AT-20260731-ENG.pdf?language_id=1;https://www.consob.it/web/consob/pubblicazioni1;https://www.consob.it/web/area-pubblica/informazioni-sui-procedimenti-sanzionatori;https://www.consob.it/web/area-pubblica/sanzioni,3,0,1,0,no-dated-first-page-signal,Calibrate publication transparency and coverage confidence; preserve regulator-specific cadence contract.,,
XK,XKX,Kosovo,Europe,Southern Europe,local-authority-evidence,2,central_banking;financial_intelligence;insurance;pensions;prudential_supervision,broad,false,,ecosystem-mapped-no-validated-feed,,,0,,0,,0,0,0,0,,Locate official enforcement/disciplinary publication routes for each mapped sector authority; record genuine non-publication explicitly.,,
LV,LVA,Latvia,Europe,Northern Europe,local-authority-evidence,3,central_banking;financial_intelligence;insurance;pensions;prudential_supervision;securities,broad,false,MONEYVAL,ecosystem-mapped-no-validated-feed,,,0,,4,https://www.fid.gov.lv/en/roles-and-responsibilities/sanctions;https://www.fid.gov.lv/en/news/save-the-date-international-sanctions-conference-in-riga-to-focus-on-measures-degrading-russias-war-machine;https://www.fid.gov.lv/en/news/key-sanctions-highlights-in-q2-2026;https://www.fid.gov.lv/en/news/the-eus-21st-sanctions-package-will-significantly-impact-russias-energy-and-financial-sectors,1,0,1,0,no-dated-first-page-signal,Locate official enforcement/disciplinary publication routes for each mapped sector authority; record genuine non-publication explicitly.,,
LI,LIE,Liechtenstein,Europe,Western Europe,local-authority-evidence,2,financial_intelligence;insurance;pensions;prudential_supervision;securities,broad,false,MONEYVAL,ecosystem-mapped-no-validated-feed,,,0,,2,https://www.fma-li.li/de/aufsicht-regulierung/enforcement-und-sanktionen;https://www.fma-li.li/de/warning/bekanntmachung-fma-verhaengt-massnahmen-gegen-die-tgi-ag-wegen-unerlaubten-betriebs-des-einlagengeschaefts-1630,1,1,1,0,frequent-first-page-signal,Locate official enforcement/disciplinary publication routes for each mapped sector authority; record genuine non-publication explicitly.,,
LT,LTU,Lithuania,Europe,Northern Europe,local-authority-evidence,2,central_banking;financial_intelligence;insurance;pensions;prudential_supervision;securities,broad,false,MONEYVAL,ecosystem-mapped-no-validated-feed,,,0,,0,,0,0,0,0,,Locate official enforcement/disciplinary publication routes for each mapped sector authority; record genuine non-publication explicitly.,,
LU,LUX,Luxembourg,Europe,Western Europe,local-authority-evidence,4,central_banking;financial_intelligence;insurance;pensions;prudential_supervision;securities,broad,true,,live,CSSF,,168,2026-07-21T00:00:00.000Z,7,https://www.bcl.lu/en/Monetary-policy/decisions/index.html;https://www.bcl.lu/fr/publications/Blog/blog-34/index.html;https://www.bcl.lu/en/support/cookies1/index.html;https://www.caa.lu/fr/consommateurs/sanctions-et-autres-mesures-administratives;https://www.caa.lu/fr/informations/sanctions-fin-int-contre-russie;https://www.caa.lu/fr/surveillance/sanctions-financieres-internationales;https://www.cssf.lu/en/enforcement-of-financial-information/,3,2,2,0,active-first-page-signal;frequent-first-page-signal;no-dated-first-page-signal,Calibrate publication transparency and coverage confidence; preserve regulator-specific cadence contract.,,
MT,MLT,Malta,Europe,Southern Europe,local-authority-evidence,4,central_banking;financial_intelligence;insurance;pensions;prudential_supervision;securities,broad,false,MONEYVAL,live,MFSA,,275,2026-05-06T00:00:00.000Z,2,https://fiaumalta.org/what-we-do/enforcement/;https://fiaumalta.org/privacy-policy/,1,0,1,0,no-dated-first-page-signal,Calibrate publication transparency and coverage confidence; preserve regulator-specific cadence contract.,,
MD,MDA,Moldova,Europe,Eastern Europe,local-authority-evidence,2,central_banking;financial_intelligence;insurance;prudential_supervision,moderate,false,MONEYVAL,ecosystem-mapped-no-validated-feed,,,0,,8,https://www.bnm.md/en/content/monetary-policy-decision-06082026;https://www.bnm.md/en/search?partitions[0]=677&post_types[677][0]=834;https://www.bnm.md/en/content/sanctions-applied-non-bank-credit-organizations-published-accordance-provisions-art-753-0;https://www.bnm.md/en/content/sanctions-applied-savings-and-loan-association-published-accordance-provisions-art-753-law;https://www.bnm.md/en/content/applied-sanctions-foreign-exchange-entities;https://www.bnm.md/en/content/applied-sanctions-foreign-exchange-entities-and-published-according-provisions-article-753;https://www.bnm.md/en/content/sanctions-applied-payment-service-providerspostal-service-providerselectronic-money;https://www.bnm.md/en/content/decisions-list,1,0,0,0,not-observable,Locate official enforcement/disciplinary publication routes for each mapped sector authority; record genuine non-publication explicitly.,,
MC,MCO,Monaco,Europe,Western Europe,local-authority-evidence,2,financial_intelligence;securities,limited,false,MONEYVAL,ecosystem-mapped-no-validated-feed,,,0,,3,https://ccaf.mc/ccaf/les-sanctions-prononcees/;https://ccaf.mc/wp-content/uploads/2026/03/Decision-de-sanction-TAVIRA-MONACO.pdf;https://ccaf.mc/decision-de-sanction-a-lencontre-de-tavira-monaco-sam/,1,0,0,0,not-observable,Locate official enforcement/disciplinary publication routes for each mapped sector authority; record genuine non-publication explicitly.,,
ME,MNE,Montenegro,Europe,Southern Europe,local-authority-evidence,4,central_banking;financial_intelligence;insurance;securities,moderate,false,MONEYVAL,ecosystem-mapped-no-validated-feed,,,0,,1,https://www.cbcg.me/en/public-relations/information/faq?accordion-open=1730,1,0,0,1,no-dated-first-page-signal,Locate official enforcement/disciplinary publication routes for each mapped sector authority; record genuine non-publication explicitly.,,
NL,NLD,Netherlands,Europe,Western Europe,local-authority-evidence,3,central_banking;financial_intelligence;insurance;pensions;prudential_supervision;securities,broad,true,,live,AFM;DNB,,56,2026-08-20T00:00:00.000Z,7,https://www.dnb.nl/en/reliable-financial-sector/financial-sanctions/;https://www.dnb.nl/en/sector-information/open-book-supervision/laws-and-eu-regulations/enforcement/;https://www.dnb.nl/en/sector-information/open-book-supervision/laws-and-eu-regulations/sanctions-act-1977/;https://www.dnb.nl/en/privacy-and-security/cookie-notice/;https://www.fiu-nederland.nl/en/knowledge_base/third-party-payments-a-method-used-to-conceal-money-laundering-terrorist-financing-and-sanctions-evasion/;https://www.fiu-nederland.nl/en/knowledge_base/luxury-designer-goods-despite-sanctions/;https://www.afm.nl/nl-nl/sector/actueel/2026/aug/pb-boete-vfs,3,1,2,0,no-dated-first-page-signal;periodic-first-page-signal,Calibrate publication transparency and coverage confidence; preserve regulator-specific cadence contract.,,
MK,MKD,North Macedonia,Europe,Southern Europe,local-authority-evidence,5,central_banking;financial_intelligence;insurance;pensions;prudential_supervision;securities,broad,false,MONEYVAL,ecosystem-mapped-no-validated-feed,,,0,,0,,0,0,0,0,,Locate official enforcement/disciplinary publication routes for each mapped sector authority; record genuine non-publication explicitly.,,
NO,NOR,Norway,Europe,Northern Europe,local-authority-evidence,3,central_banking;financial_intelligence;insurance;prudential_supervision;securities,broad,true,,live,FTNO,,42,2026-06-09T00:00:00.000Z,1,https://www.norges-bank.no/en/topics/monetary-policy/Monetary-policy-meetings/2026/august-2026/,1,1,0,0,low-frequency-first-page-signal,Calibrate publication transparency and coverage confidence; preserve regulator-specific cadence contract.,,
PL,POL,Poland,Europe,Eastern Europe,local-authority-evidence,3,central_banking;financial_intelligence;insurance;pensions;prudential_supervision;securities,broad,false,MONEYVAL,ecosystem-mapped-no-validated-feed,,,0,,2,https://www.gov.pl/web/national-revenue-administration/klauzula-przetwarzania-danych-osobowych-udostepnionych-droga-elektroniczna;https://www.gov.pl/web/finance/klauzula-przetwarzania-danych-osobowych-udostepnionych-droga-elektroniczna,1,0,0,0,no-dated-first-page-signal,Locate official enforcement/disciplinary publication routes for each mapped sector authority; record genuine non-publication explicitly.,,
PT,PRT,Portugal,Europe,Southern Europe,local-authority-evidence,4,central_banking;financial_intelligence;insurance;pensions;prudential_supervision;securities,broad,true,,live,CMVM,BDP,140,2026-07-22T00:00:00.000Z,5,https://www.asf.com.pt/infra%C3%A7%C3%B5es-e-san%C3%A7%C3%B5es;https://www.policiajudiciaria.pt/dsdi/;https://www.policiajudiciaria.pt/metadata-law-enforcement-conference-photos/;https://www.policiajudiciaria.pt/projetos-financiados__trashed/aida-artificial-intelligence-and-advanced-data-analyitics-for-law-enforcement-agencies/;https://www.policiajudiciaria.pt/projetos-financiados__trashed/i-lead-innovation-law-enforcement-agencys-dialogue/,2,0,2,0,no-dated-first-page-signal,Calibrate publication transparency and coverage confidence; preserve regulator-specific cadence contract.,,
RO,ROU,Romania,Europe,Eastern Europe,local-authority-evidence,3,central_banking;financial_intelligence;insurance;pensions;prudential_supervision;securities,broad,false,MONEYVAL,ecosystem-mapped-no-validated-feed,,,0,,0,,0,0,0,0,,Locate official enforcement/disciplinary publication routes for each mapped sector authority; record genuine non-publication explicitly.,,
RU,RUS,Russia,Europe,Eastern Europe,local-authority-evidence,2,central_banking;financial_intelligence;prudential_supervision;securities,moderate,true,EAG,ecosystem-mapped-no-validated-feed,,,0,,0,,0,0,0,0,,Locate official enforcement/disciplinary publication routes for each mapped sector authority; record genuine non-publication explicitly.,,
SM,SMR,San Marino,Europe,Southern Europe,local-authority-evidence,2,central_banking;financial_intelligence;prudential_supervision,moderate,false,MONEYVAL,ecosystem-mapped-no-validated-feed,,,0,,6,https://www.bcsm.sm/funzioni/sanzioni;https://www.bcsm.sm/normativa/provvedimenti-di-banca-centrale/regolamenti;https://www.bcsm.sm/normativa/provvedimenti-di-banca-centrale/circolari;https://www.bcsm.sm/normativa/provvedimenti-di-banca-centrale/circolari-tassi-soglia;https://www.bcsm.sm/normativa/provvedimenti-di-banca-centrale/consultazioni-pubbliche;https://www.bcsm.sm/normativa/provvedimenti-di-banca-centrale/consultazioni-pubbliche?hsLang=it,1,0,1,0,no-dated-first-page-signal,Locate official enforcement/disciplinary publication routes for each mapped sector authority; record genuine non-publication explicitly.,,
RS,SRB,Serbia,Europe,Southern Europe,local-authority-evidence,3,central_banking;financial_intelligence;insurance;pensions;prudential_supervision;securities,broad,false,MONEYVAL,ecosystem-mapped-no-validated-feed,,,0,,2,https://nbs.rs/en/ciljevi-i-funkcije/monetarna-politika/proces-odlucivanja/;https://nbs.rs/en/drugi-nivo-navigacije/servisi/reg_resenja,1,0,0,0,no-dated-first-page-signal,Locate official enforcement/disciplinary publication routes for each mapped sector authority; record genuine non-publication explicitly.,,
SK,SVK,Slovakia,Europe,Eastern Europe,local-authority-evidence,2,central_banking;financial_intelligence;insurance;pensions;prudential_supervision;securities,broad,false,MONEYVAL,ecosystem-mapped-no-validated-feed,,,0,,4,https://nbs.sk/en/monetary-policy/monetary-policy-decisions/;https://nbs.sk/en/press/governing-council-decisions/;https://www.ecb.europa.eu/press/pr/date/2026/html/ecb.mp260723~29f24d99bc.en.html;https://www.nbs.sk/en,1,1,0,0,low-frequency-first-page-signal,Locate official enforcement/disciplinary publication routes for each mapped sector authority; record genuine non-publication explicitly.,,
SI,SVN,Slovenia,Europe,Southern Europe,local-authority-evidence,4,central_banking;financial_intelligence;insurance;prudential_supervision;securities,broad,false,MONEYVAL,ecosystem-mapped-no-validated-feed,,,0,,4,https://www.bsi.si/en/monetary-policy-2;https://www.bsi.si/en/situation-in-the-slovenian-banking-system;https://www.bsi.si/en/macroeconomic-environment;https://www.bsi.si/en/upcoming-events/bs-ef-seminar-fomc-in-silico-a-multi-agent-system-for-monetary-policy-decision-modeling,1,0,0,0,no-dated-first-page-signal,Locate official enforcement/disciplinary publication routes for each mapped sector authority; record genuine non-publication explicitly.,,
ES,ESP,Spain,Europe,Southern Europe,local-authority-evidence,5,central_banking;financial_intelligence;insurance;pensions;prudential_supervision;securities,broad,true,,live,CNMV,,102,2026-07-17T00:00:00.000Z,17,https://www.bde.es/wbe/en/sobre-banco/transparencia/derecho-acceso/resoluciones-denegatorias/;https://www.bde.es/wbe/en/areas-actuacion/resolucion/;https://www.bde.es/wbe/en/areas-actuacion/resolucion/contexto-internacional/;https://www.bde.es/wbe/en/areas-actuacion/resolucion/que-autoridades-son-competentes/;https://www.bde.es/wbe/en/areas-actuacion/resolucion/planificacion-resolucion/;https://www.bde.es/wbe/en/areas-actuacion/resolucion/herramientas-resolucion/;https://www.bde.es/wbe/en/areas-actuacion/resolucion/analisis-de-resolubilidad/;https://www.bde.es/wbe/en/areas-actuacion/resolucion/mrel-y-tlac/;https://www.bde.es/wbe/en/areas-actuacion/resolucion/el-banco-de-espana-y-su-rol-internacional/;https://www.bde.es/wbe/en/areas-actuacion/resolucion/proximos-pasos/;https://www.bde.es/wbe/en/noticias-eventos/actualidad-bce/decisiones-politica-monetaria/;https://www.bde.es/wbe/en/noticias-eventos/actualidad-bce/otras-decisiones-consejo-gobierno/,1,0,1,0,no-dated-first-page-signal,Calibrate publication transparency and coverage confidence; preserve regulator-specific cadence contract.,,
SE,SWE,Sweden,Europe,Northern Europe,local-authority-evidence,2,central_banking;financial_intelligence;prudential_supervision;securities,moderate,true,,live,FISE,,64,2026-06-17T00:00:00.000Z,23,https://www.fi.se/sv/publicerat/granskningar/undersokningar/undersokningar-lista/2026/fi-ger-norion-bank-en-anmarkning-och-en-sanktionsavgift/;https://www.fi.se/sv/publicerat/granskningar/undersokningar/undersokningar-lista/2023/fi-undersoker-alecta2/;https://www.fi.se/sv/bank/internationella-sanktioner/frysning-av-tillgangar/2026/beslut-att-frysa-tillgangar-for-tva-personer-och-en-grupp/;https://www.riksbank.se/en-gb/monetary-policy/monetary-policy-report/;https://www.riksbank.se/en-gb/monetary-policy/monetary-policy-report/monetary-policy-decision-documents/;https://www.riksbank.se/en-gb/monetary-policy/the-path-to-a-monetary-policy-decision/;https://www.riksbank.se/en-gb/monetary-policy/the-path-to-a-monetary-policy-decision/voting-by-the-executive-board/;https://www.riksbank.se/en-gb/monetary-policy/the-path-to-a-monetary-policy-decision/the-riksbank-makes-forecasts/;https://www.riksbank.se/en-gb/monetary-policy/how-a-monetary-policy-decision-is-implemented/;https://www.riksbank.se/en-gb/press-and-published/notices-and-press-releases/;https://www.riksbank.se/en-gb/press-and-published/notices-and-press-releases/debate-articles/;https://www.riksbank.se/en-gb/press-and-published/notices-and-press-releases/news-about-financial-stability/,2,0,2,0,no-dated-first-page-signal,Calibrate publication transparency and coverage confidence; preserve regulator-specific cadence contract.,,
CH,CHE,Switzerland,Europe,Western Europe,local-authority-evidence,4,central_banking;financial_intelligence;insurance;pensions;prudential_supervision;securities,broad,true,,live,FINMA,,26,2026-05-01T00:00:00.000Z,6,https://www.finma.ch/de/durchsetzung/enforcementinstrumente/;https://www.finma.ch/de/dokumentation/finma-publikationen/kennzahlen-und-statistiken/statistiken/enforcement/;https://www.finma.ch/de/dokumentation/enforcementberichterstattung/;https://www.finma.ch/de/dokumentation/internationale-sanktionen-und-terrorismusbekaempfung/;https://report.finma.ch/2025/de/;https://www.snb.ch/en/the-snb/mandates-goals/monetary-policy/decisions,2,0,1,0,no-dated-first-page-signal,Calibrate publication transparency and coverage confidence; preserve regulator-specific cadence contract.,,
UA,UKR,Ukraine,Europe,Eastern Europe,local-authority-evidence,3,central_banking;financial_intelligence;insurance;pensions;prudential_supervision;securities,broad,false,MONEYVAL,ecosystem-mapped-no-validated-feed,,,0,,2,https://bank.gov.ua/en/news/press;https://bank.gov.ua/en/monetary/stages,1,0,0,0,no-dated-first-page-signal,Locate official enforcement/disciplinary publication routes for each mapped sector authority; record genuine non-publication explicitly.,,
GB,GBR,United Kingdom,Europe,Northern Europe,local-authority-evidence,4,central_banking;financial_intelligence;insurance;pensions;prudential_supervision;securities,broad,true,,live,FCA,,752,2026-08-17T00:00:00.000Z,17,https://www.bankofengland.co.uk/prudential-regulation/the-bank-of-england-enforcement;https://www.bankofengland.co.uk/monetary-policy-report/2026/july-2026;https://www.bankofengland.co.uk/monetary-policy-summary-and-minutes/2026/july-2026;https://www.fca.org.uk/about/how-we-regulate/enforcement;https://www.fca.org.uk/consumers/pension-transfer-defined-benefit;https://www.fca.org.uk/publications/search-results?p_search_term&category=notices%20and%20decisions-decision%20notices%2Cnotices%20and%20decisions-libor%20notices%2Cnotices%20and%20decisions-final%20notices%2Cnotices%20and%20decisions-warning%20notices%2Cnotices%20and%20decisions-supervisory%20notices%2Cnotices%20and%20decisions-cancellation%20notices%2Cnotices%20and%20decisions-requirement%20notices%2Cnotices%20and%20decisions-temporary%20product%20interventions%2Cnotices%20and%20decisions-undertakings%2Cnotices%20and%20decisions-waivers%20and%20crr%20notices;https://www.fca.org.uk/news/press-releases/fca-fines-bans-former-svs-securities-ceo;https://www.fca.org.uk/legal;https://www.thepensionsregulator.gov.uk/employers/warnings-notices-and-payment-of-fines;https://www.thepensionsregulator.gov.uk/trustees/penalty-notices;https://www.thepensionsregulator.gov.uk/document-library/regulatory-and-enforcement-policies;https://www.thepensionsregulator.gov.uk/document-library/enforcement-activity,4,2,4,0,no-dated-first-page-signal;periodic-first-page-signal,Calibrate publication transparency and coverage confidence; preserve regulator-specific cadence contract.,,
VA,VAT,Vatican City,Europe,Southern Europe,local-authority-evidence,1,financial_intelligence,limited,false,MONEYVAL,ecosystem-mapped-no-validated-feed,,,0,,0,,0,0,0,0,,Locate official enforcement/disciplinary publication routes for each mapped sector authority; record genuine non-publication explicitly.,,
BH,BHR,Bahrain,Middle East,Gulf,local-authority-evidence,2,central_banking;financial_intelligence;insurance;prudential_supervision;securities,broad,false,MENAFATF,ecosystem-mapped-no-validated-feed,,,0,,0,,0,0,0,0,,Locate official enforcement/disciplinary publication routes for each mapped sector authority; record genuine non-publication explicitly.,,
IR,IRN,Iran,Middle East,Western Asia,local-authority-evidence,2,central_banking;prudential_supervision;securities,moderate,false,,ecosystem-mapped-no-validated-feed,,,0,,0,,0,0,0,0,,Locate official enforcement/disciplinary publication routes for each mapped sector authority; record genuine non-publication explicitly.,,
IQ,IRQ,Iraq,Middle East,Western Asia,local-authority-evidence,2,central_banking;financial_intelligence,limited,false,MENAFATF,ecosystem-mapped-no-validated-feed,,,0,,1,https://cbi.iq/news/view/3262,1,1,1,0,low-frequency-first-page-signal,Locate official enforcement/disciplinary publication routes for each mapped sector authority; record genuine non-publication explicitly.,,
IL,ISR,Israel,Middle East,Western Asia,local-authority-evidence,5,central_banking;financial_intelligence;insurance;pensions;prudential_supervision;securities,broad,true,MONEYVAL,ecosystem-mapped-no-validated-feed,,,0,,0,,0,0,0,0,,Locate official enforcement/disciplinary publication routes for each mapped sector authority; record genuine non-publication explicitly.,,
JO,JOR,Jordan,Middle East,Western Asia,local-authority-evidence,3,central_banking;financial_intelligence;insurance;prudential_supervision;securities,broad,false,MENAFATF,ecosystem-mapped-no-validated-feed,,,0,,2,https://sanctions.amlu.gov.jo/AR/List/%D9%86%D8%A8%D8%B0%D8%A9_%D8%B9%D9%86_%D8%A7%D9%84%D9%84%D8%AC%D9%86%D8%A9_%D8%A7%D9%84%D9%81%D9%86%D9%8A%D8%A9;https://www.cbj.gov.jo/AR/List/%D9%82%D8%B1%D8%A7%D8%B1%D8%A7%D8%AA_%D8%A7%D9%84%D8%B3%D9%8A%D8%A7%D8%B3%D8%A9_%D8%A7%D9%84%D9%86%D9%82%D8%AF%D9%8A%D8%A9,2,0,1,0,no-dated-first-page-signal;not-observable,Locate official enforcement/disciplinary publication routes for each mapped sector authority; record genuine non-publication explicitly.,,
KW,KWT,Kuwait,Middle East,Gulf,local-authority-evidence,4,central_banking;financial_intelligence;insurance;prudential_supervision;securities,broad,false,MENAFATF,ecosystem-mapped-no-validated-feed,,,0,,0,,0,0,0,0,,Locate official enforcement/disciplinary publication routes for each mapped sector authority; record genuine non-publication explicitly.,,
LB,LBN,Lebanon,Middle East,Western Asia,local-authority-evidence,2,central_banking;financial_intelligence;prudential_supervision,moderate,false,MENAFATF,ecosystem-mapped-no-validated-feed,,,0,,0,,0,0,0,0,,Locate official enforcement/disciplinary publication routes for each mapped sector authority; record genuine non-publication explicitly.,,
OM,OMN,Oman,Middle East,Gulf,local-authority-evidence,3,central_banking;financial_intelligence;insurance;prudential_supervision;securities,broad,false,MENAFATF,ecosystem-mapped-no-validated-feed,,,0,,0,,0,0,0,0,,Locate official enforcement/disciplinary publication routes for each mapped sector authority; record genuine non-publication explicitly.,,
PS,PSE,Palestine,Middle East,Western Asia,local-authority-evidence,3,central_banking;financial_intelligence;insurance;prudential_supervision;securities,broad,false,MENAFATF,ecosystem-mapped-no-validated-feed,,,0,,0,,0,0,0,0,,Locate official enforcement/disciplinary publication routes for each mapped sector authority; record genuine non-publication explicitly.,,
QA,QAT,Qatar,Middle East,Gulf,local-authority-evidence,4,central_banking;financial_intelligence;insurance;prudential_supervision;securities,broad,false,MENAFATF,ecosystem-mapped-no-validated-feed,,,0,,6,https://www.qfcra.com/united-nations-security-council-resolutions-sanctions-and-other-notices/;https://www.qfcra.com/enforcement/;https://www.qfcra.com/enforcement-press-news/;https://www.qfcra.com/privacy-notice/;https://www.qfcra.com/legal-notice/;https://www.qfcra.com/cookies-notice/,1,0,0,0,not-observable,Locate official enforcement/disciplinary publication routes for each mapped sector authority; record genuine non-publication explicitly.,,
SA,SAU,Saudi Arabia,Middle East,Gulf,local-authority-evidence,4,central_banking;financial_intelligence;insurance;prudential_supervision;securities,broad,true,MENAFATF,official-enforcement-source-validated,,CMASA,0,,1,https://www.sama.gov.sa/en-US/Currency/FinExc/Pages/Currency.aspx,1,0,0,0,no-dated-first-page-signal,"Profile archive structure, historical depth, language, stable identifiers and publication cadence before ingestion design.",,
SY,SYR,Syria,Middle East,Western Asia,local-authority-evidence,3,central_banking;financial_intelligence;prudential_supervision;securities,moderate,false,MENAFATF,ecosystem-mapped-no-validated-feed,,,0,,1,https://cb.gov.sy/index.php?page=list&ex=2&dir=laws&lang=1&lt=3&service=5&act=576,1,0,0,0,no-dated-first-page-signal,Locate official enforcement/disciplinary publication routes for each mapped sector authority; record genuine non-publication explicitly.,,
TR,TUR,Türkiye,Middle East,Western Asia,local-authority-evidence,5,central_banking;financial_intelligence;insurance;pensions;prudential_supervision;securities,broad,true,,live,SPK,,2189,2026-08-13T00:00:00.000Z,0,,0,0,0,0,,Calibrate publication transparency and coverage confidence; preserve regulator-specific cadence contract.,,
AE,ARE,United Arab Emirates,Middle East,Gulf,local-authority-evidence,6,central_banking;financial_intelligence;insurance;prudential_supervision;securities,broad,false,MENAFATF,live,DFSA;FSRA;CBUAE,,83,2026-05-11T00:00:00.000Z,1,https://uaefiu.gov.ae/en/about/our-mandate/,1,0,0,1,no-dated-first-page-signal,Calibrate publication transparency and coverage confidence; preserve regulator-specific cadence contract.,,
YE,YEM,Yemen,Middle East,Western Asia,local-authority-evidence,1,central_banking,limited,false,MENAFATF,ecosystem-mapped-no-validated-feed,,,0,,0,,0,0,0,0,,Locate official enforcement/disciplinary publication routes for each mapped sector authority; record genuine non-publication explicitly.,,
JE,JEY,Jersey,Offshore / IFC,Crown Dependency,local-authority-evidence,2,financial_intelligence;insurance;prudential_supervision;securities,moderate,false,MONEYVAL,live,JFSC,,6,2025-07-31T00:00:00.000Z,0,,0,0,0,0,,Calibrate publication transparency and coverage confidence; preserve regulator-specific cadence contract.,,
GG,GGY,Guernsey,Offshore / IFC,Crown Dependency,local-authority-evidence,2,financial_intelligence;insurance;pensions;prudential_supervision;securities,broad,false,MONEYVAL,live,GFSC,,32,2026-03-09T00:00:00.000Z,22,https://guernseyfiu.gov.gg/article/175899/Sanctions;https://guernseyfiu.gov.gg/article/175927/Current-Sanction-Regimes;https://www.gfsc.gg/commission/about-us/senior-decision-makers;https://www.gfsc.gg/commission/financial-crime/notices-instructions-warnings;https://www.gfsc.gg/commission/financial-crime/sanctions;https://www.gfsc.gg/commission/enforcement;https://www.gfsc.gg/commission/enforcement/our-people;https://www.gfsc.gg/commission/enforcement/decision-making-process;https://www.gfsc.gg/commission/enforcement/enforcement-policy;https://www.gfsc.gg/commission/enforcement/enforcement-powers;https://www.gfsc.gg/commission/enforcement/judicial-decisions;https://www.gfsc.gg/commission/enforcement/prohibitions,2,1,2,0,low-frequency-first-page-signal;no-dated-first-page-signal,Calibrate publication transparency and coverage confidence; preserve regulator-specific cadence contract.,,
IM,IMN,Isle of Man,Offshore / IFC,Crown Dependency,local-authority-evidence,4,financial_intelligence;insurance;prudential_supervision;securities,moderate,false,MONEYVAL,live,IOMFSA,,21,2025-06-17T00:00:00.000Z,0,,0,0,0,0,,Calibrate publication transparency and coverage confidence; preserve regulator-specific cadence contract.,,
GI,GIB,Gibraltar,Offshore / IFC,British Overseas Territory,local-authority-evidence,2,financial_intelligence;insurance;prudential_supervision;securities,moderate,false,MONEYVAL,ecosystem-mapped-no-validated-feed,,,0,,1,http://gfiu.gov.gi/sanctions,1,0,0,0,not-observable,Locate official enforcement/disciplinary publication routes for each mapped sector authority; record genuine non-publication explicitly.,,
KY,CYM,Cayman Islands,Offshore / IFC,British Overseas Territory,local-authority-evidence,3,central_banking;financial_intelligence;insurance;prudential_supervision;securities,broad,false,CFATF,live,CIMA,,160,2026-06-09T00:00:00.000Z,11,https://www.cima.ky/general-industry-notices;https://www.cima.ky/general-public-notices;https://www.cima.ky/warning-notices;https://www.cima.ky/decision-notices;https://www.cima.ky/administrative-fines;https://www.cima.ky/general-notices;https://www.cima.ky/financial-sanctions-notices;https://www.cima.ky/enforcement-1;https://www.cima.ky/sanctions-overview;https://www.cima.ky/un-and-uk-sanctions;https://www.cima.ky/privacy-policy,1,0,0,0,not-observable,Calibrate publication transparency and coverage confidence; preserve regulator-specific cadence contract.,,
BM,BMU,Bermuda,Offshore / IFC,British Overseas Territory,local-authority-evidence,2,central_banking;financial_intelligence;insurance;prudential_supervision;securities,broad,false,CFATF,official-enforcement-source-validated,,BMA,0,,1,https://public.govdelivery.com/accounts/BERMFSIU/signup/46844?FIA,1,0,0,0,no-dated-first-page-signal,"Profile archive structure, historical depth, language, stable identifiers and publication cadence before ingestion design.",,
VG,VGB,British Virgin Islands,Offshore / IFC,British Overseas Territory,local-authority-evidence,2,financial_intelligence;insurance;prudential_supervision;securities,moderate,false,CFATF,ecosystem-mapped-no-validated-feed,,,0,,20,https://fiabvi.vg/Analysis-Investigation/Section-4-Notices/Legal-Obligation;https://fiabvi.vg/Analysis-Investigation/Section-4-Notices/Enforcement;https://fiabvi.vg/Supervision-Enforcement;https://fiabvi.vg/Supervision-Enforcement/NPO/What-is-an-NPO;https://fiabvi.vg/Supervision-Enforcement/NPO/NPO-Obligations;https://fiabvi.vg/Supervision-Enforcement/NPO/Designated-Persons;https://fiabvi.vg/Supervision-Enforcement/NPO/Supervision-by-the-Agency;https://fiabvi.vg/Supervision-Enforcement/NPO/Relevant-Legislation;https://fiabvi.vg/Supervision-Enforcement/DNFBPs/What-is-a-DNFBP;https://fiabvi.vg/Supervision-Enforcement/DNFBPs/DNFBP-Obligations;https://fiabvi.vg/Supervision-Enforcement/DNFBPs/Registration;https://fiabvi.vg/Supervision-Enforcement/DNFBPs/Supervision-by-the-Agency,1,0,1,0,no-dated-first-page-signal,Locate official enforcement/disciplinary publication routes for each mapped sector authority; record genuine non-publication explicitly.,,
TC,TCA,Turks and Caicos Islands,Offshore / IFC,British Overseas Territory,local-authority-evidence,3,financial_intelligence;insurance;prudential_supervision;securities,moderate,false,CFATF,ecosystem-mapped-no-validated-feed,,,0,,21,https://www.tcipolice.tc/traffic-enforcement-unit/;https://www.tcifsc.tc/notices;https://www.tcifsc.tc/business-name-notices;https://www.tcifsc.tc/trademarks-and-patents-notices;https://www.tcifsc.tc/enforcement;https://www.tcifsc.tc/aml-cft-enforcement-actions;https://www.tcifsc.tc/sanctions;https://www.tcifsc.tc/sanctions-regimes;https://www.tcifsc.tc/financial-sanctions-search-tool;https://www.tcifsc.tc/sanctions-guidance;https://www.tcifsc.tc/financial-sanctions-notices;https://www.tcifsc.tc/fsc-notices,2,0,2,0,no-dated-first-page-signal,Locate official enforcement/disciplinary publication routes for each mapped sector authority; record genuine non-publication explicitly.,,
AI,AIA,Anguilla,Offshore / IFC,British Overseas Territory,local-authority-evidence,2,central_banking;financial_intelligence;prudential_supervision,moderate,false,CFATF,ecosystem-mapped-no-validated-feed,,,0,,2,http://www.fsc.org.ai/enforcementaction.php;http://www.fsc.org.ai/internationalsanctions.php,1,0,1,0,no-dated-first-page-signal,Locate official enforcement/disciplinary publication routes for each mapped sector authority; record genuine non-publication explicitly.,,
MS,MSR,Montserrat,Offshore / IFC,British Overseas Territory,local-authority-evidence,2,central_banking;prudential_supervision,limited,false,CFATF,ecosystem-mapped-no-validated-feed,,,0,,3,https://www.fscmontserrat.org/notices/;https://www.fscmontserrat.org/enforcement-measures/;https://www.fscmontserrat.org/sanctions/,1,0,1,0,no-dated-first-page-signal,Locate official enforcement/disciplinary publication routes for each mapped sector authority; record genuine non-publication explicitly.,,
AS,ASM,American Samoa,Offshore / IFC,US Pacific Territory,local-authority-evidence,1,insurance,limited,false,,ecosystem-mapped-no-validated-feed,,,0,,1,https://www.americansamoa.gov/notices,1,0,0,0,not-observable,Locate official enforcement/disciplinary publication routes for each mapped sector authority; record genuine non-publication explicitly.,,
GU,GUM,Guam,Offshore / IFC,US Pacific Territory,local-authority-evidence,1,prudential_supervision,limited,false,,ecosystem-mapped-no-validated-feed,,,0,,2,https://www.guamtax.com/bib/9.14.17Minutesamended4.5.18.pdf;https://www.guamtax.com/about/enforcement.html,1,0,1,0,no-dated-first-page-signal,Locate official enforcement/disciplinary publication routes for each mapped sector authority; record genuine non-publication explicitly.,,
AW,ABW,Aruba,Offshore / IFC,Dutch Caribbean,local-authority-evidence,2,central_banking;financial_intelligence;insurance;prudential_supervision,moderate,false,CFATF,ecosystem-mapped-no-validated-feed,,,0,,6,https://www.cbaruba.org/monetary-policy-decisions/;https://www.cbaruba.org/integrity-supervision-enforcement/;https://www.cbaruba.org/financial-sanctions-regulations/;https://www.fiu-aruba.com/legislation/sanctions-regime/;https://www.fiu-aruba.com/2026/07/01/update-to-arubas-interim-national-decree-on-priority-sanctions-regimes-zimbabwe-no-longer-subject-to-targeted-financial-sanctions/;https://www.fiu-aruba.com/2026/06/12/fiu-aruba-publishes-guidance-on-the-reinstatement-of-iran-related-un-sanctions-and-reporting-obligations/,2,0,2,0,no-dated-first-page-signal,Locate official enforcement/disciplinary publication routes for each mapped sector authority; record genuine non-publication explicitly.,,
CW,CUW,Curaçao,Offshore / IFC,Dutch Caribbean,local-authority-evidence,2,central_banking;financial_intelligence;insurance;prudential_supervision,moderate,false,CFATF,ecosystem-mapped-no-validated-feed,,,0,,0,,0,0,0,0,,Locate official enforcement/disciplinary publication routes for each mapped sector authority; record genuine non-publication explicitly.,,
SX,SXM,Sint Maarten,Offshore / IFC,Dutch Caribbean,local-authority-evidence,2,financial_intelligence;insurance,limited,false,CFATF,ecosystem-mapped-no-validated-feed,,,0,,2,http://www.fiu-sxm.net/web/082B268FDAD380EB04257E90004F645A;http://www.fiu-sxm.net/web/401D02EF3A33D2C70425792F006B8044,1,0,0,0,not-observable,Locate official enforcement/disciplinary publication routes for each mapped sector authority; record genuine non-publication explicitly.,,
BS,BHS,Bahamas,Offshore / IFC,Caribbean,local-authority-evidence,4,central_banking;financial_intelligence;insurance;pensions;prudential_supervision;securities,broad,false,CFATF,ecosystem-mapped-no-validated-feed,,,0,,31,https://www.centralbankbahamas.com/bank-supervision/warning-notices;https://www.centralbankbahamas.com/exchange-control-notes-and-guidelines/exchange-control-notices;https://www.centralbankbahamas.com/bank-supervision/general-notices;https://www.centralbankbahamas.com/bank-supervision/enforcement-actions-administrative-penalties;https://www.centralbankbahamas.com/bank-supervision/aml-cft-cpf-related-notices;https://www.centralbankbahamas.com/bank-supervision/us-ofac-sanctions;https://www.centralbankbahamas.com/bank-supervision/un-security-council-sanctions-notices;https://www.centralbankbahamas.com/news/public-notices;https://www.centralbankbahamas.com/news/public-notices/public-notice-unauthorized-reproduction-of-bahamian-banknotes-and-coins;https://www.centralbankbahamas.com/news/public-notices/market-notice-bahamas-securities-portal;https://www.centralbankbahamas.com/news/public-notices/public-notice-fraudulent-claims-of-licensing-and-registration;https://www.centralbankbahamas.com/viewPDF/documents/2026-08-19-12-46-27-Public-Notice---Security-Council-ISIL-Daesh-and-Al-Qaida-Sanctions-Committee-Amends-21-Entries-on-Its-Sanctions-List-18-Aug-2026.pdf,4,2,3,0,low-frequency-first-page-signal;no-dated-first-page-signal;periodic-first-page-signal,Locate official enforcement/disciplinary publication routes for each mapped sector authority; record genuine non-publication explicitly.,,
BB,BRB,Barbados,Offshore / IFC,Caribbean,local-authority-evidence,4,central_banking;financial_intelligence;insurance;prudential_supervision;securities,broad,false,CFATF,ecosystem-mapped-no-validated-feed,,,0,,10,https://www.centralbank.org.bb/financial-stability-and-financial-regulation/united-nations-security-council-sanctions;https://www.fsc.gov.bb/enforcement;https://www.fsc.gov.bb/regulatory-notices;https://www.fsc.gov.bb/progressive-co-operative-credit-union-limited;https://www.fsc.gov.bb/publication/public-notices/public-advisory-notice-unauthorised-individual-conducting-financial-services-business;https://www.fsc.gov.bb/publication/public-notices;https://www.fsc.gov.bb/publication/public-notices/request-for-information-virtual-asset-service-providers;https://www.fsc.gov.bb/publication/public-notices/remote-working-notice-friday-may-29-2026;https://www.fsc.gov.bb/publication/public-notices/update-on-progressive-cooperative-credit-union-member-payout-process;https://www.fsc.gov.bb/privacy-notice,2,0,2,0,no-dated-first-page-signal,Locate official enforcement/disciplinary publication routes for each mapped sector authority; record genuine non-publication explicitly.,,
AG,ATG,Antigua and Barbuda,Offshore / IFC,Caribbean,local-authority-evidence,2,central_banking;financial_intelligence;prudential_supervision,moderate,false,CFATF,ecosystem-mapped-no-validated-feed,,,0,,7,https://ondcp.gov.ag/;https://ondcp.gov.ag/enforcement/drug-enforcement;https://ondcp.gov.ag/enforcement/investigations-department;https://ondcp.gov.ag/enforcement/threats;https://ondcp.gov.ag/enforcement/drug-enforcement/;https://www.un.org/securitycouncil/sanctions/1267/aq_sanctions_list;https://www.un.org/securitycouncil/sanctions/information,1,1,1,0,active-first-page-signal,Locate official enforcement/disciplinary publication routes for each mapped sector authority; record genuine non-publication explicitly.,,
