iso2,country,authority,website,roles,directory_sources,evidence_urls,notes
AF,Afghanistan,Bank of Afghanistan,https://www.dab.gov.af/,central_banking,BIS,https://www.bis.org/cbanks.htm,
AL,Albania,Albanian Financial Intelligence Agency (FIA),http://www.fiu.gov.al/en/,financial_intelligence,EGMONT,https://egmontgroup.org/members-by-region/,
AL,Albania,Albanian Financial Supervisory Authority,http://www.amf.gov.al/,securities;insurance;pensions,IOSCO;IAIS;IOPS,https://www.iosco.org/v2/about/?subsection=membership&memid=1&page=1;https://www.iosco.org/v2/about/?subsection=membership&memid=1&page=8;https://www.iosco.org/v2/about/?subsection=membership&memid=1&page=9;https://www.iosco.org/v2/about/?subsection=membership&memid=1&page=10;https://www.iosco.org/v2/about/?subsection=membership&memid=1&page=11;https://www.iosco.org/v2/about/?subsection=membership&memid=1&page=12;https://www.iais.org/about-the-iais/iais-members/;https://www.iopsweb.org/en/membership/iops-members-and-observers.html,Official directory is challenge-protected; current governing-member entry captured through indexed official page evidence.
AL,Albania,Bank of Albania,https://www.bankofalbania.org/home/,central_banking;prudential_supervision,BIS,https://www.bis.org/cbanks.htm;https://www.bis.org/regauth.htm,
DZ,Algeria,Bank of Algeria,http://www.bank-of-algeria.dz/,central_banking;prudential_supervision,BIS,https://www.bis.org/cbanks.htm;https://www.bis.org/regauth.htm,
DZ,Algeria,Commission d'Organisation et de Surveillance des Opérations de Bourse,http://www.cosob.org/,securities,IOSCO,https://www.iosco.org/v2/about/?subsection=membership&memid=1&page=1;https://www.iosco.org/v2/about/?subsection=membership&memid=1&page=8;https://www.iosco.org/v2/about/?subsection=membership&memid=1&page=9;https://www.iosco.org/v2/about/?subsection=membership&memid=1&page=10;https://www.iosco.org/v2/about/?subsection=membership&memid=1&page=11;https://www.iosco.org/v2/about/?subsection=membership&memid=1&page=12,
DZ,Algeria,Financial Intelligence Processing nit (CTRF),http://www.mf-ctrf.gov.dz/ngindex.html,financial_intelligence,EGMONT,https://egmontgroup.org/members-by-region/,
AS,American Samoa,Office of the Insurance Commissioner,https://www.americansamoa.gov/insurance,insurance,OFFICIAL_NATIONAL,https://www.americansamoa.gov/insurance,Territorial authority; wider US federal context is recorded separately through the parent jurisdiction.
AD,Andorra,Autoritat Financera Andorrana,http://www.afa.ad/,securities;insurance,IOSCO;IAIS,https://www.iosco.org/v2/about/?subsection=membership&memid=1&page=1;https://www.iosco.org/v2/about/?subsection=membership&memid=1&page=8;https://www.iosco.org/v2/about/?subsection=membership&memid=1&page=9;https://www.iosco.org/v2/about/?subsection=membership&memid=1&page=10;https://www.iosco.org/v2/about/?subsection=membership&memid=1&page=11;https://www.iosco.org/v2/about/?subsection=membership&memid=1&page=12;https://www.iais.org/about-the-iais/iais-members/,
AD,Andorra,Financial Intelligence Unit-Andorra (FIUAND),http://www.uifand.ad/,financial_intelligence,EGMONT,https://egmontgroup.org/members-by-region/,
AO,Angola,Agência Angolana de Regulação e Supervisão de Seguros (ARSEG),https://www.arseg.ao/,insurance;pensions,IAIS;IOPS,https://www.iais.org/about-the-iais/iais-members/;https://www.iopsweb.org/en/membership/iops-members-and-observers.html,Official directory is challenge-protected; current governing-member entry captured through indexed official page evidence.
AO,Angola,Comissão do Mercado de Capitais,http://www.cmc.ao/,securities,IOSCO,https://www.iosco.org/v2/about/?subsection=membership&memid=1&page=1;https://www.iosco.org/v2/about/?subsection=membership&memid=1&page=8;https://www.iosco.org/v2/about/?subsection=membership&memid=1&page=9;https://www.iosco.org/v2/about/?subsection=membership&memid=1&page=10;https://www.iosco.org/v2/about/?subsection=membership&memid=1&page=11;https://www.iosco.org/v2/about/?subsection=membership&memid=1&page=12,
AO,Angola,National Bank of Angola,http://www.bna.ao/,central_banking;prudential_supervision,BIS,https://www.bis.org/cbanks.htm;https://www.bis.org/regauth.htm,
AO,Angola,Unidade de Informação Financeira (UIF-Angola),http://www.uif.ao/,financial_intelligence,EGMONT,https://egmontgroup.org/members-by-region/,
AI,Anguilla,Eastern Caribbean Central Bank,http://www.eccb-centralbank.org/,central_banking;prudential_supervision,BIS,https://www.bis.org/cbanks.htm;https://www.bis.org/regauth.htm,Regional authority listed for organization of eastern caribbean states oecs; applied to this member jurisdiction.
AI,Anguilla,Financial Services Commission,http://www.fsc.org.ai/,prudential_supervision;financial_intelligence,BIS;EGMONT,https://www.bis.org/regauth.htm;https://egmontgroup.org/members-by-region/,
AG,Antigua and Barbuda,Eastern Caribbean Central Bank,http://www.eccb-centralbank.org/,central_banking;prudential_supervision,BIS,https://www.bis.org/cbanks.htm;https://www.bis.org/regauth.htm,Regional authority listed for organization of eastern caribbean states oecs; applied to this member jurisdiction.
AG,Antigua and Barbuda,Office of National Drug and Money Laundering Control Policy (ONDCP),http://ondcp.gov.ag/,financial_intelligence,EGMONT,https://egmontgroup.org/members-by-region/,
AR,Argentina,Central Bank of Argentina,http://www.bcra.gob.ar/default.asp,central_banking;prudential_supervision,BIS,https://www.bis.org/cbanks.htm;https://www.bis.org/regauth.htm,
AR,Argentina,Comisión Nacional de Valores*,http://www.cnv.gob.ar/,securities,IOSCO,https://www.iosco.org/v2/about/?subsection=membership&memid=1&page=1;https://www.iosco.org/v2/about/?subsection=membership&memid=1&page=8;https://www.iosco.org/v2/about/?subsection=membership&memid=1&page=9;https://www.iosco.org/v2/about/?subsection=membership&memid=1&page=10;https://www.iosco.org/v2/about/?subsection=membership&memid=1&page=11;https://www.iosco.org/v2/about/?subsection=membership&memid=1&page=12,
AR,Argentina,Superintendencia de Seguros de la Nacion Argentina,https://www.argentina.gob.ar/superintendencia-de-seguros,insurance;financial_intelligence,IAIS;EGMONT,https://www.iais.org/about-the-iais/iais-members/;https://egmontgroup.org/members-by-region/,
AM,Armenia,Central Bank of Armenia,http://www.cba.am/,central_banking;prudential_supervision;securities;insurance;pensions;financial_intelligence,BIS;IOSCO;IAIS;IOPS;EGMONT,https://www.bis.org/cbanks.htm;https://www.bis.org/regauth.htm;https://www.iosco.org/v2/about/?subsection=membership&memid=1&page=1;https://www.iosco.org/v2/about/?subsection=membership&memid=1&page=8;https://www.iosco.org/v2/about/?subsection=membership&memid=1&page=9;https://www.iosco.org/v2/about/?subsection=membership&memid=1&page=10;https://www.iosco.org/v2/about/?subsection=membership&memid=1&page=11;https://www.iosco.org/v2/about/?subsection=membership&memid=1&page=12;https://www.iais.org/about-the-iais/iais-members/;https://www.iopsweb.org/en/membership/iops-members-and-observers.html;https://egmontgroup.org/members-by-region/,Official directory is challenge-protected; current governing-member entry captured through indexed official page evidence.
AW,Aruba,Central Bank of Aruba,http://www.cbaruba.org/,central_banking;prudential_supervision;insurance,BIS;IAIS,https://www.bis.org/cbanks.htm;https://www.bis.org/regauth.htm;https://www.iais.org/about-the-iais/iais-members/,
AW,Aruba,Financial Intelligence Unit of Aruba (FIU-Aruba),https://www.fiu-aruba.com/,financial_intelligence,EGMONT,https://egmontgroup.org/members-by-region/,
AU,Australia,Australian Prudential Regulation Authority,http://www.apra.gov.au/,prudential_supervision;insurance;pensions,BIS;IAIS;IOPS,https://www.bis.org/regauth.htm;https://www.iais.org/about-the-iais/iais-members/;https://www.iopsweb.org/en/membership/iops-members-and-observers.html,Official directory is challenge-protected; current governing-member entry captured through indexed official page evidence.
AU,Australia,Australian Securities and Investments Commission*,http://www.asic.gov.au/,securities;insurance,IOSCO;IAIS,https://www.iosco.org/v2/about/?subsection=membership&memid=1&page=1;https://www.iosco.org/v2/about/?subsection=membership&memid=1&page=8;https://www.iosco.org/v2/about/?subsection=membership&memid=1&page=9;https://www.iosco.org/v2/about/?subsection=membership&memid=1&page=10;https://www.iosco.org/v2/about/?subsection=membership&memid=1&page=11;https://www.iosco.org/v2/about/?subsection=membership&memid=1&page=12;https://www.iais.org/about-the-iais/iais-members/,
AU,Australia,Reserve Bank of Australia,http://www.rba.gov.au/,central_banking;prudential_supervision,BIS,https://www.bis.org/cbanks.htm;https://www.bis.org/regauth.htm,
AU,Australia,The Australian Transaction Reports and Analysis Centre (AUSTRAC),http://www.austrac.gov.au/,financial_intelligence,EGMONT,https://egmontgroup.org/members-by-region/,
AT,Austria,Austrian Financial Intelligence Unit (A-FIU),,financial_intelligence,EGMONT,https://egmontgroup.org/members-by-region/,
AT,Austria,Austrian Financial Market Authority,http://www.fma.gv.at/,prudential_supervision;securities;insurance;pensions,BIS;IOSCO;IAIS;IOPS,https://www.bis.org/regauth.htm;https://www.iosco.org/v2/about/?subsection=membership&memid=1&page=1;https://www.iosco.org/v2/about/?subsection=membership&memid=1&page=8;https://www.iosco.org/v2/about/?subsection=membership&memid=1&page=9;https://www.iosco.org/v2/about/?subsection=membership&memid=1&page=10;https://www.iosco.org/v2/about/?subsection=membership&memid=1&page=11;https://www.iosco.org/v2/about/?subsection=membership&memid=1&page=12;https://www.iais.org/about-the-iais/iais-members/;https://www.iopsweb.org/en/membership/iops-members-and-observers.html,Official directory is challenge-protected; current governing-member entry captured through indexed official page evidence.
AT,Austria,Central Bank of the Republic of Austria,https://www.oenb.at/en/,central_banking;prudential_supervision,BIS,https://www.bis.org/cbanks.htm;https://www.bis.org/regauth.htm,
AZ,Azerbaijan,Central Bank of the Republic of Azerbaijan,https://www.cbar.az/home?language=en,central_banking;prudential_supervision;insurance,BIS;IAIS,https://www.bis.org/cbanks.htm;https://www.bis.org/regauth.htm;https://www.iais.org/about-the-iais/iais-members/,
AZ,Azerbaijan,Financial Monitoring Service (FMS),http://www.fiu.az/eng/,financial_intelligence,EGMONT,https://egmontgroup.org/members-by-region/,
BS,Bahamas,Central Bank of The Bahamas,http://www.centralbankbahamas.com/,central_banking;prudential_supervision,BIS,https://www.bis.org/cbanks.htm;https://www.bis.org/regauth.htm,
BS,Bahamas,Financial Intelligence Unit Bahamas (FIU-Bahamas),https://www.fiubahamas.org.bs/,financial_intelligence,EGMONT,https://egmontgroup.org/members-by-region/,
BS,Bahamas,Securities Commission of The Bahamas*,http://www.scb.gov.bs/,securities,IOSCO,https://www.iosco.org/v2/about/?subsection=membership&memid=1&page=1;https://www.iosco.org/v2/about/?subsection=membership&memid=1&page=8;https://www.iosco.org/v2/about/?subsection=membership&memid=1&page=9;https://www.iosco.org/v2/about/?subsection=membership&memid=1&page=10;https://www.iosco.org/v2/about/?subsection=membership&memid=1&page=11;https://www.iosco.org/v2/about/?subsection=membership&memid=1&page=12,
BS,Bahamas,The Insurance Commission of The Bahamas,http://www.icb.gov.bs/,insurance;pensions,IAIS;IOPS,https://www.iais.org/about-the-iais/iais-members/;https://www.iopsweb.org/en/membership/iops-members-and-observers.html,Official directory is challenge-protected; current governing-member entry captured through indexed official page evidence.
BH,Bahrain,Central Bank of Bahrain,http://www.cbb.gov.bh/,central_banking;prudential_supervision;securities;insurance,BIS;IOSCO;IAIS,https://www.bis.org/cbanks.htm;https://www.bis.org/regauth.htm;https://www.iosco.org/v2/about/?subsection=membership&memid=1&page=1;https://www.iosco.org/v2/about/?subsection=membership&memid=1&page=8;https://www.iosco.org/v2/about/?subsection=membership&memid=1&page=9;https://www.iosco.org/v2/about/?subsection=membership&memid=1&page=10;https://www.iosco.org/v2/about/?subsection=membership&memid=1&page=11;https://www.iosco.org/v2/about/?subsection=membership&memid=1&page=12;https://www.iais.org/about-the-iais/iais-members/,
BH,Bahrain,Financial Intelligence National Center (FINC),http://www.bahrainfiu.gov.bh/,financial_intelligence,EGMONT,https://egmontgroup.org/members-by-region/,
BD,Bangladesh,Bangladesh Bank,https://www.bb.org.bd/,central_banking;prudential_supervision;financial_intelligence,BIS;EGMONT,https://www.bis.org/cbanks.htm;https://www.bis.org/regauth.htm;https://egmontgroup.org/members-by-region/,
BD,Bangladesh,Bangladesh Securities and Exchange Commission,http://www.sec.gov.bd/,securities,IOSCO,https://www.iosco.org/v2/about/?subsection=membership&memid=1&page=1;https://www.iosco.org/v2/about/?subsection=membership&memid=1&page=8;https://www.iosco.org/v2/about/?subsection=membership&memid=1&page=9;https://www.iosco.org/v2/about/?subsection=membership&memid=1&page=10;https://www.iosco.org/v2/about/?subsection=membership&memid=1&page=11;https://www.iosco.org/v2/about/?subsection=membership&memid=1&page=12,
BB,Barbados,Barbados Financial Intelligence Unit (FIU-Barbados),http://www.barbadosfiu.gov.bb/,financial_intelligence,EGMONT,https://egmontgroup.org/members-by-region/,
BB,Barbados,Central Bank of Barbados,http://www.centralbank.org.bb/,central_banking;prudential_supervision,BIS,https://www.bis.org/cbanks.htm;https://www.bis.org/regauth.htm,
BB,Barbados,Financial Services Commission,http://www.fsc.gov.bb/,securities,IOSCO,https://www.iosco.org/v2/about/?subsection=membership&memid=1&page=1;https://www.iosco.org/v2/about/?subsection=membership&memid=1&page=8;https://www.iosco.org/v2/about/?subsection=membership&memid=1&page=9;https://www.iosco.org/v2/about/?subsection=membership&memid=1&page=10;https://www.iosco.org/v2/about/?subsection=membership&memid=1&page=11;https://www.iosco.org/v2/about/?subsection=membership&memid=1&page=12,
BB,Barbados,Financial Services Commission of Barbados,,insurance,IAIS,https://www.iais.org/about-the-iais/iais-members/,
BY,Belarus,National Bank of the Republic of Belarus,http://www.nbrb.by/engl/,central_banking;prudential_supervision,BIS,https://www.bis.org/cbanks.htm;https://www.bis.org/regauth.htm,
BY,Belarus,The Department of Financial Monitoring of the State Control Committee of the Republic of Belarus (DFM),http://www.kgk.gov.by/en/contact_information_fmd-en/,financial_intelligence,EGMONT,https://egmontgroup.org/members-by-region/,
BE,Belgium,Belgian Financial Intelligence Processing Unit (CTIF-CFI),http://www.ctif-cfi.be/website/index.php?lang=en,financial_intelligence,EGMONT,https://egmontgroup.org/members-by-region/,
BE,Belgium,Financial Services and Markets Authority*,http://www.fsma.be/,securities;insurance;pensions,IOSCO;IAIS;IOPS,https://www.iosco.org/v2/about/?subsection=membership&memid=1&page=1;https://www.iosco.org/v2/about/?subsection=membership&memid=1&page=8;https://www.iosco.org/v2/about/?subsection=membership&memid=1&page=9;https://www.iosco.org/v2/about/?subsection=membership&memid=1&page=10;https://www.iosco.org/v2/about/?subsection=membership&memid=1&page=11;https://www.iosco.org/v2/about/?subsection=membership&memid=1&page=12;https://www.iais.org/about-the-iais/iais-members/;https://www.iopsweb.org/en/membership/iops-members-and-observers.html,Official directory is challenge-protected; current governing-member entry captured through indexed official page evidence.
BE,Belgium,National Bank of Belgium,https://www.nbb.be/en,central_banking;prudential_supervision;insurance,BIS;IAIS,https://www.bis.org/cbanks.htm;https://www.bis.org/regauth.htm;https://www.iais.org/about-the-iais/iais-members/,
BZ,Belize,Central Bank of Belize,http://www.centralbank.org.bz/,central_banking;prudential_supervision,BIS,https://www.bis.org/cbanks.htm;https://www.bis.org/regauth.htm,
BZ,Belize,Financial Intelligence Unit Belize (FIU-Belize),http://www.fiubelize.org/,financial_intelligence,EGMONT,https://egmontgroup.org/members-by-region/,
BZ,Belize,Financial Services Commission,https://www.belizefsc.org.bz/,securities,IOSCO,https://www.iosco.org/v2/about/?subsection=membership&memid=1&page=1;https://www.iosco.org/v2/about/?subsection=membership&memid=1&page=8;https://www.iosco.org/v2/about/?subsection=membership&memid=1&page=9;https://www.iosco.org/v2/about/?subsection=membership&memid=1&page=10;https://www.iosco.org/v2/about/?subsection=membership&memid=1&page=11;https://www.iosco.org/v2/about/?subsection=membership&memid=1&page=12,
BZ,Belize,Office of the Supervisor of Insurance and Private Pensions,http://www.osipp.gov.bz/,insurance,IAIS,https://www.iais.org/about-the-iais/iais-members/,
BJ,Benin,Autorité des Marchés Financiers de l’UMOA,http://www.crepmf.org/,securities,IOSCO,https://www.iosco.org/v2/about/?subsection=membership&memid=1&page=7,Regional authority listed for west african monetary union; applied to this member jurisdiction.
BJ,Benin,Cellule Nationale de Traitement des Informations Financieres du Benin (CENTIF),http://www.fiub.org/,financial_intelligence,EGMONT,https://egmontgroup.org/members-by-region/,
BJ,Benin,Central Bank of West African States (BCEAO),https://www.bceao.int/en,central_banking;prudential_supervision,BIS,https://www.bis.org/cbanks.htm;https://www.bis.org/regauth.htm,Regional authority listed for west african monetary union; applied to this member jurisdiction.
BJ,Benin,Conférence Interafricaine des Marchés d'Assurances (CIMA),http://cima-afrique.org/,insurance,IAIS,https://www.iais.org/about-the-iais/iais-members/,Regional authority listed for africa cima; applied to this member jurisdiction.
BM,Bermuda,Bermuda Monetary Authority,http://www.bma.bm/,central_banking;prudential_supervision;securities;insurance,BIS;IOSCO;IAIS,https://www.bis.org/cbanks.htm;https://www.bis.org/regauth.htm;https://www.iosco.org/v2/about/?subsection=membership&memid=1&page=1;https://www.iosco.org/v2/about/?subsection=membership&memid=1&page=8;https://www.iosco.org/v2/about/?subsection=membership&memid=1&page=9;https://www.iosco.org/v2/about/?subsection=membership&memid=1&page=10;https://www.iosco.org/v2/about/?subsection=membership&memid=1&page=11;https://www.iosco.org/v2/about/?subsection=membership&memid=1&page=12;https://www.iais.org/about-the-iais/iais-members/,
BM,Bermuda,Financial Intelligence Agency Bermuda (FIA),https://www.fia.bm/,financial_intelligence,EGMONT,https://egmontgroup.org/members-by-region/,
BT,Bhutan,Royal Monetary Authority of Bhutan,http://www.rma.org.bt/,central_banking;prudential_supervision;financial_intelligence,BIS;EGMONT,https://www.bis.org/cbanks.htm;https://www.bis.org/regauth.htm;https://egmontgroup.org/members-by-region/,
BO,Bolivia,Autoridad de Supervisión del Sistema Financiero,https://www.asfi.gob.bo/,prudential_supervision;securities,BIS;IOSCO,https://www.bis.org/regauth.htm;https://www.iosco.org/v2/about/?subsection=membership&memid=1&page=1;https://www.iosco.org/v2/about/?subsection=membership&memid=1&page=8;https://www.iosco.org/v2/about/?subsection=membership&memid=1&page=9;https://www.iosco.org/v2/about/?subsection=membership&memid=1&page=10;https://www.iosco.org/v2/about/?subsection=membership&memid=1&page=11;https://www.iosco.org/v2/about/?subsection=membership&memid=1&page=12,
BO,Bolivia,Central Bank of Bolivia,https://www.bcb.gob.bo/,central_banking;prudential_supervision,BIS,https://www.bis.org/cbanks.htm;https://www.bis.org/regauth.htm,
BO,Bolivia,Unidad de Investigaciones Financieras (UIF),http://www.uif.gob.bo/,financial_intelligence,EGMONT,https://egmontgroup.org/members-by-region/,
BA,Bosnia and Herzegovina,Banking Agency of Republika Srpska,https://www.abrs.ba/?lang=en,prudential_supervision,BIS,https://www.bis.org/regauth.htm,
BA,Bosnia and Herzegovina,Banking Agency of the Federation of Bosnia and Herzegovina,http://www.fba.ba/?lang=en,prudential_supervision,BIS,https://www.bis.org/regauth.htm,
BA,Bosnia and Herzegovina,Central Bank of Bosnia and Herzegovina,http://www.cbbh.ba/?lang=en,central_banking,BIS,https://www.bis.org/cbanks.htm,
BA,Bosnia and Herzegovina,Financial Intelligence Department (FID),http://www.sipa.gov.ba/en/about-us/structure/organisational-structure/financial-intelligence-department,financial_intelligence,EGMONT,https://egmontgroup.org/members-by-region/,
BA,Bosnia and Herzegovina,Insurance Agency of Bosnia and Herzegovina,https://www.azobih.gov.ba/Default.aspx?langTag=en-US&template_id=206&pageIndex=1,insurance,IAIS,https://www.iais.org/about-the-iais/iais-members/,
BA,Bosnia and Herzegovina,Insurance Agency of Republic of Srpska,https://www.azors.rs.ba/,insurance,IAIS,https://www.iais.org/about-the-iais/iais-members/,
BA,Bosnia and Herzegovina,Insurance Supervision Agency of Federation of Bosnia and Herzegovina,,insurance,IAIS,https://www.iais.org/about-the-iais/iais-members/,
BA,Bosnia and Herzegovina,Securities Commission of the Federation of Bosnia and Herzegovina,http://www.komvp.gov.ba/,securities,IOSCO,https://www.iosco.org/v2/about/?subsection=membership&memid=1&page=1;https://www.iosco.org/v2/about/?subsection=membership&memid=1&page=8;https://www.iosco.org/v2/about/?subsection=membership&memid=1&page=9;https://www.iosco.org/v2/about/?subsection=membership&memid=1&page=10;https://www.iosco.org/v2/about/?subsection=membership&memid=1&page=11;https://www.iosco.org/v2/about/?subsection=membership&memid=1&page=12,
BA,Bosnia and Herzegovina,Securities Commission of the Republic Srpska,http://www.secrs.gov.ba/,securities,IOSCO,https://www.iosco.org/v2/about/?subsection=membership&memid=1&page=6,
BW,Botswana,Bank of Botswana,http://www.bankofbotswana.bw/,central_banking;prudential_supervision,BIS,https://www.bis.org/cbanks.htm;https://www.bis.org/regauth.htm,
BW,Botswana,Financial Intelligence Unit (FIU) - Botswana,https://www.finance.gov.bw/index.php?Itemid=159&option=com_content&view=categories&id=36,financial_intelligence,EGMONT,https://egmontgroup.org/members-by-region/,
BW,Botswana,Non-Bank Financial Institutions Regulatory Authority (NBFIRA),http://www.nbfira.org.bw/,insurance;pensions,IAIS;IOPS,https://www.iais.org/about-the-iais/iais-members/;https://www.iopsweb.org/en/membership/iops-members-and-observers.html,Official directory is challenge-protected; current governing-member entry captured through indexed official page evidence.
BR,Brazil,Brazilian Pension Funds Authority,https://www.gov.br/previc,pensions,IOPS,https://www.iopsweb.org/en/membership/iops-members-and-observers.html,Official directory is challenge-protected; current governing-member entry captured through indexed official page evidence.
BR,Brazil,Central Bank of Brazil,https://www.bcb.gov.br/en,central_banking;prudential_supervision,BIS,https://www.bis.org/cbanks.htm;https://www.bis.org/regauth.htm,
BR,Brazil,Comissão de Valores Mobiliários*,http://www.cvm.gov.br/,securities,IOSCO,https://www.iosco.org/v2/about/?subsection=membership&memid=1&page=1;https://www.iosco.org/v2/about/?subsection=membership&memid=1&page=8;https://www.iosco.org/v2/about/?subsection=membership&memid=1&page=9;https://www.iosco.org/v2/about/?subsection=membership&memid=1&page=10;https://www.iosco.org/v2/about/?subsection=membership&memid=1&page=11;https://www.iosco.org/v2/about/?subsection=membership&memid=1&page=12,
BR,Brazil,Council for Financial Activities Control (COAF),https://www.coaf.fazenda.gov.br/,financial_intelligence,EGMONT,https://egmontgroup.org/members-by-region/,
BR,Brazil,Superintendencia de Seguros Privados (SUSEP),http://www.susep.gov.br/,insurance,IAIS,https://www.iais.org/about-the-iais/iais-members/,
VG,British Virgin Islands,Financial Investigation Agency British Virgin Islands (FIA),http://fiabvi.vg/,financial_intelligence,EGMONT,https://egmontgroup.org/members-by-region/,
VG,British Virgin Islands,Financial Services Commission,http://www.bvifsc.vg/,prudential_supervision;securities;insurance,BIS;IOSCO;IAIS,https://www.bis.org/regauth.htm;https://www.iosco.org/v2/about/?subsection=membership&memid=1&page=2;https://www.iais.org/about-the-iais/iais-members/,
BN,Brunei,Brunei Darussalam Central Bank,https://www.bdcb.gov.bn/,central_banking;securities;insurance;financial_intelligence,BIS;IOSCO;IAIS;EGMONT,https://www.bis.org/cbanks.htm;https://www.iosco.org/v2/about/?subsection=membership&memid=1&page=2;https://www.iais.org/about-the-iais/iais-members/;https://egmontgroup.org/members-by-region/,
BG,Bulgaria,Bulgarian National Bank,http://www.bnb.bg/,central_banking;prudential_supervision,BIS,https://www.bis.org/cbanks.htm;https://www.bis.org/regauth.htm,
BG,Bulgaria,Financial Intelligence Directorate – State Agency for National Security (FID-SANS),http://www.dans.bg/en/msip-091209-menu-en,financial_intelligence,EGMONT,https://egmontgroup.org/members-by-region/,
BG,Bulgaria,Financial Supervision Commission,http://www.fsc.bg/,securities;insurance;pensions,IOSCO;IAIS;IOPS,https://www.iosco.org/v2/about/?subsection=membership&memid=1&page=2;https://www.iais.org/about-the-iais/iais-members/;https://www.iopsweb.org/en/membership/iops-members-and-observers.html,Official directory is challenge-protected; current governing-member entry captured through indexed official page evidence.
BF,Burkina Faso,Autorité des Marchés Financiers de l’UMOA,http://www.crepmf.org/,securities,IOSCO,https://www.iosco.org/v2/about/?subsection=membership&memid=1&page=7,Regional authority listed for west african monetary union; applied to this member jurisdiction.
BF,Burkina Faso,Central Bank of West African States (BCEAO),https://www.bceao.int/en,central_banking;prudential_supervision,BIS,https://www.bis.org/cbanks.htm;https://www.bis.org/regauth.htm,Regional authority listed for west african monetary union; applied to this member jurisdiction.
BF,Burkina Faso,Conférence Interafricaine des Marchés d'Assurances (CIMA),http://cima-afrique.org/,insurance,IAIS,https://www.iais.org/about-the-iais/iais-members/,Regional authority listed for africa cima; applied to this member jurisdiction.
BF,Burkina Faso,The National Financial Information Processing Unit (CENTIF-BF) Burkina Faso,https://www.finances.gov.bf/attributions-et-missions/details?tx_news_pi1%5Baction%5D=detail&tx_news_pi1%5Bcontroller%5D=News&tx_news_pi1%5Bnews%5D=22&cHash=7617b644d576b1b7f9b4ff6f4067adf9,financial_intelligence,EGMONT,https://egmontgroup.org/members-by-region/,
BI,Burundi,Agence de Régulation et de Contrôle des Assurances (ARCA),http://www.arca.bi/,insurance,IAIS,https://www.iais.org/about-the-iais/iais-members/,
BI,Burundi,Bank of the Republic of Burundi,https://www.brb.bi/en,central_banking;prudential_supervision,BIS,https://www.bis.org/cbanks.htm;https://www.bis.org/regauth.htm,
CV,Cabo Verde,Bank of Cape Verde,http://www.bcv.cv/,central_banking;prudential_supervision;securities;insurance,BIS;IOSCO;IAIS,https://www.bis.org/cbanks.htm;https://www.bis.org/regauth.htm;https://www.iosco.org/v2/about/?subsection=membership&memid=1&page=2;https://www.iais.org/about-the-iais/iais-members/,
CV,Cabo Verde,Cape Verde UIF (UIF),,financial_intelligence,EGMONT,https://egmontgroup.org/members-by-region/,
KH,Cambodia,Insurance Regulator of Cambodia,,insurance,IAIS,https://www.iais.org/about-the-iais/iais-members/,
KH,Cambodia,Ministry of Labour and Vocational Training,https://www.mlvt.gov.kh/,pensions,IOPS,https://www.iopsweb.org/en/membership/iops-members-and-observers.html,Official directory is challenge-protected; current governing-member entry captured through indexed official page evidence.
KH,Cambodia,National Bank of Cambodia,https://www.nbc.org.kh/english/,central_banking;financial_intelligence,BIS;EGMONT,https://www.bis.org/cbanks.htm;https://egmontgroup.org/members-by-region/,
CM,Cameroon,Bank of Central African States,https://www.beac.int/,central_banking,BIS,https://www.bis.org/cbanks.htm,
CM,Cameroon,Commission de Surveillance du Marché Financier de l'Afrique Centrale (Securities and Exchange Commission of Central Africa),http://www.cosumaf.org/,securities,IOSCO,https://www.iosco.org/v2/about/?subsection=membership&memid=1&page=2,Regional authority listed for central africa; applied to this member jurisdiction.
CM,Cameroon,Conférence Interafricaine des Marchés d'Assurances (CIMA),http://cima-afrique.org/,insurance,IAIS,https://www.iais.org/about-the-iais/iais-members/,Regional authority listed for africa cima; applied to this member jurisdiction.
CM,Cameroon,National Agency for Financial Investigation (NAFI),http://www.anif.cm/,financial_intelligence,EGMONT,https://egmontgroup.org/members-by-region/,
CA,Canada,Alberta Securities Commission,http://www.albertasecurities.com/,securities,IOSCO,https://www.iosco.org/v2/about/?subsection=membership&memid=1&page=1;https://www.iosco.org/v2/about/?subsection=membership&memid=1&page=8;https://www.iosco.org/v2/about/?subsection=membership&memid=1&page=9;https://www.iosco.org/v2/about/?subsection=membership&memid=1&page=10;https://www.iosco.org/v2/about/?subsection=membership&memid=1&page=11;https://www.iosco.org/v2/about/?subsection=membership&memid=1&page=12,
CA,Canada,Autorité des marchés financiers*,http://www.lautorite.qc.ca/,securities;insurance,IOSCO;IAIS,https://www.iosco.org/v2/about/?subsection=membership&memid=1&page=6;https://www.iais.org/about-the-iais/iais-members/,
CA,Canada,Bank of Canada,http://www.bankofcanada.ca/,central_banking,BIS,https://www.bis.org/cbanks.htm,
CA,Canada,British Columbia Securities Commission,http://www.bcsc.bc.ca/,securities,IOSCO,https://www.iosco.org/v2/about/?subsection=membership&memid=1&page=2,
CA,Canada,Canadian Association of Pension Supervisory Authorities,https://www.capsa-acor.org/,pensions,IOPS,https://www.iopsweb.org/en/membership/iops-members-and-observers.html,Official directory is challenge-protected; current governing-member entry captured through indexed official page evidence.
CA,Canada,Financial Transactions and Reports Analysis Centre of Canada (FINTRAC-CANAFE),https://fintrac-canafe.canada.ca/intro-eng,financial_intelligence,EGMONT,https://egmontgroup.org/members-by-region/,
CA,Canada,Office of the Superintendent of Financial Institutions,http://www.osfi-bsif.gc.ca/,prudential_supervision;insurance,BIS;IAIS,https://www.bis.org/regauth.htm;https://www.iais.org/about-the-iais/iais-members/,
CA,Canada,Ontario Securities Commission*,http://www.osc.ca/,securities,IOSCO,https://www.iosco.org/v2/about/?subsection=membership&memid=1&page=5,
KY,Cayman Islands,Cayman Islands Monetary Authority,http://www.cimoney.com.ky/,central_banking;prudential_supervision,BIS,https://www.bis.org/cbanks.htm;https://www.bis.org/regauth.htm,
KY,Cayman Islands,Cayman Islands Monetary Authority,http://www.cima.ky/,securities;insurance,IOSCO;IAIS,https://www.iosco.org/v2/about/?subsection=membership&memid=1&page=2;https://www.iais.org/about-the-iais/iais-members/,
KY,Cayman Islands,Financial Reporting Authority (FRA),http://www.fra.gov.ky/,financial_intelligence,EGMONT,https://egmontgroup.org/members-by-region/,
CF,Central African Republic,Bank of Central African States,https://www.beac.int/,central_banking;prudential_supervision,BIS,https://www.bis.org/cbanks.htm;https://www.bis.org/regauth.htm,
CF,Central African Republic,Commission de Surveillance du Marché Financier de l'Afrique Centrale (Securities and Exchange Commission of Central Africa),http://www.cosumaf.org/,securities,IOSCO,https://www.iosco.org/v2/about/?subsection=membership&memid=1&page=2,Regional authority listed for central africa; applied to this member jurisdiction.
CF,Central African Republic,Conférence Interafricaine des Marchés d'Assurances (CIMA),http://cima-afrique.org/,insurance,IAIS,https://www.iais.org/about-the-iais/iais-members/,Regional authority listed for africa cima; applied to this member jurisdiction.
TD,Chad,Agence Nationale d Investigation Financiere du Tchad (ANIF),https://anif-tchad.td/fr/,financial_intelligence,EGMONT,https://egmontgroup.org/members-by-region/,
TD,Chad,Bank of Central African States,https://www.beac.int/,central_banking,BIS,https://www.bis.org/cbanks.htm,
TD,Chad,Commission de Surveillance du Marché Financier de l'Afrique Centrale (Securities and Exchange Commission of Central Africa),http://www.cosumaf.org/,securities,IOSCO,https://www.iosco.org/v2/about/?subsection=membership&memid=1&page=2,Regional authority listed for central africa; applied to this member jurisdiction.
TD,Chad,Conférence Interafricaine des Marchés d'Assurances (CIMA),http://cima-afrique.org/,insurance,IAIS,https://www.iais.org/about-the-iais/iais-members/,Regional authority listed for africa cima; applied to this member jurisdiction.
CL,Chile,Banking and Financial Institutions Supervisory Agency,http://www.sbif.cl/,prudential_supervision,BIS,https://www.bis.org/regauth.htm,
CL,Chile,Central Bank of Chile,https://www.bcentral.cl/en/web/banco-central/home,central_banking,BIS,https://www.bis.org/cbanks.htm,
CL,Chile,Comisión para el Mercado Financiero (Financial Market Commission),http://www.cmfchile.cl/,securities;insurance,IOSCO;IAIS,https://www.iosco.org/v2/about/?subsection=membership&memid=1&page=2;https://www.iais.org/about-the-iais/iais-members/,
CL,Chile,Superintendence of Pensions,https://www.spensiones.cl/,pensions,IOPS,https://www.iopsweb.org/en/membership/iops-members-and-observers.html,Official directory is challenge-protected; current governing-member entry captured through indexed official page evidence.
CL,Chile,Unidad de Analisis Financiero (UAF),http://www.uaf.cl/,financial_intelligence,EGMONT,https://egmontgroup.org/members-by-region/,
CN,China,China Banking Regulatory Commission,http://www.cbrc.gov.cn/,prudential_supervision;insurance,BIS;IAIS,https://www.bis.org/regauth.htm;https://www.iais.org/about-the-iais/iais-members/,
CN,China,China Securities Regulatory Commission*,http://www.csrc.gov.cn/pub/csrc_en/,securities,IOSCO,https://www.iosco.org/v2/about/?subsection=membership&memid=1&page=2,
CN,China,National Financial Regulatory Administration,https://www.nfra.gov.cn/,pensions,IOPS,https://www.iopsweb.org/en/membership/iops-members-and-observers.html,Official directory is challenge-protected; current governing-member entry captured through indexed official page evidence.
CN,China,The People's Bank of China,http://www.pbc.gov.cn/en/3688006/index.html,central_banking;prudential_supervision,BIS,https://www.bis.org/cbanks.htm;https://www.bis.org/regauth.htm,
CO,Colombia,Central Bank of Colombia,http://www.banrep.gov.co/en,central_banking,BIS,https://www.bis.org/cbanks.htm,
CO,Colombia,Superintendencia Financiera de Colombia,http://www.superfinanciera.gov.co/,prudential_supervision;securities;insurance;pensions,BIS;IOSCO;IAIS;IOPS,https://www.bis.org/regauth.htm;https://www.iosco.org/v2/about/?subsection=membership&memid=1&page=2;https://www.iais.org/about-the-iais/iais-members/;https://www.iopsweb.org/en/membership/iops-members-and-observers.html,Official directory is challenge-protected; current governing-member entry captured through indexed official page evidence.
CO,Colombia,Unidad de Informacion y Analysis Financiero,https://www.uiaf.gov.co/,financial_intelligence,EGMONT,https://egmontgroup.org/members-by-region/,
KM,Comoros,Banque Centrale des Comores,https://banque-comores.km/,central_banking;prudential_supervision,OFFICIAL_NATIONAL,https://banque-comores.km/page/show/les-missions,Official mandate page also evidences prudential supervision; represented in the paired row.
CK,Cook Islands,Financial Supervisory Commission,http://www.fsc.gov.ck/,prudential_supervision;financial_intelligence,BIS;EGMONT,https://www.bis.org/regauth.htm;https://egmontgroup.org/members-by-region/,
CR,Costa Rica,Central Bank of Costa Rica,https://www.bccr.fi.cr/en,central_banking;prudential_supervision,BIS,https://www.bis.org/cbanks.htm;https://www.bis.org/regauth.htm,
CR,Costa Rica,La Unidad de Inteligencia Financiera del Instituto Costarricense sobre Drogas (FIU-CDI),https://icd.go.cr/portalicd/index.php/inicio-uif,financial_intelligence,EGMONT,https://egmontgroup.org/members-by-region/,
CR,Costa Rica,Pensions Superintendence of Costa Rica,https://www.supen.fi.cr/,pensions,IOPS,https://www.iopsweb.org/en/membership/iops-members-and-observers.html,Official directory is challenge-protected; current governing-member entry captured through indexed official page evidence.
CR,Costa Rica,Superintendencia General de Entidades Financieras (SUGEF),http://www.sugef.fi.cr/,prudential_supervision,BIS,https://www.bis.org/regauth.htm,
CR,Costa Rica,Superintendencia General de Seguros de Costa Rica,,insurance,IAIS,https://www.iais.org/about-the-iais/iais-members/,
CR,Costa Rica,Superintendencia General de Valores,http://www.sugeval.fi.cr/,securities,IOSCO,https://www.iosco.org/v2/about/?subsection=membership&memid=1&page=2,
CI,Côte d'Ivoire,Autorité des Marchés Financiers de l’UMOA,http://www.crepmf.org/,securities,IOSCO,https://www.iosco.org/v2/about/?subsection=membership&memid=1&page=7,Regional authority listed for west african monetary union; applied to this member jurisdiction.
CI,Côte d'Ivoire,Commission Bancaire de l'Union Monétaire Ouest Africaine,http://www.bceao.int/,prudential_supervision;central_banking,BIS,https://www.bis.org/regauth.htm;https://www.bis.org/cbanks.htm,Regional authority listed for west african monetary union; applied to this member jurisdiction.
CI,Côte d'Ivoire,Conférence Interafricaine des Marchés d'Assurances (CIMA),http://cima-afrique.org/,insurance,IAIS,https://www.iais.org/about-the-iais/iais-members/,Regional authority listed for africa cima; applied to this member jurisdiction.
CI,Côte d'Ivoire,National Unit for the Processing of Financial Information in Côte d’Ivoire (CENTIF-CI),https://www.centif.ci/index.php,financial_intelligence,EGMONT,https://egmontgroup.org/members-by-region/,
HR,Croatia,Anti-Money Laundering Office – FIU Croatia (AMLO),http://www.mfin.hr/en/anti-money-laundering-office,financial_intelligence,EGMONT,https://egmontgroup.org/members-by-region/,
HR,Croatia,Croatian Financial Services Supervisory Agency,http://www.hanfa.hr/,securities;insurance;pensions,IOSCO;IAIS;IOPS,https://www.iosco.org/v2/about/?subsection=membership&memid=1&page=2;https://www.iais.org/about-the-iais/iais-members/;https://www.iopsweb.org/en/membership/iops-members-and-observers.html,Official directory is challenge-protected; current governing-member entry captured through indexed official page evidence.
HR,Croatia,Croatian National Bank,http://www.hnb.hr/home,central_banking;prudential_supervision,BIS,https://www.bis.org/cbanks.htm;https://www.bis.org/regauth.htm,
CU,Cuba,Central Bank of Cuba,https://www.bc.gob.cu/,central_banking;prudential_supervision,BIS,https://www.bis.org/cbanks.htm;https://www.bis.org/regauth.htm,
CU,Cuba,Direccion General de Investigacion de Operaciones Financieras (DGIOF),http://www.dgiof.bc.gob.cu:8081/,financial_intelligence,EGMONT,https://egmontgroup.org/members-by-region/,
CW,Curaçao,Central Bank of Curaçao and Sint Maarten,http://www.centralbank.cw/,central_banking;prudential_supervision;insurance,BIS;IAIS,https://www.bis.org/cbanks.htm;https://www.bis.org/regauth.htm;https://www.iais.org/about-the-iais/iais-members/,Regional authority listed for curacao and sint maarten; applied to this member jurisdiction.
CW,Curaçao,Intelligence Unit – Curaçao (FIU -  Curaçao),http://mot.cw/web/motweb/motweb.nsf/web/home?opendocument,financial_intelligence,EGMONT,https://egmontgroup.org/members-by-region/,
CY,Cyprus,Central Bank of Cyprus,https://www.centralbank.cy/en//home,central_banking;prudential_supervision,BIS,https://www.bis.org/cbanks.htm;https://www.bis.org/regauth.htm,
CY,Cyprus,Cyprus Securities and Exchange Commission,http://www.cysec.gov.cy/,securities,IOSCO,https://www.iosco.org/v2/about/?subsection=membership&memid=1&page=2,
CY,Cyprus,Unit for Combating Money Laundering (MOKAS),http://www.law.gov.cy/law/mokas/mokas.nsf/index_en/index_en?OpenDocument,financial_intelligence,EGMONT,https://egmontgroup.org/members-by-region/,
CZ,Czechia,Czech National Bank,http://www.cnb.cz/en/index.html,central_banking;prudential_supervision;securities;insurance;pensions,BIS;IOSCO;IAIS;IOPS,https://www.bis.org/cbanks.htm;https://www.bis.org/regauth.htm;https://www.iosco.org/v2/about/?subsection=membership&memid=1&page=2;https://www.iais.org/about-the-iais/iais-members/;https://www.iopsweb.org/en/membership/iops-members-and-observers.html,Official directory is challenge-protected; current governing-member entry captured through indexed official page evidence.
CZ,Czechia,Financial Analytical Unit (FAU-CR),http://www.financnianalytickyurad.cz/,financial_intelligence,EGMONT,https://egmontgroup.org/members-by-region/,
CD,Democratic Republic of the Congo,Cellule Nationale des Renseignements Financiers (CENAREF),https://www.cenaref.org/,financial_intelligence,EGMONT,https://egmontgroup.org/members-by-region/,
CD,Democratic Republic of the Congo,Central Bank of Congo,https://www.bcc.cd/,central_banking;prudential_supervision,BIS,https://www.bis.org/cbanks.htm;https://www.bis.org/regauth.htm,
CD,Democratic Republic of the Congo,Insurance Regulatory and Supervisory Authority (ARCA),http://www.arca.cd/,insurance,IAIS,https://www.iais.org/about-the-iais/iais-members/,
DK,Denmark,Danish Financial Supervisory Authority,http://www.finanstilsynet.dk/en.aspx,prudential_supervision;securities;insurance,BIS;IOSCO;IAIS,https://www.bis.org/regauth.htm;https://www.iosco.org/v2/about/?subsection=membership&memid=1&page=2;https://www.iais.org/about-the-iais/iais-members/,
DK,Denmark,Danmarks Nationalbank,http://www.nationalbanken.dk/,central_banking;prudential_supervision,BIS,https://www.bis.org/cbanks.htm;https://www.bis.org/regauth.htm,
DK,Denmark,The Money Laundering Secretariat (FIU Denmark),https://www.hvidvask.dk/,financial_intelligence,EGMONT,https://egmontgroup.org/members-by-region/,
DJ,Djibouti,Banque Centrale de Djibouti,https://banque-centrale.dj/,central_banking;prudential_supervision,OFFICIAL_NATIONAL,https://banque-centrale.dj/,
DM,Dominica,Eastern Caribbean Central Bank,http://www.eccb-centralbank.org/,central_banking;prudential_supervision,BIS,https://www.bis.org/cbanks.htm;https://www.bis.org/regauth.htm,Regional authority listed for organization of eastern caribbean states oecs; applied to this member jurisdiction.
DM,Dominica,Financial Intelligence Unit Dominica (FIU-Dominica),http://fiu.gov.dm/,financial_intelligence,EGMONT,https://egmontgroup.org/members-by-region/,
DO,Dominican Republic,Central Bank of the Dominican Republic,http://www.bancentral.gov.do/,central_banking,BIS,https://www.bis.org/cbanks.htm,
DO,Dominican Republic,Pensions Superintendency,https://www.sipen.gob.do/,pensions,IOPS,https://www.iopsweb.org/en/membership/iops-members-and-observers.html,Official directory is challenge-protected; current governing-member entry captured through indexed official page evidence.
DO,Dominican Republic,Superintendencia de Bancos,http://www.sib.gob.do/,prudential_supervision,BIS,https://www.bis.org/regauth.htm,
DO,Dominican Republic,Superintendencia de Seguros,http://www.superseguros.gob.do/,insurance,IAIS,https://www.iais.org/about-the-iais/iais-members/,
DO,Dominican Republic,Superintendencia del Mercado de Valores,http://www.simv.gob.do/,securities,IOSCO,https://www.iosco.org/v2/about/?subsection=membership&memid=1&page=2,
DO,Dominican Republic,Unidad de Analisis Financiero (UAF),https://www.uaf.gob.do/,financial_intelligence,EGMONT,https://egmontgroup.org/members-by-region/,
EC,Ecuador,Central Bank of Ecuador,https://www.bce.fin.ec/en,central_banking,BIS,https://www.bis.org/cbanks.htm,
EC,Ecuador,Superintendencia de Bancos,http://www.superbancos.gob.ec/,prudential_supervision,BIS,https://www.bis.org/regauth.htm,
EC,Ecuador,"Superintendencia de Compañías, Valores y Seguros",http://www.supercias.gob.ec/,securities,IOSCO,https://www.iosco.org/v2/about/?subsection=membership&memid=1&page=2,
EC,Ecuador,Unidad de Analisis Financiero y Economico del Ecuador (UAFE),http://www.uafe.gob.ec/,financial_intelligence,EGMONT,https://egmontgroup.org/members-by-region/,
EG,Egypt,Central Bank of Egypt,https://www.cbe.org.eg/en,central_banking;prudential_supervision,BIS,https://www.bis.org/cbanks.htm;https://www.bis.org/regauth.htm,
EG,Egypt,Egyptian Money Laundering and Terrorist Financing Combating Unit (EMLCU),https://www.mlcu.org.eg/ar/,financial_intelligence,EGMONT,https://egmontgroup.org/members-by-region/,
EG,Egypt,Financial Regulatory Authority*,http://www.fra.gov.eg/,securities;insurance;pensions,IOSCO;IAIS;IOPS,https://www.iosco.org/v2/about/?subsection=membership&memid=1&page=2;https://www.iais.org/about-the-iais/iais-members/;https://www.iopsweb.org/en/membership/iops-members-and-observers.html,Official directory is challenge-protected; current governing-member entry captured through indexed official page evidence.
SV,El Salvador,Central Reserve Bank of El Salvador,http://www.bcr.gob.sv/,central_banking;prudential_supervision,BIS,https://www.bis.org/cbanks.htm;https://www.bis.org/regauth.htm,
SV,El Salvador,Financial Investigation Unit El Salvador (UIF – El Salvador),http://www.uif.gob.sv/,financial_intelligence,EGMONT,https://egmontgroup.org/members-by-region/,
SV,El Salvador,Superintendencia del Sistema Financiero,http://www.ssf.gob.sv/,prudential_supervision;securities;pensions,BIS;IOSCO;IOPS,https://www.bis.org/regauth.htm;https://www.iosco.org/v2/about/?subsection=membership&memid=1&page=2;https://www.iopsweb.org/en/membership/iops-members-and-observers.html,Official directory is challenge-protected; current governing-member entry captured through indexed official page evidence.
SV,El Salvador,Superintendencia del Sistema Financiero,,insurance,IAIS,https://www.iais.org/about-the-iais/iais-members/,
GQ,Equatorial Guinea,Agencia Nacional de Investigación Financiera (ANIF),https://www.anif.gq/,financial_intelligence,EGMONT,https://egmontgroup.org/members-by-region/,
GQ,Equatorial Guinea,Bank of Central African States,https://www.beac.int/,central_banking,BIS,https://www.bis.org/cbanks.htm,
GQ,Equatorial Guinea,Commission de Surveillance du Marché Financier de l'Afrique Centrale (Securities and Exchange Commission of Central Africa),http://www.cosumaf.org/,securities,IOSCO,https://www.iosco.org/v2/about/?subsection=membership&memid=1&page=2,Regional authority listed for central africa; applied to this member jurisdiction.
GQ,Equatorial Guinea,Conférence Interafricaine des Marchés d'Assurances (CIMA),http://cima-afrique.org/,insurance,IAIS,https://www.iais.org/about-the-iais/iais-members/,Regional authority listed for africa cima; applied to this member jurisdiction.
ER,Eritrea,Bank of Eritrea,,prudential_supervision,FATF_ASSESSMENT,https://www.fatf-gafi.org/content/dam/fatf-gafi/fsrb-mer/Eritrea-MER-2025.pdf.coredownload.inline.pdf,Official 2025 ESAAMLG assessment identifies the Bank of Eritrea as supervisor; no credible public authority site was found.
EE,Estonia,Bank of Estonia,http://www.eestipank.ee/en,central_banking;prudential_supervision,BIS,https://www.bis.org/cbanks.htm;https://www.bis.org/regauth.htm,
EE,Estonia,Estonian Financial Intelligence Unit (Estonian FIU),https://www.fiu.ee/,financial_intelligence,EGMONT,https://egmontgroup.org/members-by-region/,
EE,Estonia,Estonian Financial Supervision Authority,http://www.fi.ee/,prudential_supervision;securities;insurance,BIS;IOSCO;IAIS,https://www.bis.org/regauth.htm;https://www.iosco.org/v2/about/?subsection=membership&memid=1&page=3;https://www.iais.org/about-the-iais/iais-members/,
SZ,Eswatini,Eswatini Financial Intelligence Centre (EFIC),https://www.efic.org.sz/,financial_intelligence,EGMONT,https://egmontgroup.org/members-by-region/,
SZ,Eswatini,Financial Services Regulatory Authority (FSRA),http://www.fsra.co.sz/,insurance;pensions,IAIS;IOPS,https://www.iais.org/about-the-iais/iais-members/;https://www.iopsweb.org/en/membership/iops-members-and-observers.html,Official directory is challenge-protected; current governing-member entry captured through indexed official page evidence.
SZ,Eswatini,The Central Bank of Eswatini,http://www.centralbank.org.sz/,central_banking;prudential_supervision,BIS,https://www.bis.org/cbanks.htm;https://www.bis.org/regauth.htm,
ET,Ethiopia,Ethiopian Financial Intelligence Centre (EFIC),http://www.fic.gov.et/,financial_intelligence,EGMONT,https://egmontgroup.org/members-by-region/,
ET,Ethiopia,National Bank of Ethiopia,http://www.nbe.gov.et/,central_banking;prudential_supervision,BIS,https://www.bis.org/cbanks.htm;https://www.bis.org/regauth.htm,
FJ,Fiji,Fiji  Financial Intelligence Unit (Fiji-FIU),http://www.fijifiu.gov.fj/,financial_intelligence,EGMONT,https://egmontgroup.org/members-by-region/,
FJ,Fiji,Reserve Bank of Fiji,http://www.rbf.gov.fj/,central_banking;prudential_supervision,BIS,https://www.bis.org/cbanks.htm;https://www.bis.org/regauth.htm,
FI,Finland,Bank of Finland,http://www.suomenpankki.fi/en/,central_banking;prudential_supervision,BIS,https://www.bis.org/cbanks.htm;https://www.bis.org/regauth.htm,
FI,Finland,Financial Intelligence Unit (RAP),https://vm.fi/en/prevention-of-money-laundering,financial_intelligence,EGMONT,https://egmontgroup.org/members-by-region/,
FI,Finland,Financial Supervision Authority,http://www.finanssivalvonta.fi/,securities;insurance,IOSCO;IAIS,https://www.iosco.org/v2/about/?subsection=membership&memid=1&page=3;https://www.iais.org/about-the-iais/iais-members/,
FI,Finland,Financial Supervisory Authority,http://www.fin-fsa.fi/en,prudential_supervision,BIS,https://www.bis.org/regauth.htm,
FR,France,Autorité de Contrôle Prudentiel et de Résolution,https://acpr.banque-france.fr/,prudential_supervision;insurance;pensions,BIS;IAIS;IOPS,https://www.bis.org/regauth.htm;https://www.iais.org/about-the-iais/iais-members/;https://www.iopsweb.org/en/membership/iops-members-and-observers.html,Official directory is challenge-protected; current governing-member entry captured through indexed official page evidence.
FR,France,Autorité des marchés financiers*,http://www.amf-france.org/,securities,IOSCO,https://www.iosco.org/v2/about/?subsection=membership&memid=1&page=3,
FR,France,Bank of France,https://www.banque-france.fr/en,central_banking,BIS,https://www.bis.org/cbanks.htm,
FR,France,Intelligence Processing and Action Against Illicit Financial networks Unit (TRACFIN),http://www.economie.gouv.fr/tracfin/accueil-tracfin,financial_intelligence,EGMONT,https://egmontgroup.org/members-by-region/,
GA,Gabon,Bank of Central African States,https://www.beac.int/,central_banking,BIS,https://www.bis.org/cbanks.htm,
GA,Gabon,Commission de Surveillance du Marché Financier de l'Afrique Centrale (Securities and Exchange Commission of Central Africa),http://www.cosumaf.org/,securities,IOSCO,https://www.iosco.org/v2/about/?subsection=membership&memid=1&page=2,Regional authority listed for central africa; applied to this member jurisdiction.
GA,Gabon,Conférence Interafricaine des Marchés d'Assurances (CIMA),http://cima-afrique.org/,insurance,IAIS,https://www.iais.org/about-the-iais/iais-members/,Regional authority listed for africa cima; applied to this member jurisdiction.
GA,Gabon,National Agency for Financial Investigation (ANIF),http://www.anif.ga/,financial_intelligence,EGMONT,https://egmontgroup.org/members-by-region/,
GE,Georgia,Financial Monitoring Service of Georgia (FFMS),https://egmontgroup.org/en/content/bosnia-and-herzegovina-financial-intelligence-department,financial_intelligence,EGMONT,https://egmontgroup.org/members-by-region/,
GE,Georgia,Insurance State Supervision Service of Georgia,http://www.insurance.gov.ge/,insurance;pensions,IAIS;IOPS,https://www.iais.org/about-the-iais/iais-members/;https://www.iopsweb.org/en/membership/iops-members-and-observers.html,Official directory is challenge-protected; current governing-member entry captured through indexed official page evidence.
GE,Georgia,National Bank of Georgia,https://www.nbg.gov.ge/en,central_banking;prudential_supervision;pensions,BIS;IOPS,https://www.bis.org/cbanks.htm;https://www.bis.org/regauth.htm;https://www.iopsweb.org/en/membership/iops-members-and-observers.html,Official directory is challenge-protected; current governing-member entry captured through indexed official page evidence.
GE,Georgia,National Bank Of Georgia,http://www.nbg.ge/,securities,IOSCO,https://www.iosco.org/v2/about/?subsection=membership&memid=1&page=3,
DE,Germany,Deutsche Bundesbank,http://www.bundesbank.de/,central_banking;prudential_supervision,BIS,https://www.bis.org/cbanks.htm;https://www.bis.org/regauth.htm,
DE,Germany,Federal Financial Supervisory Authority,http://www.bafin.de/,prudential_supervision;securities;insurance;pensions,BIS;IOSCO;IAIS;IOPS,https://www.bis.org/regauth.htm;https://www.iosco.org/v2/about/?subsection=membership&memid=1&page=3;https://www.iais.org/about-the-iais/iais-members/;https://www.iopsweb.org/en/membership/iops-members-and-observers.html,Official directory is challenge-protected; current governing-member entry captured through indexed official page evidence.
DE,Germany,Financial Intelligence Unit Germany (FIU),http://www.fiu.bund.de/,financial_intelligence,EGMONT,https://egmontgroup.org/members-by-region/,
GH,Ghana,Bank of Ghana,http://www.bog.gov.gh/,central_banking;prudential_supervision,BIS,https://www.bis.org/cbanks.htm;https://www.bis.org/regauth.htm,
GH,Ghana,Financial Intelligence Centre Ghana (FIC),http://fic.gov.gh/,financial_intelligence,EGMONT,https://egmontgroup.org/members-by-region/,
GH,Ghana,National Insurance Commission Ghana,,insurance,IAIS,https://www.iais.org/about-the-iais/iais-members/,
GH,Ghana,National Pensions Regulatory Authority,https://npra.gov.gh/,pensions,IOPS,https://www.iopsweb.org/en/membership/iops-members-and-observers.html,Official directory is challenge-protected; current governing-member entry captured through indexed official page evidence.
GH,Ghana,Securities and Exchange Commission,http://www.sec.gov.gh/,securities,IOSCO,https://www.iosco.org/v2/about/?subsection=membership&memid=1&page=3,
GI,Gibraltar,Financial Services Commission,http://www.fsc.gi/,prudential_supervision;securities;insurance,BIS;IOSCO;IAIS,https://www.bis.org/regauth.htm;https://www.iosco.org/v2/about/?subsection=membership&memid=1&page=3;https://www.iais.org/about-the-iais/iais-members/,
GI,Gibraltar,Gibraltar Financial Intelligence Unit (GCID GFIU),http://gfiu.gov.gi/,financial_intelligence,EGMONT,https://egmontgroup.org/members-by-region/,
GR,Greece,Bank of Greece,https://www.bankofgreece.gr/en,central_banking;prudential_supervision;insurance,BIS;IAIS,https://www.bis.org/cbanks.htm;https://www.bis.org/regauth.htm;https://www.iais.org/about-the-iais/iais-members/,
GR,Greece,Hellenic Capital Market Commission*,http://www.hcmc.gr/,securities,IOSCO,https://www.iosco.org/v2/about/?subsection=membership&memid=1&page=3,
GR,Greece,Unit A' of the Anti-Money Laundering Authority (Hellenic FIU),http://www.hellenic-fiu.gr/,financial_intelligence,EGMONT,https://egmontgroup.org/members-by-region/,
GD,Grenada,Eastern Caribbean Central Bank,http://www.eccb-centralbank.org/,central_banking;prudential_supervision,BIS,https://www.bis.org/cbanks.htm;https://www.bis.org/regauth.htm,Regional authority listed for organization of eastern caribbean states oecs; applied to this member jurisdiction.
GD,Grenada,Financial Intelligence Unit Grenada (FIU-Grenada),http://www.grenadafiu.com/index.php/en/,financial_intelligence,EGMONT,https://egmontgroup.org/members-by-region/,
GU,Guam,Banking and Insurance Board,https://www.guamtax.com/bib/,prudential_supervision,OFFICIAL_NATIONAL,https://www.guamtax.com/bib/,Territorial authority within the Department of Revenue and Taxation; wider US federal context remains relevant.
GT,Guatemala,Bank of Guatemala,http://www.banguat.gob.gt/,central_banking,BIS,https://www.bis.org/cbanks.htm,
GT,Guatemala,Superintendencia de Bancos,http://www.sib.gob.gt/,prudential_supervision;insurance;financial_intelligence,BIS;IAIS;EGMONT,https://www.bis.org/regauth.htm;https://www.iais.org/about-the-iais/iais-members/;https://egmontgroup.org/members-by-region/,
GG,Guernsey,Financial Intelligence Service (FIS),http://www.guernseyfiu.gov.gg/,financial_intelligence,EGMONT,https://egmontgroup.org/members-by-region/,
GG,Guernsey,Guernsey Financial Services Commission,http://www.gfsc.gg/,prudential_supervision;securities;insurance;pensions,BIS;IOSCO;IAIS;IOPS,https://www.bis.org/regauth.htm;https://www.iosco.org/v2/about/?subsection=membership&memid=1&page=3;https://www.iais.org/about-the-iais/iais-members/;https://www.iopsweb.org/en/membership/iops-members-and-observers.html,Official directory is challenge-protected; current governing-member entry captured through indexed official page evidence.
GN,Guinea,Central Bank of the Republic of Guinea,http://www.bcrg-guinee.org/,central_banking;prudential_supervision,BIS,https://www.bis.org/cbanks.htm;https://www.bis.org/regauth.htm,
GW,Guinea-Bissau,Autorité des Marchés Financiers de l’UMOA,http://www.crepmf.org/,securities,IOSCO,https://www.iosco.org/v2/about/?subsection=membership&memid=1&page=7,Regional authority listed for west african monetary union; applied to this member jurisdiction.
GW,Guinea-Bissau,Central Bank of West African States (BCEAO),https://www.bceao.int/en,central_banking;prudential_supervision,BIS,https://www.bis.org/cbanks.htm;https://www.bis.org/regauth.htm,Regional authority listed for west african monetary union; applied to this member jurisdiction.
GW,Guinea-Bissau,Conférence Interafricaine des Marchés d'Assurances (CIMA),http://cima-afrique.org/,insurance,IAIS,https://www.iais.org/about-the-iais/iais-members/,Regional authority listed for africa cima; applied to this member jurisdiction.
GY,Guyana,Bank of Guyana,http://www.bankofguyana.org.gy/,central_banking;prudential_supervision,BIS,https://www.bis.org/cbanks.htm;https://www.bis.org/regauth.htm,
GY,Guyana,"Financial Intelligence Unit, Guyana",,financial_intelligence,EGMONT,https://egmontgroup.org/members-by-region/,
HT,Haiti,Bank of the Republic of Haiti,https://www.brh.ht/,central_banking;prudential_supervision,BIS,https://www.bis.org/cbanks.htm;https://www.bis.org/regauth.htm,
HN,Honduras,Central Bank of Honduras,https://www.bch.hn/en,central_banking;prudential_supervision,BIS,https://www.bis.org/cbanks.htm;https://www.bis.org/regauth.htm,
HN,Honduras,Comisión Nacional de Bancos y Seguros,http://www.cnbs.gob.hn/,prudential_supervision;pensions,BIS;IOPS,https://www.bis.org/regauth.htm;https://www.iopsweb.org/en/membership/iops-members-and-observers.html,Official directory is challenge-protected; current governing-member entry captured through indexed official page evidence.
HN,Honduras,Unidad de Inteligencia Financiera (UIF-Honduras),http://pplaft.cnbs.gob.hn/,financial_intelligence,EGMONT,https://egmontgroup.org/members-by-region/,
HK,Hong Kong,Hong Kong Monetary Authority,https://www.hkma.gov.hk/eng,central_banking;prudential_supervision,BIS,https://www.bis.org/cbanks.htm;https://www.bis.org/regauth.htm,
HK,Hong Kong,Insurance Authority (IA),https://www.ia.org.hk/en/index.html,insurance,IAIS,https://www.iais.org/about-the-iais/iais-members/,
HK,Hong Kong,Joint  Financial Intelligence Unit (JFIU),http://www.jfiu.gov.hk/en/,financial_intelligence,EGMONT,https://egmontgroup.org/members-by-region/,
HK,Hong Kong,Mandatory Provident Fund Schemes Authority,https://www.mpfa.org.hk/,pensions,IOPS,https://www.iopsweb.org/en/membership/iops-members-and-observers.html,Official directory is challenge-protected; current governing-member entry captured through indexed official page evidence.
HK,Hong Kong,Securities and Futures Commission*,https://www.sfc.hk/web/EN/index.html,securities,IOSCO,https://www.iosco.org/v2/about/?subsection=membership&memid=1&page=3,
HU,Hungary,Central Bank of Hungary,http://english.mnb.hu/,central_banking,BIS,https://www.bis.org/cbanks.htm,
HU,Hungary,Central Bank of Hungary,http://felugyelet.mnb.hu/en/,prudential_supervision,BIS,https://www.bis.org/regauth.htm,
HU,Hungary,Hungarian  Financial Intelligence Unit (HFIU),https://pei.nav.gov.hu/,financial_intelligence,EGMONT,https://egmontgroup.org/members-by-region/,
HU,Hungary,Magyar Nemzeti Bank (The Central Bank of Hungary),http://www.mnb.hu/,securities;insurance;pensions,IOSCO;IAIS;IOPS,https://www.iosco.org/v2/about/?subsection=membership&memid=1&page=3;https://www.iais.org/about-the-iais/iais-members/;https://www.iopsweb.org/en/membership/iops-members-and-observers.html,Official directory is challenge-protected; current governing-member entry captured through indexed official page evidence.
IS,Iceland,Central Bank of Iceland,https://www.cb.is/,central_banking;prudential_supervision;securities,BIS;IOSCO,https://www.bis.org/cbanks.htm;https://www.bis.org/regauth.htm;https://www.iosco.org/v2/about/?subsection=membership&memid=1&page=3,
IS,Iceland,Financial Intelligence Unit – Iceland (FIU-ICE),https://www.government.is/topics/public-safety-and-security/aml-cft-policies/,financial_intelligence,EGMONT,https://egmontgroup.org/members-by-region/,
IS,Iceland,Financial Supervisory Authority of Iceland,http://en.fme.is/,prudential_supervision,BIS,https://www.bis.org/regauth.htm,
IN,India,Financial Intelligence Unit India (FIU-IND),http://fiuindia.gov.in/,financial_intelligence,EGMONT,https://egmontgroup.org/members-by-region/,
IN,India,Insurance Regulatory and Development Authority of India (IRDAI),https://www.irdai.gov.in/Defaulthome.aspx?page=H1,insurance,IAIS,https://www.iais.org/about-the-iais/iais-members/,
IN,India,International Financial Services Centres Authority (IFSCA),https://www.ifsca.gov.in/,insurance;pensions,IAIS;IOPS,https://www.iais.org/about-the-iais/iais-members/;https://www.iopsweb.org/en/membership/iops-members-and-observers.html,Official directory is challenge-protected; current governing-member entry captured through indexed official page evidence.
IN,India,Pension Fund Regulatory and Development Authority,https://www.pfrda.org.in/,pensions,IOPS,https://www.iopsweb.org/en/membership/iops-members-and-observers.html,Official directory is challenge-protected; current governing-member entry captured through indexed official page evidence.
IN,India,Reserve Bank of India,http://www.rbi.org.in/home.aspx,central_banking;prudential_supervision,BIS,https://www.bis.org/cbanks.htm;https://www.bis.org/regauth.htm,
IN,India,Securities and Exchange Board of India*,http://www.sebi.gov.in/,securities,IOSCO,https://www.iosco.org/v2/about/?subsection=membership&memid=1&page=3,
ID,Indonesia,Bank Indonesia,http://www.bi.go.id/en/,central_banking;prudential_supervision,BIS,https://www.bis.org/cbanks.htm;https://www.bis.org/regauth.htm,
ID,Indonesia,Indonesia Financial Services Authority,https://www.ojk.go.id/en/Default.aspx,securities;insurance;pensions,IOSCO;IAIS;IOPS,https://www.iosco.org/v2/about/?subsection=membership&memid=1&page=3;https://www.iais.org/about-the-iais/iais-members/;https://www.iopsweb.org/en/membership/iops-members-and-observers.html,Official directory is challenge-protected; current governing-member entry captured through indexed official page evidence.
ID,Indonesia,Indonesian Financial Transaction Reports and Analysis Centre (PPATK),http://www.ppatk.go.id/?reloaded=yes,financial_intelligence,EGMONT,https://egmontgroup.org/members-by-region/,
IR,Iran,Securities and Exchange Organization,http://en.seo.ir/,securities,IOSCO,https://www.iosco.org/v2/about/?subsection=membership&memid=1&page=3,
IR,Iran,The Central Bank of the Islamic Republic of Iran,http://www.cbi.ir/default_en.aspx,central_banking;prudential_supervision,BIS,https://www.bis.org/cbanks.htm;https://www.bis.org/regauth.htm,
IQ,Iraq,Anti-Money Laundering and Countering Financing of Terrorism Office of Iraq,https://aml.iq/?lang=en,financial_intelligence,EGMONT,https://egmontgroup.org/members-by-region/,
IQ,Iraq,Central Bank of Iraq,https://cbi.iq/,central_banking,BIS,https://www.bis.org/cbanks.htm,
IE,Ireland,Central Bank of Ireland,http://www.centralbank.ie/,central_banking;prudential_supervision;securities;insurance,BIS;IOSCO;IAIS,https://www.bis.org/cbanks.htm;https://www.bis.org/regauth.htm;https://www.iosco.org/v2/about/?subsection=membership&memid=1&page=3;https://www.iais.org/about-the-iais/iais-members/,
IE,Ireland,Financial Intelligence Unit Ireland (FIU Ireland),http://www.garda.ie/Controller.aspx?Page=29,financial_intelligence,EGMONT,https://egmontgroup.org/members-by-region/,
IE,Ireland,The Pensions Authority,https://pensionsauthority.ie/,pensions,IOPS,https://www.iopsweb.org/en/membership/iops-members-and-observers.html,Official directory is challenge-protected; current governing-member entry captured through indexed official page evidence.
IM,Isle of Man,Financial Supervision Commission,http://www.fsc.gov.im/,prudential_supervision,BIS,https://www.bis.org/regauth.htm,
IM,Isle of Man,Isle of Man  Financial Intelligence Unit (FIU-IOM),http://www.fiu.im/,financial_intelligence,EGMONT,https://egmontgroup.org/members-by-region/,
IM,Isle of Man,Isle of Man Financial Services Authority,http://www.iomfsa.im/,securities,IOSCO,https://www.iosco.org/v2/about/?subsection=membership&memid=1&page=3,
IM,Isle of Man,Isle of Man Financial Services Authority,https://www.gov.im/,insurance,IAIS,https://www.iais.org/about-the-iais/iais-members/,
IL,Israel,Bank of Israel,https://www.boi.org.il/en/,central_banking;prudential_supervision,BIS,https://www.bis.org/cbanks.htm;https://www.bis.org/regauth.htm,
IL,Israel,Capital Market Insurance and Savings Authority,https://www.gov.il/,pensions,IOPS,https://www.iopsweb.org/en/membership/iops-members-and-observers.html,Official directory is challenge-protected; current governing-member entry captured through indexed official page evidence.
IL,Israel,"Capital Markets, Insurance and Savings Authority (CMISA)",https://mof.gov.il/,insurance,IAIS,https://www.iais.org/about-the-iais/iais-members/,
IL,Israel,Israel Money Laundering and Terror Financing Prohibition Authority (IMPA),http://www.justice.gov.il/En/Units/IMPA/Pages/Default.aspx,financial_intelligence,EGMONT,https://egmontgroup.org/members-by-region/,
IL,Israel,Israel Securities Authority,http://www.isa.gov.il/,securities,IOSCO,https://www.iosco.org/v2/about/?subsection=membership&memid=1&page=3,
IT,Italy,Bank of Italy,https://www.bancaditalia.it/homepage/index.html?com.dotmarketing.htmlpage.language=1,central_banking;prudential_supervision;financial_intelligence,BIS;EGMONT,https://www.bis.org/cbanks.htm;https://www.bis.org/regauth.htm;https://egmontgroup.org/members-by-region/,
IT,Italy,Commissione Nazionale per le Società e la Borsa*,http://www.consob.it/,securities,IOSCO,https://www.iosco.org/v2/about/?subsection=membership&memid=1&page=3,
IT,Italy,Istituto per la Vigilanza sulle Assicurazioni (IVASS),https://www.ivass.it/,insurance,IAIS,https://www.iais.org/about-the-iais/iais-members/,
IT,Italy,Pension Funds Supervision Commission,https://www.covip.it/,pensions,IOPS,https://www.iopsweb.org/en/membership/iops-members-and-observers.html,Official directory is challenge-protected; current governing-member entry captured through indexed official page evidence.
JM,Jamaica,Bank of Jamaica,http://www.boj.org.jm/,central_banking;prudential_supervision,BIS,https://www.bis.org/cbanks.htm;https://www.bis.org/regauth.htm,
JM,Jamaica,Financial Investigations Division (FID),http://fid.gov.jm/,financial_intelligence,EGMONT,https://egmontgroup.org/members-by-region/,
JM,Jamaica,Financial Services Commission,http://www.fscjamaica.org/,securities;insurance;pensions,IOSCO;IAIS;IOPS,https://www.iosco.org/v2/about/?subsection=membership&memid=1&page=3;https://www.iais.org/about-the-iais/iais-members/;https://www.iopsweb.org/en/membership/iops-members-and-observers.html,Official directory is challenge-protected; current governing-member entry captured through indexed official page evidence.
JP,Japan,Bank of Japan,http://www.boj.or.jp/en/,central_banking;prudential_supervision,BIS,https://www.bis.org/cbanks.htm;https://www.bis.org/regauth.htm,
JP,Japan,Financial Services Agency,http://www.fsa.go.jp/en/index.html,prudential_supervision;securities;insurance,BIS;IOSCO;IAIS,https://www.bis.org/regauth.htm;https://www.iosco.org/v2/about/?subsection=membership&memid=1&page=4;https://www.iais.org/about-the-iais/iais-members/,
JP,Japan,Japan  Financial Intelligence Center (JAFIC),http://www.npa.go.jp/sosikihanzai/jafic/index_e.htm,financial_intelligence,EGMONT,https://egmontgroup.org/members-by-region/,
JP,Japan,"Ministry of Agriculture, Forestry and Fisheries",http://www.maff.go.jp/,securities,IOSCO,https://www.iosco.org/v2/about/?subsection=membership&memid=1&page=4,
JP,Japan,"Ministry of Economy, Trade and Industry",https://www.meti.go.jp/,securities,IOSCO,https://www.iosco.org/v2/about/?subsection=membership&memid=1&page=4,
JE,Jersey,Financial Intelligence Unit – Jersey,https://www.fiu.je/,financial_intelligence,EGMONT,https://egmontgroup.org/members-by-region/,
JE,Jersey,Jersey Financial Services Commission,http://www.jerseyfsc.org/,prudential_supervision;securities;insurance,BIS;IOSCO;IAIS,https://www.bis.org/regauth.htm;https://www.iosco.org/v2/about/?subsection=membership&memid=1&page=4;https://www.iais.org/about-the-iais/iais-members/,
JO,Jordan,Anti-Money Laundering and Counter Terrorist Financing Unit (AMLU Jordan),http://www.amlu.gov.jo/ar-jo/home.aspx,financial_intelligence,EGMONT,https://egmontgroup.org/members-by-region/,
JO,Jordan,Central Bank of Jordan,http://www.cbj.gov.jo/,central_banking;prudential_supervision;insurance,BIS;IAIS,https://www.bis.org/cbanks.htm;https://www.bis.org/regauth.htm;https://www.iais.org/about-the-iais/iais-members/,
JO,Jordan,Jordan Securities Commission,http://www.jsc.gov.jo/,securities,IOSCO,https://www.iosco.org/v2/about/?subsection=membership&memid=1&page=4,
KZ,Kazakhstan,Agency of the Republic of Kazakhstan for Regulation and Development of Financial Market,http://www.finreg.kz/,securities;insurance,IOSCO;IAIS,https://www.iosco.org/v2/about/?subsection=membership&memid=1&page=4;https://www.iais.org/about-the-iais/iais-members/,
KZ,Kazakhstan,Astana Financial Services Authority (AFSA),http://www.afsa.kz/,insurance,IAIS,https://www.iais.org/about-the-iais/iais-members/,
KZ,Kazakhstan,Financial Monitoring Agency of the Republic of Kazakhstan,https://afmrk.gov.kz/en/index/,financial_intelligence,EGMONT,https://egmontgroup.org/members-by-region/,
KZ,Kazakhstan,National Bank of Kazakhstan,https://nationalbank.kz/en,central_banking;prudential_supervision,BIS,https://www.bis.org/cbanks.htm;https://www.bis.org/regauth.htm,
KZ,Kazakhstan,The Agency of the Republic of Kazakhstan for Regulation and Development of Financial Market,https://www.gov.kz/memleket/entities/ardfm?lang=en,prudential_supervision;pensions,BIS;IOPS,https://www.bis.org/regauth.htm;https://www.iopsweb.org/en/membership/iops-members-and-observers.html,Official directory is challenge-protected; current governing-member entry captured through indexed official page evidence.
KE,Kenya,Capital Markets Authority,http://www.cma.or.ke/,securities,IOSCO,https://www.iosco.org/v2/about/?subsection=membership&memid=1&page=4,
KE,Kenya,Central Bank of Kenya,http://www.centralbank.go.ke/,central_banking;prudential_supervision,BIS,https://www.bis.org/cbanks.htm;https://www.bis.org/regauth.htm,
KE,Kenya,Insurance Regulatory Authority,https://www.ira.go.ke/,insurance,IAIS,https://www.iais.org/about-the-iais/iais-members/,
KE,Kenya,Retirement Benefits Authority,https://www.rba.go.ke/,pensions,IOPS,https://www.iopsweb.org/en/membership/iops-members-and-observers.html,Official directory is challenge-protected; current governing-member entry captured through indexed official page evidence.
KE,Kenya,The Financial Reporting Centre (FRC) Kenya,https://www.cid.go.ke/index.php/sections/investigationunits/financial-investigations-unit-fiu.html,financial_intelligence,EGMONT,https://egmontgroup.org/members-by-region/,
XK,Kosovo,Central Bank of the Republic of Kosovo,https://bqk-kos.org/?lang=en,central_banking;prudential_supervision;insurance;pensions,BIS;IAIS;IOPS,https://www.bis.org/cbanks.htm;https://www.bis.org/regauth.htm;https://www.iais.org/about-the-iais/iais-members/;https://www.iopsweb.org/en/membership/iops-members-and-observers.html,Official directory is challenge-protected; current governing-member entry captured through indexed official page evidence.
XK,Kosovo,Financial Intelligence Unit of Kosovo (NJIF-K),,financial_intelligence,EGMONT,https://egmontgroup.org/members-by-region/,
KW,Kuwait,Capital Markets Authority*,http://www.cma.gov.kw/,securities,IOSCO,https://www.iosco.org/v2/about/?subsection=membership&memid=1&page=4,
KW,Kuwait,Central Bank of Kuwait,http://www.cbk.gov.kw/,central_banking;prudential_supervision,BIS,https://www.bis.org/cbanks.htm;https://www.bis.org/regauth.htm,
KW,Kuwait,Insurance Regulatory Unit (IRU),,insurance,IAIS,https://www.iais.org/about-the-iais/iais-members/,
KW,Kuwait,Kuwaiti Financial Intelligence Unit (KwFIU),http://www.kwfiu.gov.kw/,financial_intelligence,EGMONT,https://egmontgroup.org/members-by-region/,
KG,Kyrgyzstan,National Bank of the Kyrgyz Republic,https://www.nbkr.kg/index.jsp?lang=eng,central_banking;prudential_supervision,BIS,https://www.bis.org/cbanks.htm;https://www.bis.org/regauth.htm,
KG,Kyrgyzstan,State Service for Financial Market Regulation and Supervision under the Government of the Kyrgyz Republic,https://www.fsa.kg/,securities,IOSCO,https://www.iosco.org/v2/about/?subsection=membership&memid=1&page=4,
KG,Kyrgyzstan,The State Financial Intelligence Under the Government of the Kyrgyz Republic (FIS),http://www.fiu.gov.kg/en.html,financial_intelligence,EGMONT,https://egmontgroup.org/members-by-region/,
LA,Laos,Anti-Money Laundering Intelligence Office of Lao PDR,http://amlio.gov.la/eng/about.php,financial_intelligence,EGMONT,https://egmontgroup.org/members-by-region/,
LA,Laos,Bank of the Lao PDR,https://www.bol.gov.la/en/index,central_banking,BIS,https://www.bis.org/cbanks.htm,
LV,Latvia,Bank of Latvia,https://www.bank.lv/en/,central_banking;securities;insurance;pensions,BIS;IOSCO;IAIS;IOPS,https://www.bis.org/cbanks.htm;https://www.iosco.org/v2/about/?subsection=membership&memid=1&page=4;https://www.iais.org/about-the-iais/iais-members/;https://www.iopsweb.org/en/membership/iops-members-and-observers.html,Official directory is challenge-protected; current governing-member entry captured through indexed official page evidence.
LV,Latvia,Financial and Capital Market Commission,http://www.fktk.lv/,prudential_supervision,BIS,https://www.bis.org/regauth.htm,
LV,Latvia,Financial Intelligence Unit of Latvia (FID),https://www.fid.gov.lv/en,financial_intelligence,EGMONT,https://egmontgroup.org/members-by-region/,
LB,Lebanon,Central Bank of Lebanon,http://www.bdl.gov.lb/,central_banking;prudential_supervision,BIS,https://www.bis.org/cbanks.htm;https://www.bis.org/regauth.htm,
LB,Lebanon,Special Investigation Commission (SIC),http://www.sic.gov.lb/,financial_intelligence,EGMONT,https://egmontgroup.org/members-by-region/,
LS,Lesotho,Central Bank of Lesotho,http://www.centralbank.org.ls/,central_banking;prudential_supervision;pensions,BIS;IOPS,https://www.bis.org/cbanks.htm;https://www.bis.org/regauth.htm;https://www.iopsweb.org/en/membership/iops-members-and-observers.html,Official directory is challenge-protected; current governing-member entry captured through indexed official page evidence.
LS,Lesotho,Central Bank of Lesotho,,insurance,IAIS,https://www.iais.org/about-the-iais/iais-members/,
LS,Lesotho,Financial Intelligence Unit of Lesotho,https://fiu.org.ls/,financial_intelligence,EGMONT,https://egmontgroup.org/members-by-region/,
LR,Liberia,Central Bank of Liberia,http://www.cbl.org.lr/,central_banking,BIS,https://www.bis.org/cbanks.htm,
LR,Liberia,Financial Intelligence Agency of Liberia	(FIA-LIBERIA),https://www.fialiberia.gov.lr/,financial_intelligence,EGMONT,https://egmontgroup.org/members-by-region/,
LY,Libya,Central Bank of Libya,https://cbl.gov.ly/en/,central_banking;prudential_supervision,BIS,https://www.bis.org/cbanks.htm;https://www.bis.org/regauth.htm,
LI,Liechtenstein,Financial Intelligence Unit Liechtenstein (EFFI),http://www.fiu.li/index.php/en/,financial_intelligence,EGMONT,https://egmontgroup.org/members-by-region/,
LI,Liechtenstein,Financial Market Authority,http://www.fma-li.li/,prudential_supervision;securities;insurance;pensions,BIS;IOSCO;IAIS;IOPS,https://www.bis.org/regauth.htm;https://www.iosco.org/v2/about/?subsection=membership&memid=1&page=4;https://www.iais.org/about-the-iais/iais-members/;https://www.iopsweb.org/en/membership/iops-members-and-observers.html,Official directory is challenge-protected; current governing-member entry captured through indexed official page evidence.
LT,Lithuania,Bank of Lithuania,https://www.lb.lt/en/,central_banking;prudential_supervision;securities;insurance;pensions,BIS;IOSCO;IAIS;IOPS,https://www.bis.org/cbanks.htm;https://www.bis.org/regauth.htm;https://www.iosco.org/v2/about/?subsection=membership&memid=1&page=4;https://www.iais.org/about-the-iais/iais-members/;https://www.iopsweb.org/en/membership/iops-members-and-observers.html,Official directory is challenge-protected; current governing-member entry captured through indexed official page evidence.
LT,Lithuania,Financial Crime Investigation Service Under the Ministry of Interior (FCIS),http://www.fntt.lt/en.php/138,financial_intelligence,EGMONT,https://egmontgroup.org/members-by-region/,
LU,Luxembourg,Central Bank of Luxembourg,https://www.bcl.lu/en/index.html,central_banking;prudential_supervision,BIS,https://www.bis.org/cbanks.htm;https://www.bis.org/regauth.htm,
LU,Luxembourg,Commissariat aux Assurances,http://www.caa.lu/,insurance,IAIS,https://www.iais.org/about-the-iais/iais-members/,
LU,Luxembourg,Commission de Surveillance du Secteur Financier,http://www.cssf.lu/en/,prudential_supervision;securities;pensions,BIS;IOSCO;IOPS,https://www.bis.org/regauth.htm;https://www.iosco.org/v2/about/?subsection=membership&memid=1&page=4;https://www.iopsweb.org/en/membership/iops-members-and-observers.html,Official directory is challenge-protected; current governing-member entry captured through indexed official page evidence.
LU,Luxembourg,Financial Intelligence Unit (FIU-LUX),http://www.crf.lu/,financial_intelligence,EGMONT,https://egmontgroup.org/members-by-region/,
MO,Macau,Financial Intelligence Office (GIF),http://www.gif.gov.mo/web1/en_about.html,financial_intelligence,EGMONT,https://egmontgroup.org/members-by-region/,
MO,Macau,Monetary Authority of Macao,https://www.amcm.gov.mo/en/,central_banking;prudential_supervision;insurance;pensions,BIS;IAIS;IOPS,https://www.bis.org/cbanks.htm;https://www.bis.org/regauth.htm;https://www.iais.org/about-the-iais/iais-members/;https://www.iopsweb.org/en/membership/iops-members-and-observers.html,Official directory is challenge-protected; current governing-member entry captured through indexed official page evidence.
MG,Madagascar,Banky Foiben'i Madagasikara,https://www.banky-foibe.mg/,central_banking;prudential_supervision,BIS,https://www.bis.org/cbanks.htm;https://www.bis.org/regauth.htm,
MG,Madagascar,The Financial Intelligent Unit (SAMIFIN),https://www.samifin.gov.mg/,financial_intelligence,EGMONT,https://egmontgroup.org/members-by-region/,
MW,Malawi,Financial Intelligence Authority Malawi (FIA-Malawi),https://fia.gov.mw/index.php,financial_intelligence,EGMONT,https://egmontgroup.org/members-by-region/,
MW,Malawi,Reserve Bank of Malawi,https://www.rbm.mw/,central_banking;prudential_supervision;securities;pensions,BIS;IOSCO;IOPS,https://www.bis.org/cbanks.htm;https://www.bis.org/regauth.htm;https://www.iosco.org/v2/about/?subsection=membership&memid=1&page=4;https://www.iopsweb.org/en/membership/iops-members-and-observers.html,Official directory is challenge-protected; current governing-member entry captured through indexed official page evidence.
MW,Malawi,Reserve Bank of Malawi,,insurance,IAIS,https://www.iais.org/about-the-iais/iais-members/,
MY,Malaysia,Central Bank of Malaysia,http://www.bnm.gov.my/,central_banking;prudential_supervision;insurance,BIS;IAIS,https://www.bis.org/cbanks.htm;https://www.bis.org/regauth.htm;https://www.iais.org/about-the-iais/iais-members/,
MY,Malaysia,Financial Intelligence Unit Malaysia (UPWBNM),http://amlcft.bnm.gov.my/AMLCFT02biii.html,financial_intelligence,EGMONT,https://egmontgroup.org/members-by-region/,
MY,Malaysia,Labuan Financial Services Authority (Labuan FSA),http://www.labuanfsa.gov.my/,insurance,IAIS,https://www.iais.org/about-the-iais/iais-members/,
MY,Malaysia,Securities Commission*,http://www.sc.com.my/,securities,IOSCO,https://www.iosco.org/v2/about/?subsection=membership&memid=1&page=4,
MV,Maldives,Capital Market Development Authority,https://cmda.gov.mv/en,securities;pensions,IOSCO;IOPS,https://www.iosco.org/v2/about/?subsection=membership&memid=1&page=4;https://www.iopsweb.org/en/membership/iops-members-and-observers.html,Official directory is challenge-protected; current governing-member entry captured through indexed official page evidence.
MV,Maldives,Maldives Monetary Authority,http://www.mma.gov.mv/,central_banking;prudential_supervision;insurance;financial_intelligence,BIS;IAIS;EGMONT,https://www.bis.org/cbanks.htm;https://www.bis.org/regauth.htm;https://www.iais.org/about-the-iais/iais-members/;https://egmontgroup.org/members-by-region/,
ML,Mali,Autorité des Marchés Financiers de l’UMOA,http://www.crepmf.org/,securities,IOSCO,https://www.iosco.org/v2/about/?subsection=membership&memid=1&page=7,Regional authority listed for west african monetary union; applied to this member jurisdiction.
ML,Mali,Central Bank of West African States (BCEAO),https://www.bceao.int/en,central_banking;prudential_supervision,BIS,https://www.bis.org/cbanks.htm;https://www.bis.org/regauth.htm,Regional authority listed for west african monetary union; applied to this member jurisdiction.
ML,Mali,Conférence Interafricaine des Marchés d'Assurances (CIMA),http://cima-afrique.org/,insurance,IAIS,https://www.iais.org/about-the-iais/iais-members/,Regional authority listed for africa cima; applied to this member jurisdiction.
ML,Mali,National Financial Intelligence Processing Unit (CENTIF-Mali),http://www.centif.gov.ml/,financial_intelligence,EGMONT,https://egmontgroup.org/members-by-region/,
MT,Malta,Central Bank of Malta,http://www.centralbankmalta.org/,central_banking;prudential_supervision,BIS,https://www.bis.org/cbanks.htm;https://www.bis.org/regauth.htm,
MT,Malta,Financial Intelligence Analysis Unit (FIAU),https://fiaumalta.org/,financial_intelligence,EGMONT,https://egmontgroup.org/members-by-region/,
MT,Malta,Malta Financial Services Authority,http://www.mfsa.com.mt/,prudential_supervision;insurance,BIS;IAIS,https://www.bis.org/regauth.htm;https://www.iais.org/about-the-iais/iais-members/,
MT,Malta,Malta Financial Services Authority,https://www.mfsa.mt/,securities;pensions,IOSCO;IOPS,https://www.iosco.org/v2/about/?subsection=membership&memid=1&page=4;https://www.iopsweb.org/en/membership/iops-members-and-observers.html,Official directory is challenge-protected; current governing-member entry captured through indexed official page evidence.
MH,Marshall Islands,Domestic  Financial Intelligence Unit (DFIU),,financial_intelligence,EGMONT,https://egmontgroup.org/members-by-region/,
MR,Mauritania,Autorité de Régulation du Marché Financier,https://www.armf.mr/,securities,OFFICIAL_NATIONAL,https://www.armf.mr/,New authority created by the December 2024 financial-market law; official site remains challenge-protected/under development.
MR,Mauritania,Banque Centrale de Mauritanie,https://www.bcm.mr/portail,central_banking;prudential_supervision,OFFICIAL_NATIONAL,https://www.bcm.mr/portail,
MU,Mauritius,Bank of Mauritius,http://www.bom.mu/,central_banking;prudential_supervision,BIS,https://www.bis.org/cbanks.htm;https://www.bis.org/regauth.htm,
MU,Mauritius,Financial Intelligence Unit Mauritius (FIU-Mauritius),http://www.fiumauritius.org/English/Pages/default.aspx,financial_intelligence,EGMONT,https://egmontgroup.org/members-by-region/,
MU,Mauritius,Financial Services Commission,http://www.fscmauritius.org/,securities;insurance;pensions,IOSCO;IAIS;IOPS,https://www.iosco.org/v2/about/?subsection=membership&memid=1&page=4;https://www.iais.org/about-the-iais/iais-members/;https://www.iopsweb.org/en/membership/iops-members-and-observers.html,Official directory is challenge-protected; current governing-member entry captured through indexed official page evidence.
MX,Mexico,Bank of Mexico,https://www.banxico.org.mx/indexen.html,central_banking,BIS,https://www.bis.org/cbanks.htm,
MX,Mexico,Comisión Nacional Bancaria y de Valores,http://www.cnbv.gob.mx/,prudential_supervision;securities,BIS;IOSCO,https://www.bis.org/regauth.htm;https://www.iosco.org/v2/about/?subsection=membership&memid=1&page=4,
MX,Mexico,Comision Nacional de Seguros y Fianzas,https://www.gob.mx/cnsf,insurance;pensions,IAIS;IOPS,https://www.iais.org/about-the-iais/iais-members/;https://www.iopsweb.org/en/membership/iops-members-and-observers.html,Official directory is challenge-protected; current governing-member entry captured through indexed official page evidence.
MX,Mexico,Financial Intelligence Unit Mexico (FIU-Mexico),,financial_intelligence,EGMONT,https://egmontgroup.org/members-by-region/,
MD,Moldova,National Bank of Moldova,http://www.bnm.md/en,central_banking;prudential_supervision;insurance,BIS;IAIS,https://www.bis.org/cbanks.htm;https://www.bis.org/regauth.htm;https://www.iais.org/about-the-iais/iais-members/,
MD,Moldova,Office for Prevention and Fight Against Money Laundering (SPCSB),http://spcsb.cna.md/about-us,financial_intelligence,EGMONT,https://egmontgroup.org/members-by-region/,
MC,Monaco,Autorité Monégasque de Sécurité Financière (AMSF),https://www.siccfin.mc/,financial_intelligence,EGMONT,https://egmontgroup.org/members-by-region/,
MC,Monaco,Commission de Contrôle des Activités Financières,http://www.ccaf.mc/,securities,IOSCO,https://www.iosco.org/v2/about/?subsection=membership&memid=1&page=5,
MN,Mongolia,Bank of Mongolia,https://www.mongolbank.mn/en/,central_banking;financial_intelligence,BIS;EGMONT,https://www.bis.org/cbanks.htm;https://egmontgroup.org/members-by-region/,
MN,Mongolia,Financial Regulatory Commission,http://www.frc.mn/,securities;insurance,IOSCO;IAIS,https://www.iosco.org/v2/about/?subsection=membership&memid=1&page=5;https://www.iais.org/about-the-iais/iais-members/,
ME,Montenegro,Capital Market Authority of Montenegro,http://www.scmn.me/,securities,IOSCO,https://www.iosco.org/v2/about/?subsection=membership&memid=1&page=5,
ME,Montenegro,Central Bank of Montenegro,https://www.cbcg.me/en,central_banking,BIS,https://www.bis.org/cbanks.htm,
ME,Montenegro,Department for the Prevention of Money Laundering and Terrorist Financing (DPMLTF),http://www.foj.gov.me/,financial_intelligence,EGMONT,https://egmontgroup.org/members-by-region/,
ME,Montenegro,Insurance Supervision Agency,http://www.ano.me/,insurance,IAIS,https://www.iais.org/about-the-iais/iais-members/,
MS,Montserrat,Eastern Caribbean Central Bank,http://www.eccb-centralbank.org/,central_banking;prudential_supervision,BIS,https://www.bis.org/cbanks.htm;https://www.bis.org/regauth.htm,Regional authority listed for organization of eastern caribbean states oecs; applied to this member jurisdiction.
MS,Montserrat,Financial Services Commission,http://www.fscmontserrat.org/,prudential_supervision,BIS,https://www.bis.org/regauth.htm,
MA,Morocco,Autorité de Contrôle des Assurances et de la Prévoyance Sociale (ACAPS),https://www.acaps.ma/,insurance;pensions,IAIS;IOPS,https://www.iais.org/about-the-iais/iais-members/;https://www.iopsweb.org/en/membership/iops-members-and-observers.html,Official directory is challenge-protected; current governing-member entry captured through indexed official page evidence.
MA,Morocco,Autorité Marocaine du Marché des Capitaux*,http://www.ammc.ma/,securities,IOSCO,https://www.iosco.org/v2/about/?subsection=membership&memid=1&page=5,
MA,Morocco,Bank Al-Maghrib (Central Bank of Morocco),http://www.bkam.ma/en,central_banking;prudential_supervision,BIS,https://www.bis.org/cbanks.htm;https://www.bis.org/regauth.htm,
MA,Morocco,Financial Information Processing Unit (UTRF),http://www.utrf.gov.ma/,financial_intelligence,EGMONT,https://egmontgroup.org/members-by-region/,
MZ,Mozambique,Bank of Mozambique,http://www.bancomoc.mz/,central_banking;prudential_supervision,BIS,https://www.bis.org/cbanks.htm;https://www.bis.org/regauth.htm,
MZ,Mozambique,Financial Intelligence Office of Mozambique (GiFiM),https://www.gifim.gov.mz/,financial_intelligence,EGMONT,https://egmontgroup.org/members-by-region/,
MZ,Mozambique,Instituto de Supervisão de Seguros de Moçambique,http://www.issm.gov.mz/,insurance;pensions,IAIS;IOPS,https://www.iais.org/about-the-iais/iais-members/;https://www.iopsweb.org/en/membership/iops-members-and-observers.html,Official directory is challenge-protected; current governing-member entry captured through indexed official page evidence.
MM,Myanmar,Central Bank of Myanmar,http://www.cbm.gov.mm/,central_banking;prudential_supervision,BIS,https://www.bis.org/cbanks.htm;https://www.bis.org/regauth.htm,
NA,Namibia,Bank of Namibia,http://www.bon.com.na/,central_banking;prudential_supervision,BIS,https://www.bis.org/cbanks.htm;https://www.bis.org/regauth.htm,
NA,Namibia,Financial Intelligence Centre (FIC),https://www.fic.na/,financial_intelligence,EGMONT,https://egmontgroup.org/members-by-region/,
NA,Namibia,Namibia Financial Institutions Supervisory Authority (NAMFISA),https://www.namfisa.com.na/,insurance;pensions,IAIS;IOPS,https://www.iais.org/about-the-iais/iais-members/;https://www.iopsweb.org/en/membership/iops-members-and-observers.html,Official directory is challenge-protected; current governing-member entry captured through indexed official page evidence.
NR,Nauru,Financial Intelligence Unit of Nauru,https://justice.gov.nr/financial-intelligence-unit/,financial_intelligence,EGMONT,https://egmontgroup.org/members-by-region/,
NP,Nepal,Central Bank of Nepal (Nepal Rastra Bank),http://www.nrb.org.np/,central_banking;prudential_supervision;financial_intelligence,BIS;EGMONT,https://www.bis.org/cbanks.htm;https://www.bis.org/regauth.htm;https://egmontgroup.org/members-by-region/,
NP,Nepal,Nepal Insurance Authority,http://www.nia.gov.np/,insurance,IAIS,https://www.iais.org/about-the-iais/iais-members/,
NL,Netherlands,De Nederlandsche Bank,https://www.dnb.nl/en,central_banking;prudential_supervision;insurance;pensions,BIS;IAIS;IOPS,https://www.bis.org/cbanks.htm;https://www.bis.org/regauth.htm;https://www.iais.org/about-the-iais/iais-members/;https://www.iopsweb.org/en/membership/iops-members-and-observers.html,Official directory is challenge-protected; current governing-member entry captured through indexed official page evidence.
NL,Netherlands,Financial Intelligence Unit – Netherlands (FIU-NL),http://www.fiu-nederland.nl/en,financial_intelligence,EGMONT,https://egmontgroup.org/members-by-region/,
NL,Netherlands,The Dutch Authority for the Financial Markets*,http://www.afm.nl/,securities;insurance,IOSCO;IAIS,https://www.iosco.org/v2/about/?subsection=membership&memid=1&page=5;https://www.iais.org/about-the-iais/iais-members/,
NZ,New Zealand,Financial Markets Authority,https://www.fma.govt.nz/,securities,IOSCO,https://www.iosco.org/v2/about/?subsection=membership&memid=1&page=5,
NZ,New Zealand,New Zealand Police Financial Intelligence Unit (NZ-Police FIU),http://www.police.govt.nz/advice/businesses-and-organisations/fiu,financial_intelligence,EGMONT,https://egmontgroup.org/members-by-region/,
NZ,New Zealand,Reserve Bank of New Zealand,http://www.rbnz.govt.nz/,central_banking;prudential_supervision;insurance,BIS;IAIS,https://www.bis.org/cbanks.htm;https://www.bis.org/regauth.htm;https://www.iais.org/about-the-iais/iais-members/,
NZ,New Zealand,The Financial Markets Authority - Te Mana Tatai Hokohoko,,insurance,IAIS,https://www.iais.org/about-the-iais/iais-members/,
NI,Nicaragua,Central Bank of Nicaragua,http://www.bcn.gob.ni/,central_banking,BIS,https://www.bis.org/cbanks.htm,
NI,Nicaragua,Superintendencia de Bancos y Otras Instituciones Financieras,http://www.siboif.gob.ni/,prudential_supervision,BIS,https://www.bis.org/regauth.htm,
NE,Niger,Autorité des Marchés Financiers de l’UMOA,http://www.crepmf.org/,securities,IOSCO,https://www.iosco.org/v2/about/?subsection=membership&memid=1&page=7,Regional authority listed for west african monetary union; applied to this member jurisdiction.
NE,Niger,Central Bank of West African States (BCEAO),https://www.bceao.int/en,central_banking;prudential_supervision,BIS,https://www.bis.org/cbanks.htm;https://www.bis.org/regauth.htm,Regional authority listed for west african monetary union; applied to this member jurisdiction.
NE,Niger,Conférence Interafricaine des Marchés d'Assurances (CIMA),http://cima-afrique.org/,insurance,IAIS,https://www.iais.org/about-the-iais/iais-members/,Regional authority listed for africa cima; applied to this member jurisdiction.
NE,Niger,National Financial Intelligence and Processing unit of Niger (CENTIF),http://www.finances.gouv.ne/index.php/responsables-du-ministere/a-b-c/centif,financial_intelligence,EGMONT,https://egmontgroup.org/members-by-region/,
NG,Nigeria,Central Bank of Nigeria,http://www.cbn.gov.ng/,central_banking;prudential_supervision,BIS,https://www.bis.org/cbanks.htm;https://www.bis.org/regauth.htm,
NG,Nigeria,National Insurance Commission,http://www.naicom.gov.ng/,insurance,IAIS,https://www.iais.org/about-the-iais/iais-members/,
NG,Nigeria,National Pension Commission,https://www.pencom.gov.ng/,pensions,IOPS,https://www.iopsweb.org/en/membership/iops-members-and-observers.html,Official directory is challenge-protected; current governing-member entry captured through indexed official page evidence.
NG,Nigeria,Nigeria Deposit Insurance Corporation,http://www.ndic.gov.ng/,prudential_supervision,BIS,https://www.bis.org/regauth.htm,
NG,Nigeria,Nigerian Financial Intelligence Unit (NFIU),http://www.nfiu.gov.ng/index.php/nfiu,financial_intelligence,EGMONT,https://egmontgroup.org/members-by-region/,
NG,Nigeria,Securities and Exchange Commission*,http://www.sec.gov.ng/,securities,IOSCO,https://www.iosco.org/v2/about/?subsection=membership&memid=1&page=5,
NU,Niue,Niue  Financial Intelligence Unit (Niue FIU),,financial_intelligence,EGMONT,https://egmontgroup.org/members-by-region/,
MK,North Macedonia,Agency for Supervision of Fully Funded Pension Insurance,https://mapas.mk/,pensions,IOPS,https://www.iopsweb.org/en/membership/iops-members-and-observers.html,Official directory is challenge-protected; current governing-member entry captured through indexed official page evidence.
MK,North Macedonia,Financial Intelligence Office (FIO),,financial_intelligence,EGMONT,https://egmontgroup.org/members-by-region/,
MK,North Macedonia,Insurance Supervision Agency (ISA),http://www.aso.mk/,insurance,IAIS,https://www.iais.org/about-the-iais/iais-members/,
MK,North Macedonia,National Bank of the Republic of North Macedonia,https://www.nbrm.mk/pocetna-en.nspx,central_banking;prudential_supervision,BIS,https://www.bis.org/cbanks.htm;https://www.bis.org/regauth.htm,
MK,North Macedonia,Securities and Exchange Commission of the Republic of North Macedonia,http://www.sec.gov.mk/,securities,IOSCO,https://www.iosco.org/v2/about/?subsection=membership&memid=1&page=5,
NO,Norway,Central Bank of Norway,https://www.norges-bank.no/en/,central_banking;prudential_supervision,BIS,https://www.bis.org/cbanks.htm;https://www.bis.org/regauth.htm,
NO,Norway,Financial Intelligence Unit Norway (EFE),http://www.okokrim.no/in-english,financial_intelligence,EGMONT,https://egmontgroup.org/members-by-region/,
NO,Norway,Finanstilsynet (The Financial Supervisory Authority of Norway),http://www.finanstilsynet.no/,prudential_supervision;securities;insurance,BIS;IOSCO;IAIS,https://www.bis.org/regauth.htm;https://www.iosco.org/v2/about/?subsection=membership&memid=1&page=5;https://www.iais.org/about-the-iais/iais-members/,
OM,Oman,Central Bank of Oman,http://www.cbo.gov.om/,central_banking;prudential_supervision,BIS,https://www.bis.org/cbanks.htm;https://www.bis.org/regauth.htm,
OM,Oman,Financial Services Authority,https://www.fsa.gov.om/,securities;insurance,IOSCO;IAIS,https://www.iosco.org/v2/about/?subsection=membership&memid=1&page=5;https://www.iais.org/about-the-iais/iais-members/,
OM,Oman,National Centre for Financial Information,https://www.fiu.gov.om/index.html,financial_intelligence,EGMONT,https://egmontgroup.org/members-by-region/,
PK,Pakistan,Securities and Exchange Commission,https://www.secp.gov.pk/,securities;pensions,IOSCO;IOPS,https://www.iosco.org/v2/about/?subsection=membership&memid=1&page=5;https://www.iopsweb.org/en/membership/iops-members-and-observers.html,Official directory is challenge-protected; current governing-member entry captured through indexed official page evidence.
PK,Pakistan,Securities and Exchange Commission of Pakistan,,insurance,IAIS,https://www.iais.org/about-the-iais/iais-members/,
PK,Pakistan,State Bank of Pakistan,http://www.sbp.org.pk/,central_banking;prudential_supervision,BIS,https://www.bis.org/cbanks.htm;https://www.bis.org/regauth.htm,
PW,Palau,Financial Institutions Commission,https://ropfic.org/,prudential_supervision,OFFICIAL_NATIONAL,https://ropfic.org/,"Palau uses the US dollar and has no domestic central bank; this is a structural absence, not missing evidence."
PW,Palau,Financial Intelligence Unit,https://palaufiu.org/,financial_intelligence,OFFICIAL_NATIONAL,https://palaufiu.org/,
PS,Palestine,Financial Follow-up Unit (FFU),http://www.ffu.ps/english.php,financial_intelligence,EGMONT,https://egmontgroup.org/members-by-region/,
PS,Palestine,Palestine Capital Market Authority,http://www.pcma.ps/,securities;insurance,IOSCO;IAIS,https://www.iosco.org/v2/about/?subsection=membership&memid=1&page=5;https://www.iais.org/about-the-iais/iais-members/,
PS,Palestine,Palestine Monetary Authority,https://www.pma.ps/en/,central_banking;prudential_supervision,BIS,https://www.bis.org/cbanks.htm;https://www.bis.org/regauth.htm,
PA,Panama,Financial Analysis Unit Panama (UAF-Panama),http://www.uaf.gob.pa/,financial_intelligence,EGMONT,https://egmontgroup.org/members-by-region/,
PA,Panama,National Bank of Panama (Banco Nacional de Panamá),https://www.banconal.com.pa/,central_banking;prudential_supervision,BIS,https://www.bis.org/cbanks.htm;https://www.bis.org/regauth.htm,
PA,Panama,Superintendencia de Seguros y Reaseguros de Panamá,https://superseguros.gob.pa/,insurance,IAIS,https://www.iais.org/about-the-iais/iais-members/,
PA,Panama,Superintendencia del Mercado de Valores,http://www.supervalores.gob.pa/,securities,IOSCO,https://www.iosco.org/v2/about/?subsection=membership&memid=1&page=5,
PA,Panama,Superintendency of Banks of the Republic of Panama,http://www.superbancos.gob.pa/,prudential_supervision,BIS,https://www.bis.org/regauth.htm,
PG,Papua New Guinea,Bank of Papua New Guinea,http://www.bankpng.gov.pg/,central_banking;prudential_supervision;insurance;pensions;financial_intelligence,BIS;IAIS;IOPS;EGMONT,https://www.bis.org/cbanks.htm;https://www.bis.org/regauth.htm;https://www.iais.org/about-the-iais/iais-members/;https://www.iopsweb.org/en/membership/iops-members-and-observers.html;https://egmontgroup.org/members-by-region/,Official directory is challenge-protected; current governing-member entry captured through indexed official page evidence.
PG,Papua New Guinea,Office of Insurance Commissioner (OIC),,insurance,IAIS,https://www.iais.org/about-the-iais/iais-members/,
PG,Papua New Guinea,Securities Commission of Papua New Guinea,http://www.scpng.gov.pg/,securities,IOSCO,https://www.iosco.org/v2/about/?subsection=membership&memid=1&page=5,
PY,Paraguay,Central Bank of Paraguay,http://www.bcp.gov.py/,central_banking;prudential_supervision;insurance,BIS;IAIS,https://www.bis.org/cbanks.htm;https://www.bis.org/regauth.htm;https://www.iais.org/about-the-iais/iais-members/,
PY,Paraguay,Financial Intelligence Unit Paraguay (UAF-Seprelad),https://www.seprelad.gov.py/,financial_intelligence,EGMONT,https://egmontgroup.org/members-by-region/,
PY,Paraguay,Superintendencia de Valores Banco Central del Paraguay,https://siv.bcp.gov.py/,securities,IOSCO,https://www.iosco.org/v2/about/?subsection=membership&memid=1&page=5,
PE,Peru,Central Reserve Bank of Peru,http://www.bcrp.gob.pe/,central_banking,BIS,https://www.bis.org/cbanks.htm,
PE,Peru,Superintendencia de Banca y Seguros,http://www.sbs.gob.pe/,prudential_supervision;insurance;pensions;financial_intelligence,BIS;IAIS;IOPS;EGMONT,https://www.bis.org/regauth.htm;https://www.iais.org/about-the-iais/iais-members/;https://www.iopsweb.org/en/membership/iops-members-and-observers.html;https://egmontgroup.org/members-by-region/,Official directory is challenge-protected; current governing-member entry captured through indexed official page evidence.
PE,Peru,Superintendencia del Mercado de Valores,http://www.smv.gob.pe/,securities,IOSCO,https://www.iosco.org/v2/about/?subsection=membership&memid=1&page=5,
PH,Philippines,Anti-Money Laundering Council (AMLC),http://www.amlc.gov.ph/,financial_intelligence,EGMONT,https://egmontgroup.org/members-by-region/,
PH,Philippines,Central Bank of the Philippines (Bangko Sentral ng Pilipinas),http://www.bsp.gov.ph/,central_banking;prudential_supervision,BIS,https://www.bis.org/cbanks.htm;https://www.bis.org/regauth.htm,
PH,Philippines,Insurance Commission,http://www.insurance.gov.ph/,insurance,IAIS,https://www.iais.org/about-the-iais/iais-members/,
PH,Philippines,Securities and Exchange Commission,http://www.sec.gov.ph/,securities,IOSCO,https://www.iosco.org/v2/about/?subsection=membership&memid=1&page=5,
PL,Poland,General Inspector of Financial Information (GIFI),http://www.mf.gov.pl/en/ministry-of-finance/aml-ctf/contact,financial_intelligence,EGMONT,https://egmontgroup.org/members-by-region/,
PL,Poland,Narodowy Bank Polski,https://nbp.pl/en/,central_banking;prudential_supervision,BIS,https://www.bis.org/cbanks.htm;https://www.bis.org/regauth.htm,
PL,Poland,Polish Financial Supervision Authority,http://www.knf.gov.pl/en/,prudential_supervision;securities;insurance;pensions,BIS;IOSCO;IAIS;IOPS,https://www.bis.org/regauth.htm;https://www.iosco.org/v2/about/?subsection=membership&memid=1&page=5;https://www.iais.org/about-the-iais/iais-members/;https://www.iopsweb.org/en/membership/iops-members-and-observers.html,Official directory is challenge-protected; current governing-member entry captured through indexed official page evidence.
PT,Portugal,Autoridade de Supervisão de Seguros e Fundos de Pensões (ASF),http://www.asf.com.pt/,insurance;pensions,IAIS;IOPS,https://www.iais.org/about-the-iais/iais-members/;https://www.iopsweb.org/en/membership/iops-members-and-observers.html,Official directory is challenge-protected; current governing-member entry captured through indexed official page evidence.
PT,Portugal,Banco de Portugal,https://www.bportugal.pt/en,central_banking;prudential_supervision,BIS,https://www.bis.org/cbanks.htm;https://www.bis.org/regauth.htm,
PT,Portugal,Comissão do Mercado de Valores Mobiliários,http://www.cmvm.pt/,securities,IOSCO,https://www.iosco.org/v2/about/?subsection=membership&memid=1&page=5,
PT,Portugal,Financial Intelligence Unit Portugal (UIF-Portugal),https://www.policiajudiciaria.pt/PortalWeb/page/%7BE6E29429-8228-44A5-8338-9A3F3BCC3986%7D,financial_intelligence,EGMONT,https://egmontgroup.org/members-by-region/,
QA,Qatar,Qatar Central Bank,http://www.qcb.gov.qa/,central_banking;prudential_supervision;insurance,BIS;IAIS,https://www.bis.org/cbanks.htm;https://www.bis.org/regauth.htm;https://www.iais.org/about-the-iais/iais-members/,
QA,Qatar,Qatar Financial Centre Regulatory Authority,http://www.qfcra.com/,prudential_supervision;insurance,BIS;IAIS,https://www.bis.org/regauth.htm;https://www.iais.org/about-the-iais/iais-members/,
QA,Qatar,Qatar Financial Information Unit (QFIU),http://www.qfiu.gov.qa/index.php,financial_intelligence,EGMONT,https://egmontgroup.org/members-by-region/,
QA,Qatar,Qatar Financial Markets Authority,http://www.qfma.org.qa/,securities,IOSCO,https://www.iosco.org/v2/about/?subsection=membership&memid=1&page=6,
CG,Republic of the Congo,Agence Nationale d’Investigation Financiere (ANIF),http://www.anif.cg/,financial_intelligence,EGMONT,https://egmontgroup.org/members-by-region/,
CG,Republic of the Congo,Bank of Central African States,https://www.beac.int/,central_banking,BIS,https://www.bis.org/cbanks.htm,
CG,Republic of the Congo,Commission de Surveillance du Marché Financier de l'Afrique Centrale (Securities and Exchange Commission of Central Africa),http://www.cosumaf.org/,securities,IOSCO,https://www.iosco.org/v2/about/?subsection=membership&memid=1&page=2,Regional authority listed for central africa; applied to this member jurisdiction.
CG,Republic of the Congo,Conférence Interafricaine des Marchés d'Assurances (CIMA),http://cima-afrique.org/,insurance,IAIS,https://www.iais.org/about-the-iais/iais-members/,Regional authority listed for africa cima; applied to this member jurisdiction.
RO,Romania,Financial Supervisory Authority,http://www.asfromania.ro/,securities;insurance;pensions,IOSCO;IAIS;IOPS,https://www.iosco.org/v2/about/?subsection=membership&memid=1&page=6;https://www.iais.org/about-the-iais/iais-members/;https://www.iopsweb.org/en/membership/iops-members-and-observers.html,Official directory is challenge-protected; current governing-member entry captured through indexed official page evidence.
RO,Romania,National Bank of Romania,https://www.bnro.ro/,central_banking;prudential_supervision,BIS,https://www.bis.org/cbanks.htm;https://www.bis.org/regauth.htm,
RO,Romania,National Office for Prevention and Control of Money Laundering (ONPCSB),http://www.onpcsb.ro/html/english.php,financial_intelligence,EGMONT,https://egmontgroup.org/members-by-region/,
RU,Russia,Central Bank of the Russian Federation,http://www.cbr.ru/eng/,central_banking;prudential_supervision;securities,BIS;IOSCO,https://www.bis.org/cbanks.htm;https://www.bis.org/regauth.htm;https://www.iosco.org/v2/about/?subsection=membership&memid=1&page=6,
RU,Russia,Federal Financial Monitoring Service (Rosfinmonitoring),http://www.fedsfm.ru/en,financial_intelligence,EGMONT,https://egmontgroup.org/members-by-region/,
RW,Rwanda,National Bank of Rwanda,http://www.bnr.rw/,central_banking;prudential_supervision;insurance;pensions,BIS;IAIS;IOPS,https://www.bis.org/cbanks.htm;https://www.bis.org/regauth.htm;https://www.iais.org/about-the-iais/iais-members/;https://www.iopsweb.org/en/membership/iops-members-and-observers.html,Official directory is challenge-protected; current governing-member entry captured through indexed official page evidence.
RW,Rwanda,The Financial Intelligence Unit (FIU) of the Republic of Rwanda (FIC),https://www.fic.gov.rw/,financial_intelligence,EGMONT,https://egmontgroup.org/members-by-region/,
KN,Saint Kitts and Nevis,Eastern Caribbean Central Bank,http://www.eccb-centralbank.org/,central_banking;prudential_supervision,BIS,https://www.bis.org/cbanks.htm;https://www.bis.org/regauth.htm,Regional authority listed for organization of eastern caribbean states oecs; applied to this member jurisdiction.
KN,Saint Kitts and Nevis,Financial Intelligence Unit Saint Kitts and Nevis (FIU-SKN),https://www.fiu.kn/,financial_intelligence,EGMONT,https://egmontgroup.org/members-by-region/,
LC,Saint Lucia,Eastern Caribbean Central Bank,http://www.eccb-centralbank.org/,central_banking;prudential_supervision,BIS,https://www.bis.org/cbanks.htm;https://www.bis.org/regauth.htm,Regional authority listed for organization of eastern caribbean states oecs; applied to this member jurisdiction.
LC,Saint Lucia,Financial Intelligence Authority (FIA-Saint Lucia),https://www.slufia.com/,financial_intelligence,EGMONT,https://egmontgroup.org/members-by-region/,
VC,Saint Vincent and the Grenadines,Eastern Caribbean Central Bank,http://www.eccb-centralbank.org/,central_banking;prudential_supervision,BIS,https://www.bis.org/cbanks.htm;https://www.bis.org/regauth.htm,Regional authority listed for organization of eastern caribbean states oecs; applied to this member jurisdiction.
VC,Saint Vincent and the Grenadines,Financial Intelligence Unit Saint Vincent and the Grenadines (FIU-SVG),http://www.svgfiu.com/,financial_intelligence,EGMONT,https://egmontgroup.org/members-by-region/,
WS,Samoa,Central Bank of Samoa,http://www.cbs.gov.ws/,central_banking;prudential_supervision;financial_intelligence,BIS;EGMONT,https://www.bis.org/cbanks.htm;https://www.bis.org/regauth.htm;https://egmontgroup.org/members-by-region/,
WS,Samoa,Central Bank of Samoa,,insurance,IAIS,https://www.iais.org/about-the-iais/iais-members/,
WS,Samoa,Samoa International Finance Authority,https://www.sifa.ws/,insurance,IAIS,https://www.iais.org/about-the-iais/iais-members/,
SM,San Marino,Central Bank of the Republic of San Marino,https://www.bcsm.sm/,central_banking;prudential_supervision,BIS,https://www.bis.org/cbanks.htm;https://www.bis.org/regauth.htm,
SM,San Marino,Financial Intelligence Agency (FIA San Marino),http://www.aif.sm/site/en/home.html,financial_intelligence,EGMONT,https://egmontgroup.org/members-by-region/,
ST,São Tomé and Príncipe,Banco Central de São Tomé e Príncipe,https://bcstp.st/,central_banking;prudential_supervision,OFFICIAL_NATIONAL,https://bcstp.st/,
SA,Saudi Arabia,Capital Market Authority*,http://www.cma.org.sa/,securities,IOSCO,https://www.iosco.org/v2/about/?subsection=membership&memid=1&page=6,
SA,Saudi Arabia,Insurance Authority,,insurance,IAIS,https://www.iais.org/about-the-iais/iais-members/,
SA,Saudi Arabia,Saudi Arabia Financial Investigation Unit (SAFIU),https://www.moi.gov.sa/wps/portal/Home/sectors/safiu,financial_intelligence,EGMONT,https://egmontgroup.org/members-by-region/,
SA,Saudi Arabia,Saudi Central Bank,https://www.sama.gov.sa/en-us,central_banking;prudential_supervision,BIS,https://www.bis.org/cbanks.htm;https://www.bis.org/regauth.htm,
SN,Senegal,Autorité des Marchés Financiers de l’UMOA,http://www.crepmf.org/,securities,IOSCO,https://www.iosco.org/v2/about/?subsection=membership&memid=1&page=7,Regional authority listed for west african monetary union; applied to this member jurisdiction.
SN,Senegal,Central Bank of West African States (BCEAO),https://www.bceao.int/en,central_banking;prudential_supervision,BIS,https://www.bis.org/cbanks.htm;https://www.bis.org/regauth.htm,Regional authority listed for west african monetary union; applied to this member jurisdiction.
SN,Senegal,Conférence Interafricaine des Marchés d'Assurances (CIMA),http://cima-afrique.org/,insurance,IAIS,https://www.iais.org/about-the-iais/iais-members/,Regional authority listed for africa cima; applied to this member jurisdiction.
SN,Senegal,National Financial Intelligence Processing Unit (CENTIF),http://www.centif.sn/presentation_eng.php,financial_intelligence,EGMONT,https://egmontgroup.org/members-by-region/,
RS,Serbia,Administration for the Prevention of Money Laundering (APML),http://www.apml.gov.rs/eng/,financial_intelligence,EGMONT,https://egmontgroup.org/members-by-region/,
RS,Serbia,National Bank of Serbia,https://nbs.rs/en/indeks/index.html,central_banking;prudential_supervision;insurance;pensions,BIS;IAIS;IOPS,https://www.bis.org/cbanks.htm;https://www.bis.org/regauth.htm;https://www.iais.org/about-the-iais/iais-members/;https://www.iopsweb.org/en/membership/iops-members-and-observers.html,Official directory is challenge-protected; current governing-member entry captured through indexed official page evidence.
RS,Serbia,Securities Commission,http://www.sec.gov.rs/,securities,IOSCO,https://www.iosco.org/v2/about/?subsection=membership&memid=1&page=6,
SC,Seychelles,Central Bank of Seychelles,http://www.cbs.sc/,central_banking;prudential_supervision,BIS,https://www.bis.org/cbanks.htm;https://www.bis.org/regauth.htm,
SC,Seychelles,Financial Services Authority,http://www.fsaseychelles.sc/,insurance;pensions,IAIS;IOPS,https://www.iais.org/about-the-iais/iais-members/;https://www.iopsweb.org/en/membership/iops-members-and-observers.html,Official directory is challenge-protected; current governing-member entry captured through indexed official page evidence.
SC,Seychelles,Seychelles  Financial Intelligence Unit (Seychelles FIU),http://www.seychellesfiu.sc/,financial_intelligence,EGMONT,https://egmontgroup.org/members-by-region/,
SL,Sierra Leone,Bank of Sierra Leone,http://www.bsl.gov.sl/,central_banking;prudential_supervision,BIS,https://www.bis.org/cbanks.htm;https://www.bis.org/regauth.htm,
SL,Sierra Leone,Financial Intelligence Unit Sierra Leone (FIA),https://fiu.gov.sl/,financial_intelligence,EGMONT,https://egmontgroup.org/members-by-region/,
SG,Singapore,Central Provident Fund Board,https://www.cpf.gov.sg/,pensions,IOPS,https://www.iopsweb.org/en/membership/iops-members-and-observers.html,Official directory is challenge-protected; current governing-member entry captured through indexed official page evidence.
SG,Singapore,Monetary Authority of Singapore,http://www.mas.gov.sg/,central_banking;prudential_supervision;securities;insurance,BIS;IOSCO;IAIS,https://www.bis.org/cbanks.htm;https://www.bis.org/regauth.htm;https://www.iosco.org/v2/about/?subsection=membership&memid=1&page=6;https://www.iais.org/about-the-iais/iais-members/,
SG,Singapore,Suspicious Transaction Reporting Office (STRO),https://www.police.gov.sg/Who-We-Are/Organisation-Structure/Specialist-Staff-Departments,financial_intelligence,EGMONT,https://egmontgroup.org/members-by-region/,
SX,Sint Maarten,Centrale Bank van Curacao en sint Maarten,http://www.centralbank.cw/,insurance,IAIS,https://www.iais.org/about-the-iais/iais-members/,Regional authority listed for curacao and sint maarten; applied to this member jurisdiction.
SX,Sint Maarten,Reporting Center for Unusual Transactions (MOT Sint Maarten),http://www.fiu-sxm.net/,financial_intelligence,EGMONT,https://egmontgroup.org/members-by-region/,
SK,Slovakia,Financial Intelligence Unit of the National Criminal Agency (FSJ),http://www.minv.sk/?financna-policia,financial_intelligence,EGMONT,https://egmontgroup.org/members-by-region/,
SK,Slovakia,National Bank of Slovakia,http://www.nbs.sk/en/home,central_banking;prudential_supervision;securities;insurance;pensions,BIS;IOSCO;IAIS;IOPS,https://www.bis.org/cbanks.htm;https://www.bis.org/regauth.htm;https://www.iosco.org/v2/about/?subsection=membership&memid=1&page=6;https://www.iais.org/about-the-iais/iais-members/;https://www.iopsweb.org/en/membership/iops-members-and-observers.html,Official directory is challenge-protected; current governing-member entry captured through indexed official page evidence.
SI,Slovenia,Banka Slovenije,http://www.bsi.si/en/,central_banking;prudential_supervision,BIS,https://www.bis.org/cbanks.htm;https://www.bis.org/regauth.htm,
SI,Slovenia,Insurance Supervision Agency,https://www.a-zn.si/,insurance,IAIS,https://www.iais.org/about-the-iais/iais-members/,
SI,Slovenia,Office for Money Laundering Prevention (OMLP),http://www.uppd.gov.si/en/,financial_intelligence,EGMONT,https://egmontgroup.org/members-by-region/,
SI,Slovenia,Securities Market Agency/Agencija Za Trg Vrednostnih Papirjev,http://www.atvp.si/,securities,IOSCO,https://www.iosco.org/v2/about/?subsection=membership&memid=1&page=6,
SB,Solomon Islands,Central Bank of Solomon Islands,https://www.cbsi.com.sb/,central_banking;prudential_supervision;financial_intelligence,BIS;EGMONT,https://www.bis.org/cbanks.htm;https://www.bis.org/regauth.htm;https://egmontgroup.org/members-by-region/,
SO,Somalia,Central Bank of Somalia,https://centralbank.gov.so/,central_banking;prudential_supervision,OFFICIAL_NATIONAL,https://centralbank.gov.so/,
ZA,South Africa,Financial Intelligence Centre (FIC),https://www.fic.gov.za/,financial_intelligence,EGMONT,https://egmontgroup.org/members-by-region/,
ZA,South Africa,Financial Sector Conduct Authority,https://www.fsca.co.za/,securities;insurance;pensions,IOSCO;IAIS;IOPS,https://www.iosco.org/v2/about/?subsection=membership&memid=1&page=6;https://www.iais.org/about-the-iais/iais-members/;https://www.iopsweb.org/en/membership/iops-members-and-observers.html,Official directory is challenge-protected; current governing-member entry captured through indexed official page evidence.
ZA,South Africa,South African Reserve Bank,http://www.resbank.co.za/,central_banking;prudential_supervision;insurance,BIS;IAIS,https://www.bis.org/cbanks.htm;https://www.bis.org/regauth.htm;https://www.iais.org/about-the-iais/iais-members/,
KR,South Korea,Bank of Korea,https://www.bok.or.kr/eng/main/main.do,central_banking;prudential_supervision,BIS,https://www.bis.org/cbanks.htm;https://www.bis.org/regauth.htm,
KR,South Korea,Financial Services Commission/Financial Supervisory Service*,http://www.fsc.go.kr/eng,securities,IOSCO,https://www.iosco.org/v2/about/?subsection=membership&memid=1&page=4,
KR,South Korea,Financial Supervisory Service,http://english.fss.or.kr/,prudential_supervision;insurance,BIS;IAIS,https://www.bis.org/regauth.htm;https://www.iais.org/about-the-iais/iais-members/,
KR,South Korea,Financial Supervisory Service,https://www.fss.or.kr/,pensions,IOPS,https://www.iopsweb.org/en/membership/iops-members-and-observers.html,Official directory is challenge-protected; current governing-member entry captured through indexed official page evidence.
KR,South Korea,Korea  Financial Intelligence Unit (KoFIU),https://www.kofiu.go.kr/eng/main.do,financial_intelligence,EGMONT,https://egmontgroup.org/members-by-region/,
SS,South Sudan,Bank of South Sudan,https://boss.gov.ss/,central_banking;prudential_supervision,OFFICIAL_NATIONAL,https://boss.gov.ss/who-we-are/;https://boss.gov.ss/supervision-regulation/,
ES,Spain,Bank of Spain,http://www.bde.es/homee.htm,central_banking;prudential_supervision,BIS,https://www.bis.org/cbanks.htm;https://www.bis.org/regauth.htm,
ES,Spain,Comisión Nacional del Mercado de Valores*,http://www.cnmv.es/,securities,IOSCO,https://www.iosco.org/v2/about/?subsection=membership&memid=1&page=6,
ES,Spain,Dirección General de Seguros y Fondos de Pensiones,http://www.dgsfp.mineco.es/,insurance,IAIS,https://www.iais.org/about-the-iais/iais-members/,
ES,Spain,Directorate General for Insurance and Pension Funds,https://dgsfp.mineco.gob.es/,pensions,IOPS,https://www.iopsweb.org/en/membership/iops-members-and-observers.html,Official directory is challenge-protected; current governing-member entry captured through indexed official page evidence.
ES,Spain,Executive Service of the Commission for the Prevention of Money Laundering and Monetary Offences (SEPBLAC),http://www.sepblac.es/ingles/acerca_sepblac/acercade.htm,financial_intelligence,EGMONT,https://egmontgroup.org/members-by-region/,
LK,Sri Lanka,Central Bank of Sri Lanka,http://www.cbsl.gov.lk/,central_banking;prudential_supervision,BIS,https://www.bis.org/cbanks.htm;https://www.bis.org/regauth.htm,
LK,Sri Lanka,Financial Intelligence Unit of Sri Lanka (Sri Lanka FIU),http://fiusrilanka.gov.lk/,financial_intelligence,EGMONT,https://egmontgroup.org/members-by-region/,
LK,Sri Lanka,Insurance Regulatory Commission of Sri Lanka,http://www.ibsl.gov.lk/,insurance,IAIS,https://www.iais.org/about-the-iais/iais-members/,
LK,Sri Lanka,Securities and Exchange Commission of Sri Lanka,http://www.sec.gov.lk/,securities,IOSCO,https://www.iosco.org/v2/about/?subsection=membership&memid=1&page=6,
SD,Sudan,Bank of Sudan,http://www.cbos.gov.sd/en,central_banking;prudential_supervision,BIS,https://www.bis.org/cbanks.htm;https://www.bis.org/regauth.htm,
SD,Sudan,Financial Information Unit (FIUSU),http://www.fiu.gov.sd/,financial_intelligence,EGMONT,https://egmontgroup.org/members-by-region/,
SR,Suriname,Central Bank of Suriname,http://www.cbvs.sr/,central_banking;prudential_supervision;insurance;pensions,BIS;IAIS;IOPS,https://www.bis.org/cbanks.htm;https://www.bis.org/regauth.htm;https://www.iais.org/about-the-iais/iais-members/;https://www.iopsweb.org/en/membership/iops-members-and-observers.html,Official directory is challenge-protected; current governing-member entry captured through indexed official page evidence.
SR,Suriname,Financial Intelligence Unit Suriname (FIU-Suriname),https://www.fiusuriname.org/,financial_intelligence,EGMONT,https://egmontgroup.org/members-by-region/,
SE,Sweden,Finansinspektionen,http://www.fi.se/,prudential_supervision;securities;financial_intelligence,BIS;IOSCO;EGMONT,https://www.bis.org/regauth.htm;https://www.iosco.org/v2/about/?subsection=membership&memid=1&page=6;https://egmontgroup.org/members-by-region/,
SE,Sweden,Sveriges Riksbank,https://www.riksbank.se/en-gb/,central_banking;prudential_supervision,BIS,https://www.bis.org/cbanks.htm;https://www.bis.org/regauth.htm,
CH,Switzerland,Money Laundering Reporting Office Switzerland (MROS),https://www.fedpol.admin.ch/fedpol/en/home/kriminalitaet/geldwaescherei.html,financial_intelligence,EGMONT,https://egmontgroup.org/members-by-region/,
CH,Switzerland,Swiss Financial Market Supervisory Authority (FINMA),http://www.finma.ch/,prudential_supervision;securities;insurance,BIS;IOSCO;IAIS,https://www.bis.org/regauth.htm;https://www.iosco.org/v2/about/?subsection=membership&memid=1&page=6;https://www.iais.org/about-the-iais/iais-members/,
CH,Switzerland,Swiss National Bank,http://www.snb.ch/,central_banking;prudential_supervision,BIS,https://www.bis.org/cbanks.htm;https://www.bis.org/regauth.htm,
CH,Switzerland,Swiss Occupational Pension Supervisory Commission,https://www.oak-bv.admin.ch/,pensions,IOPS,https://www.iopsweb.org/en/membership/iops-members-and-observers.html,Official directory is challenge-protected; current governing-member entry captured through indexed official page evidence.
SY,Syria,Central Bank of Syria,https://cb.gov.sy/,central_banking;prudential_supervision,BIS,https://www.bis.org/cbanks.htm;https://www.bis.org/regauth.htm,
SY,Syria,Combating Money Laundering and Terrorism Financing Commission (CMLC),,financial_intelligence,EGMONT,https://egmontgroup.org/members-by-region/,
SY,Syria,Syrian Commission on Financial Markets and Securities,http://www.scfms.sy/,securities,IOSCO,https://www.iosco.org/v2/about/?subsection=membership&memid=1&page=6,
TW,Taiwan,Anti-Money Laundering Division (AMLD),http://www.mjib.gov.tw/en,financial_intelligence,EGMONT,https://egmontgroup.org/members-by-region/,
TW,Taiwan,Financial Supervisory Commission,http://www.fsc.gov.tw/,securities;insurance,IOSCO;IAIS,https://www.iosco.org/v2/about/?subsection=membership&memid=1&page=6;https://www.iais.org/about-the-iais/iais-members/,
TJ,Tajikistan,National Bank of the Republic of Tajikistan,https://nbt.tj/en/,central_banking;prudential_supervision;financial_intelligence,BIS;EGMONT,https://www.bis.org/cbanks.htm;https://www.bis.org/regauth.htm;https://egmontgroup.org/members-by-region/,
TZ,Tanzania,Bank of Tanzania,https://www.bot.go.tz/,central_banking;prudential_supervision,BIS,https://www.bis.org/cbanks.htm;https://www.bis.org/regauth.htm,
TZ,Tanzania,Capital Markets and Securities Authority,http://www.cmsa-tz.org/,securities,IOSCO,https://www.iosco.org/v2/about/?subsection=membership&memid=1&page=6,
TZ,Tanzania,Financial Intelligence Unit (FIU) - Tanzania,https://www.fiu.go.tz/,financial_intelligence,EGMONT,https://egmontgroup.org/members-by-region/,
TH,Thailand,Anti-Money Laundering Office Thailand (AMLO),https://www.amlo.go.th/index.php/en/,financial_intelligence,EGMONT,https://egmontgroup.org/members-by-region/,
TH,Thailand,Bank of Thailand,https://www.bot.or.th/english,central_banking;prudential_supervision,BIS,https://www.bis.org/cbanks.htm;https://www.bis.org/regauth.htm,
TH,Thailand,Office of Insurance Commission,http://www.oic.or.th/en,insurance,IAIS,https://www.iais.org/about-the-iais/iais-members/,
TH,Thailand,Securities and Exchange Commission*,http://www.sec.or.th/,securities;pensions,IOSCO;IOPS,https://www.iosco.org/v2/about/?subsection=membership&memid=1&page=6;https://www.iopsweb.org/en/membership/iops-members-and-observers.html,Official directory is challenge-protected; current governing-member entry captured through indexed official page evidence.
GM,The Gambia,Central Bank of The Gambia,http://www.cbg.gm/,central_banking;prudential_supervision,BIS,https://www.bis.org/cbanks.htm;https://www.bis.org/regauth.htm,
GM,The Gambia,Financial Intelligence Unit of The Gambia (FIA),https://fiu.gov.gm/,financial_intelligence,EGMONT,https://egmontgroup.org/members-by-region/,
TL,Timor-Leste,UIF Timore-Leste,,financial_intelligence,EGMONT,https://egmontgroup.org/members-by-region/,
TG,Togo,Autorité des Marchés Financiers de l’UMOA,http://www.crepmf.org/,securities,IOSCO,https://www.iosco.org/v2/about/?subsection=membership&memid=1&page=7,Regional authority listed for west african monetary union; applied to this member jurisdiction.
TG,Togo,Central Bank of West African States (BCEAO),https://www.bceao.int/en,central_banking;prudential_supervision,BIS,https://www.bis.org/cbanks.htm;https://www.bis.org/regauth.htm,Regional authority listed for west african monetary union; applied to this member jurisdiction.
TG,Togo,Conférence Interafricaine des Marchés d'Assurances (CIMA),http://cima-afrique.org/,insurance,IAIS,https://www.iais.org/about-the-iais/iais-members/,Regional authority listed for africa cima; applied to this member jurisdiction.
TG,Togo,Direction Nationale Des Assurances (DNA),https://service-public.gouv.tg/service_concerne/direction-nationale-des-assurances-dna/,insurance,IAIS,https://www.iais.org/about-the-iais/iais-members/,
TG,Togo,Togo Financial Intelligence Unit (CENTIF Togo),http://centif.tg/,financial_intelligence,EGMONT,https://egmontgroup.org/members-by-region/,
TO,Tonga,National Reserve Bank of Tonga,http://www.reservebank.to/,central_banking;prudential_supervision,BIS,https://www.bis.org/cbanks.htm;https://www.bis.org/regauth.htm,
TT,Trinidad and Tobago,Central Bank of Trinidad and Tobago,http://www.central-bank.org.tt/,central_banking;prudential_supervision;insurance;pensions,BIS;IAIS;IOPS,https://www.bis.org/cbanks.htm;https://www.bis.org/regauth.htm;https://www.iais.org/about-the-iais/iais-members/;https://www.iopsweb.org/en/membership/iops-members-and-observers.html,Official directory is challenge-protected; current governing-member entry captured through indexed official page evidence.
TT,Trinidad and Tobago,Financial Intelligence Unit of Trinidad and Tobago (FIUTT),http://www.fiu.gov.tt/,financial_intelligence,EGMONT,https://egmontgroup.org/members-by-region/,
TT,Trinidad and Tobago,Trinidad and Tobago Securities and Exchange Commission,http://www.ttsec.org.tt/,securities,IOSCO,https://www.iosco.org/v2/about/?subsection=membership&memid=1&page=6,
TN,Tunisia,Central Bank of Tunisia,https://www.bct.gov.tn/,central_banking;prudential_supervision,BIS,https://www.bis.org/cbanks.htm;https://www.bis.org/regauth.htm,
TN,Tunisia,Conseil du marché financier,http://www.cmf.tn/,securities,IOSCO,https://www.iosco.org/v2/about/?subsection=membership&memid=1&page=7,
TN,Tunisia,"Ministère des Finances, Comité Général des Assurances",https://www.cga.gov.tn/,insurance,IAIS,https://www.iais.org/about-the-iais/iais-members/,
TN,Tunisia,Tunisian Financial Analysis Committee (CTAF),http://www.ctaf.gov.tn/ctaf_f/eng/,financial_intelligence,EGMONT,https://egmontgroup.org/members-by-region/,
TR,Türkiye,Banking Regulation and Supervision Agency,http://www.bddk.org.tr/,prudential_supervision,BIS,https://www.bis.org/regauth.htm,
TR,Türkiye,Capital Markets Board*,http://www.cmb.gov.tr/,securities,IOSCO,https://www.iosco.org/v2/about/?subsection=membership&memid=1&page=7,
TR,Türkiye,Central Bank of the Republic of Türkiye,https://www.tcmb.gov.tr/,central_banking;prudential_supervision,BIS,https://www.bis.org/cbanks.htm;https://www.bis.org/regauth.htm,
TR,Türkiye,Financial Crimes Investigation Board (MASAK),http://www.masak.gov.tr/en/default,financial_intelligence,EGMONT,https://egmontgroup.org/members-by-region/,
TR,Türkiye,Turkish Insurance and Private Pension Regulation and Supervision Authority,http://www.seddk.gov.tr/,insurance;pensions,IAIS;IOPS,https://www.iais.org/about-the-iais/iais-members/;https://www.iopsweb.org/en/membership/iops-members-and-observers.html,Official directory is challenge-protected; current governing-member entry captured through indexed official page evidence.
TM,Turkmenistan,Central Bank of Turkmenistan,https://www.cbt.tm/en,central_banking;prudential_supervision,BIS,https://www.bis.org/cbanks.htm;https://www.bis.org/regauth.htm,
TM,Turkmenistan,Financial Monitoring Service (FMS),http://www.turkmenfmd.gov.tm/en,financial_intelligence,EGMONT,https://egmontgroup.org/members-by-region/,
TC,Turks and Caicos Islands,Financial Intelligence Agency of the Turks and Caicos Islands (FIA-TCI),http://www.tcipolice.tc/index.php/financial-intelligence-unit/200-fiu-overview,financial_intelligence,EGMONT,https://egmontgroup.org/members-by-region/,
TC,Turks and Caicos Islands,Financial Services Commission,http://www.tcifsc.tc/,prudential_supervision;securities,BIS;IOSCO,https://www.bis.org/regauth.htm;https://www.iosco.org/v2/about/?subsection=membership&memid=1&page=7,
TC,Turks and Caicos Islands,Financial Services Commission,,insurance,IAIS,https://www.iais.org/about-the-iais/iais-members/,
UG,Uganda,Bank of Uganda,http://www.bou.or.ug/,central_banking;prudential_supervision,BIS,https://www.bis.org/cbanks.htm;https://www.bis.org/regauth.htm,
UG,Uganda,Capital Markets Authority,http://www.cmauganda.co.ug/,securities,IOSCO,https://www.iosco.org/v2/about/?subsection=membership&memid=1&page=7,
UG,Uganda,Financial Intelligence Authority (FIA),https://www.fia.go.ug/,financial_intelligence,EGMONT,https://egmontgroup.org/members-by-region/,
UG,Uganda,Insurance Regulatory Authority of Uganda,https://www.ira.go.ug/,insurance,IAIS,https://www.iais.org/about-the-iais/iais-members/,
UG,Uganda,Uganda Retirement Benefits Regulatory Authority,https://urbra.go.ug/,pensions,IOPS,https://www.iopsweb.org/en/membership/iops-members-and-observers.html,Official directory is challenge-protected; current governing-member entry captured through indexed official page evidence.
UA,Ukraine,National Bank of Ukraine,https://bank.gov.ua/en/,central_banking;prudential_supervision;insurance,BIS;IAIS,https://www.bis.org/cbanks.htm;https://www.bis.org/regauth.htm;https://www.iais.org/about-the-iais/iais-members/,
UA,Ukraine,National Securities and Stock Market Commission,http://www.nssmc.gov.ua/,securities;pensions,IOSCO;IOPS,https://www.iosco.org/v2/about/?subsection=membership&memid=1&page=7;https://www.iopsweb.org/en/membership/iops-members-and-observers.html,Official directory is challenge-protected; current governing-member entry captured through indexed official page evidence.
UA,Ukraine,The State Financial Monitoring Service of Ukraine (SFMS),https://fiu.gov.ua/en/,financial_intelligence,EGMONT,https://egmontgroup.org/members-by-region/,
AE,United Arab Emirates,Capital Market Authority*,http://www.sca.ae/,securities,IOSCO,https://www.iosco.org/v2/about/?subsection=membership&memid=1&page=7,
AE,United Arab Emirates,Central Bank of the United Arab Emirates,https://www.centralbank.ae/en,central_banking;prudential_supervision,BIS,https://www.bis.org/cbanks.htm;https://www.bis.org/regauth.htm,
AE,United Arab Emirates,Central Bank of the United Arab Emirates (CBUAE),,insurance,IAIS,https://www.iais.org/about-the-iais/iais-members/,
AE,United Arab Emirates,Dubai Financial Services Authority,http://www.dfsa.ae/,prudential_supervision;securities;insurance,BIS;IOSCO;IAIS,https://www.bis.org/regauth.htm;https://www.iosco.org/v2/about/?subsection=membership&memid=1&page=2;https://www.iais.org/about-the-iais/iais-members/,
AE,United Arab Emirates,Financial Services Regulatory Authority,http://www.adgm.com/,securities;insurance,IOSCO;IAIS,https://www.iosco.org/v2/about/?subsection=membership&memid=1&page=1;https://www.iosco.org/v2/about/?subsection=membership&memid=1&page=8;https://www.iosco.org/v2/about/?subsection=membership&memid=1&page=9;https://www.iosco.org/v2/about/?subsection=membership&memid=1&page=10;https://www.iosco.org/v2/about/?subsection=membership&memid=1&page=11;https://www.iosco.org/v2/about/?subsection=membership&memid=1&page=12;https://www.iais.org/about-the-iais/iais-members/,
AE,United Arab Emirates,United Arab Emirates Financial Intelligence Unit (UAEFIU),https://www.uaefiu.gov.ae/en,financial_intelligence,EGMONT,https://egmontgroup.org/members-by-region/,
GB,United Kingdom,Bank of England,http://www.bankofengland.co.uk/,central_banking;prudential_supervision;insurance,BIS;IAIS,https://www.bis.org/cbanks.htm;https://www.bis.org/regauth.htm;https://www.iais.org/about-the-iais/iais-members/,
GB,United Kingdom,The Financial Conduct Authority,http://www.fca.org.uk/,prudential_supervision;securities;insurance,BIS;IOSCO;IAIS,https://www.bis.org/regauth.htm;https://www.iosco.org/v2/about/?subsection=membership&memid=1&page=7;https://www.iais.org/about-the-iais/iais-members/,
GB,United Kingdom,The Pensions Regulator,https://www.thepensionsregulator.gov.uk/,pensions,IOPS,https://www.iopsweb.org/en/membership/iops-members-and-observers.html,Official directory is challenge-protected; current governing-member entry captured through indexed official page evidence.
GB,United Kingdom,UK  Financial Intelligence Unit (UKFIU),http://www.nationalcrimeagency.gov.uk/,financial_intelligence,EGMONT,https://egmontgroup.org/members-by-region/,
US,United States,Board of Governors of the Federal Reserve System,http://www.federalreserve.gov/,central_banking;prudential_supervision;insurance,BIS;IAIS,https://www.bis.org/cbanks.htm;https://www.bis.org/regauth.htm;https://www.iais.org/about-the-iais/iais-members/,
US,United States,Commodity Futures Trading Commission*,http://www.cftc.gov/,securities,IOSCO,https://www.iosco.org/v2/about/?subsection=membership&memid=1&page=7,
US,United States,Department of Labor,https://www.dol.gov/,pensions,IOPS,https://www.iopsweb.org/en/membership/iops-members-and-observers.html,Official directory is challenge-protected; current governing-member entry captured through indexed official page evidence.
US,United States,Federal Deposit Insurance Corporation DC,http://www.fdic.gov/,prudential_supervision,BIS,https://www.bis.org/regauth.htm,
US,United States,Federal Insurance Office of the United States Department of Treasury (FIO),https://home.treasury.gov/,insurance,IAIS,https://www.iais.org/about-the-iais/iais-members/,
US,United States,Federal Reserve Bank of Atlanta,http://www.frbatlanta.org/,central_banking,BIS,https://www.bis.org/cbanks.htm,
US,United States,Federal Reserve Bank of Boston,https://www.bostonfed.org/,central_banking,BIS,https://www.bis.org/cbanks.htm,
US,United States,Federal Reserve Bank of Chicago,http://www.chicagofed.org/,central_banking,BIS,https://www.bis.org/cbanks.htm,
US,United States,Federal Reserve Bank of Cleveland,http://www.clevelandfed.org/,central_banking,BIS,https://www.bis.org/cbanks.htm,
US,United States,Federal Reserve Bank of Dallas,http://www.dallasfed.org/,central_banking,BIS,https://www.bis.org/cbanks.htm,
US,United States,Federal Reserve Bank of Kansas City,http://www.kansascityfed.org/,central_banking,BIS,https://www.bis.org/cbanks.htm,
US,United States,Federal Reserve Bank of Minneapolis,http://www.minneapolisfed.org/,central_banking,BIS,https://www.bis.org/cbanks.htm,
US,United States,Federal Reserve Bank of New York,http://www.newyorkfed.org/,central_banking,BIS,https://www.bis.org/cbanks.htm,
US,United States,Federal Reserve Bank of Philadelphia,http://www.philadelphiafed.org/,central_banking,BIS,https://www.bis.org/cbanks.htm,
US,United States,Federal Reserve Bank of Richmond,http://richmondfed.org/,central_banking,BIS,https://www.bis.org/cbanks.htm,
US,United States,Federal Reserve Bank of San Francisco,http://www.frbsf.org/,central_banking,BIS,https://www.bis.org/cbanks.htm,
US,United States,Federal Reserve Bank of St Louis,http://www.stlouisfed.org/,central_banking,BIS,https://www.bis.org/cbanks.htm,
US,United States,Financial Crimes Enforcement Network (FinCEN),https://www.fincen.gov/,financial_intelligence,EGMONT,https://egmontgroup.org/members-by-region/,
US,United States,National Association of Insurance Commissioners (NAIC),https://www.naic.org/,insurance,IAIS,https://www.iais.org/about-the-iais/iais-members/,
US,United States,New York State Department of Financial Services,http://www.dfs.ny.gov/,prudential_supervision,BIS,https://www.bis.org/regauth.htm,
US,United States,Office of the Comptroller of the Currency,http://www.occ.treas.gov/,prudential_supervision,BIS,https://www.bis.org/regauth.htm,
US,United States,Securities and Exchange Commission*,http://www.sec.gov/,securities,IOSCO,https://www.iosco.org/v2/about/?subsection=membership&memid=1&page=7,
UY,Uruguay,Central Bank of Uruguay,https://www.bcu.gub.uy/ingles,central_banking;prudential_supervision;securities;insurance;financial_intelligence,BIS;IOSCO;IAIS;EGMONT,https://www.bis.org/cbanks.htm;https://www.bis.org/regauth.htm;https://www.iosco.org/v2/about/?subsection=membership&memid=1&page=7;https://www.iais.org/about-the-iais/iais-members/;https://egmontgroup.org/members-by-region/,
UZ,Uzbekistan,Central Bank of the Republic of Uzbekistan,https://cbu.uz/en/,central_banking;prudential_supervision,BIS,https://www.bis.org/cbanks.htm;https://www.bis.org/regauth.htm,
UZ,Uzbekistan,Department on Struggle Against Tax Currency Crimes and Legalization of Criminal Incomes at the GPO (FIU-Uzbekistan),http://prokuratura.uz/ru/#/,financial_intelligence,EGMONT,https://egmontgroup.org/members-by-region/,
UZ,Uzbekistan,National Agency of Perspective Projects of the Republic of Uzbekistan,https://www.napp.uz/,securities;insurance,IOSCO;IAIS,https://www.iosco.org/v2/about/?subsection=membership&memid=1&page=7;https://www.iais.org/about-the-iais/iais-members/,
VU,Vanuatu,Reserve Bank of Vanuatu,http://www.rbv.gov.vu/,central_banking;prudential_supervision;insurance,BIS;IAIS,https://www.bis.org/cbanks.htm;https://www.bis.org/regauth.htm;https://www.iais.org/about-the-iais/iais-members/,
VU,Vanuatu,Vanuatu  Financial Intelligence Unit (FIU-Vanuatu),http://fiu.gov.vu/,financial_intelligence,EGMONT,https://egmontgroup.org/members-by-region/,
VU,Vanuatu,Vanuatu Financial Services Commission,http://www.vfsc.vu/,prudential_supervision,BIS,https://www.bis.org/regauth.htm,
VA,Vatican City,Financial Information Authority (AIF),https://www.aif.va/ENG/Home.aspx,financial_intelligence,EGMONT,https://egmontgroup.org/members-by-region/,
VE,Venezuela,Central Bank of Venezuela,http://www.bcv.org.ve/,central_banking,BIS,https://www.bis.org/cbanks.htm,
VE,Venezuela,Superintendencia de Bancos y Otras Instituciones Financieras,http://www.sudeban.gob.ve/,prudential_supervision;financial_intelligence,BIS;EGMONT,https://www.bis.org/regauth.htm;https://egmontgroup.org/members-by-region/,
VN,Vietnam,"Ministry of Finance, Insurance Department",http://www.mof.gov.vn/,insurance,IAIS,https://www.iais.org/about-the-iais/iais-members/,
VN,Vietnam,State Bank of Vietnam,https://www.sbv.gov.vn/webcenter/portal/en,central_banking;prudential_supervision,BIS,https://www.bis.org/cbanks.htm;https://www.bis.org/regauth.htm,
VN,Vietnam,State Securities Commission,,securities,IOSCO,https://www.iosco.org/v2/about/?subsection=membership&memid=1&page=7,
YE,Yemen,Central Bank of Yemen,https://cby-ye.com/,central_banking,BIS,https://www.bis.org/cbanks.htm,
ZM,Zambia,Bank of Zambia,https://www.boz.zm/,central_banking;prudential_supervision,BIS,https://www.bis.org/cbanks.htm;https://www.bis.org/regauth.htm,
ZM,Zambia,Financial Intelligence Centre (FIC),https://www.fic.gov.zm/,financial_intelligence,EGMONT,https://egmontgroup.org/members-by-region/,
ZM,Zambia,Pension and Insurance Authority,https://www.pia.org.zm/,pensions,IOPS,https://www.iopsweb.org/en/membership/iops-members-and-observers.html,Official directory is challenge-protected; current governing-member entry captured through indexed official page evidence.
ZM,Zambia,Pensions and Insurance Authority,,insurance,IAIS,https://www.iais.org/about-the-iais/iais-members/,
ZM,Zambia,Securities and Exchange Commission,http://www.seczambia.org.zm/,securities,IOSCO,https://www.iosco.org/v2/about/?subsection=membership&memid=1&page=7,
ZW,Zimbabwe,Insurance and Pensions Commission (IPEC),https://ipec.co.zw/,insurance;pensions,IAIS;IOPS,https://www.iais.org/about-the-iais/iais-members/;https://www.iopsweb.org/en/membership/iops-members-and-observers.html,Official directory is challenge-protected; current governing-member entry captured through indexed official page evidence.
ZW,Zimbabwe,Reserve Bank of Zimbabwe,http://www.rbz.co.zw/,central_banking;prudential_supervision;financial_intelligence,BIS;EGMONT,https://www.bis.org/cbanks.htm;https://www.bis.org/regauth.htm;https://egmontgroup.org/members-by-region/,
VI,US Virgin Islands,"Office of the Lieutenant Governor — Division of Banking, Insurance and Financial Regulation",https://ltg.gov.vi/departments/banking-insurance-and-financial-regulation/,prudential_supervision;securities;insurance,OFFICIAL_NATIONAL,https://ltg.gov.vi/departments/banking-insurance-and-financial-regulation/,"Official USVI authority page identifies the local Division as responsible for banking, financial services, securities and insurance regulation.;Applicable United States federal parent authorities remain represented under parent jurisdiction US; they are not counted as local VI authorities.;Orders and bulletins are visible from the authority-owned page, but the snapshot does not infer a cadence, enforcement volume or score from undated material."
