authority_id,publication_route_id,iso2,country,authority,roles,authority_website,evidence_url,observed_final_url,source_host_scope,publication_route_type,access_state,archive_access_state,publication_relevance,scope_evidence_state,qualification_state,source_route_state,language_hints,language_evidence_state,observed_months_2024_2026,latest_observed_month,provisional_cadence_signal,cadence_contract_recommendation,archive_boundary,source_checked_at,snapshot_generated_at,evidence_notes
ra-auth-af-3b057d88ac4bc7e0,ra-route-43e5382d8802c848955e,AF,Afghanistan,Bank of Afghanistan,central_banking,https://www.dab.gov.af/,https://www.dab.gov.af/sites/default/files/2025-10/Vol-218%20Finel.pdf,https://www.dab.gov.af/sites/default/files/2025-10/Vol-218%20Finel.pdf,authority-owned,detail_document,reachable,first-page-observed-no-date,generic-or-ambiguous-link,manual-scope-review,manual-review-required,candidate-needs-validation,,not-determined,,,no-dated-first-page-signal,manual-review,first-page-only-unvalidated,2026-08-20T12:11:07.553Z,2026-08-20T12:11:07.553Z,"Approved from the official-source snapshot only; no scraper promotion is implied. | First-page observation only; pagination, archive depth and field completeness remain to be human-qualified. | No dated first-page signal is not evidence of no publication activity."
ra-auth-al-50266ecb385a59d9,ra-route-390bbeb79c0d0949ec9e,AL,Albania,Albanian Financial Intelligence Agency (FIA),financial_intelligence,http://www.fiu.gov.al/en/,https://fiu.gov.al/wp-content/uploads/2026/05/20260508-FULL.pdf,https://fiu.gov.al/wp-content/uploads/2026/05/20260508-FULL.pdf,authority-owned,sanctions_or_penalty_list,reachable,first-page-observed-no-date,strong-official-publication-candidate,direct-http-scope-observed,approved-for-human-contract,authority-owned,en;fr,explicit-url-or-label-hint,,,no-dated-first-page-signal,manual-review,first-page-only-unvalidated,2026-08-20T12:11:07.553Z,2026-08-20T12:11:07.553Z,"Approved from the official-source snapshot only; no scraper promotion is implied. | First-page observation only; pagination, archive depth and field completeness remain to be human-qualified. | No dated first-page signal is not evidence of no publication activity."
ra-auth-al-9458202f9c2cf86f,ra-route-0a4de6abc9d2307a51a8,AL,Albania,Albanian Financial Supervisory Authority,securities;insurance;pensions,http://www.amf.gov.al/,https://amf.gov.al/,https://amf.gov.al/,not-observable,not-observable,challenge-protected,not-observable,not-observable,browser-clearance-required,browser-review-required,obstructed,,not-determined,,,not-observable,browser-review,not-observable,2026-08-20T12:11:07.553Z,2026-08-20T12:11:07.553Z,Approved from the official-source snapshot only; no scraper promotion is implied. | Direct observation was not available; preserve the transport/browser state and do not infer publication absence. | No dated first-page signal is not evidence of no publication activity.
ra-auth-al-2f84775459bda608,ra-route-1c29f763cf4353bac72a,AL,Albania,Bank of Albania,central_banking;prudential_supervision,https://www.bankofalbania.org/home/,https://youtu.be/jytYfn8tgOM,https://www.youtube.com/watch?v=jytYfn8tgOM&feature=youtu.be,external-unqualified,decision_register,reachable,first-page-observed-no-date,generic-or-ambiguous-link,manual-scope-review,manual-review-required,candidate-needs-validation,en,explicit-url-or-label-hint,,,no-dated-first-page-signal,manual-review,first-page-only-unvalidated,2026-08-20T12:11:07.553Z,2026-08-20T12:11:07.553Z,"Approved from the official-source snapshot only; no scraper promotion is implied. | First-page observation only; pagination, archive depth and field completeness remain to be human-qualified. | No dated first-page signal is not evidence of no publication activity."
ra-auth-dz-d70988675eba9ba0,ra-route-53fd2463162a409eefa4,DZ,Algeria,Commission d'Organisation et de Surveillance des Opérations de Bourse,securities,http://www.cosob.org/,https://cosob.dz/decisions-et-visas/,https://cosob.dz/decisions-et-visas/,external-unqualified,decision_register,reachable,dated-first-page-signal,generic-or-ambiguous-link,manual-scope-review,manual-review-required,candidate-needs-validation,en;fr,explicit-url-or-label-hint,2024-03;2024-04,2024-04,no-dated-first-page-signal,manual-review,first-page-only-unvalidated,2026-08-20T12:11:07.553Z,2026-08-20T12:11:07.553Z,"Approved from the official-source snapshot only; no scraper promotion is implied. | First-page observation only; pagination, archive depth and field completeness remain to be human-qualified. | No dated first-page signal is not evidence of no publication activity."
ra-auth-as-ec3abe995dd5f5e2,ra-route-d1fc66266241417e24f4,AS,American Samoa,Office of the Insurance Commissioner,insurance,https://www.americansamoa.gov/insurance,https://www.americansamoa.gov/notices,https://www.americansamoa.gov/notices,not-observable,not-observable,challenge-protected,not-observable,not-observable,browser-clearance-required,browser-review-required,obstructed,en,explicit-url-or-label-hint,,,not-observable,browser-review,not-observable,2026-08-20T12:11:07.553Z,2026-08-20T12:11:07.553Z,Approved from the official-source snapshot only; no scraper promotion is implied. | Direct observation was not available; preserve the transport/browser state and do not infer publication absence. | No dated first-page signal is not evidence of no publication activity.
ra-auth-ao-83413875f95a1791,ra-route-b93a683b790109bd2909,AO,Angola,Agência Angolana de Regulação e Supervisão de Seguros (ARSEG),insurance;pensions,https://www.arseg.ao/,https://www.arseg.ao/,https://www.arseg.ao/,authority-owned,sanctions_or_penalty_list,reachable,first-page-observed-no-date,strong-official-publication-candidate,direct-http-scope-observed,approved-for-human-contract,authority-owned,,not-determined,,,no-dated-first-page-signal,manual-review,first-page-only-unvalidated,2026-08-20T12:11:07.553Z,2026-08-20T12:11:07.553Z,"Approved from the official-source snapshot only; no scraper promotion is implied. | First-page observation only; pagination, archive depth and field completeness remain to be human-qualified. | No dated first-page signal is not evidence of no publication activity."
ra-auth-ao-8dbeceb628bbca2a,ra-route-a28f4fa8adcb72d03170,AO,Angola,Comissão do Mercado de Capitais,securities,http://www.cmc.ao/,https://www.cmc.ao/pt-pt/AML/CFT,https://www.cmc.ao/pt-pt/AML/CFT,not-observable,not-observable,challenge-protected,not-observable,not-observable,browser-clearance-required,browser-review-required,obstructed,pt,explicit-url-or-label-hint,,,not-observable,browser-review,not-observable,2026-08-20T12:11:07.553Z,2026-08-20T12:11:07.553Z,Approved from the official-source snapshot only; no scraper promotion is implied. | Direct observation was not available; preserve the transport/browser state and do not infer publication absence. | No dated first-page signal is not evidence of no publication activity.
ra-auth-ao-25d3c7b273ab72d7,ra-route-2ab0ae26c947ed9248cb,AO,Angola,Unidade de Informação Financeira (UIF-Angola),financial_intelligence,http://www.uif.ao/,http://www.uif.ao/listas-de-sancoes.aspx,http://www.uif.ao/listas-de-sancoes,authority-owned,enforcement_archive,reachable,dated-first-page-signal,strong-official-publication-candidate,direct-http-scope-observed,approved-for-human-contract,authority-owned,pt,explicit-url-or-label-hint,2026-02;2026-03,2026-03,low-frequency-first-page-signal,semiannual,first-page-only-unvalidated,2026-08-20T12:11:07.553Z,2026-08-20T12:11:07.553Z,"Approved from the official-source snapshot only; no scraper promotion is implied. | First-page observation only; pagination, archive depth and field completeness remain to be human-qualified. | Cadence is provisional and must be replaced by a regulator-specific contract after archive review."
ra-auth-ai-c575c4d8ea309feb,ra-route-f202085f0758b84d1697,AI,Anguilla,Financial Services Commission,prudential_supervision;financial_intelligence,http://www.fsc.org.ai/,http://www.fsc.org.ai/enforcementaction.php,http://www.fsc.org.ai/enforcementaction.php,authority-owned,enforcement_archive,reachable,first-page-observed-no-date,strong-official-publication-candidate,direct-http-scope-observed,approved-for-human-contract,authority-owned,en,explicit-url-or-label-hint,,,no-dated-first-page-signal,manual-review,first-page-only-unvalidated,2026-08-20T12:11:07.553Z,2026-08-20T12:11:07.553Z,"Approved from the official-source snapshot only; no scraper promotion is implied. | First-page observation only; pagination, archive depth and field completeness remain to be human-qualified. | No dated first-page signal is not evidence of no publication activity."
ra-auth-ag-e132fcf4060e981d,ra-route-3a68d91789ae3d5b66b0,AG,Antigua and Barbuda,Office of National Drug and Money Laundering Control Policy (ONDCP),financial_intelligence,http://ondcp.gov.ag/,https://ondcp.gov.ag/,https://ondcp.gov.ag/,authority-owned,enforcement_archive,reachable,dated-first-page-signal,strong-official-publication-candidate,direct-http-scope-observed,approved-for-human-contract,authority-owned,en,explicit-url-or-label-hint,2024-10;2025-03;2025-06;2025-07;2025-08;2025-10;2025-12;2026-02;2026-06,2026-06,active-first-page-signal,monthly,first-page-only-unvalidated,2026-08-20T12:11:07.553Z,2026-08-20T12:11:07.553Z,"Approved from the official-source snapshot only; no scraper promotion is implied. | First-page observation only; pagination, archive depth and field completeness remain to be human-qualified. | Cadence is provisional and must be replaced by a regulator-specific contract after archive review."
ra-auth-ar-db81036327862a78,ra-route-f61b52fdd56e2b445620,AR,Argentina,Superintendencia de Seguros de la Nacion Argentina,insurance;financial_intelligence,https://www.argentina.gob.ar/superintendencia-de-seguros,https://www.argentina.gob.ar/noticias/seguros-y-salud-la-ssn-presento-los-alcances-de-la-resolucion-2582026-en-la-fundacion,https://www.argentina.gob.ar/noticias/seguros-y-salud-la-ssn-presento-los-alcances-de-la-resolucion-2582026-en-la-fundacion,not-observable,not-observable,challenge-protected,not-observable,not-observable,browser-clearance-required,browser-review-required,obstructed,,not-determined,2026-07;2026-08,2026-08,not-observable,browser-review,not-observable,2026-08-20T12:11:07.553Z,2026-08-20T12:11:07.553Z,Approved from the official-source snapshot only; no scraper promotion is implied. | Direct observation was not available; preserve the transport/browser state and do not infer publication absence. | No dated first-page signal is not evidence of no publication activity.
ra-auth-am-ee9b41f358886a27,ra-route-56909debc56c68a25038,AM,Armenia,Central Bank of Armenia,central_banking;prudential_supervision;securities;insurance;pensions;financial_intelligence,http://www.cba.am/,https://www.cba.am/hy/Board-decisions/,https://www.cba.am/hy/Board-decisions/,authority-owned,decision_register,reachable,first-page-observed-no-date,generic-or-ambiguous-link,manual-scope-review,manual-review-required,candidate-needs-validation,en,explicit-url-or-label-hint,,,no-dated-first-page-signal,manual-review,first-page-only-unvalidated,2026-08-20T12:11:07.553Z,2026-08-20T12:11:07.553Z,"Approved from the official-source snapshot only; no scraper promotion is implied. | First-page observation only; pagination, archive depth and field completeness remain to be human-qualified. | No dated first-page signal is not evidence of no publication activity."
ra-auth-aw-523d6d5d6fe6a380,ra-route-7607917983bbb46a20a6,AW,Aruba,Central Bank of Aruba,central_banking;prudential_supervision;insurance,http://www.cbaruba.org/,https://www.cbaruba.org/financial-sanctions-regulations/,https://www.cbaruba.org/financial-sanctions-regulations/,authority-owned,sanctions_or_penalty_list,reachable,first-page-observed-no-date,strong-official-publication-candidate,direct-http-scope-observed,approved-for-human-contract,authority-owned,en;fr,explicit-url-or-label-hint,,,no-dated-first-page-signal,manual-review,first-page-only-unvalidated,2026-08-20T12:11:07.553Z,2026-08-20T12:11:07.553Z,"Approved from the official-source snapshot only; no scraper promotion is implied. | First-page observation only; pagination, archive depth and field completeness remain to be human-qualified. | No dated first-page signal is not evidence of no publication activity."
ra-auth-aw-03fab1dd65cd303f,ra-route-af6bede163d7ba906a38,AW,Aruba,Financial Intelligence Unit of Aruba (FIU-Aruba),financial_intelligence,https://www.fiu-aruba.com/,https://www.fiu-aruba.com/legislation/sanctions-regime/,https://www.fiu-aruba.com/legislation/sanctions-regime/,authority-owned,sanctions_or_penalty_list,reachable,first-page-observed-no-date,strong-official-publication-candidate,direct-http-scope-observed,approved-for-human-contract,authority-owned,en;fr,explicit-url-or-label-hint,,,no-dated-first-page-signal,manual-review,first-page-only-unvalidated,2026-08-20T12:11:07.553Z,2026-08-20T12:11:07.553Z,"Approved from the official-source snapshot only; no scraper promotion is implied. | First-page observation only; pagination, archive depth and field completeness remain to be human-qualified. | No dated first-page signal is not evidence of no publication activity."
ra-auth-au-8c5fa521886eda3a,ra-route-810dea0940aa5c8a6067,AU,Australia,Australian Prudential Regulation Authority,prudential_supervision;insurance;pensions,http://www.apra.gov.au/,https://www.apra.gov.au/about-us/our-functions/enforcement,https://www.apra.gov.au/about-us/our-functions/enforcement,authority-owned,enforcement_archive,reachable,dated-first-page-signal,strong-official-publication-candidate,direct-http-scope-observed,approved-for-human-contract,authority-owned,en,explicit-url-or-label-hint,2024-01;2024-03;2024-06;2024-07;2024-12;2025-03,2025-03,low-frequency-first-page-signal,semiannual,first-page-only-unvalidated,2026-08-20T12:11:07.553Z,2026-08-20T12:11:07.553Z,"Approved from the official-source snapshot only; no scraper promotion is implied. | First-page observation only; pagination, archive depth and field completeness remain to be human-qualified. | Cadence is provisional and must be replaced by a regulator-specific contract after archive review."
ra-auth-au-a21743bb62e54f40,ra-route-d0ebb809d792415fb43d,AU,Australia,Australian Securities and Investments Commission*,securities;insurance,http://www.asic.gov.au/,https://www.asic.gov.au/,https://www.asic.gov.au/,authority-owned,enforcement_archive,reachable,first-page-observed-no-date,strong-official-publication-candidate,direct-http-scope-observed,approved-for-human-contract,authority-owned,en,explicit-url-or-label-hint,,,no-dated-first-page-signal,manual-review,first-page-only-unvalidated,2026-08-20T12:11:07.553Z,2026-08-20T12:11:07.553Z,"Approved from the official-source snapshot only; no scraper promotion is implied. | First-page observation only; pagination, archive depth and field completeness remain to be human-qualified. | No dated first-page signal is not evidence of no publication activity."
ra-auth-au-0a938215a7c0f6b7,ra-route-2bb4060285257b3fb691,AU,Australia,Reserve Bank of Australia,central_banking;prudential_supervision,http://www.rba.gov.au/,https://www.rba.gov.au/copyright/,https://www.rba.gov.au/copyright/,authority-owned,news_or_notice,reachable,first-page-observed-no-date,generic-or-ambiguous-link,manual-scope-review,manual-review-required,candidate-needs-validation,en,explicit-url-or-label-hint,,,no-dated-first-page-signal,manual-review,first-page-only-unvalidated,2026-08-20T12:11:07.553Z,2026-08-20T12:11:07.553Z,"Approved from the official-source snapshot only; no scraper promotion is implied. | First-page observation only; pagination, archive depth and field completeness remain to be human-qualified. | No dated first-page signal is not evidence of no publication activity."
ra-auth-at-03ae8943673ec82c,ra-route-035df8c3deec6ff55e18,AT,Austria,Central Bank of the Republic of Austria,central_banking;prudential_supervision,https://www.oenb.at/en/,https://www.oenb.at/en/Services/copyright-notice-and-disclaimer.html,https://www.oenb.at/en/Services/copyright-notice-and-disclaimer.html,authority-owned,news_or_notice,reachable,first-page-observed-no-date,generic-or-ambiguous-link,manual-scope-review,manual-review-required,candidate-needs-validation,en,explicit-url-or-label-hint,,,no-dated-first-page-signal,manual-review,first-page-only-unvalidated,2026-08-20T12:11:07.553Z,2026-08-20T12:11:07.553Z,"Approved from the official-source snapshot only; no scraper promotion is implied. | First-page observation only; pagination, archive depth and field completeness remain to be human-qualified. | No dated first-page signal is not evidence of no publication activity."
ra-auth-az-f996fbdea48a2c96,ra-route-6a6887d4deee6b4ee396,AZ,Azerbaijan,Central Bank of the Republic of Azerbaijan,central_banking;prudential_supervision;insurance,https://www.cbar.az/home?language=en,https://www.cbar.az/press-releases/2,https://www.cbar.az/press-releases/2,authority-owned,news_or_notice,reachable,first-page-observed-no-date,generic-or-ambiguous-link,manual-scope-review,manual-review-required,candidate-needs-validation,en,explicit-url-or-label-hint,,,no-dated-first-page-signal,manual-review,first-page-only-unvalidated,2026-08-20T12:11:07.553Z,2026-08-20T12:11:07.553Z,"Approved from the official-source snapshot only; no scraper promotion is implied. | First-page observation only; pagination, archive depth and field completeness remain to be human-qualified. | No dated first-page signal is not evidence of no publication activity."
ra-auth-bs-af3003e41efcd830,ra-route-e2cc29c3859ccd6fff55,BS,Bahamas,Central Bank of The Bahamas,central_banking;prudential_supervision,http://www.centralbankbahamas.com/,https://www.centralbankbahamas.com/bank-supervision/us-ofac-sanctions,https://www.centralbankbahamas.com/bank-supervision/us-ofac-sanctions,authority-owned,sanctions_or_penalty_list,reachable,first-page-observed-no-date,strong-official-publication-candidate,direct-http-scope-observed,approved-for-human-contract,authority-owned,en;fr,explicit-url-or-label-hint,,,no-dated-first-page-signal,manual-review,first-page-only-unvalidated,2026-08-20T12:11:07.553Z,2026-08-20T12:11:07.553Z,"Approved from the official-source snapshot only; no scraper promotion is implied. | First-page observation only; pagination, archive depth and field completeness remain to be human-qualified. | No dated first-page signal is not evidence of no publication activity."
ra-auth-bs-65a1151766296215,ra-route-5073b0fef243aa311e5c,BS,Bahamas,Financial Intelligence Unit Bahamas (FIU-Bahamas),financial_intelligence,https://www.fiubahamas.org.bs/,https://www.fiubahamas.org.bs/category/notices/,https://www.fiubahamas.org.bs/category/notices/,authority-owned,news_or_notice,reachable,dated-first-page-signal,generic-or-ambiguous-link,manual-scope-review,manual-review-required,candidate-needs-validation,en,explicit-url-or-label-hint,2024-10;2025-03;2025-06;2025-10;2025-12,2025-12,periodic-first-page-signal,quarterly,first-page-only-unvalidated,2026-08-20T12:11:07.553Z,2026-08-20T12:11:07.553Z,"Approved from the official-source snapshot only; no scraper promotion is implied. | First-page observation only; pagination, archive depth and field completeness remain to be human-qualified. | Cadence is provisional and must be replaced by a regulator-specific contract after archive review."
ra-auth-bs-fb816a9c87477812,ra-route-252561e83e1106e4dea2,BS,Bahamas,Securities Commission of The Bahamas*,securities,http://www.scb.gov.bs/,https://scb.gov.bs/enforcement/judgements/,https://scb.gov.bs/enforcement/judgements/,authority-owned,enforcement_archive,reachable,dated-first-page-signal,strong-official-publication-candidate,direct-http-scope-observed,approved-for-human-contract,authority-owned,en,explicit-url-or-label-hint,2025-11;2026-08,2026-08,low-frequency-first-page-signal,semiannual,first-page-only-unvalidated,2026-08-20T12:11:07.553Z,2026-08-20T12:11:07.553Z,"Approved from the official-source snapshot only; no scraper promotion is implied. | First-page observation only; pagination, archive depth and field completeness remain to be human-qualified. | Cadence is provisional and must be replaced by a regulator-specific contract after archive review."
ra-auth-bs-52705fe1265a6002,ra-route-7475657e56a4ff678da5,BS,Bahamas,The Insurance Commission of The Bahamas,insurance;pensions,http://www.icb.gov.bs/,https://www.icb.gov.bs/enforcement/,https://www.icb.gov.bs/enforcement/,authority-owned,enforcement_archive,reachable,first-page-observed-no-date,strong-official-publication-candidate,direct-http-scope-observed,approved-for-human-contract,authority-owned,en,explicit-url-or-label-hint,,,no-dated-first-page-signal,manual-review,first-page-only-unvalidated,2026-08-20T12:11:07.553Z,2026-08-20T12:11:07.553Z,"Approved from the official-source snapshot only; no scraper promotion is implied. | First-page observation only; pagination, archive depth and field completeness remain to be human-qualified. | No dated first-page signal is not evidence of no publication activity."
ra-auth-bd-313564960f66b110,ra-route-0d1a6b821b553afbeb26,BD,Bangladesh,Bangladesh Bank,central_banking;prudential_supervision;financial_intelligence,https://www.bb.org.bd/,https://www.bb.org.bd/mediaroom/notice/notice_342.pdf,https://www.bb.org.bd/mediaroom/notice/notice_342.pdf,authority-owned,detail_document,reachable,first-page-observed-no-date,generic-or-ambiguous-link,manual-scope-review,manual-review-required,candidate-needs-validation,en,explicit-url-or-label-hint,,,no-dated-first-page-signal,manual-review,first-page-only-unvalidated,2026-08-20T12:11:07.553Z,2026-08-20T12:11:07.553Z,"Approved from the official-source snapshot only; no scraper promotion is implied. | First-page observation only; pagination, archive depth and field completeness remain to be human-qualified. | No dated first-page signal is not evidence of no publication activity."
ra-auth-bd-e1c71a674ceeb443,ra-route-8b9b0f59b219543aef4f,BD,Bangladesh,Bangladesh Securities and Exchange Commission,securities,http://www.sec.gov.bd/,https://sec.gov.bd/home/enforcement,https://sec.gov.bd/home/enforcement,authority-owned,enforcement_archive,reachable,first-page-observed-no-date,strong-official-publication-candidate,direct-http-scope-observed,approved-for-human-contract,authority-owned,en,explicit-url-or-label-hint,,,no-dated-first-page-signal,manual-review,first-page-only-unvalidated,2026-08-20T12:11:07.553Z,2026-08-20T12:11:07.553Z,"Approved from the official-source snapshot only; no scraper promotion is implied. | First-page observation only; pagination, archive depth and field completeness remain to be human-qualified. | No dated first-page signal is not evidence of no publication activity."
ra-auth-bb-8fcfcacc46305dc1,ra-route-2fc55b409b038928f4c2,BB,Barbados,Central Bank of Barbados,central_banking;prudential_supervision,http://www.centralbank.org.bb/,https://www.centralbank.org.bb/financial-stability-and-financial-regulation/united-nations-security-council-sanctions,https://www.centralbank.org.bb/financial-stability-and-financial-regulation/united-nations-security-council-sanctions,authority-owned,sanctions_or_penalty_list,reachable,first-page-observed-no-date,strong-official-publication-candidate,direct-http-scope-observed,approved-for-human-contract,authority-owned,en;fr,explicit-url-or-label-hint,,,no-dated-first-page-signal,manual-review,first-page-only-unvalidated,2026-08-20T12:11:07.553Z,2026-08-20T12:11:07.553Z,"Approved from the official-source snapshot only; no scraper promotion is implied. | First-page observation only; pagination, archive depth and field completeness remain to be human-qualified. | No dated first-page signal is not evidence of no publication activity."
ra-auth-bb-963b5ebf47a1294f,ra-route-4b3814f1bc5cea4cc85d,BB,Barbados,Financial Services Commission,securities,http://www.fsc.gov.bb/,https://www.fsc.gov.bb/enforcement,https://www.fsc.gov.bb/enforcement,authority-owned,enforcement_archive,reachable,first-page-observed-no-date,strong-official-publication-candidate,direct-http-scope-observed,approved-for-human-contract,authority-owned,en,explicit-url-or-label-hint,,,no-dated-first-page-signal,manual-review,first-page-only-unvalidated,2026-08-20T12:11:07.553Z,2026-08-20T12:11:07.553Z,"Approved from the official-source snapshot only; no scraper promotion is implied. | First-page observation only; pagination, archive depth and field completeness remain to be human-qualified. | No dated first-page signal is not evidence of no publication activity."
ra-auth-be-07677f52a176601c,ra-route-9198b040515bb8ab7b3d,BE,Belgium,Financial Services and Markets Authority*,securities;insurance;pensions,http://www.fsma.be/,https://www.fsma.be/en/warnings-sanctions,https://www.fsma.be/en/warnings-sanctions,authority-owned,sanctions_or_penalty_list,reachable,first-page-observed-no-date,strong-official-publication-candidate,direct-http-scope-observed,approved-for-human-contract,authority-owned,en;fr,explicit-url-or-label-hint,,,no-dated-first-page-signal,manual-review,first-page-only-unvalidated,2026-08-20T12:11:07.553Z,2026-08-20T12:11:07.553Z,"Approved from the official-source snapshot only; no scraper promotion is implied. | First-page observation only; pagination, archive depth and field completeness remain to be human-qualified. | No dated first-page signal is not evidence of no publication activity."
ra-auth-be-a783da4fdc4c6852,ra-route-35caad5375c71b18f52e,BE,Belgium,National Bank of Belgium,central_banking;prudential_supervision;insurance,https://www.nbb.be/en,https://www.nbb.be/en/news-events/events/advance-notice-events,https://www.nbb.be/en/news-events/events/advance-notice-events,not-observable,not-observable,challenge-protected,not-observable,not-observable,browser-clearance-required,browser-review-required,obstructed,en,explicit-url-or-label-hint,,,not-observable,browser-review,not-observable,2026-08-20T12:11:07.553Z,2026-08-20T12:11:07.553Z,Approved from the official-source snapshot only; no scraper promotion is implied. | Direct observation was not available; preserve the transport/browser state and do not infer publication absence. | No dated first-page signal is not evidence of no publication activity.
ra-auth-bz-683bbb7b1c9b6d91,ra-route-edb83351b1aa3d1c258f,BZ,Belize,Central Bank of Belize,central_banking;prudential_supervision,http://www.centralbank.org.bz/,https://www.centralbank.org.bz/detail-pages/news/2026/07/27/the-central-bank--fiu--and-fsc-sign-governance-agreements-for-the-use-of-the-sanctions-registry-system,https://www.centralbank.org.bz/detail-pages/news/2026/07/27/the-central-bank--fiu--and-fsc-sign-governance-agreements-for-the-use-of-the-sanctions-registry-system,authority-owned,sanctions_or_penalty_list,reachable,first-page-observed-no-date,strong-official-publication-candidate,direct-http-scope-observed,approved-for-human-contract,authority-owned,en;fr,explicit-url-or-label-hint,,,no-dated-first-page-signal,manual-review,first-page-only-unvalidated,2026-08-20T12:11:07.553Z,2026-08-20T12:11:07.553Z,"Approved from the official-source snapshot only; no scraper promotion is implied. | First-page observation only; pagination, archive depth and field completeness remain to be human-qualified. | No dated first-page signal is not evidence of no publication activity."
ra-auth-bz-f4aee66e44b59676,ra-route-8d05b1f4d5ca1bb58fb5,BZ,Belize,Financial Intelligence Unit Belize (FIU-Belize),financial_intelligence,http://www.fiubelize.org/,https://scsanctions.un.org/consolidated/,https://unsolprodfiles.blob.core.windows.net/publiclegacyxmlfiles/EN/consolidatedLegacyByNAME.html?sv=2024-05-04&st=2026-08-20T12%3A10%3A45Z&se=2026-08-20T13%3A10%3A45Z&sr=b&sp=r&sig=a6jAserH89q0g4hTYsDOc36X1eO1wghFrj676YXd2aM%3D&rscd=attachment%3B%20filename%3D%22consolidatedLegacyByNAME.html%22,official-external,sanctions_or_penalty_list,reachable,dated-first-page-signal,strong-official-publication-candidate,official-external-scope,manual-review-required,official-external,en;fr,explicit-url-or-label-hint,2024-05;2024-12;2026-02;2026-06,2026-06,periodic-first-page-signal,quarterly,first-page-only-unvalidated,2026-08-20T12:11:07.553Z,2026-08-20T12:11:07.553Z,"Approved from the official-source snapshot only; no scraper promotion is implied. | First-page observation only; pagination, archive depth and field completeness remain to be human-qualified. | Cadence is provisional and must be replaced by a regulator-specific contract after archive review."
ra-auth-bz-db68e8e8ae5d66a5,ra-route-3dbb255e4aec885625f8,BZ,Belize,Financial Services Commission,securities,https://www.belizefsc.org.bz/,https://www.belizefsc.org.bz/enforcement/,https://www.belizefsc.org.bz/enforcement/,authority-owned,enforcement_archive,reachable,first-page-observed-no-date,strong-official-publication-candidate,direct-http-scope-observed,approved-for-human-contract,authority-owned,en,explicit-url-or-label-hint,,,no-dated-first-page-signal,manual-review,first-page-only-unvalidated,2026-08-20T12:11:07.553Z,2026-08-20T12:11:07.553Z,"Approved from the official-source snapshot only; no scraper promotion is implied. | First-page observation only; pagination, archive depth and field completeness remain to be human-qualified. | No dated first-page signal is not evidence of no publication activity."
ra-auth-bj-33b20c8116c5b18c,ra-route-7efa25611450b375b6c4,BJ,Benin,Central Bank of West African States (BCEAO),central_banking;prudential_supervision,https://www.bceao.int/en,https://www.bceao.int/en,https://www.bceao.int/en,authority-owned,news_or_notice,reachable,dated-first-page-signal,generic-or-ambiguous-link,manual-scope-review,manual-review-required,candidate-needs-validation,en,explicit-url-or-label-hint,2026-03;2026-05;2026-06;2026-07,2026-07,periodic-first-page-signal,quarterly,first-page-only-unvalidated,2026-08-20T12:11:07.553Z,2026-08-20T12:11:07.553Z,"Approved from the official-source snapshot only; no scraper promotion is implied. | First-page observation only; pagination, archive depth and field completeness remain to be human-qualified. | Cadence is provisional and must be replaced by a regulator-specific contract after archive review."
ra-auth-bj-45feb29c1def494a,ra-route-fbcd1c075633be1333d2,BJ,Benin,Conférence Interafricaine des Marchés d'Assurances (CIMA),insurance,http://cima-afrique.org/,https://cima-afrique.org/decisions-du-cma/,https://cima-afrique.org/decisions-du-cma/,authority-owned,decision_register,reachable,dated-first-page-signal,generic-or-ambiguous-link,manual-scope-review,manual-review-required,candidate-needs-validation,en;fr,explicit-url-or-label-hint,2026-07,2026-07,low-frequency-first-page-signal,semiannual,first-page-only-unvalidated,2026-08-20T12:11:07.553Z,2026-08-20T12:11:07.553Z,"Approved from the official-source snapshot only; no scraper promotion is implied. | First-page observation only; pagination, archive depth and field completeness remain to be human-qualified. | Cadence is provisional and must be replaced by a regulator-specific contract after archive review."
ra-auth-bm-62e9db10ee01c3c2,ra-route-b6779501efe7c6013f5a,BM,Bermuda,Financial Intelligence Agency Bermuda (FIA),financial_intelligence,https://www.fia.bm/,https://public.govdelivery.com/accounts/BERMFSIU/signup/46844?FIA,https://public.govdelivery.com/accounts/BERMFSIU/signup/46844?FIA,external-unqualified,sanctions_or_penalty_list,reachable,first-page-observed-no-date,generic-or-ambiguous-link,manual-scope-review,manual-review-required,candidate-needs-validation,en;fr,explicit-url-or-label-hint,,,no-dated-first-page-signal,manual-review,first-page-only-unvalidated,2026-08-20T12:11:07.553Z,2026-08-20T12:11:07.553Z,"Approved from the official-source snapshot only; no scraper promotion is implied. | First-page observation only; pagination, archive depth and field completeness remain to be human-qualified. | No dated first-page signal is not evidence of no publication activity."
ra-auth-bo-42e3f9a0014f01b6,ra-route-63e9dad6e3cf6d20f84a,BO,Bolivia,Central Bank of Bolivia,central_banking;prudential_supervision,https://www.bcb.gob.bo/,https://www.bcb.gob.bo/?q=content/resoluciones-de-directorio-1,https://www.bcb.gob.bo/?q=content/resoluciones-de-directorio-1,authority-owned,generic_or_ambiguous,reachable,first-page-observed-no-date,generic-or-ambiguous-link,manual-scope-review,manual-review-required,candidate-needs-validation,es,explicit-url-or-label-hint,,,no-dated-first-page-signal,manual-review,first-page-only-unvalidated,2026-08-20T12:11:07.553Z,2026-08-20T12:11:07.553Z,"Approved from the official-source snapshot only; no scraper promotion is implied. | First-page observation only; pagination, archive depth and field completeness remain to be human-qualified. | No dated first-page signal is not evidence of no publication activity."
ra-auth-ba-3980761f7002d0d5,ra-route-0fbb1e0c8fd73c111d23,BA,Bosnia and Herzegovina,Central Bank of Bosnia and Herzegovina,central_banking,http://www.cbbh.ba/?lang=en,http://fined.cbbh.ba/,http://fined.cbbh.ba/home/language,authority-owned,generic_or_ambiguous,reachable,first-page-observed-no-date,generic-or-ambiguous-link,manual-scope-review,manual-review-required,candidate-needs-validation,,not-determined,,,no-dated-first-page-signal,manual-review,first-page-only-unvalidated,2026-08-20T12:11:07.553Z,2026-08-20T12:11:07.553Z,"Approved from the official-source snapshot only; no scraper promotion is implied. | First-page observation only; pagination, archive depth and field completeness remain to be human-qualified. | No dated first-page signal is not evidence of no publication activity."
ra-auth-bw-51a11bbc442979a2,ra-route-45c065cd9b21114b6da3,BW,Botswana,Bank of Botswana,central_banking;prudential_supervision,http://www.bankofbotswana.bw/,http://www.bankofbotswana.bw/sites/default/files/press-release-files/Public%20Notice%20-%20Lower%20Denomination%20Coin%20Cirulation.pdf,http://www.bankofbotswana.bw/sites/default/files/press-release-files/Public%20Notice%20-%20Lower%20Denomination%20Coin%20Cirulation.pdf,authority-owned,detail_document,reachable,first-page-observed-no-date,generic-or-ambiguous-link,manual-scope-review,manual-review-required,candidate-needs-validation,en,explicit-url-or-label-hint,,,no-dated-first-page-signal,manual-review,first-page-only-unvalidated,2026-08-20T12:11:07.553Z,2026-08-20T12:11:07.553Z,"Approved from the official-source snapshot only; no scraper promotion is implied. | First-page observation only; pagination, archive depth and field completeness remain to be human-qualified. | No dated first-page signal is not evidence of no publication activity."
ra-auth-bw-a5eaf8de8dd42b0d,ra-route-b0110f0adf384cad4349,BW,Botswana,Financial Intelligence Unit (FIU) - Botswana,financial_intelligence,https://www.finance.gov.bw/index.php?Itemid=159&option=com_content&view=categories&id=36,https://www.finance.gov.bw/index.php?Itemid=466&option=com_content&view=category&id=58,https://www.finance.gov.bw/index.php?Itemid=466&option=com_content&view=category&id=58,not-observable,not-observable,http-404,not-observable,not-observable,transport-review-required,transport-follow-up-required,obstructed,en,explicit-url-or-label-hint,,,not-observable,manual-review,not-observable,2026-08-20T12:11:07.553Z,2026-08-20T12:11:07.553Z,Approved from the official-source snapshot only; no scraper promotion is implied. | Direct observation was not available; preserve the transport/browser state and do not infer publication absence. | No dated first-page signal is not evidence of no publication activity.
ra-auth-bw-fea184daddbcc335,ra-route-925e8e140dab813ddb9b,BW,Botswana,Non-Bank Financial Institutions Regulatory Authority (NBFIRA),insurance;pensions,http://www.nbfira.org.bw/,https://www.nbfira.org.bw/news/notice-of-evaluated-technical-bids-tender-no-nbfira-001-26-27/,https://www.nbfira.org.bw/news/notice-of-evaluated-technical-bids-tender-no-nbfira-001-26-27/,authority-owned,news_or_notice,reachable,dated-first-page-signal,generic-or-ambiguous-link,manual-scope-review,manual-review-required,candidate-needs-validation,en,explicit-url-or-label-hint,2024-02;2024-03;2024-04;2024-05;2024-06;2024-07;2024-08;2024-09;2024-10;2024-11;2024-12;2025-01;2025-02;2025-03;2025-04;2025-05;2025-06;2025-07;2025-08;2025-09;2025-10;2025-11;2025-12;2026-01;2026-02;2026-03;2026-04;2026-05;2026-06;2026-07;2026-08,2026-08,frequent-first-page-signal,monthly,first-page-only-unvalidated,2026-08-20T12:11:07.553Z,2026-08-20T12:11:07.553Z,"Approved from the official-source snapshot only; no scraper promotion is implied. | First-page observation only; pagination, archive depth and field completeness remain to be human-qualified. | No dated first-page signal is not evidence of no publication activity."
ra-auth-br-bdab0eccc0c15021,ra-route-19159e53650085fffd9e,BR,Brazil,Brazilian Pension Funds Authority,pensions,https://www.gov.br/previc,https://www.gov.br/previc/pt-br/acesso-a-informacao-1/sancoes-administrativas,https://www.gov.br/previc/pt-br/acesso-a-informacao-1/sancoes-administrativas,not-observable,not-observable,challenge-protected,not-observable,not-observable,browser-clearance-required,browser-review-required,obstructed,pt,explicit-url-or-label-hint,,,not-observable,browser-review,not-observable,2026-08-20T12:11:07.553Z,2026-08-20T12:11:07.553Z,Approved from the official-source snapshot only; no scraper promotion is implied. | Direct observation was not available; preserve the transport/browser state and do not infer publication absence. | No dated first-page signal is not evidence of no publication activity.
ra-auth-br-397b6bea8221fb92,ra-route-0b45e096d3cd89a498d7,BR,Brazil,Comissão de Valores Mobiliários*,securities,http://www.cvm.gov.br/,https://www.gov.br/cvm/pt-br/centrais-de-conteudo/publicacoes/relatorios/relatorio-de-atividade-sancionadora,https://www.gov.br/cvm/pt-br/centrais-de-conteudo/publicacoes/relatorios/relatorio-de-atividade-sancionadora,not-observable,not-observable,challenge-protected,not-observable,not-observable,browser-clearance-required,browser-review-required,obstructed,,not-determined,,,not-observable,browser-review,not-observable,2026-08-20T12:11:07.553Z,2026-08-20T12:11:07.553Z,Approved from the official-source snapshot only; no scraper promotion is implied. | Direct observation was not available; preserve the transport/browser state and do not infer publication absence. | No dated first-page signal is not evidence of no publication activity.
ra-auth-vg-c229076be9499670,ra-route-134773ace8698b46d307,VG,British Virgin Islands,Financial Investigation Agency British Virgin Islands (FIA),financial_intelligence,http://fiabvi.vg/,https://fiabvi.vg/Supervision-Enforcement,https://fiabvi.vg/Supervision-Enforcement,authority-owned,enforcement_archive,reachable,first-page-observed-no-date,strong-official-publication-candidate,direct-http-scope-observed,approved-for-human-contract,authority-owned,en,explicit-url-or-label-hint,,,no-dated-first-page-signal,manual-review,first-page-only-unvalidated,2026-08-20T12:11:07.553Z,2026-08-20T12:11:07.553Z,"Approved from the official-source snapshot only; no scraper promotion is implied. | First-page observation only; pagination, archive depth and field completeness remain to be human-qualified. | No dated first-page signal is not evidence of no publication activity."
ra-auth-bn-1699be584f7b8333,ra-route-59f708f9927307e7d799,BN,Brunei,Brunei Darussalam Central Bank,central_banking;securities;insurance;financial_intelligence,https://www.bdcb.gov.bn/,https://www.bdcb.gov.bn/regulatory/enforcement,https://www.bdcb.gov.bn/regulatory/enforcement,authority-owned,enforcement_archive,reachable,first-page-observed-no-date,strong-official-publication-candidate,direct-http-scope-observed,approved-for-human-contract,authority-owned,en,explicit-url-or-label-hint,,,no-dated-first-page-signal,manual-review,first-page-only-unvalidated,2026-08-20T12:11:07.553Z,2026-08-20T12:11:07.553Z,"Approved from the official-source snapshot only; no scraper promotion is implied. | First-page observation only; pagination, archive depth and field completeness remain to be human-qualified. | No dated first-page signal is not evidence of no publication activity."
ra-auth-bf-b65e9517d05b965f,ra-route-2d855a972223c53a3cdc,BF,Burkina Faso,Central Bank of West African States (BCEAO),central_banking;prudential_supervision,https://www.bceao.int/en,https://www.bceao.int/en,https://www.bceao.int/en,authority-owned,news_or_notice,reachable,dated-first-page-signal,generic-or-ambiguous-link,manual-scope-review,manual-review-required,candidate-needs-validation,en,explicit-url-or-label-hint,2026-03;2026-05;2026-06;2026-07,2026-07,periodic-first-page-signal,quarterly,first-page-only-unvalidated,2026-08-20T12:11:07.553Z,2026-08-20T12:11:07.553Z,"Approved from the official-source snapshot only; no scraper promotion is implied. | First-page observation only; pagination, archive depth and field completeness remain to be human-qualified. | Cadence is provisional and must be replaced by a regulator-specific contract after archive review."
ra-auth-bf-027b3f6b776cca35,ra-route-707def4d7d06884ae13e,BF,Burkina Faso,Conférence Interafricaine des Marchés d'Assurances (CIMA),insurance,http://cima-afrique.org/,https://cima-afrique.org/decisions-du-cma/,https://cima-afrique.org/decisions-du-cma/,authority-owned,decision_register,reachable,dated-first-page-signal,generic-or-ambiguous-link,manual-scope-review,manual-review-required,candidate-needs-validation,en;fr,explicit-url-or-label-hint,2026-07,2026-07,low-frequency-first-page-signal,semiannual,first-page-only-unvalidated,2026-08-20T12:11:07.553Z,2026-08-20T12:11:07.553Z,"Approved from the official-source snapshot only; no scraper promotion is implied. | First-page observation only; pagination, archive depth and field completeness remain to be human-qualified. | Cadence is provisional and must be replaced by a regulator-specific contract after archive review."
ra-auth-cm-79a40bf0a57d6e87,ra-route-aa16d38312988d9e31ee,CM,Cameroon,Bank of Central African States,central_banking,https://www.beac.int/,https://www.beac.int/p-des-changes/circulaires-et-decisions/,https://www.beac.int/p-des-changes/circulaires-et-decisions/,not-observable,not-observable,challenge-protected,not-observable,not-observable,browser-clearance-required,browser-review-required,obstructed,en;fr,explicit-url-or-label-hint,,,not-observable,browser-review,not-observable,2026-08-20T12:11:07.553Z,2026-08-20T12:11:07.553Z,Approved from the official-source snapshot only; no scraper promotion is implied. | Direct observation was not available; preserve the transport/browser state and do not infer publication absence. | No dated first-page signal is not evidence of no publication activity.
ra-auth-cm-4a5f42d503d0683b,ra-route-a32c140952c1899ce32b,CM,Cameroon,Conférence Interafricaine des Marchés d'Assurances (CIMA),insurance,http://cima-afrique.org/,https://cima-afrique.org/decisions-du-cma/,https://cima-afrique.org/decisions-du-cma/,authority-owned,decision_register,reachable,dated-first-page-signal,generic-or-ambiguous-link,manual-scope-review,manual-review-required,candidate-needs-validation,en;fr,explicit-url-or-label-hint,2026-07,2026-07,low-frequency-first-page-signal,semiannual,first-page-only-unvalidated,2026-08-20T12:11:07.553Z,2026-08-20T12:11:07.553Z,"Approved from the official-source snapshot only; no scraper promotion is implied. | First-page observation only; pagination, archive depth and field completeness remain to be human-qualified. | Cadence is provisional and must be replaced by a regulator-specific contract after archive review."
ra-auth-cm-03addd2648a49e58,ra-route-f7ae2e4cdaed11516940,CM,Cameroon,National Agency for Financial Investigation (NAFI),financial_intelligence,http://www.anif.cm/,https://anif.cm/liste-des-sanctions-financieres-ciblees/,https://anif.cm/liste-des-sanctions-financieres-ciblees/,authority-owned,sanctions_or_penalty_list,reachable,dated-first-page-signal,strong-official-publication-candidate,direct-http-scope-observed,approved-for-human-contract,authority-owned,en;fr,explicit-url-or-label-hint,2025-08,2025-08,low-frequency-first-page-signal,semiannual,first-page-only-unvalidated,2026-08-20T12:11:07.553Z,2026-08-20T12:11:07.553Z,"Approved from the official-source snapshot only; no scraper promotion is implied. | First-page observation only; pagination, archive depth and field completeness remain to be human-qualified. | Cadence is provisional and must be replaced by a regulator-specific contract after archive review."
ra-auth-ca-56ba551e10e5f6fe,ra-route-874ab08a43d2a60ae187,CA,Canada,Alberta Securities Commission,securities,http://www.albertasecurities.com/,https://www.asc.ca/,https://www.asc.ca/,external-unqualified,enforcement_archive,reachable,first-page-observed-no-date,strong-official-publication-candidate,manual-scope-review,manual-review-required,candidate-needs-validation,en,explicit-url-or-label-hint,,,no-dated-first-page-signal,manual-review,first-page-only-unvalidated,2026-08-20T12:11:07.553Z,2026-08-20T12:11:07.553Z,"Approved from the official-source snapshot only; no scraper promotion is implied. | First-page observation only; pagination, archive depth and field completeness remain to be human-qualified. | No dated first-page signal is not evidence of no publication activity."
ra-auth-ca-ede247dd162b770f,ra-route-28128f4f3ea72313b3c1,CA,Canada,Bank of Canada,central_banking,http://www.bankofcanada.ca/,https://www.bankofcanada.ca/markets/market-notices/?content_type%5B%5D=388,https://www.bankofcanada.ca/markets/market-notices/?content_type%5B%5D=388,not-observable,not-observable,challenge-protected,not-observable,not-observable,browser-clearance-required,browser-review-required,obstructed,en,explicit-url-or-label-hint,2026-02;2026-03;2026-04;2026-05;2026-06;2026-07;2026-08,2026-08,not-observable,browser-review,not-observable,2026-08-20T12:11:07.553Z,2026-08-20T12:11:07.553Z,Approved from the official-source snapshot only; no scraper promotion is implied. | Direct observation was not available; preserve the transport/browser state and do not infer publication absence. | No dated first-page signal is not evidence of no publication activity.
ra-auth-ca-4cfa7464640915e2,ra-route-1940cf9e0bfa4369cb09,CA,Canada,British Columbia Securities Commission,securities,http://www.bcsc.bc.ca/,https://www.bcsc.bc.ca/enforcement,https://www.bcsc.bc.ca/enforcement,not-observable,not-observable,challenge-protected,not-observable,not-observable,browser-clearance-required,browser-review-required,obstructed,en,explicit-url-or-label-hint,,,not-observable,browser-review,not-observable,2026-08-20T12:11:07.553Z,2026-08-20T12:11:07.553Z,Approved from the official-source snapshot only; no scraper promotion is implied. | Direct observation was not available; preserve the transport/browser state and do not infer publication absence. | No dated first-page signal is not evidence of no publication activity.
ra-auth-ca-6457c112bfe848a5,ra-route-268c23e8649f26be90a4,CA,Canada,Financial Transactions and Reports Analysis Centre of Canada (FINTRAC-CANAFE),financial_intelligence,https://fintrac-canafe.canada.ca/intro-eng,https://fintrac-canafe.canada.ca/pen/4-eng,https://fintrac-canafe.canada.ca/pen/4-eng,authority-owned,enforcement_archive,reachable,dated-first-page-signal,strong-official-publication-candidate,direct-http-scope-observed,approved-for-human-contract,authority-owned,en,explicit-url-or-label-hint,2024-01;2024-02;2024-03;2024-04;2024-05;2024-06;2024-07;2024-08;2024-09;2024-10;2024-11;2024-12;2025-02;2025-03;2025-05;2025-06;2025-07;2025-08;2025-09;2025-10;2025-11;2025-12;2026-02;2026-03;2026-05;2026-07,2026-07,frequent-first-page-signal,monthly,first-page-only-unvalidated,2026-08-20T12:11:07.553Z,2026-08-20T12:11:07.553Z,"Approved from the official-source snapshot only; no scraper promotion is implied. | First-page observation only; pagination, archive depth and field completeness remain to be human-qualified. | No dated first-page signal is not evidence of no publication activity."
ra-auth-ca-285c91c2e9f94ecf,ra-route-9dede91557a6c6f9d980,CA,Canada,Office of the Superintendent of Financial Institutions,prudential_supervision;insurance,http://www.osfi-bsif.gc.ca/,https://www.osfi-bsif.gc.ca/en/guidance/guidance-library/regulatory-notice-using-natural-catastrophe-bonds-minimum-capital-test-guideline,https://www.osfi-bsif.gc.ca/en/guidance/guidance-library/regulatory-notice-using-natural-catastrophe-bonds-minimum-capital-test-guideline,authority-owned,news_or_notice,reachable,dated-first-page-signal,generic-or-ambiguous-link,manual-scope-review,manual-review-required,candidate-needs-validation,en,explicit-url-or-label-hint,2026-07,2026-07,low-frequency-first-page-signal,semiannual,first-page-only-unvalidated,2026-08-20T12:11:07.553Z,2026-08-20T12:11:07.553Z,"Approved from the official-source snapshot only; no scraper promotion is implied. | First-page observation only; pagination, archive depth and field completeness remain to be human-qualified. | Cadence is provisional and must be replaced by a regulator-specific contract after archive review."
ra-auth-ca-347f4eb7b1dfdaf4,ra-route-bd7e74e1552eea4dc0d3,CA,Canada,Ontario Securities Commission*,securities,http://www.osc.ca/,https://www.osc.ca/en/enforcement,https://www.osc.ca/en/enforcement,authority-owned,enforcement_archive,reachable,dated-first-page-signal,strong-official-publication-candidate,direct-http-scope-observed,approved-for-human-contract,authority-owned,en,explicit-url-or-label-hint,2025-09;2026-03;2026-04;2026-05;2026-06,2026-06,periodic-first-page-signal,quarterly,first-page-only-unvalidated,2026-08-20T12:11:07.553Z,2026-08-20T12:11:07.553Z,"Approved from the official-source snapshot only; no scraper promotion is implied. | First-page observation only; pagination, archive depth and field completeness remain to be human-qualified. | Cadence is provisional and must be replaced by a regulator-specific contract after archive review."
ra-auth-ky-c3662e6aee940366,ra-route-b3f66b308089286ec246,KY,Cayman Islands,Cayman Islands Monetary Authority,securities;insurance,http://www.cima.ky/,https://www.cima.ky/enforcement-1,https://www.cima.ky/enforcement-1,not-observable,not-observable,challenge-protected,not-observable,not-observable,browser-clearance-required,browser-review-required,obstructed,en,explicit-url-or-label-hint,,,not-observable,browser-review,not-observable,2026-08-20T12:11:07.553Z,2026-08-20T12:11:07.553Z,Approved from the official-source snapshot only; no scraper promotion is implied. | Direct observation was not available; preserve the transport/browser state and do not infer publication absence. | No dated first-page signal is not evidence of no publication activity.
ra-auth-cf-384a6a9e492a6c02,ra-route-1601a1c61b5245a0b608,CF,Central African Republic,Bank of Central African States,central_banking;prudential_supervision,https://www.beac.int/,https://www.beac.int/p-des-changes/circulaires-et-decisions/,https://www.beac.int/p-des-changes/circulaires-et-decisions/,not-observable,not-observable,challenge-protected,not-observable,not-observable,browser-clearance-required,browser-review-required,obstructed,en;fr,explicit-url-or-label-hint,,,not-observable,browser-review,not-observable,2026-08-20T12:11:07.553Z,2026-08-20T12:11:07.553Z,Approved from the official-source snapshot only; no scraper promotion is implied. | Direct observation was not available; preserve the transport/browser state and do not infer publication absence. | No dated first-page signal is not evidence of no publication activity.
ra-auth-cf-acd7a363b620dfb8,ra-route-59fbee35848f96152f5e,CF,Central African Republic,Conférence Interafricaine des Marchés d'Assurances (CIMA),insurance,http://cima-afrique.org/,https://cima-afrique.org/decisions-du-cma/,https://cima-afrique.org/decisions-du-cma/,authority-owned,decision_register,reachable,dated-first-page-signal,generic-or-ambiguous-link,manual-scope-review,manual-review-required,candidate-needs-validation,en;fr,explicit-url-or-label-hint,2026-07,2026-07,low-frequency-first-page-signal,semiannual,first-page-only-unvalidated,2026-08-20T12:11:07.553Z,2026-08-20T12:11:07.553Z,"Approved from the official-source snapshot only; no scraper promotion is implied. | First-page observation only; pagination, archive depth and field completeness remain to be human-qualified. | Cadence is provisional and must be replaced by a regulator-specific contract after archive review."
ra-auth-td-95c66a006cf361ec,ra-route-0879091b08ee38a1f5bb,TD,Chad,Bank of Central African States,central_banking,https://www.beac.int/,https://www.beac.int/p-des-changes/circulaires-et-decisions/,https://www.beac.int/p-des-changes/circulaires-et-decisions/,not-observable,not-observable,challenge-protected,not-observable,not-observable,browser-clearance-required,browser-review-required,obstructed,en;fr,explicit-url-or-label-hint,,,not-observable,browser-review,not-observable,2026-08-20T12:11:07.553Z,2026-08-20T12:11:07.553Z,Approved from the official-source snapshot only; no scraper promotion is implied. | Direct observation was not available; preserve the transport/browser state and do not infer publication absence. | No dated first-page signal is not evidence of no publication activity.
ra-auth-td-7cc8bb82cc2fa476,ra-route-64c178457993561071fc,TD,Chad,Conférence Interafricaine des Marchés d'Assurances (CIMA),insurance,http://cima-afrique.org/,https://cima-afrique.org/decisions-du-cma/,https://cima-afrique.org/decisions-du-cma/,authority-owned,decision_register,reachable,dated-first-page-signal,generic-or-ambiguous-link,manual-scope-review,manual-review-required,candidate-needs-validation,en;fr,explicit-url-or-label-hint,2026-07,2026-07,low-frequency-first-page-signal,semiannual,first-page-only-unvalidated,2026-08-20T12:11:07.553Z,2026-08-20T12:11:07.553Z,"Approved from the official-source snapshot only; no scraper promotion is implied. | First-page observation only; pagination, archive depth and field completeness remain to be human-qualified. | Cadence is provisional and must be replaced by a regulator-specific contract after archive review."
ra-auth-cl-7945777d3965f507,ra-route-2bf5dc06e85321615b07,CL,Chile,Comisión para el Mercado Financiero (Financial Market Commission),securities;insurance,http://www.cmfchile.cl/,https://www.cmfchile.cl/portal/prensa/625/w4-article-112799.html,https://www.cmfchile.cl/portal/prensa/625/w4-article-112799.html,authority-owned,sanctions_or_penalty_list,reachable,first-page-observed-no-date,strong-official-publication-candidate,direct-http-scope-observed,approved-for-human-contract,authority-owned,,not-determined,,,no-dated-first-page-signal,manual-review,first-page-only-unvalidated,2026-08-20T12:11:07.553Z,2026-08-20T12:11:07.553Z,"Approved from the official-source snapshot only; no scraper promotion is implied. | First-page observation only; pagination, archive depth and field completeness remain to be human-qualified. | No dated first-page signal is not evidence of no publication activity."
ra-auth-cl-adc1828a15ce1880,ra-route-4d5b6043c758111502de,CL,Chile,Unidad de Analisis Financiero (UAF),financial_intelligence,http://www.uaf.cl/,https://www.uaf.cl/es-cl/publicaciones-uaf/sanciones-ejecutoriadas,https://www.uaf.cl/es-cl/publicaciones-uaf/sanciones-ejecutoriadas,authority-owned,sanctions_or_penalty_list,reachable,first-page-observed-no-date,strong-official-publication-candidate,direct-http-scope-observed,approved-for-human-contract,authority-owned,es,explicit-url-or-label-hint,,,no-dated-first-page-signal,manual-review,first-page-only-unvalidated,2026-08-20T12:11:07.553Z,2026-08-20T12:11:07.553Z,"Approved from the official-source snapshot only; no scraper promotion is implied. | First-page observation only; pagination, archive depth and field completeness remain to be human-qualified. | No dated first-page signal is not evidence of no publication activity."
ra-auth-cn-7ab37a936d0c6b66,ra-route-bc9597ca72c7e59d69c0,CN,China,China Securities Regulatory Commission*,securities,http://www.csrc.gov.cn/pub/csrc_en/,https://www.csrc.gov.cn/csrc/c101971/zfxxgk_zdgk.shtml,https://www.csrc.gov.cn/csrc/c101971/zfxxgk_zdgk.shtml,authority-owned,enforcement_archive,reachable,first-page-observed-no-date,strong-official-publication-candidate,direct-http-scope-observed,approved-for-human-contract,authority-owned,,not-determined,,,no-dated-first-page-signal,manual-review,first-page-only-unvalidated,2026-08-20T12:11:07.553Z,2026-08-20T12:11:07.553Z,"Approved from the official-source snapshot only; no scraper promotion is implied. | First-page observation only; pagination, archive depth and field completeness remain to be human-qualified. | No dated first-page signal is not evidence of no publication activity."
ra-auth-cn-1e834eefc88e5a8f,ra-route-e75d4603356472bfd7d4,CN,China,The People's Bank of China,central_banking;prudential_supervision,http://www.pbc.gov.cn/en/3688006/index.html,https://www.pbc.gov.cn/en/3688241/3688636/3688648/index.html,https://www.pbc.gov.cn/en/3688241/3688636/3688648/index.html,authority-owned,sanctions_or_penalty_list,reachable,first-page-observed-no-date,strong-official-publication-candidate,direct-http-scope-observed,approved-for-human-contract,authority-owned,en;fr,explicit-url-or-label-hint,,,no-dated-first-page-signal,manual-review,first-page-only-unvalidated,2026-08-20T12:11:07.553Z,2026-08-20T12:11:07.553Z,"Approved from the official-source snapshot only; no scraper promotion is implied. | First-page observation only; pagination, archive depth and field completeness remain to be human-qualified. | No dated first-page signal is not evidence of no publication activity."
ra-auth-co-ca5de8f81880ac13,ra-route-fefb3e793992c5845fe9,CO,Colombia,Superintendencia Financiera de Colombia,prudential_supervision;securities;insurance;pensions,http://www.superfinanciera.gov.co/,https://www.superfinanciera.gov.co/publicaciones/20708/sanciones-20708/,https://www.superfinanciera.gov.co/publicaciones/20708/sanciones-20708/,authority-owned,sanctions_or_penalty_list,reachable,first-page-observed-no-date,strong-official-publication-candidate,direct-http-scope-observed,approved-for-human-contract,authority-owned,es,explicit-url-or-label-hint,,,no-dated-first-page-signal,manual-review,first-page-only-unvalidated,2026-08-20T12:11:07.553Z,2026-08-20T12:11:07.553Z,"Approved from the official-source snapshot only; no scraper promotion is implied. | First-page observation only; pagination, archive depth and field completeness remain to be human-qualified. | No dated first-page signal is not evidence of no publication activity."
ra-auth-km-ef6f1b3fce768e05,ra-route-3815254410218cb40c1e,KM,Comoros,Banque Centrale des Comores,central_banking;prudential_supervision,https://banque-comores.km/,https://banque-comores.km/page/show/decisions-du-conseil-dadministration,https://banque-comores.km/page/show/decisions-du-conseil-dadministration,authority-owned,decision_register,reachable,first-page-observed-no-date,generic-or-ambiguous-link,manual-scope-review,manual-review-required,candidate-needs-validation,en;fr,explicit-url-or-label-hint,,,no-dated-first-page-signal,manual-review,first-page-only-unvalidated,2026-08-20T12:11:07.553Z,2026-08-20T12:11:07.553Z,"Approved from the official-source snapshot only; no scraper promotion is implied. | First-page observation only; pagination, archive depth and field completeness remain to be human-qualified. | No dated first-page signal is not evidence of no publication activity."
ra-auth-ck-04431bc65dd59df8,ra-route-5f9953b079efdc9f85e3,CK,Cook Islands,Financial Supervisory Commission,prudential_supervision;financial_intelligence,http://www.fsc.gov.ck/,https://www.fsc.gov.ck/public/content.aspx?cn=CompanySanctions,https://www.fsc.gov.ck/public/content.aspx?cn=CompanySanctions,not-observable,not-observable,challenge-protected,not-observable,not-observable,browser-clearance-required,browser-review-required,obstructed,en;fr,explicit-url-or-label-hint,,,not-observable,browser-review,not-observable,2026-08-20T12:11:07.553Z,2026-08-20T12:11:07.553Z,Approved from the official-source snapshot only; no scraper promotion is implied. | Direct observation was not available; preserve the transport/browser state and do not infer publication absence. | No dated first-page signal is not evidence of no publication activity.
ra-auth-cr-2df87e51b519812d,ra-route-aa449ba29f6060b8a7e5,CR,Costa Rica,Central Bank of Costa Rica,central_banking;prudential_supervision,https://www.bccr.fi.cr/en,https://www.bccr.fi.cr/cr/es/transparencia-institucional/informacion-institucional-y-tramites/sanciones-por-hostigamiento-sexual.html,https://www.bccr.fi.cr/cr/es/transparencia-institucional/informacion-institucional-y-tramites/sanciones-por-hostigamiento-sexual.html,not-observable,not-observable,challenge-protected,not-observable,not-observable,browser-clearance-required,browser-review-required,obstructed,es,explicit-url-or-label-hint,,,not-observable,browser-review,not-observable,2026-08-20T12:11:07.553Z,2026-08-20T12:11:07.553Z,Approved from the official-source snapshot only; no scraper promotion is implied. | Direct observation was not available; preserve the transport/browser state and do not infer publication absence. | No dated first-page signal is not evidence of no publication activity.
ra-auth-cr-0b48678f31f2c661,ra-route-87aa7b198a5cbf0e19c6,CR,Costa Rica,Superintendencia General de Entidades Financieras (SUGEF),prudential_supervision,http://www.sugef.fi.cr/,https://www.sugef.fi.cr/informacion_relevante/Sanciones/index.aspx,https://www.sugef.fi.cr/informacion_relevante/Sanciones/index.aspx,authority-owned,sanctions_or_penalty_list,reachable,first-page-observed-no-date,strong-official-publication-candidate,direct-http-scope-observed,approved-for-human-contract,authority-owned,es,explicit-url-or-label-hint,,,no-dated-first-page-signal,manual-review,first-page-only-unvalidated,2026-08-20T12:11:07.553Z,2026-08-20T12:11:07.553Z,"Approved from the official-source snapshot only; no scraper promotion is implied. | First-page observation only; pagination, archive depth and field completeness remain to be human-qualified. | No dated first-page signal is not evidence of no publication activity."
ra-auth-cr-7e2f88b75a4a347c,ra-route-cb9318828ad69d1e1f8b,CR,Costa Rica,Superintendencia General de Valores,securities,http://www.sugeval.fi.cr/,https://serviciosexternos.sugeval.fi.cr/RNVIWeb/MenuPrincipal/MedidasDisciplinarias,https://serviciosexternos.sugeval.fi.cr/RNVIWeb/MenuPrincipal/MedidasDisciplinarias,authority-owned,disciplinary_notice,reachable,first-page-observed-no-date,strong-official-publication-candidate,direct-http-scope-observed,approved-for-human-contract,authority-owned,,not-determined,,,no-dated-first-page-signal,manual-review,first-page-only-unvalidated,2026-08-20T12:11:07.553Z,2026-08-20T12:11:07.553Z,"Approved from the official-source snapshot only; no scraper promotion is implied. | First-page observation only; pagination, archive depth and field completeness remain to be human-qualified. | No dated first-page signal is not evidence of no publication activity."
ra-auth-ci-3e500109c9e9266c,ra-route-b27fe9ff8ea7591a14f5,CI,Côte d'Ivoire,Conférence Interafricaine des Marchés d'Assurances (CIMA),insurance,http://cima-afrique.org/,https://cima-afrique.org/decisions-du-cma/,https://cima-afrique.org/decisions-du-cma/,authority-owned,decision_register,reachable,dated-first-page-signal,generic-or-ambiguous-link,manual-scope-review,manual-review-required,candidate-needs-validation,en;fr,explicit-url-or-label-hint,2026-07,2026-07,low-frequency-first-page-signal,semiannual,first-page-only-unvalidated,2026-08-20T12:11:07.553Z,2026-08-20T12:11:07.553Z,"Approved from the official-source snapshot only; no scraper promotion is implied. | First-page observation only; pagination, archive depth and field completeness remain to be human-qualified. | Cadence is provisional and must be replaced by a regulator-specific contract after archive review."
ra-auth-ci-2c3f276b602dd5c6,ra-route-0746ba940c50faa02bc3,CI,Côte d'Ivoire,National Unit for the Processing of Financial Information in Côte d’Ivoire (CENTIF-CI),financial_intelligence,https://www.centif.ci/index.php,https://www.centif.ci/liste-des-sanctions/,https://www.centif.ci/liste-des-sanctions/,authority-owned,sanctions_or_penalty_list,reachable,dated-first-page-signal,strong-official-publication-candidate,direct-http-scope-observed,approved-for-human-contract,authority-owned,en;fr,explicit-url-or-label-hint,2024-04;2026-01;2026-06,2026-06,low-frequency-first-page-signal,semiannual,first-page-only-unvalidated,2026-08-20T12:11:07.553Z,2026-08-20T12:11:07.553Z,"Approved from the official-source snapshot only; no scraper promotion is implied. | First-page observation only; pagination, archive depth and field completeness remain to be human-qualified. | Cadence is provisional and must be replaced by a regulator-specific contract after archive review."
ra-auth-hr-977d8a00a476c97c,ra-route-da8e125dc6bc68d0df1a,HR,Croatia,Croatian Financial Services Supervisory Agency,securities;insurance;pensions,http://www.hanfa.hr/,https://www.hanfa.hr/vijesti/pruzanje-kriptousluga-od-1-srpnja-2026-za-drustva-obvezna-kriptolicenca-i-upis-u-hanfine-registre-a-korisnike-se-poziva-na-oprez/,https://www.hanfa.hr/vijesti/pruzanje-kriptousluga-od-1-srpnja-2026-za-drustva-obvezna-kriptolicenca-i-upis-u-hanfine-registre-a-korisnike-se-poziva-na-oprez/,authority-owned,generic_or_ambiguous,reachable,first-page-observed-no-date,generic-or-ambiguous-link,manual-scope-review,manual-review-required,candidate-needs-validation,,not-determined,,,no-dated-first-page-signal,manual-review,first-page-only-unvalidated,2026-08-20T12:11:07.553Z,2026-08-20T12:11:07.553Z,"Approved from the official-source snapshot only; no scraper promotion is implied. | First-page observation only; pagination, archive depth and field completeness remain to be human-qualified. | No dated first-page signal is not evidence of no publication activity."
ra-auth-cy-5b44c9b773c83e12,ra-route-671ba5789a605ff1e2bb,CY,Cyprus,Central Bank of Cyprus,central_banking;prudential_supervision,https://www.centralbank.cy/en//home,https://www.centralbank.cy/en/administrative-sanctions-and-measures,https://www.centralbank.cy/en/administrative-sanctions-and-measures,not-observable,not-observable,challenge-protected,not-observable,not-observable,browser-clearance-required,browser-review-required,obstructed,en;fr,explicit-url-or-label-hint,2025-09;2025-10;2025-12,2025-12,not-observable,browser-review,not-observable,2026-08-20T12:11:07.553Z,2026-08-20T12:11:07.553Z,Approved from the official-source snapshot only; no scraper promotion is implied. | Direct observation was not available; preserve the transport/browser state and do not infer publication absence. | No dated first-page signal is not evidence of no publication activity.
ra-auth-cy-39b816fc91fa9c04,ra-route-41668e8908b86c60a250,CY,Cyprus,Cyprus Securities and Exchange Commission,securities,http://www.cysec.gov.cy/,https://www.cysec.gov.cy/el-GR/legislation/sanctions/,https://www.cysec.gov.cy/el-GR/legislation/sanctions/,not-observable,not-observable,challenge-protected,not-observable,not-observable,browser-clearance-required,browser-review-required,obstructed,en;fr,explicit-url-or-label-hint,,,not-observable,browser-review,not-observable,2026-08-20T12:11:07.553Z,2026-08-20T12:11:07.553Z,Approved from the official-source snapshot only; no scraper promotion is implied. | Direct observation was not available; preserve the transport/browser state and do not infer publication absence. | No dated first-page signal is not evidence of no publication activity.
ra-auth-cz-8aac7961a590119b,ra-route-0f2cbb68f0bec677cba4,CZ,Czechia,Czech National Bank,central_banking;prudential_supervision;securities;insurance;pensions,http://www.cnb.cz/en/index.html,https://www.cnb.cz/en/monetary-policy/bank-board-decisions/,https://www.cnb.cz/en/monetary-policy/bank-board-decisions/,authority-owned,decision_register,reachable,first-page-observed-no-date,generic-or-ambiguous-link,manual-scope-review,manual-review-required,candidate-needs-validation,en,explicit-url-or-label-hint,,,no-dated-first-page-signal,manual-review,first-page-only-unvalidated,2026-08-20T12:11:07.553Z,2026-08-20T12:11:07.553Z,"Approved from the official-source snapshot only; no scraper promotion is implied. | First-page observation only; pagination, archive depth and field completeness remain to be human-qualified. | No dated first-page signal is not evidence of no publication activity."
ra-auth-cz-776f01e4f3b6adf0,ra-route-0a0a8c33485d74ec22ff,CZ,Czechia,Financial Analytical Unit (FAU-CR),financial_intelligence,http://www.financnianalytickyurad.cz/,https://www.fau.gov.cz/cs/rozcestnik/reseni-nekterych-zivotnich-situaci/informaciya-dlya-arendatorov-nedvizhimosti-nahodya-196,https://www.fau.gov.cz/cs/rozcestnik/reseni-nekterych-zivotnich-situaci/informaciya-dlya-arendatorov-nedvizhimosti-nahodya-196,not-observable,not-observable,challenge-protected,not-observable,not-observable,browser-clearance-required,browser-review-required,obstructed,,not-determined,,,not-observable,browser-review,not-observable,2026-08-20T12:11:07.553Z,2026-08-20T12:11:07.553Z,Approved from the official-source snapshot only; no scraper promotion is implied. | Direct observation was not available; preserve the transport/browser state and do not infer publication absence. | No dated first-page signal is not evidence of no publication activity.
ra-auth-do-3add9c26541e5e54,ra-route-47e15c1c9720cab5f09b,DO,Dominican Republic,Central Bank of the Dominican Republic,central_banking,http://www.bancentral.gov.do/,https://bancentral.gov.do/a/resoluciones,https://bancentral.gov.do/a/resoluciones,authority-owned,generic_or_ambiguous,reachable,first-page-observed-no-date,generic-or-ambiguous-link,manual-scope-review,manual-review-required,candidate-needs-validation,es,explicit-url-or-label-hint,,,no-dated-first-page-signal,manual-review,first-page-only-unvalidated,2026-08-20T12:11:07.553Z,2026-08-20T12:11:07.553Z,"Approved from the official-source snapshot only; no scraper promotion is implied. | First-page observation only; pagination, archive depth and field completeness remain to be human-qualified. | No dated first-page signal is not evidence of no publication activity."
ra-auth-do-557724ce2fbb3de2,ra-route-ce53dbec17c48f306dda,DO,Dominican Republic,Pensions Superintendency,pensions,https://www.sipen.gob.do/,https://sipen.gob.do/normativas/otras-leyes-afines,https://sipen.gob.do/normativas/otras-leyes-afines,authority-owned,generic_or_ambiguous,reachable,first-page-observed-no-date,generic-or-ambiguous-link,manual-scope-review,manual-review-required,candidate-needs-validation,,not-determined,,,no-dated-first-page-signal,manual-review,first-page-only-unvalidated,2026-08-20T12:11:07.553Z,2026-08-20T12:11:07.553Z,"Approved from the official-source snapshot only; no scraper promotion is implied. | First-page observation only; pagination, archive depth and field completeness remain to be human-qualified. | No dated first-page signal is not evidence of no publication activity."
ra-auth-do-8d9dd5f3f72dd001,ra-route-6bb7fbdb98f78f35f3c2,DO,Dominican Republic,Superintendencia de Seguros,insurance,http://www.superseguros.gob.do/,https://sis.gob.do/transparencia/sanciones/,https://sis.gob.do/transparencia/sanciones/,external-unqualified,sanctions_or_penalty_list,reachable,first-page-observed-no-date,strong-official-publication-candidate,manual-scope-review,manual-review-required,candidate-needs-validation,es,explicit-url-or-label-hint,,,no-dated-first-page-signal,manual-review,first-page-only-unvalidated,2026-08-20T12:11:07.553Z,2026-08-20T12:11:07.553Z,"Approved from the official-source snapshot only; no scraper promotion is implied. | First-page observation only; pagination, archive depth and field completeness remain to be human-qualified. | No dated first-page signal is not evidence of no publication activity."
ra-auth-do-85aa89ebd7899ad7,ra-route-bd2afb1ba4c6ecee996d,DO,Dominican Republic,Unidad de Analisis Financiero (UAF),financial_intelligence,https://www.uaf.gob.do/,https://www.un.org/securitycouncil/es/content/un-sc-consolidated-list,https://main.un.org/securitycouncil/es/content/un-sc-consolidated-list,official-external,generic_or_ambiguous,reachable,first-page-observed-no-date,plausible-official-publication-candidate,official-external-scope,manual-review-required,official-external,es,explicit-url-or-label-hint,,,no-dated-first-page-signal,manual-review,first-page-only-unvalidated,2026-08-20T12:11:07.553Z,2026-08-20T12:11:07.553Z,"Approved from the official-source snapshot only; no scraper promotion is implied. | First-page observation only; pagination, archive depth and field completeness remain to be human-qualified. | No dated first-page signal is not evidence of no publication activity."
ra-auth-ec-3ee144793272333e,ra-route-3b2844e0881d92b31934,EC,Ecuador,"Superintendencia de Compañías, Valores y Seguros",securities,http://www.supercias.gob.ec/,https://publico.supercias.gob.ec/publicacionesCompanias/menuPublicaciones.jsf,https://publico.supercias.gob.ec/publicacionesCompanias/menuPublicaciones.jsf,authority-owned,generic_or_ambiguous,reachable,first-page-observed-no-date,generic-or-ambiguous-link,manual-scope-review,manual-review-required,candidate-needs-validation,es,explicit-url-or-label-hint,,,no-dated-first-page-signal,manual-review,first-page-only-unvalidated,2026-08-20T12:11:07.553Z,2026-08-20T12:11:07.553Z,"Approved from the official-source snapshot only; no scraper promotion is implied. | First-page observation only; pagination, archive depth and field completeness remain to be human-qualified. | No dated first-page signal is not evidence of no publication activity."
ra-auth-ec-693e39515e6a8951,ra-route-29f9c182509dbac479e9,EC,Ecuador,Unidad de Analisis Financiero y Economico del Ecuador (UAFE),financial_intelligence,http://www.uafe.gob.ec/,http://www.uafe.gob.ec/,http://www.uafe.gob.ec/,authority-owned,sanctions_or_penalty_list,reachable,first-page-observed-no-date,strong-official-publication-candidate,direct-http-scope-observed,approved-for-human-contract,authority-owned,,not-determined,,,no-dated-first-page-signal,manual-review,first-page-only-unvalidated,2026-08-20T12:11:07.553Z,2026-08-20T12:11:07.553Z,"Approved from the official-source snapshot only; no scraper promotion is implied. | First-page observation only; pagination, archive depth and field completeness remain to be human-qualified. | No dated first-page signal is not evidence of no publication activity."
ra-auth-gq-7f386deb472fe6ed,ra-route-3a5f3e7ff3000801b561,GQ,Equatorial Guinea,Bank of Central African States,central_banking,https://www.beac.int/,https://www.beac.int/p-des-changes/circulaires-et-decisions/,https://www.beac.int/p-des-changes/circulaires-et-decisions/,not-observable,not-observable,challenge-protected,not-observable,not-observable,browser-clearance-required,browser-review-required,obstructed,en;fr,explicit-url-or-label-hint,,,not-observable,browser-review,not-observable,2026-08-20T12:11:07.553Z,2026-08-20T12:11:07.553Z,Approved from the official-source snapshot only; no scraper promotion is implied. | Direct observation was not available; preserve the transport/browser state and do not infer publication absence. | No dated first-page signal is not evidence of no publication activity.
ra-auth-gq-790e4ff585c0a95e,ra-route-d3de08cfc57046a453bd,GQ,Equatorial Guinea,Conférence Interafricaine des Marchés d'Assurances (CIMA),insurance,http://cima-afrique.org/,https://cima-afrique.org/decisions-du-cma/,https://cima-afrique.org/decisions-du-cma/,authority-owned,decision_register,reachable,dated-first-page-signal,generic-or-ambiguous-link,manual-scope-review,manual-review-required,candidate-needs-validation,en;fr,explicit-url-or-label-hint,2026-07,2026-07,low-frequency-first-page-signal,semiannual,first-page-only-unvalidated,2026-08-20T12:11:07.553Z,2026-08-20T12:11:07.553Z,"Approved from the official-source snapshot only; no scraper promotion is implied. | First-page observation only; pagination, archive depth and field completeness remain to be human-qualified. | Cadence is provisional and must be replaced by a regulator-specific contract after archive review."
ra-auth-ee-dcbd0e7085ccefd8,ra-route-39a0d6166b6f5f6175a8,EE,Estonia,Estonian Financial Intelligence Unit (Estonian FIU),financial_intelligence,https://www.fiu.ee/,https://facebook.com/102210322426157_1025691216755449,https://www.facebook.com/FIUEstonia/posts/pfbid0jFQTtEisksj5s8bdLYPRJa1FnspZFNMe5g2f4areE5Vj4qedSj9SWx19BooAGuiql,external-unqualified,decision_register,reachable,first-page-observed-no-date,plausible-official-publication-candidate,manual-scope-review,manual-review-required,candidate-needs-validation,,not-determined,,,no-dated-first-page-signal,manual-review,first-page-only-unvalidated,2026-08-20T12:11:07.553Z,2026-08-20T12:11:07.553Z,"Approved from the official-source snapshot only; no scraper promotion is implied. | First-page observation only; pagination, archive depth and field completeness remain to be human-qualified. | No dated first-page signal is not evidence of no publication activity."
ra-auth-sz-61ab72f3b7148a68,ra-route-0b56d5f9c69032d5bb1d,SZ,Eswatini,Eswatini Financial Intelligence Centre (EFIC),financial_intelligence,https://www.efic.org.sz/,https://www.efic.org.sz/compliance/enforcement/,https://www.efic.org.sz/compliance/enforcement/,authority-owned,sanctions_or_penalty_list,reachable,first-page-observed-no-date,strong-official-publication-candidate,direct-http-scope-observed,approved-for-human-contract,authority-owned,en;fr,explicit-url-or-label-hint,,,no-dated-first-page-signal,manual-review,first-page-only-unvalidated,2026-08-20T12:11:07.553Z,2026-08-20T12:11:07.553Z,"Approved from the official-source snapshot only; no scraper promotion is implied. | First-page observation only; pagination, archive depth and field completeness remain to be human-qualified. | No dated first-page signal is not evidence of no publication activity."
ra-auth-sz-c2a6c50c1b9657ed,ra-route-86fcff44026155ba69fa,SZ,Eswatini,Financial Services Regulatory Authority (FSRA),insurance;pensions,http://www.fsra.co.sz/,https://www.fsra.co.sz/enforcement-notices/,https://www.fsra.co.sz/enforcement-notices/,authority-owned,enforcement_archive,reachable,dated-first-page-signal,strong-official-publication-candidate,direct-http-scope-observed,approved-for-human-contract,authority-owned,en,explicit-url-or-label-hint,2026-02,2026-02,low-frequency-first-page-signal,semiannual,first-page-only-unvalidated,2026-08-20T12:11:07.553Z,2026-08-20T12:11:07.553Z,"Approved from the official-source snapshot only; no scraper promotion is implied. | First-page observation only; pagination, archive depth and field completeness remain to be human-qualified. | Cadence is provisional and must be replaced by a regulator-specific contract after archive review."
ra-auth-et-9144f0f40a9687c3,ra-route-96440bc69f94d94ff18e,ET,Ethiopia,National Bank of Ethiopia,central_banking;prudential_supervision,http://www.nbe.gov.et/,https://nbe.gov.et/public-notice-2/,https://nbe.gov.et/public-notice-2/,authority-owned,news_or_notice,reachable,first-page-observed-no-date,generic-or-ambiguous-link,manual-scope-review,manual-review-required,candidate-needs-validation,en,explicit-url-or-label-hint,,,no-dated-first-page-signal,manual-review,first-page-only-unvalidated,2026-08-20T12:11:07.553Z,2026-08-20T12:11:07.553Z,"Approved from the official-source snapshot only; no scraper promotion is implied. | First-page observation only; pagination, archive depth and field completeness remain to be human-qualified. | No dated first-page signal is not evidence of no publication activity."
ra-auth-fi-78102a554c767557,ra-route-9de8a570e6de260ebd17,FI,Finland,Bank of Finland,central_banking;prudential_supervision,http://www.suomenpankki.fi/en/,https://www.suomenpankki.fi/en/news-and-topical/press-releases-and-news/releases/2026/reference-rate-and-penalty-interest-rates-for-1-july--31-december-2026/,https://www.suomenpankki.fi/en/news-and-topical/press-releases-and-news/releases/2026/reference-rate-and-penalty-interest-rates-for-1-july--31-december-2026/,authority-owned,enforcement_archive,reachable,dated-first-page-signal,strong-official-publication-candidate,direct-http-scope-observed,approved-for-human-contract,authority-owned,en,explicit-url-or-label-hint,2026-06,2026-06,low-frequency-first-page-signal,semiannual,first-page-only-unvalidated,2026-08-20T12:11:07.553Z,2026-08-20T12:11:07.553Z,"Approved from the official-source snapshot only; no scraper promotion is implied. | First-page observation only; pagination, archive depth and field completeness remain to be human-qualified. | Cadence is provisional and must be replaced by a regulator-specific contract after archive review."
ra-auth-fi-30c2d827674a24bd,ra-route-878a176eaf794bcfb4ba,FI,Finland,Financial Intelligence Unit (RAP),financial_intelligence,https://vm.fi/en/prevention-of-money-laundering,https://vm.fi/en/sanctions-in-the-financial-markets,https://vm.fi/en/sanctions-in-the-financial-markets,authority-owned,sanctions_or_penalty_list,reachable,first-page-observed-no-date,strong-official-publication-candidate,direct-http-scope-observed,approved-for-human-contract,authority-owned,en;fr,explicit-url-or-label-hint,,,no-dated-first-page-signal,manual-review,first-page-only-unvalidated,2026-08-20T12:11:07.553Z,2026-08-20T12:11:07.553Z,"Approved from the official-source snapshot only; no scraper promotion is implied. | First-page observation only; pagination, archive depth and field completeness remain to be human-qualified. | No dated first-page signal is not evidence of no publication activity."
ra-auth-fi-17f0d2e89f0fde37,ra-route-5788663591693b24ae7a,FI,Finland,Financial Supervisory Authority,prudential_supervision,http://www.fin-fsa.fi/en,https://www.finanssivalvonta.fi/en/financial-market-participants/capital-markets/issuers-and-investors/ifrs/,https://www.finanssivalvonta.fi/en/financial-market-participants/capital-markets/issuers-and-investors/ifrs/,external-unqualified,enforcement_archive,reachable,dated-first-page-signal,strong-official-publication-candidate,manual-scope-review,manual-review-required,candidate-needs-validation,en,explicit-url-or-label-hint,2024-03;2024-06;2024-09;2024-12;2025-03;2025-06;2025-08;2025-09;2025-12;2026-03;2026-06,2026-06,active-first-page-signal,monthly,first-page-only-unvalidated,2026-08-20T12:11:07.553Z,2026-08-20T12:11:07.553Z,"Approved from the official-source snapshot only; no scraper promotion is implied. | First-page observation only; pagination, archive depth and field completeness remain to be human-qualified. | Cadence is provisional and must be replaced by a regulator-specific contract after archive review."
ra-auth-fr-a792e9c5ebb8ff02,ra-route-2ba5542cb32a2cb98d45,FR,France,Autorité de Contrôle Prudentiel et de Résolution,prudential_supervision;insurance;pensions,https://acpr.banque-france.fr/,https://acpr.banque-france.fr/fr/reglementation/recueil-des-sanctions,https://acpr.banque-france.fr/fr/reglementation/recueil-des-sanctions,authority-owned,sanctions_or_penalty_list,reachable,dated-first-page-signal,strong-official-publication-candidate,direct-http-scope-observed,approved-for-human-contract,authority-owned,en;fr,explicit-url-or-label-hint,2024-06;2024-10;2025-01;2025-06;2025-11;2026-03;2026-05,2026-05,periodic-first-page-signal,quarterly,first-page-only-unvalidated,2026-08-20T12:11:07.553Z,2026-08-20T12:11:07.553Z,"Approved from the official-source snapshot only; no scraper promotion is implied. | First-page observation only; pagination, archive depth and field completeness remain to be human-qualified. | Cadence is provisional and must be replaced by a regulator-specific contract after archive review."
ra-auth-fr-aa7e5bc9febff637,ra-route-183ef321aa6d3995429e,FR,France,Autorité des marchés financiers*,securities,http://www.amf-france.org/,https://www.amf-france.org/fr/sanctions-transactions/faq,https://www.amf-france.org/fr/sanctions-transactions/faq,authority-owned,sanctions_or_penalty_list,reachable,first-page-observed-no-date,strong-official-publication-candidate,direct-http-scope-observed,approved-for-human-contract,authority-owned,en;fr,explicit-url-or-label-hint,,,no-dated-first-page-signal,manual-review,first-page-only-unvalidated,2026-08-20T12:11:07.553Z,2026-08-20T12:11:07.553Z,"Approved from the official-source snapshot only; no scraper promotion is implied. | First-page observation only; pagination, archive depth and field completeness remain to be human-qualified. | No dated first-page signal is not evidence of no publication activity."
ra-auth-fr-d99ac62690421195,ra-route-d9cf37be1bd2732df0eb,FR,France,Bank of France,central_banking,https://www.banque-france.fr/en,https://www.banque-france.fr/en/events/overdelivery-premium-when-monetary-policy-decisions-exceed-market-expectations,https://www.banque-france.fr/en/events/overdelivery-premium-when-monetary-policy-decisions-exceed-market-expectations,authority-owned,decision_register,reachable,dated-first-page-signal,generic-or-ambiguous-link,manual-scope-review,manual-review-required,candidate-needs-validation,en,explicit-url-or-label-hint,2026-08,2026-08,low-frequency-first-page-signal,semiannual,first-page-only-unvalidated,2026-08-20T12:11:07.553Z,2026-08-20T12:11:07.553Z,"Approved from the official-source snapshot only; no scraper promotion is implied. | First-page observation only; pagination, archive depth and field completeness remain to be human-qualified. | Cadence is provisional and must be replaced by a regulator-specific contract after archive review."
ra-auth-ga-798755084cc325db,ra-route-64ccc279083f1909e4dd,GA,Gabon,Bank of Central African States,central_banking,https://www.beac.int/,https://www.beac.int/p-des-changes/circulaires-et-decisions/,https://www.beac.int/p-des-changes/circulaires-et-decisions/,not-observable,not-observable,challenge-protected,not-observable,not-observable,browser-clearance-required,browser-review-required,obstructed,en;fr,explicit-url-or-label-hint,,,not-observable,browser-review,not-observable,2026-08-20T12:11:07.553Z,2026-08-20T12:11:07.553Z,Approved from the official-source snapshot only; no scraper promotion is implied. | Direct observation was not available; preserve the transport/browser state and do not infer publication absence. | No dated first-page signal is not evidence of no publication activity.
ra-auth-ga-c25332108467e9d3,ra-route-b9eaf2038532ddc76d70,GA,Gabon,Conférence Interafricaine des Marchés d'Assurances (CIMA),insurance,http://cima-afrique.org/,https://cima-afrique.org/decisions-du-cma/,https://cima-afrique.org/decisions-du-cma/,authority-owned,decision_register,reachable,dated-first-page-signal,generic-or-ambiguous-link,manual-scope-review,manual-review-required,candidate-needs-validation,en;fr,explicit-url-or-label-hint,2026-07,2026-07,low-frequency-first-page-signal,semiannual,first-page-only-unvalidated,2026-08-20T12:11:07.553Z,2026-08-20T12:11:07.553Z,"Approved from the official-source snapshot only; no scraper promotion is implied. | First-page observation only; pagination, archive depth and field completeness remain to be human-qualified. | Cadence is provisional and must be replaced by a regulator-specific contract after archive review."
ra-auth-ge-910eb97959e62a3b,ra-route-8ce61871070d2651b75a,GE,Georgia,National Bank of Georgia,central_banking;prudential_supervision;pensions,https://www.nbg.gov.ge/en,https://nbg.gov.ge/en/supervision/aml-cft,https://nbg.gov.ge/en/supervision/aml-cft,authority-owned,sanctions_or_penalty_list,reachable,first-page-observed-no-date,strong-official-publication-candidate,direct-http-scope-observed,approved-for-human-contract,authority-owned,en;fr,explicit-url-or-label-hint,,,no-dated-first-page-signal,manual-review,first-page-only-unvalidated,2026-08-20T12:11:07.553Z,2026-08-20T12:11:07.553Z,"Approved from the official-source snapshot only; no scraper promotion is implied. | First-page observation only; pagination, archive depth and field completeness remain to be human-qualified. | No dated first-page signal is not evidence of no publication activity."
ra-auth-de-203a7fedd6e4cfea,ra-route-0fb76b3f331544d4cbb5,DE,Germany,Deutsche Bundesbank,central_banking;prudential_supervision,http://www.bundesbank.de/,https://www.bundesbank.de/en/service/financial-sanctions,https://www.bundesbank.de/en/service/financial-sanctions,authority-owned,sanctions_or_penalty_list,reachable,first-page-observed-no-date,strong-official-publication-candidate,direct-http-scope-observed,approved-for-human-contract,authority-owned,en;fr,explicit-url-or-label-hint,,,no-dated-first-page-signal,manual-review,first-page-only-unvalidated,2026-08-20T12:11:07.553Z,2026-08-20T12:11:07.553Z,"Approved from the official-source snapshot only; no scraper promotion is implied. | First-page observation only; pagination, archive depth and field completeness remain to be human-qualified. | No dated first-page signal is not evidence of no publication activity."
ra-auth-de-2180fe880f37e5d3,ra-route-4be466ac6ceee7d68853,DE,Germany,Federal Financial Supervisory Authority,prudential_supervision;securities;insurance;pensions,http://www.bafin.de/,https://www.bafin.de/SharedDocs/Veroeffentlichungen/DE/Massnahmen/40c_neu_124_WpHG/meldung_2026_08_20_effecta_gmbh.html?nn=154268,https://www.bafin.de/SharedDocs/Veroeffentlichungen/DE/Massnahmen/40c_neu_124_WpHG/meldung_2026_08_20_effecta_gmbh.html?nn=154268,authority-owned,generic_or_ambiguous,reachable,first-page-observed-no-date,generic-or-ambiguous-link,manual-scope-review,manual-review-required,candidate-needs-validation,de,explicit-url-or-label-hint,,,no-dated-first-page-signal,manual-review,first-page-only-unvalidated,2026-08-20T12:11:07.553Z,2026-08-20T12:11:07.553Z,"Approved from the official-source snapshot only; no scraper promotion is implied. | First-page observation only; pagination, archive depth and field completeness remain to be human-qualified. | No dated first-page signal is not evidence of no publication activity."
ra-auth-de-62f24695a458b5c3,ra-route-c4f2be8539daf4201f91,DE,Germany,Financial Intelligence Unit Germany (FIU),financial_intelligence,http://www.fiu.bund.de/,https://www.zoll.de/DE/FIU/DE/Unternehmen/Zentralstelle-Sanktionsdurchsetzung/zentralstelle-sanktionsdurchsetzung_node.html,https://www.zoll.de/DE/FIU/DE/Unternehmen/Zentralstelle-Sanktionsdurchsetzung/zentralstelle-sanktionsdurchsetzung_node.html,not-observable,not-observable,http-404,not-observable,not-observable,transport-review-required,transport-follow-up-required,obstructed,de,explicit-url-or-label-hint,,,not-observable,manual-review,not-observable,2026-08-20T12:11:07.553Z,2026-08-20T12:11:07.553Z,Approved from the official-source snapshot only; no scraper promotion is implied. | Direct observation was not available; preserve the transport/browser state and do not infer publication absence. | No dated first-page signal is not evidence of no publication activity.
ra-auth-gh-fb254f8f7b7486e4,ra-route-52ff69d6a607f10b5a98,GH,Ghana,National Pensions Regulatory Authority,pensions,https://npra.gov.gh/,https://npra.gov.gh/news-and-events/public-notices/,https://npra.gov.gh/news-and-events/public-notices/,authority-owned,news_or_notice,reachable,first-page-observed-no-date,generic-or-ambiguous-link,manual-scope-review,manual-review-required,candidate-needs-validation,en,explicit-url-or-label-hint,,,no-dated-first-page-signal,manual-review,first-page-only-unvalidated,2026-08-20T12:11:07.553Z,2026-08-20T12:11:07.553Z,"Approved from the official-source snapshot only; no scraper promotion is implied. | First-page observation only; pagination, archive depth and field completeness remain to be human-qualified. | No dated first-page signal is not evidence of no publication activity."
ra-auth-gi-7e31de165301a6df,ra-route-0f7b89778127e4e68108,GI,Gibraltar,Gibraltar Financial Intelligence Unit (GCID GFIU),financial_intelligence,http://gfiu.gov.gi/,http://gfiu.gov.gi/sanctions,http://gfiu.gov.gi/sanctions,not-observable,not-observable,challenge-protected,not-observable,not-observable,browser-clearance-required,browser-review-required,obstructed,en;fr,explicit-url-or-label-hint,,,not-observable,browser-review,not-observable,2026-08-20T12:11:07.553Z,2026-08-20T12:11:07.553Z,Approved from the official-source snapshot only; no scraper promotion is implied. | Direct observation was not available; preserve the transport/browser state and do not infer publication absence. | No dated first-page signal is not evidence of no publication activity.
ra-auth-gr-40e21055f7dd2ee7,ra-route-c880df60a5fa24609e40,GR,Greece,Hellenic Capital Market Commission*,securities,http://www.hcmc.gr/,http://www.hcmc.gr/el_GR/web/portal/sanctions,http://www.hcmc.gr/el_GR/web/portal/sanctions,authority-owned,sanctions_or_penalty_list,reachable,first-page-observed-no-date,strong-official-publication-candidate,direct-http-scope-observed,approved-for-human-contract,authority-owned,en;fr,explicit-url-or-label-hint,,,no-dated-first-page-signal,manual-review,first-page-only-unvalidated,2026-08-20T12:11:07.553Z,2026-08-20T12:11:07.553Z,"Approved from the official-source snapshot only; no scraper promotion is implied. | First-page observation only; pagination, archive depth and field completeness remain to be human-qualified. | No dated first-page signal is not evidence of no publication activity."
ra-auth-gu-aeaef7b5fdee823f,ra-route-94588ed58cdaab0335fc,GU,Guam,Banking and Insurance Board,prudential_supervision,https://www.guamtax.com/bib/,https://www.guamtax.com/about/enforcement.html,https://www.guamtax.com/about/enforcement.html,authority-owned,enforcement_archive,reachable,first-page-observed-no-date,strong-official-publication-candidate,direct-http-scope-observed,approved-for-human-contract,authority-owned,en,explicit-url-or-label-hint,,,no-dated-first-page-signal,manual-review,first-page-only-unvalidated,2026-08-20T12:11:07.553Z,2026-08-20T12:11:07.553Z,"Approved from the official-source snapshot only; no scraper promotion is implied. | First-page observation only; pagination, archive depth and field completeness remain to be human-qualified. | No dated first-page signal is not evidence of no publication activity."
ra-auth-gg-87eb7f978bf58223,ra-route-b87ffd1361e1b8289f38,GG,Guernsey,Financial Intelligence Service (FIS),financial_intelligence,http://www.guernseyfiu.gov.gg/,https://guernseyfiu.gov.gg/article/175899/Sanctions,https://guernseyfiu.gov.gg/article/175899/Sanctions,authority-owned,sanctions_or_penalty_list,reachable,first-page-observed-no-date,strong-official-publication-candidate,direct-http-scope-observed,approved-for-human-contract,authority-owned,en;fr,explicit-url-or-label-hint,,,no-dated-first-page-signal,manual-review,first-page-only-unvalidated,2026-08-20T12:11:07.553Z,2026-08-20T12:11:07.553Z,"Approved from the official-source snapshot only; no scraper promotion is implied. | First-page observation only; pagination, archive depth and field completeness remain to be human-qualified. | No dated first-page signal is not evidence of no publication activity."
ra-auth-gg-1690e86f5c75413d,ra-route-1be1b207184c8d4005cf,GG,Guernsey,Guernsey Financial Services Commission,prudential_supervision;securities;insurance;pensions,http://www.gfsc.gg/,https://www.gfsc.gg/news/sanctions,https://www.gfsc.gg/news/sanctions,authority-owned,sanctions_or_penalty_list,reachable,dated-first-page-signal,strong-official-publication-candidate,direct-http-scope-observed,approved-for-human-contract,authority-owned,en;fr,explicit-url-or-label-hint,2026-07;2026-08,2026-08,low-frequency-first-page-signal,semiannual,first-page-only-unvalidated,2026-08-20T12:11:07.553Z,2026-08-20T12:11:07.553Z,"Approved from the official-source snapshot only; no scraper promotion is implied. | First-page observation only; pagination, archive depth and field completeness remain to be human-qualified. | Cadence is provisional and must be replaced by a regulator-specific contract after archive review."
ra-auth-gw-abfb9167853818bc,ra-route-ffb16e6b91d5183de7e8,GW,Guinea-Bissau,Central Bank of West African States (BCEAO),central_banking;prudential_supervision,https://www.bceao.int/en,https://www.bceao.int/en,https://www.bceao.int/en,authority-owned,news_or_notice,reachable,dated-first-page-signal,generic-or-ambiguous-link,manual-scope-review,manual-review-required,candidate-needs-validation,en,explicit-url-or-label-hint,2026-03;2026-05;2026-06;2026-07,2026-07,periodic-first-page-signal,quarterly,first-page-only-unvalidated,2026-08-20T12:11:07.553Z,2026-08-20T12:11:07.553Z,"Approved from the official-source snapshot only; no scraper promotion is implied. | First-page observation only; pagination, archive depth and field completeness remain to be human-qualified. | Cadence is provisional and must be replaced by a regulator-specific contract after archive review."
ra-auth-gw-7b4fe4e9d2eb6e03,ra-route-f7da375bfb0135bcddd5,GW,Guinea-Bissau,Conférence Interafricaine des Marchés d'Assurances (CIMA),insurance,http://cima-afrique.org/,https://cima-afrique.org/decisions-du-cma/,https://cima-afrique.org/decisions-du-cma/,authority-owned,decision_register,reachable,dated-first-page-signal,generic-or-ambiguous-link,manual-scope-review,manual-review-required,candidate-needs-validation,en;fr,explicit-url-or-label-hint,2026-07,2026-07,low-frequency-first-page-signal,semiannual,first-page-only-unvalidated,2026-08-20T12:11:07.553Z,2026-08-20T12:11:07.553Z,"Approved from the official-source snapshot only; no scraper promotion is implied. | First-page observation only; pagination, archive depth and field completeness remain to be human-qualified. | Cadence is provisional and must be replaced by a regulator-specific contract after archive review."
ra-auth-gy-2ddd49390615d0e0,ra-route-ea4607ad92969f255966,GY,Guyana,Bank of Guyana,central_banking;prudential_supervision,http://www.bankofguyana.org.gy/,https://bankofguyana.org.gy/bog/images/communications/press_release/BOG%20Notice.pdf,https://bankofguyana.org.gy/bog3/images/communications/press_release/BOG%20Notice.pdf,authority-owned,detail_document,reachable,first-page-observed-no-date,generic-or-ambiguous-link,manual-scope-review,manual-review-required,candidate-needs-validation,en,explicit-url-or-label-hint,,,no-dated-first-page-signal,manual-review,first-page-only-unvalidated,2026-08-20T12:11:07.553Z,2026-08-20T12:11:07.553Z,"Approved from the official-source snapshot only; no scraper promotion is implied. | First-page observation only; pagination, archive depth and field completeness remain to be human-qualified. | No dated first-page signal is not evidence of no publication activity."
ra-auth-hn-c85200d2c2bd24ae,ra-route-5ffc36d81ff7c9cac694,HN,Honduras,Unidad de Inteligencia Financiera (UIF-Honduras),financial_intelligence,http://pplaft.cnbs.gob.hn/,https://pplaft.cnbs.gob.hn/blog/2023/03/24/oficio-uif-166-2023-comunicacion-nueva-actualizacion-a-la-lista-de-sanciones/,https://pplaft.cnbs.gob.hn/blog/2023/03/24/oficio-uif-166-2023-comunicacion-nueva-actualizacion-a-la-lista-de-sanciones/,authority-owned,sanctions_or_penalty_list,reachable,first-page-observed-no-date,strong-official-publication-candidate,direct-http-scope-observed,approved-for-human-contract,authority-owned,es,explicit-url-or-label-hint,,,no-dated-first-page-signal,manual-review,first-page-only-unvalidated,2026-08-20T12:11:07.553Z,2026-08-20T12:11:07.553Z,"Approved from the official-source snapshot only; no scraper promotion is implied. | First-page observation only; pagination, archive depth and field completeness remain to be human-qualified. | No dated first-page signal is not evidence of no publication activity."
ra-auth-hk-16710b137d241feb,ra-route-09b7c801931219ad981f,HK,Hong Kong,Hong Kong Monetary Authority,central_banking;prudential_supervision,https://www.hkma.gov.hk/eng,https://www.hkma.gov.hk/eng/key-functions/banking/banking-conduct-supervision/,https://www.hkma.gov.hk/eng/key-functions/banking/banking-conduct-supervision/,authority-owned,enforcement_archive,reachable,dated-first-page-signal,strong-official-publication-candidate,direct-http-scope-observed,approved-for-human-contract,authority-owned,en,explicit-url-or-label-hint,2024-10,2024-10,low-frequency-first-page-signal,semiannual,first-page-only-unvalidated,2026-08-20T12:11:07.553Z,2026-08-20T12:11:07.553Z,"Approved from the official-source snapshot only; no scraper promotion is implied. | First-page observation only; pagination, archive depth and field completeness remain to be human-qualified. | Cadence is provisional and must be replaced by a regulator-specific contract after archive review."
ra-auth-hk-50aea01e0ac49ba6,ra-route-326e1fa0ba5a016f262b,HK,Hong Kong,Mandatory Provident Fund Schemes Authority,pensions,https://www.mpfa.org.hk/,https://www.mpfa.org.hk/enforcement/overview,https://www.mpfa.org.hk/enforcement/overview,authority-owned,enforcement_archive,reachable,first-page-observed-no-date,generic-or-ambiguous-link,manual-scope-review,manual-review-required,candidate-needs-validation,en,explicit-url-or-label-hint,,,no-dated-first-page-signal,manual-review,first-page-only-unvalidated,2026-08-20T12:11:07.553Z,2026-08-20T12:11:07.553Z,"Approved from the official-source snapshot only; no scraper promotion is implied. | First-page observation only; pagination, archive depth and field completeness remain to be human-qualified. | No dated first-page signal is not evidence of no publication activity."
ra-auth-hu-5ccbdefbc824ee11,ra-route-cd57815d1e35905b38c2,HU,Hungary,Central Bank of Hungary,central_banking,http://felugyelet.mnb.hu/en/,https://www.mnb.hu/en/reserve-management/decision-making-levels,https://www.mnb.hu/en/reserve-management/decision-making-levels,not-observable,not-observable,challenge-protected,not-observable,not-observable,browser-clearance-required,browser-review-required,obstructed,en,explicit-url-or-label-hint,,,not-observable,browser-review,not-observable,2026-08-20T12:11:07.553Z,2026-08-20T12:11:07.553Z,Approved from the official-source snapshot only; no scraper promotion is implied. | Direct observation was not available; preserve the transport/browser state and do not infer publication absence. | No dated first-page signal is not evidence of no publication activity.
ra-auth-is-c2c65bf8b9d7ee90,ra-route-9983a74b2e94b5f05a21,IS,Iceland,Central Bank of Iceland,central_banking;prudential_supervision;securities,https://www.cb.is/,https://cb.is/news-and-publications/events/?category=72f27799-bbe1-4a72-87a7-0164438ef63f&tags=monetary%20policy%20committee,https://cb.is/news-and-publications/events/?category=72f27799-bbe1-4a72-87a7-0164438ef63f&tags=monetary%20policy%20committee,not-observable,not-observable,challenge-protected,not-observable,not-observable,browser-clearance-required,browser-review-required,obstructed,en,explicit-url-or-label-hint,,,not-observable,browser-review,not-observable,2026-08-20T12:11:07.553Z,2026-08-20T12:11:07.553Z,Approved from the official-source snapshot only; no scraper promotion is implied. | Direct observation was not available; preserve the transport/browser state and do not infer publication absence. | No dated first-page signal is not evidence of no publication activity.
ra-auth-is-cada47c6ac649ceb,ra-route-d880d6fed580957a7d89,IS,Iceland,Financial Supervisory Authority of Iceland,prudential_supervision,http://en.fme.is/,https://cb.is/news-and-publications/events/?category=72f27799-bbe1-4a72-87a7-0164438ef63f&tags=monetary%20policy%20committee,https://cb.is/news-and-publications/events/?category=72f27799-bbe1-4a72-87a7-0164438ef63f&tags=monetary%20policy%20committee,not-observable,not-observable,challenge-protected,not-observable,not-observable,browser-clearance-required,browser-review-required,obstructed,en,explicit-url-or-label-hint,,,not-observable,browser-review,not-observable,2026-08-20T12:11:07.553Z,2026-08-20T12:11:07.553Z,Approved from the official-source snapshot only; no scraper promotion is implied. | Direct observation was not available; preserve the transport/browser state and do not infer publication absence. | No dated first-page signal is not evidence of no publication activity.
ra-auth-in-612c12d110b27ae3,ra-route-a12dc5d5f4b5a4463551,IN,India,International Financial Services Centres Authority (IFSCA),insurance;pensions,https://www.ifsca.gov.in/,https://ifsca.gov.in/Pages/Contents/About_Enforcement,https://ifsca.gov.in/Pages/Contents/About_Enforcement,authority-owned,enforcement_archive,reachable,first-page-observed-no-date,strong-official-publication-candidate,direct-http-scope-observed,approved-for-human-contract,authority-owned,en,explicit-url-or-label-hint,,,no-dated-first-page-signal,manual-review,first-page-only-unvalidated,2026-08-20T12:11:07.553Z,2026-08-20T12:11:07.553Z,"Approved from the official-source snapshot only; no scraper promotion is implied. | First-page observation only; pagination, archive depth and field completeness remain to be human-qualified. | No dated first-page signal is not evidence of no publication activity."
ra-auth-in-7e4295fa5867ff54,ra-route-0746a8896ac1c4186bbc,IN,India,Pension Fund Regulatory and Development Authority,pensions,https://www.pfrda.org.in/,https://www.pfrda.org.in/regulatory-framework/orders/enforcement-orders,https://www.pfrda.org.in/regulatory-framework/orders/enforcement-orders,authority-owned,enforcement_archive,reachable,dated-first-page-signal,strong-official-publication-candidate,direct-http-scope-observed,approved-for-human-contract,authority-owned,en,explicit-url-or-label-hint,2026-06,2026-06,low-frequency-first-page-signal,semiannual,first-page-only-unvalidated,2026-08-20T12:11:07.553Z,2026-08-20T12:11:07.553Z,"Approved from the official-source snapshot only; no scraper promotion is implied. | First-page observation only; pagination, archive depth and field completeness remain to be human-qualified. | Cadence is provisional and must be replaced by a regulator-specific contract after archive review."
ra-auth-iq-97cd7de0dca453e0,ra-route-f950a0f69804ba4b2c37,IQ,Iraq,Central Bank of Iraq,central_banking,https://cbi.iq/,https://cbi.iq/news/view/3262,https://cbi.iq/news/view/3262,authority-owned,sanctions_or_penalty_list,reachable,dated-first-page-signal,strong-official-publication-candidate,direct-http-scope-observed,approved-for-human-contract,authority-owned,en,explicit-url-or-label-hint,2026-07,2026-07,low-frequency-first-page-signal,semiannual,first-page-only-unvalidated,2026-08-20T12:11:07.553Z,2026-08-20T12:11:07.553Z,"Approved from the official-source snapshot only; no scraper promotion is implied. | First-page observation only; pagination, archive depth and field completeness remain to be human-qualified. | Cadence is provisional and must be replaced by a regulator-specific contract after archive review."
ra-auth-ie-9093843abdd2df9a,ra-route-6109be1fbfebf2311ee9,IE,Ireland,Central Bank of Ireland,central_banking;prudential_supervision;securities;insurance,http://www.centralbank.ie/,https://www.centralbank.ie/regulation/enforcement,https://www.centralbank.ie/regulation/how-we-regulate/enforcement,authority-owned,enforcement_archive,reachable,first-page-observed-no-date,strong-official-publication-candidate,direct-http-scope-observed,approved-for-human-contract,authority-owned,en,explicit-url-or-label-hint,,,no-dated-first-page-signal,manual-review,first-page-only-unvalidated,2026-08-20T12:11:07.553Z,2026-08-20T12:11:07.553Z,"Approved from the official-source snapshot only; no scraper promotion is implied. | First-page observation only; pagination, archive depth and field completeness remain to be human-qualified. | No dated first-page signal is not evidence of no publication activity."
ra-auth-ie-22246d34eb17c303,ra-route-f614a3d238bf25bc99cd,IE,Ireland,Financial Intelligence Unit Ireland (FIU Ireland),financial_intelligence,http://www.garda.ie/Controller.aspx?Page=29,https://www.garda.ie/en/roads-policing/fixed-charge-notices/,https://www.garda.ie/en/roads-policing/fixed-charge-notices/,authority-owned,news_or_notice,reachable,first-page-observed-no-date,plausible-official-publication-candidate,manual-scope-review,manual-review-required,candidate-needs-validation,en,explicit-url-or-label-hint,,,no-dated-first-page-signal,manual-review,first-page-only-unvalidated,2026-08-20T12:11:07.553Z,2026-08-20T12:11:07.553Z,"Approved from the official-source snapshot only; no scraper promotion is implied. | First-page observation only; pagination, archive depth and field completeness remain to be human-qualified. | No dated first-page signal is not evidence of no publication activity."
ra-auth-ie-9988e67782699dcb,ra-route-2160da70eb39909c57d0,IE,Ireland,The Pensions Authority,pensions,https://pensionsauthority.ie/,https://pensionsauthority.ie/enforcement/,https://pensionsauthority.ie/enforcement/,authority-owned,enforcement_archive,reachable,first-page-observed-no-date,strong-official-publication-candidate,direct-http-scope-observed,approved-for-human-contract,authority-owned,en,explicit-url-or-label-hint,,,no-dated-first-page-signal,manual-review,first-page-only-unvalidated,2026-08-20T12:11:07.553Z,2026-08-20T12:11:07.553Z,"Approved from the official-source snapshot only; no scraper promotion is implied. | First-page observation only; pagination, archive depth and field completeness remain to be human-qualified. | No dated first-page signal is not evidence of no publication activity."
ra-auth-it-1ceb6a51432a7f64,ra-route-99500f712a21941bd63a,IT,Italy,Bank of Italy,central_banking;prudential_supervision;financial_intelligence,https://www.bancaditalia.it/homepage/index.html?com.dotmarketing.htmlpage.language=1,https://servizionline.bancaditalia.it/,https://servizionline.bancaditalia.it/,authority-owned,generic_or_ambiguous,reachable,first-page-observed-no-date,generic-or-ambiguous-link,manual-scope-review,manual-review-required,candidate-needs-validation,,not-determined,,,no-dated-first-page-signal,manual-review,first-page-only-unvalidated,2026-08-20T12:11:07.553Z,2026-08-20T12:11:07.553Z,"Approved from the official-source snapshot only; no scraper promotion is implied. | First-page observation only; pagination, archive depth and field completeness remain to be human-qualified. | No dated first-page signal is not evidence of no publication activity."
ra-auth-it-0adac001355c7af4,ra-route-432a17c1bcda9bb0f299,IT,Italy,Commissione Nazionale per le Società e la Borsa*,securities,http://www.consob.it/,https://www.consob.it/web/area-pubblica/sanzioni,https://www.consob.it/web/area-pubblica/sanzioni,authority-owned,sanctions_or_penalty_list,reachable,first-page-observed-no-date,strong-official-publication-candidate,direct-http-scope-observed,approved-for-human-contract,authority-owned,it,explicit-url-or-label-hint,,,no-dated-first-page-signal,manual-review,first-page-only-unvalidated,2026-08-20T12:11:07.553Z,2026-08-20T12:11:07.553Z,"Approved from the official-source snapshot only; no scraper promotion is implied. | First-page observation only; pagination, archive depth and field completeness remain to be human-qualified. | No dated first-page signal is not evidence of no publication activity."
ra-auth-it-972e272f57c88694,ra-route-01aaa2af95deedf39861,IT,Italy,Istituto per la Vigilanza sulle Assicurazioni (IVASS),insurance,https://www.ivass.it/,https://www.ivass.it/normativa/nazionale/secondaria-ivass/normativi-provv/2026/provv-171/Provvedimento_171_del_29_7_2026.pdf,https://www.ivass.it/normativa/nazionale/secondaria-ivass/normativi-provv/2026/provv-171/Provvedimento_171_del_29_7_2026.pdf,authority-owned,detail_document,reachable,first-page-observed-no-date,generic-or-ambiguous-link,manual-scope-review,manual-review-required,candidate-needs-validation,,not-determined,,,no-dated-first-page-signal,manual-review,first-page-only-unvalidated,2026-08-20T12:11:07.553Z,2026-08-20T12:11:07.553Z,"Approved from the official-source snapshot only; no scraper promotion is implied. | First-page observation only; pagination, archive depth and field completeness remain to be human-qualified. | No dated first-page signal is not evidence of no publication activity."
ra-auth-jm-5f2101a054aed86e,ra-route-3ddc2132a2ec0133b086,JM,Jamaica,Bank of Jamaica,central_banking;prudential_supervision,http://www.boj.org.jm/,https://boj.org.jm/news/,https://boj.org.jm/news/,authority-owned,news_or_notice,reachable,dated-first-page-signal,generic-or-ambiguous-link,manual-scope-review,manual-review-required,candidate-needs-validation,en,explicit-url-or-label-hint,2026-04;2026-06;2026-08,2026-08,periodic-first-page-signal,quarterly,first-page-only-unvalidated,2026-08-20T12:11:07.553Z,2026-08-20T12:11:07.553Z,"Approved from the official-source snapshot only; no scraper promotion is implied. | First-page observation only; pagination, archive depth and field completeness remain to be human-qualified. | Cadence is provisional and must be replaced by a regulator-specific contract after archive review."
ra-auth-jm-dbe750abc32f1699,ra-route-782b71a9d1bc22b1c8f5,JM,Jamaica,Financial Investigations Division (FID),financial_intelligence,http://fid.gov.jm/,https://www.fid.gov.jm/un-sanction-list/,https://www.fid.gov.jm/un-sanction-list/,authority-owned,sanctions_or_penalty_list,reachable,dated-first-page-signal,strong-official-publication-candidate,direct-http-scope-observed,approved-for-human-contract,authority-owned,en;fr,explicit-url-or-label-hint,2024-02;2024-06;2025-06;2025-10;2026-02,2026-02,periodic-first-page-signal,quarterly,first-page-only-unvalidated,2026-08-20T12:11:07.553Z,2026-08-20T12:11:07.553Z,"Approved from the official-source snapshot only; no scraper promotion is implied. | First-page observation only; pagination, archive depth and field completeness remain to be human-qualified. | Cadence is provisional and must be replaced by a regulator-specific contract after archive review."
ra-auth-jm-89f9c04b034b1b75,ra-route-14638c5190ee4ffe373e,JM,Jamaica,Financial Services Commission,securities;insurance;pensions,http://www.fscjamaica.org/,https://www.fscjamaica.org/category/media/notices/,https://www.fscjamaica.org/category/media/notices/,authority-owned,news_or_notice,reachable,dated-first-page-signal,generic-or-ambiguous-link,manual-scope-review,manual-review-required,candidate-needs-validation,en,explicit-url-or-label-hint,2026-04;2026-07,2026-07,low-frequency-first-page-signal,semiannual,first-page-only-unvalidated,2026-08-20T12:11:07.553Z,2026-08-20T12:11:07.553Z,"Approved from the official-source snapshot only; no scraper promotion is implied. | First-page observation only; pagination, archive depth and field completeness remain to be human-qualified. | Cadence is provisional and must be replaced by a regulator-specific contract after archive review."
ra-auth-jp-5816d1866b89f072,ra-route-6d14bdc00650849a0d56,JP,Japan,Bank of Japan,central_banking;prudential_supervision,http://www.boj.or.jp/en/,https://www.boj.or.jp/en/about/organization/notice/index.htm,https://www.boj.or.jp/en/about/organization/notice/index.htm,authority-owned,news_or_notice,reachable,first-page-observed-no-date,plausible-official-publication-candidate,manual-scope-review,manual-review-required,candidate-needs-validation,en,explicit-url-or-label-hint,,,no-dated-first-page-signal,manual-review,first-page-only-unvalidated,2026-08-20T12:11:07.553Z,2026-08-20T12:11:07.553Z,"Approved from the official-source snapshot only; no scraper promotion is implied. | First-page observation only; pagination, archive depth and field completeness remain to be human-qualified. | No dated first-page signal is not evidence of no publication activity."
ra-auth-jp-e9e5bb292b650024,ra-route-4e9b89fd39316e4dae63,JP,Japan,Financial Services Agency,prudential_supervision;securities;insurance,http://www.fsa.go.jp/en/index.html,https://www.fsa.go.jp/en/regulated_institutions/index.html,https://www.fsa.go.jp/en/regulated_institutions/index.html,authority-owned,decision_register,reachable,first-page-observed-no-date,generic-or-ambiguous-link,manual-scope-review,manual-review-required,candidate-needs-validation,en,explicit-url-or-label-hint,,,no-dated-first-page-signal,manual-review,first-page-only-unvalidated,2026-08-20T12:11:07.553Z,2026-08-20T12:11:07.553Z,"Approved from the official-source snapshot only; no scraper promotion is implied. | First-page observation only; pagination, archive depth and field completeness remain to be human-qualified. | No dated first-page signal is not evidence of no publication activity."
ra-auth-jp-422e348f2af5e4ff,ra-route-98e02364069c65e0be6a,JP,Japan,"Ministry of Economy, Trade and Industry",securities,https://www.meti.go.jp/,https://www.meti.go.jp/press/2026/08/20260810001.html,https://www.meti.go.jp/press/2026/08/20260810001.html,authority-owned,enforcement_archive,reachable,first-page-observed-no-date,strong-official-publication-candidate,direct-http-scope-observed,approved-for-human-contract,authority-owned,,not-determined,,,no-dated-first-page-signal,manual-review,first-page-only-unvalidated,2026-08-20T12:11:07.553Z,2026-08-20T12:11:07.553Z,"Approved from the official-source snapshot only; no scraper promotion is implied. | First-page observation only; pagination, archive depth and field completeness remain to be human-qualified. | No dated first-page signal is not evidence of no publication activity."
ra-auth-jo-4ac011c49e73f1fa,ra-route-db0880a8a0b109358748,JO,Jordan,Anti-Money Laundering and Counter Terrorist Financing Unit (AMLU Jordan),financial_intelligence,http://www.amlu.gov.jo/ar-jo/home.aspx,https://sanctions.amlu.gov.jo/AR/List/%D9%86%D8%A8%D8%B0%D8%A9_%D8%B9%D9%86_%D8%A7%D9%84%D9%84%D8%AC%D9%86%D8%A9_%D8%A7%D9%84%D9%81%D9%86%D9%8A%D8%A9,https://sanctions.amlu.gov.jo/AR/List/%D9%86%D8%A8%D8%B0%D8%A9_%D8%B9%D9%86_%D8%A7%D9%84%D9%84%D8%AC%D9%86%D8%A9_%D8%A7%D9%84%D9%81%D9%86%D9%8A%D8%A9,authority-owned,sanctions_or_penalty_list,reachable,first-page-observed-no-date,strong-official-publication-candidate,direct-http-scope-observed,approved-for-human-contract,authority-owned,ar;en;fr,explicit-url-or-label-hint,,,no-dated-first-page-signal,manual-review,first-page-only-unvalidated,2026-08-20T12:11:07.553Z,2026-08-20T12:11:07.553Z,"Approved from the official-source snapshot only; no scraper promotion is implied. | First-page observation only; pagination, archive depth and field completeness remain to be human-qualified. | No dated first-page signal is not evidence of no publication activity."
ra-auth-jo-2946b5a9d3aa6166,ra-route-2033bd0df1e9f30bf2be,JO,Jordan,Central Bank of Jordan,central_banking;prudential_supervision;insurance,http://www.cbj.gov.jo/,https://www.cbj.gov.jo/AR/List/%D9%82%D8%B1%D8%A7%D8%B1%D8%A7%D8%AA_%D8%A7%D9%84%D8%B3%D9%8A%D8%A7%D8%B3%D8%A9_%D8%A7%D9%84%D9%86%D9%82%D8%AF%D9%8A%D8%A9,https://www.cbj.gov.jo/AR/List/%D9%82%D8%B1%D8%A7%D8%B1%D8%A7%D8%AA_%D8%A7%D9%84%D8%B3%D9%8A%D8%A7%D8%B3%D8%A9_%D8%A7%D9%84%D9%86%D9%82%D8%AF%D9%8A%D8%A9,not-observable,not-observable,challenge-protected,not-observable,not-observable,browser-clearance-required,browser-review-required,obstructed,ar,explicit-url-or-label-hint,,,not-observable,browser-review,not-observable,2026-08-20T12:11:07.553Z,2026-08-20T12:11:07.553Z,Approved from the official-source snapshot only; no scraper promotion is implied. | Direct observation was not available; preserve the transport/browser state and do not infer publication absence. | No dated first-page signal is not evidence of no publication activity.
ra-auth-kz-ce0d42c7c6d90a4b,ra-route-145b7c57d65945118881,KZ,Kazakhstan,Astana Financial Services Authority (AFSA),insurance,http://www.afsa.kz/,https://afsa.aifc.kz/notice-register/,https://afsa.aifc.kz/notice-register/,external-unqualified,news_or_notice,reachable,first-page-observed-no-date,plausible-official-publication-candidate,manual-scope-review,manual-review-required,candidate-needs-validation,en,explicit-url-or-label-hint,,,no-dated-first-page-signal,manual-review,first-page-only-unvalidated,2026-08-20T12:11:07.553Z,2026-08-20T12:11:07.553Z,"Approved from the official-source snapshot only; no scraper promotion is implied. | First-page observation only; pagination, archive depth and field completeness remain to be human-qualified. | No dated first-page signal is not evidence of no publication activity."
ra-auth-kz-6e0541011016289b,ra-route-ab703e00aa9fbf4383cc,KZ,Kazakhstan,National Bank of Kazakhstan,central_banking;prudential_supervision,https://nationalbank.kz/en,https://nationalbank.kz/en/sanction/sankcii-i-mery-vozdeystviya,https://nationalbank.kz/en/sanction/sankcii-i-mery-vozdeystviya,authority-owned,sanctions_or_penalty_list,reachable,first-page-observed-no-date,strong-official-publication-candidate,direct-http-scope-observed,approved-for-human-contract,authority-owned,en;fr,explicit-url-or-label-hint,,,no-dated-first-page-signal,manual-review,first-page-only-unvalidated,2026-08-20T12:11:07.553Z,2026-08-20T12:11:07.553Z,"Approved from the official-source snapshot only; no scraper promotion is implied. | First-page observation only; pagination, archive depth and field completeness remain to be human-qualified. | No dated first-page signal is not evidence of no publication activity."
ra-auth-ke-5081ea50006bf5d2,ra-route-d28a938354820dcdd373,KE,Kenya,Central Bank of Kenya,central_banking;prudential_supervision,http://www.centralbank.go.ke/,https://www.centralbank.go.ke/releases/public-notices/,https://www.centralbank.go.ke/releases/public-notices/,authority-owned,news_or_notice,reachable,dated-first-page-signal,generic-or-ambiguous-link,manual-scope-review,manual-review-required,candidate-needs-validation,en,explicit-url-or-label-hint,2026-05,2026-05,low-frequency-first-page-signal,semiannual,first-page-only-unvalidated,2026-08-20T12:11:07.553Z,2026-08-20T12:11:07.553Z,"Approved from the official-source snapshot only; no scraper promotion is implied. | First-page observation only; pagination, archive depth and field completeness remain to be human-qualified. | Cadence is provisional and must be replaced by a regulator-specific contract after archive review."
ra-auth-ke-5c954037a3c08c4d,ra-route-cf7281bcbf866be1689f,KE,Kenya,Insurance Regulatory Authority,insurance,https://www.ira.go.ke/,https://www.ira.go.ke/legal-notices/?_t=1510,https://www.ira.go.ke/legal-notices/?_t=1510,not-observable,not-observable,challenge-protected,not-observable,not-observable,browser-clearance-required,browser-review-required,obstructed,en,explicit-url-or-label-hint,,,not-observable,browser-review,not-observable,2026-08-20T12:11:07.553Z,2026-08-20T12:11:07.553Z,Approved from the official-source snapshot only; no scraper promotion is implied. | Direct observation was not available; preserve the transport/browser state and do not infer publication absence. | No dated first-page signal is not evidence of no publication activity.
ra-auth-ke-2c368c5d7983d1d2,ra-route-837a2e3a7466382ab580,KE,Kenya,Retirement Benefits Authority,pensions,https://www.rba.go.ke/,https://www.rba.go.ke/news-and-events/,https://www.rba.go.ke/news-and-events/,authority-owned,news_or_notice,reachable,dated-first-page-signal,generic-or-ambiguous-link,manual-scope-review,manual-review-required,candidate-needs-validation,en,explicit-url-or-label-hint,2024-01;2024-02;2024-03;2024-06;2024-07;2024-08;2024-09;2024-12;2025-02;2025-03;2025-04;2025-05;2025-06;2025-07;2025-08;2025-09;2026-05;2026-07;2026-08,2026-08,active-first-page-signal,monthly,first-page-only-unvalidated,2026-08-20T12:11:07.553Z,2026-08-20T12:11:07.553Z,"Approved from the official-source snapshot only; no scraper promotion is implied. | First-page observation only; pagination, archive depth and field completeness remain to be human-qualified. | Cadence is provisional and must be replaced by a regulator-specific contract after archive review."
ra-auth-kg-05648be7eacb5605,ra-route-c31984403a6616a7b52e,KG,Kyrgyzstan,National Bank of the Kyrgyz Republic,central_banking;prudential_supervision,https://www.nbkr.kg/index.jsp?lang=eng,https://www.nbkr.kg/index1.jsp?item=1631&lang=ENG,https://www.nbkr.kg/index1.jsp?item=1631&lang=ENG,authority-owned,sanctions_or_penalty_list,reachable,first-page-observed-no-date,strong-official-publication-candidate,direct-http-scope-observed,approved-for-human-contract,authority-owned,en;fr,explicit-url-or-label-hint,,,no-dated-first-page-signal,manual-review,first-page-only-unvalidated,2026-08-20T12:11:07.553Z,2026-08-20T12:11:07.553Z,"Approved from the official-source snapshot only; no scraper promotion is implied. | First-page observation only; pagination, archive depth and field completeness remain to be human-qualified. | No dated first-page signal is not evidence of no publication activity."
ra-auth-kg-f52346c3ceacbc1d,ra-route-136f4f67eb7744ba06e4,KG,Kyrgyzstan,The State Financial Intelligence Under the Government of the Kyrgyz Republic (FIS),financial_intelligence,http://www.fiu.gov.kg/en.html,http://fiu.gov.kg/sked/2,https://fiu.gov.kg/sked/2,not-observable,not-observable,challenge-protected,not-observable,not-observable,browser-clearance-required,browser-review-required,obstructed,,not-determined,,,not-observable,browser-review,not-observable,2026-08-20T12:11:07.553Z,2026-08-20T12:11:07.553Z,Approved from the official-source snapshot only; no scraper promotion is implied. | Direct observation was not available; preserve the transport/browser state and do not infer publication absence. | No dated first-page signal is not evidence of no publication activity.
ra-auth-lv-cd475f08c506a7de,ra-route-5dcbd467bc2eef4e55f6,LV,Latvia,Financial Intelligence Unit of Latvia (FID),financial_intelligence,https://www.fid.gov.lv/en,https://www.fid.gov.lv/en/roles-and-responsibilities/sanctions,https://www.fid.gov.lv/en/roles-and-responsibilities/sanctions,authority-owned,sanctions_or_penalty_list,reachable,first-page-observed-no-date,strong-official-publication-candidate,direct-http-scope-observed,approved-for-human-contract,authority-owned,en;fr,explicit-url-or-label-hint,,,no-dated-first-page-signal,manual-review,first-page-only-unvalidated,2026-08-20T12:11:07.553Z,2026-08-20T12:11:07.553Z,"Approved from the official-source snapshot only; no scraper promotion is implied. | First-page observation only; pagination, archive depth and field completeness remain to be human-qualified. | No dated first-page signal is not evidence of no publication activity."
ra-auth-ls-961e8f5afecb5698,ra-route-b5fa93c5cd35aa703035,LS,Lesotho,Financial Intelligence Unit of Lesotho,financial_intelligence,https://fiu.org.ls/,https://www.un.org/securitycouncil/sanctions/1267/aq_sanctions_list,https://main.un.org/securitycouncil/en/sanctions/1267/aq_sanctions_list,official-external,sanctions_or_penalty_list,reachable,dated-first-page-signal,strong-official-publication-candidate,official-external-scope,manual-review-required,official-external,en;fr,explicit-url-or-label-hint,2026-08,2026-08,low-frequency-first-page-signal,semiannual,first-page-only-unvalidated,2026-08-20T12:11:07.553Z,2026-08-20T12:11:07.553Z,"Approved from the official-source snapshot only; no scraper promotion is implied. | First-page observation only; pagination, archive depth and field completeness remain to be human-qualified. | Cadence is provisional and must be replaced by a regulator-specific contract after archive review."
ra-auth-lr-63aeca53708bfff5,ra-route-ebc33ae79cdd3b49994b,LR,Liberia,Central Bank of Liberia,central_banking,http://www.cbl.org.lr/,https://www.cbl.org.lr/publications/document-type/mpc-decisions,https://www.cbl.org.lr/publications/document-type/mpc-decisions,authority-owned,decision_register,reachable,dated-first-page-signal,generic-or-ambiguous-link,manual-scope-review,manual-review-required,candidate-needs-validation,en,explicit-url-or-label-hint,2024-01;2024-05;2024-10;2025-04;2025-07;2025-10;2026-02;2026-04;2026-07,2026-07,periodic-first-page-signal,quarterly,first-page-only-unvalidated,2026-08-20T12:11:07.553Z,2026-08-20T12:11:07.553Z,"Approved from the official-source snapshot only; no scraper promotion is implied. | First-page observation only; pagination, archive depth and field completeness remain to be human-qualified. | Cadence is provisional and must be replaced by a regulator-specific contract after archive review."
ra-auth-lr-f9d6ec7ffa2640df,ra-route-0c53ca2674b1a3755ace,LR,Liberia,Financial Intelligence Agency of Liberia	(FIA-LIBERIA),financial_intelligence,https://www.fialiberia.gov.lr/,http://moj.gov.lr/agencies/dea/,https://moj.gov.lr/agencies/dea/,not-observable,not-observable,http-404,not-observable,not-observable,transport-review-required,transport-follow-up-required,obstructed,en,explicit-url-or-label-hint,,,not-observable,manual-review,not-observable,2026-08-20T12:11:07.553Z,2026-08-20T12:11:07.553Z,Approved from the official-source snapshot only; no scraper promotion is implied. | Direct observation was not available; preserve the transport/browser state and do not infer publication absence. | No dated first-page signal is not evidence of no publication activity.
ra-auth-li-3583e5a2bfcccaee,ra-route-19c387b428d34a475de4,LI,Liechtenstein,Financial Market Authority,prudential_supervision;securities;insurance;pensions,http://www.fma-li.li/,https://www.fma-li.li/de/aufsicht-regulierung/enforcement-und-sanktionen,https://www.fma-li.li/de/aufsicht-regulierung/enforcement-und-sanktionen,authority-owned,sanctions_or_penalty_list,reachable,dated-first-page-signal,strong-official-publication-candidate,direct-http-scope-observed,approved-for-human-contract,authority-owned,de;en,explicit-url-or-label-hint,2024-01;2024-02;2024-03;2024-04;2024-05;2024-06;2024-07;2024-09;2024-10;2024-12;2025-01;2025-02;2025-03;2025-04;2025-05;2025-06;2025-08;2025-09;2025-11;2025-12;2026-01;2026-02;2026-03;2026-04;2026-05;2026-06,2026-06,frequent-first-page-signal,monthly,first-page-only-unvalidated,2026-08-20T12:11:07.553Z,2026-08-20T12:11:07.553Z,"Approved from the official-source snapshot only; no scraper promotion is implied. | First-page observation only; pagination, archive depth and field completeness remain to be human-qualified. | No dated first-page signal is not evidence of no publication activity."
ra-auth-lu-84251d070ed5ff9e,ra-route-8019440bd27558b149da,LU,Luxembourg,Central Bank of Luxembourg,central_banking;prudential_supervision,https://www.bcl.lu/en/index.html,https://www.bcl.lu/en/support/cookies1/index.html,https://www.bcl.lu/en/support/cookies1/index.html,authority-owned,news_or_notice,reachable,first-page-observed-no-date,generic-or-ambiguous-link,manual-scope-review,manual-review-required,candidate-needs-validation,en,explicit-url-or-label-hint,,,no-dated-first-page-signal,manual-review,first-page-only-unvalidated,2026-08-20T12:11:07.553Z,2026-08-20T12:11:07.553Z,"Approved from the official-source snapshot only; no scraper promotion is implied. | First-page observation only; pagination, archive depth and field completeness remain to be human-qualified. | No dated first-page signal is not evidence of no publication activity."
ra-auth-lu-f1737e3d882eb414,ra-route-7297b26099b7e76e3a3a,LU,Luxembourg,Commissariat aux Assurances,insurance,http://www.caa.lu/,https://www.caa.lu/fr/informations/sanctions-fin-int-contre-russie,https://www.caa.lu/fr/informations/sanctions-fin-int-contre-russie,authority-owned,sanctions_or_penalty_list,reachable,dated-first-page-signal,strong-official-publication-candidate,direct-http-scope-observed,approved-for-human-contract,authority-owned,en;fr,explicit-url-or-label-hint,2024-01;2024-03;2024-04;2024-05;2024-06;2024-07;2024-09;2024-10;2024-12;2025-03;2025-04;2025-05;2025-06;2025-07;2025-09;2025-10;2025-12;2026-01;2026-03;2026-04;2026-05;2026-06;2026-07;2026-08,2026-08,frequent-first-page-signal,monthly,first-page-only-unvalidated,2026-08-20T12:11:07.553Z,2026-08-20T12:11:07.553Z,"Approved from the official-source snapshot only; no scraper promotion is implied. | First-page observation only; pagination, archive depth and field completeness remain to be human-qualified. | No dated first-page signal is not evidence of no publication activity."
ra-auth-lu-aa1f616f9a753d5e,ra-route-b0a29fb92e49acef8ce1,LU,Luxembourg,Commission de Surveillance du Secteur Financier,prudential_supervision;securities;pensions,http://www.cssf.lu/en/,https://www.cssf.lu/en/enforcement-of-financial-information/,https://www.cssf.lu/en/enforcement-of-financial-information/,authority-owned,enforcement_archive,reachable,dated-first-page-signal,strong-official-publication-candidate,direct-http-scope-observed,approved-for-human-contract,authority-owned,en,explicit-url-or-label-hint,2024-01;2024-02;2024-04;2024-05;2024-07;2024-10;2024-12;2025-02;2025-04;2025-06;2025-07;2025-08;2025-10;2025-12;2026-01;2026-02,2026-02,active-first-page-signal,monthly,first-page-only-unvalidated,2026-08-20T12:11:07.553Z,2026-08-20T12:11:07.553Z,"Approved from the official-source snapshot only; no scraper promotion is implied. | First-page observation only; pagination, archive depth and field completeness remain to be human-qualified. | Cadence is provisional and must be replaced by a regulator-specific contract after archive review."
ra-auth-mg-ba6ac1e4cf1a640b,ra-route-1de0b1e8122fb0bc58d0,MG,Madagascar,The Financial Intelligent Unit (SAMIFIN),financial_intelligence,https://www.samifin.gov.mg/,https://www.samifin.gov.mg/,https://www.samifin.gov.mg/,authority-owned,sanctions_or_penalty_list,reachable,dated-first-page-signal,strong-official-publication-candidate,direct-http-scope-observed,approved-for-human-contract,authority-owned,en;fr,explicit-url-or-label-hint,2026-05;2026-06;2026-07;2026-08,2026-08,periodic-first-page-signal,quarterly,first-page-only-unvalidated,2026-08-20T12:11:07.553Z,2026-08-20T12:11:07.553Z,"Approved from the official-source snapshot only; no scraper promotion is implied. | First-page observation only; pagination, archive depth and field completeness remain to be human-qualified. | Cadence is provisional and must be replaced by a regulator-specific contract after archive review."
ra-auth-mw-b1eb81f4bf1050a1,ra-route-8409918cd4a6808af97a,MW,Malawi,Financial Intelligence Authority Malawi (FIA-Malawi),financial_intelligence,https://fia.gov.mw/index.php,https://fia.gov.mw/publications/Supression%20of%20TF%20and%20Proliferation%20Regulations-Director.pdf,https://fia.gov.mw/publications/Supression%20of%20TF%20and%20Proliferation%20Regulations-Director.pdf,authority-owned,detail_document,reachable,first-page-observed-no-date,generic-or-ambiguous-link,manual-scope-review,manual-review-required,candidate-needs-validation,en,explicit-url-or-label-hint,,,no-dated-first-page-signal,manual-review,first-page-only-unvalidated,2026-08-20T12:11:07.553Z,2026-08-20T12:11:07.553Z,"Approved from the official-source snapshot only; no scraper promotion is implied. | First-page observation only; pagination, archive depth and field completeness remain to be human-qualified. | No dated first-page signal is not evidence of no publication activity."
ra-auth-mw-30842d3b4a788718,ra-route-087960a177a254e5822e,MW,Malawi,Reserve Bank of Malawi,central_banking;prudential_supervision;securities;pensions,,https://www.rbm.mw/,https://www.rbm.mw/,external-unqualified,news_or_notice,reachable,dated-first-page-signal,generic-or-ambiguous-link,manual-scope-review,manual-review-required,candidate-needs-validation,en,explicit-url-or-label-hint,2025-12;2026-06;2026-07;2026-08,2026-08,periodic-first-page-signal,quarterly,first-page-only-unvalidated,2026-08-20T12:11:07.553Z,2026-08-20T12:11:07.553Z,"Approved from the official-source snapshot only; no scraper promotion is implied. | First-page observation only; pagination, archive depth and field completeness remain to be human-qualified. | Cadence is provisional and must be replaced by a regulator-specific contract after archive review."
ra-auth-my-13ab58f4ef171930,ra-route-bc4bb30d2a592cc655fd,MY,Malaysia,Central Bank of Malaysia,central_banking;prudential_supervision;insurance,http://www.bnm.gov.my/,https://www.bnm.gov.my/committees/mprc,https://www.bnm.gov.my/committees/mprc,authority-owned,enforcement_archive,reachable,first-page-observed-no-date,strong-official-publication-candidate,direct-http-scope-observed,approved-for-human-contract,authority-owned,,not-determined,,,no-dated-first-page-signal,manual-review,first-page-only-unvalidated,2026-08-20T12:11:07.553Z,2026-08-20T12:11:07.553Z,"Approved from the official-source snapshot only; no scraper promotion is implied. | First-page observation only; pagination, archive depth and field completeness remain to be human-qualified. | No dated first-page signal is not evidence of no publication activity."
ra-auth-my-f81c008a715d8141,ra-route-352871cf968ceda64430,MY,Malaysia,Labuan Financial Services Authority (Labuan FSA),insurance,http://www.labuanfsa.gov.my/,https://www.labuanfsa.gov.my/,https://www.labuanfsa.gov.my/,not-observable,not-observable,challenge-protected,not-observable,not-observable,browser-clearance-required,browser-review-required,obstructed,en,explicit-url-or-label-hint,,,not-observable,browser-review,not-observable,2026-08-20T12:11:07.553Z,2026-08-20T12:11:07.553Z,Approved from the official-source snapshot only; no scraper promotion is implied. | Direct observation was not available; preserve the transport/browser state and do not infer publication absence. | No dated first-page signal is not evidence of no publication activity.
ra-auth-my-0daa8fb60849bc6c,ra-route-ddbeee57084bc27d7d65,MY,Malaysia,Securities Commission*,securities,http://www.sc.com.my/,https://www.sc.com.my/analytics/enforcement,https://www.sc.com.my/analytics/enforcement,authority-owned,enforcement_archive,reachable,first-page-observed-no-date,strong-official-publication-candidate,direct-http-scope-observed,approved-for-human-contract,authority-owned,en,explicit-url-or-label-hint,,,no-dated-first-page-signal,manual-review,first-page-only-unvalidated,2026-08-20T12:11:07.553Z,2026-08-20T12:11:07.553Z,"Approved from the official-source snapshot only; no scraper promotion is implied. | First-page observation only; pagination, archive depth and field completeness remain to be human-qualified. | No dated first-page signal is not evidence of no publication activity."
ra-auth-mv-012011e24a96c215,ra-route-a5c05dc8b919542a7824,MV,Maldives,Capital Market Development Authority,securities;pensions,https://cmda.gov.mv/en,https://cmda.gov.mv/en/enforcement,https://cmda.gov.mv/en/enforcement,authority-owned,enforcement_archive,reachable,first-page-observed-no-date,strong-official-publication-candidate,direct-http-scope-observed,approved-for-human-contract,authority-owned,en,explicit-url-or-label-hint,,,no-dated-first-page-signal,manual-review,first-page-only-unvalidated,2026-08-20T12:11:07.553Z,2026-08-20T12:11:07.553Z,"Approved from the official-source snapshot only; no scraper promotion is implied. | First-page observation only; pagination, archive depth and field completeness remain to be human-qualified. | No dated first-page signal is not evidence of no publication activity."
ra-auth-ml-18315f65a4531e8c,ra-route-f58616c0050f144de184,ML,Mali,Central Bank of West African States (BCEAO),central_banking;prudential_supervision,https://www.bceao.int/en,https://www.bceao.int/en,https://www.bceao.int/en,authority-owned,news_or_notice,reachable,dated-first-page-signal,generic-or-ambiguous-link,manual-scope-review,manual-review-required,candidate-needs-validation,en,explicit-url-or-label-hint,2026-03;2026-05;2026-06;2026-07,2026-07,periodic-first-page-signal,quarterly,first-page-only-unvalidated,2026-08-20T12:11:07.553Z,2026-08-20T12:11:07.553Z,"Approved from the official-source snapshot only; no scraper promotion is implied. | First-page observation only; pagination, archive depth and field completeness remain to be human-qualified. | Cadence is provisional and must be replaced by a regulator-specific contract after archive review."
ra-auth-ml-8d965f4ac2312964,ra-route-4554c98ad73b7ad8dbe7,ML,Mali,Conférence Interafricaine des Marchés d'Assurances (CIMA),insurance,http://cima-afrique.org/,https://cima-afrique.org/decisions-du-cma/,https://cima-afrique.org/decisions-du-cma/,authority-owned,decision_register,reachable,dated-first-page-signal,generic-or-ambiguous-link,manual-scope-review,manual-review-required,candidate-needs-validation,en;fr,explicit-url-or-label-hint,2026-07,2026-07,low-frequency-first-page-signal,semiannual,first-page-only-unvalidated,2026-08-20T12:11:07.553Z,2026-08-20T12:11:07.553Z,"Approved from the official-source snapshot only; no scraper promotion is implied. | First-page observation only; pagination, archive depth and field completeness remain to be human-qualified. | Cadence is provisional and must be replaced by a regulator-specific contract after archive review."
ra-auth-mt-6413d1c7055f21d3,ra-route-3af12fe37b08fca33e51,MT,Malta,Financial Intelligence Analysis Unit (FIAU),financial_intelligence,https://fiaumalta.org/,https://fiaumalta.org/what-we-do/enforcement/,https://fiaumalta.org/what-we-do/enforcement/,authority-owned,enforcement_archive,reachable,first-page-observed-no-date,strong-official-publication-candidate,direct-http-scope-observed,approved-for-human-contract,authority-owned,en,explicit-url-or-label-hint,,,no-dated-first-page-signal,manual-review,first-page-only-unvalidated,2026-08-20T12:11:07.553Z,2026-08-20T12:11:07.553Z,"Approved from the official-source snapshot only; no scraper promotion is implied. | First-page observation only; pagination, archive depth and field completeness remain to be human-qualified. | No dated first-page signal is not evidence of no publication activity."
ra-auth-mu-f428becbb16b4775,ra-route-d6926e6dd247153a6f09,MU,Mauritius,Bank of Mauritius,central_banking;prudential_supervision,http://www.bom.mu/,https://www.bom.mu/financial-stability/amlcft/implementation-targeted-sanctions,https://www.bom.mu/financial-stability/amlcft/implementation-targeted-sanctions,not-observable,not-observable,challenge-protected,not-observable,not-observable,browser-clearance-required,browser-review-required,obstructed,en;fr,explicit-url-or-label-hint,2024-12,2024-12,not-observable,browser-review,not-observable,2026-08-20T12:11:07.553Z,2026-08-20T12:11:07.553Z,Approved from the official-source snapshot only; no scraper promotion is implied. | Direct observation was not available; preserve the transport/browser state and do not infer publication absence. | No dated first-page signal is not evidence of no publication activity.
ra-auth-md-8b809648505080fe,ra-route-966f6ec6c09474dc4687,MD,Moldova,National Bank of Moldova,central_banking;prudential_supervision;insurance,http://www.bnm.md/en,https://www.bnm.md/en/content/applied-sanctions-foreign-exchange-entities,https://www.bnm.md/en/content/applied-sanctions-foreign-exchange-entities,not-observable,not-observable,challenge-protected,not-observable,not-observable,browser-clearance-required,browser-review-required,obstructed,en;fr,explicit-url-or-label-hint,,,not-observable,browser-review,not-observable,2026-08-20T12:11:07.553Z,2026-08-20T12:11:07.553Z,Approved from the official-source snapshot only; no scraper promotion is implied. | Direct observation was not available; preserve the transport/browser state and do not infer publication absence. | No dated first-page signal is not evidence of no publication activity.
ra-auth-mc-1900c62672733798,ra-route-b98bb1b63b33cfbde4ff,MC,Monaco,Commission de Contrôle des Activités Financières,securities,http://www.ccaf.mc/,https://ccaf.mc/ccaf/les-sanctions-prononcees/,https://ccaf.mc/ccaf/les-sanctions-prononcees/,not-observable,not-observable,challenge-protected,not-observable,not-observable,browser-clearance-required,browser-review-required,obstructed,en;fr,explicit-url-or-label-hint,,,not-observable,browser-review,not-observable,2026-08-20T12:11:07.553Z,2026-08-20T12:11:07.553Z,Approved from the official-source snapshot only; no scraper promotion is implied. | Direct observation was not available; preserve the transport/browser state and do not infer publication absence. | No dated first-page signal is not evidence of no publication activity.
ra-auth-mn-3cedfee72c27e2d7,ra-route-3a9a50474b574159da62,MN,Mongolia,Bank of Mongolia,central_banking;financial_intelligence,https://www.mongolbank.mn/en/,https://www.mongolbank.mn/en/p/1098,https://www.mongolbank.mn/en/p/1098,authority-owned,decision_register,reachable,first-page-observed-no-date,generic-or-ambiguous-link,manual-scope-review,manual-review-required,candidate-needs-validation,en,explicit-url-or-label-hint,,,no-dated-first-page-signal,manual-review,first-page-only-unvalidated,2026-08-20T12:11:07.553Z,2026-08-20T12:11:07.553Z,"Approved from the official-source snapshot only; no scraper promotion is implied. | First-page observation only; pagination, archive depth and field completeness remain to be human-qualified. | No dated first-page signal is not evidence of no publication activity."
ra-auth-me-21f97d9d2786b49d,ra-route-1ce28db1e182f4726178,ME,Montenegro,Central Bank of Montenegro,central_banking,https://www.cbcg.me/en,https://www.cbcg.me/en/public-relations/information/faq?accordion-open=1730,https://www.cbcg.me/en/public-relations/information/faq?accordion-open=1730,authority-owned,decision_register,reachable,first-page-observed-no-date,plausible-official-publication-candidate,manual-scope-review,manual-review-required,candidate-needs-validation,en,explicit-url-or-label-hint,,,no-dated-first-page-signal,manual-review,first-page-only-unvalidated,2026-08-20T12:11:07.553Z,2026-08-20T12:11:07.553Z,"Approved from the official-source snapshot only; no scraper promotion is implied. | First-page observation only; pagination, archive depth and field completeness remain to be human-qualified. | No dated first-page signal is not evidence of no publication activity."
ra-auth-ms-63def3171dbaa0fd,ra-route-d2453f52858ad8784b38,MS,Montserrat,Financial Services Commission,prudential_supervision,http://www.fscmontserrat.org/,https://www.fscmontserrat.org/sanctions/,https://www.fscmontserrat.org/sanctions/,authority-owned,sanctions_or_penalty_list,reachable,first-page-observed-no-date,strong-official-publication-candidate,direct-http-scope-observed,approved-for-human-contract,authority-owned,en;fr,explicit-url-or-label-hint,,,no-dated-first-page-signal,manual-review,first-page-only-unvalidated,2026-08-20T12:11:07.553Z,2026-08-20T12:11:07.553Z,"Approved from the official-source snapshot only; no scraper promotion is implied. | First-page observation only; pagination, archive depth and field completeness remain to be human-qualified. | No dated first-page signal is not evidence of no publication activity."
ra-auth-ma-338afef2320a3cef,ra-route-ed03d62538fe8aa0ee2c,MA,Morocco,Bank Al-Maghrib (Central Bank of Morocco),central_banking;prudential_supervision,http://www.bkam.ma/en,https://www.bkam.ma/en/Banking-supervision/Sanctions-regime,https://www.bkam.ma/en/Banking-supervision/Sanctions-regime,not-observable,not-observable,challenge-protected,not-observable,not-observable,browser-clearance-required,browser-review-required,obstructed,en;fr,explicit-url-or-label-hint,,,not-observable,browser-review,not-observable,2026-08-20T12:11:07.553Z,2026-08-20T12:11:07.553Z,Approved from the official-source snapshot only; no scraper promotion is implied. | Direct observation was not available; preserve the transport/browser state and do not infer publication absence. | No dated first-page signal is not evidence of no publication activity.
ra-auth-mz-adf60fbe1d939306,ra-route-d041563acff49bc222f6,MZ,Mozambique,Financial Intelligence Office of Mozambique (GiFiM),financial_intelligence,https://www.gifim.gov.mz/,https://www.gifim.gov.mz/,https://www.gifim.gov.mz/,authority-owned,sanctions_or_penalty_list,reachable,first-page-observed-no-date,strong-official-publication-candidate,direct-http-scope-observed,approved-for-human-contract,authority-owned,,not-determined,,,no-dated-first-page-signal,manual-review,first-page-only-unvalidated,2026-08-20T12:11:07.553Z,2026-08-20T12:11:07.553Z,"Approved from the official-source snapshot only; no scraper promotion is implied. | First-page observation only; pagination, archive depth and field completeness remain to be human-qualified. | No dated first-page signal is not evidence of no publication activity."
ra-auth-mm-df094c15b2de6b82,ra-route-1776f11039143d4e4af8,MM,Myanmar,Central Bank of Myanmar,central_banking;prudential_supervision,http://www.cbm.gov.mm/,https://www.cbm.gov.mm/content/2253,https://www.cbm.gov.mm/content/2253,not-observable,not-observable,challenge-protected,not-observable,not-observable,browser-clearance-required,browser-review-required,obstructed,,not-determined,,,not-observable,browser-review,not-observable,2026-08-20T12:11:07.553Z,2026-08-20T12:11:07.553Z,Approved from the official-source snapshot only; no scraper promotion is implied. | Direct observation was not available; preserve the transport/browser state and do not infer publication absence. | No dated first-page signal is not evidence of no publication activity.
ra-auth-na-a09a52baa16d6537,ra-route-fc180f615677a8a4448b,NA,Namibia,Financial Intelligence Centre (FIC),financial_intelligence,https://www.fic.na/,https://services.fic.na/FICSanctionsTool,https://services.fic.na/FICSanctionsTool,authority-owned,sanctions_or_penalty_list,reachable,first-page-observed-no-date,strong-official-publication-candidate,direct-http-scope-observed,approved-for-human-contract,authority-owned,en;fr,explicit-url-or-label-hint,,,no-dated-first-page-signal,manual-review,first-page-only-unvalidated,2026-08-20T12:11:07.553Z,2026-08-20T12:11:07.553Z,"Approved from the official-source snapshot only; no scraper promotion is implied. | First-page observation only; pagination, archive depth and field completeness remain to be human-qualified. | No dated first-page signal is not evidence of no publication activity."
ra-auth-nr-111315c08a95ba5b,ra-route-ca9b7ebc24f96181eeb1,NR,Nauru,Financial Intelligence Unit of Nauru,financial_intelligence,https://justice.gov.nr/financial-intelligence-unit/,https://justice.gov.nr/wp-content/uploads/2024/06/Anti-Money-Laundering-Targeted-Financial-Sanctions-Fit-and-Proper-Person-Criteria.pdf,https://justice.gov.nr/wp-content/uploads/2024/06/Anti-Money-Laundering-Targeted-Financial-Sanctions-Fit-and-Proper-Person-Criteria.pdf,authority-owned,sanctions_or_penalty_list,reachable,first-page-observed-no-date,generic-or-ambiguous-link,manual-scope-review,manual-review-required,candidate-needs-validation,en;fr,explicit-url-or-label-hint,,,no-dated-first-page-signal,manual-review,first-page-only-unvalidated,2026-08-20T12:11:07.553Z,2026-08-20T12:11:07.553Z,"Approved from the official-source snapshot only; no scraper promotion is implied. | First-page observation only; pagination, archive depth and field completeness remain to be human-qualified. | No dated first-page signal is not evidence of no publication activity."
ra-auth-np-e44afb5d807b4521,ra-route-bf8e0723a85425fb38b6,NP,Nepal,Central Bank of Nepal (Nepal Rastra Bank),central_banking;prudential_supervision;financial_intelligence,http://www.nrb.org.np/,https://www.nrb.org.np/targeted-sanction-list-and-other,https://www.nrb.org.np/targeted-sanction-list-and-other,not-observable,not-observable,challenge-protected,not-observable,not-observable,browser-clearance-required,browser-review-required,obstructed,en;fr,explicit-url-or-label-hint,,,not-observable,browser-review,not-observable,2026-08-20T12:11:07.553Z,2026-08-20T12:11:07.553Z,Approved from the official-source snapshot only; no scraper promotion is implied. | Direct observation was not available; preserve the transport/browser state and do not infer publication absence. | No dated first-page signal is not evidence of no publication activity.
ra-auth-np-4ddc8ac63da17f81,ra-route-5cda246e6bd47ce39889,NP,Nepal,Nepal Insurance Authority,insurance,http://www.nia.gov.np/,https://press.un.org/en/2024/sc15597.doc.htm,https://press.un.org/en/2024/sc15597.doc.htm,official-external,sanctions_or_penalty_list,reachable,first-page-observed-no-date,generic-or-ambiguous-link,official-external-scope,manual-review-required,official-external,en;fr,explicit-url-or-label-hint,,,no-dated-first-page-signal,manual-review,first-page-only-unvalidated,2026-08-20T12:11:07.553Z,2026-08-20T12:11:07.553Z,"Approved from the official-source snapshot only; no scraper promotion is implied. | First-page observation only; pagination, archive depth and field completeness remain to be human-qualified. | No dated first-page signal is not evidence of no publication activity."
ra-auth-nl-10807b7e1ae725cf,ra-route-1f10f60c6a94df48e62d,NL,Netherlands,De Nederlandsche Bank,central_banking;prudential_supervision;insurance;pensions,https://www.dnb.nl/en,https://www.dnb.nl/en/reliable-financial-sector/financial-sanctions/,https://www.dnb.nl/en/reliable-financial-sector/financial-sanctions/,authority-owned,sanctions_or_penalty_list,reachable,dated-first-page-signal,strong-official-publication-candidate,direct-http-scope-observed,approved-for-human-contract,authority-owned,en;fr,explicit-url-or-label-hint,2026-04;2026-06;2026-07,2026-07,periodic-first-page-signal,quarterly,first-page-only-unvalidated,2026-08-20T12:11:07.553Z,2026-08-20T12:11:07.553Z,"Approved from the official-source snapshot only; no scraper promotion is implied. | First-page observation only; pagination, archive depth and field completeness remain to be human-qualified. | Cadence is provisional and must be replaced by a regulator-specific contract after archive review."
ra-auth-nl-913a96340c4a4ad9,ra-route-83d017d644aae4403d28,NL,Netherlands,Financial Intelligence Unit – Netherlands (FIU-NL),financial_intelligence,http://www.fiu-nederland.nl/en,https://www.fiu-nederland.nl/en/knowledge_base/luxury-designer-goods-despite-sanctions/,https://www.fiu-nederland.nl/en/knowledge_base/luxury-designer-goods-despite-sanctions/,authority-owned,sanctions_or_penalty_list,reachable,first-page-observed-no-date,strong-official-publication-candidate,direct-http-scope-observed,approved-for-human-contract,authority-owned,en;fr,explicit-url-or-label-hint,,,no-dated-first-page-signal,manual-review,first-page-only-unvalidated,2026-08-20T12:11:07.553Z,2026-08-20T12:11:07.553Z,"Approved from the official-source snapshot only; no scraper promotion is implied. | First-page observation only; pagination, archive depth and field completeness remain to be human-qualified. | No dated first-page signal is not evidence of no publication activity."
ra-auth-nl-8d9c8ab686ac129d,ra-route-d24a49a7d2cafb4ad133,NL,Netherlands,The Dutch Authority for the Financial Markets*,securities;insurance,http://www.afm.nl/,https://www.afm.nl/nl-nl/sector/actueel/2026/aug/pb-boete-vfs,https://www.afm.nl/nl-nl/sector/actueel/2026/aug/pb-boete-vfs,authority-owned,generic_or_ambiguous,reachable,first-page-observed-no-date,generic-or-ambiguous-link,manual-scope-review,manual-review-required,candidate-needs-validation,,not-determined,,,no-dated-first-page-signal,manual-review,first-page-only-unvalidated,2026-08-20T12:11:07.553Z,2026-08-20T12:11:07.553Z,"Approved from the official-source snapshot only; no scraper promotion is implied. | First-page observation only; pagination, archive depth and field completeness remain to be human-qualified. | No dated first-page signal is not evidence of no publication activity."
ra-auth-nz-5cb92405158b06ea,ra-route-fab8120b0342083c0f3f,NZ,New Zealand,New Zealand Police Financial Intelligence Unit (NZ-Police FIU),financial_intelligence,http://www.police.govt.nz/advice/businesses-and-organisations/fiu,https://www.police.govt.nz/advice-services/personal-and-community-safety/trespass-notices,https://www.police.govt.nz/advice-services/personal-and-community-safety/trespass-notices,authority-owned,news_or_notice,reachable,first-page-observed-no-date,generic-or-ambiguous-link,manual-scope-review,manual-review-required,candidate-needs-validation,en,explicit-url-or-label-hint,,,no-dated-first-page-signal,manual-review,first-page-only-unvalidated,2026-08-20T12:11:07.553Z,2026-08-20T12:11:07.553Z,"Approved from the official-source snapshot only; no scraper promotion is implied. | First-page observation only; pagination, archive depth and field completeness remain to be human-qualified. | No dated first-page signal is not evidence of no publication activity."
ra-auth-ne-d988ab049aef37c9,ra-route-e5c9eb2a9ad5372fdc13,NE,Niger,Central Bank of West African States (BCEAO),central_banking;prudential_supervision,https://www.bceao.int/en,https://www.bceao.int/en,https://www.bceao.int/en,authority-owned,news_or_notice,reachable,dated-first-page-signal,generic-or-ambiguous-link,manual-scope-review,manual-review-required,candidate-needs-validation,en,explicit-url-or-label-hint,2026-03;2026-05;2026-06;2026-07,2026-07,periodic-first-page-signal,quarterly,first-page-only-unvalidated,2026-08-20T12:11:07.553Z,2026-08-20T12:11:07.553Z,"Approved from the official-source snapshot only; no scraper promotion is implied. | First-page observation only; pagination, archive depth and field completeness remain to be human-qualified. | Cadence is provisional and must be replaced by a regulator-specific contract after archive review."
ra-auth-ne-0399304458a1d049,ra-route-925637f7b7b286aca883,NE,Niger,Conférence Interafricaine des Marchés d'Assurances (CIMA),insurance,http://cima-afrique.org/,https://cima-afrique.org/decisions-du-cma/,https://cima-afrique.org/decisions-du-cma/,authority-owned,decision_register,reachable,dated-first-page-signal,generic-or-ambiguous-link,manual-scope-review,manual-review-required,candidate-needs-validation,en;fr,explicit-url-or-label-hint,2026-07,2026-07,low-frequency-first-page-signal,semiannual,first-page-only-unvalidated,2026-08-20T12:11:07.553Z,2026-08-20T12:11:07.553Z,"Approved from the official-source snapshot only; no scraper promotion is implied. | First-page observation only; pagination, archive depth and field completeness remain to be human-qualified. | Cadence is provisional and must be replaced by a regulator-specific contract after archive review."
ra-auth-ng-ba9a7a6b118d8ce0,ra-route-f0914ef534dbf0a7e9ea,NG,Nigeria,Central Bank of Nigeria,central_banking;prudential_supervision,http://www.cbn.gov.ng/,https://www.cbn.gov.ng/Documents/Notices.html,https://www.cbn.gov.ng/Documents/Notices.html,not-observable,not-observable,challenge-protected,not-observable,not-observable,browser-clearance-required,browser-review-required,obstructed,en,explicit-url-or-label-hint,,,not-observable,browser-review,not-observable,2026-08-20T12:11:07.553Z,2026-08-20T12:11:07.553Z,Approved from the official-source snapshot only; no scraper promotion is implied. | Direct observation was not available; preserve the transport/browser state and do not infer publication absence. | No dated first-page signal is not evidence of no publication activity.
ra-auth-ng-2a1f596657ede340,ra-route-7c87fc2d32e8d7caf502,NG,Nigeria,National Pension Commission,pensions,https://www.pencom.gov.ng/,https://www.pencom.gov.ng/website-privacy-notice/,https://www.pencom.gov.ng/website-privacy-notice/,not-observable,not-observable,challenge-protected,not-observable,not-observable,browser-clearance-required,browser-review-required,obstructed,en,explicit-url-or-label-hint,2026-06,2026-06,not-observable,browser-review,not-observable,2026-08-20T12:11:07.553Z,2026-08-20T12:11:07.553Z,Approved from the official-source snapshot only; no scraper promotion is implied. | Direct observation was not available; preserve the transport/browser state and do not infer publication absence. | No dated first-page signal is not evidence of no publication activity.
ra-auth-ng-eb9b424658ba742a,ra-route-e81ac79ddc53dc9f2830,NG,Nigeria,Securities and Exchange Commission*,securities,http://www.sec.gov.ng/,https://www.sec.gov.ng/enforcements/,https://www.sec.gov.ng/enforcements/,authority-owned,enforcement_archive,reachable,first-page-observed-no-date,strong-official-publication-candidate,direct-http-scope-observed,approved-for-human-contract,authority-owned,,not-determined,,,no-dated-first-page-signal,manual-review,first-page-only-unvalidated,2026-08-20T12:11:07.553Z,2026-08-20T12:11:07.553Z,"Approved from the official-source snapshot only; no scraper promotion is implied. | First-page observation only; pagination, archive depth and field completeness remain to be human-qualified. | No dated first-page signal is not evidence of no publication activity."
ra-auth-no-0317de728fad5e65,ra-route-a1692a7e18faeac5d1af,NO,Norway,Central Bank of Norway,central_banking;prudential_supervision,https://www.norges-bank.no/en/,https://www.norges-bank.no/en/topics/monetary-policy/Monetary-policy-meetings/2026/august-2026/,https://www.norges-bank.no/en/topics/monetary-policy/Monetary-policy-meetings/2026/august-2026/,authority-owned,decision_register,reachable,dated-first-page-signal,generic-or-ambiguous-link,manual-scope-review,manual-review-required,candidate-needs-validation,en,explicit-url-or-label-hint,2026-08,2026-08,low-frequency-first-page-signal,semiannual,first-page-only-unvalidated,2026-08-20T12:11:07.553Z,2026-08-20T12:11:07.553Z,"Approved from the official-source snapshot only; no scraper promotion is implied. | First-page observation only; pagination, archive depth and field completeness remain to be human-qualified. | Cadence is provisional and must be replaced by a regulator-specific contract after archive review."
ra-auth-pk-e149146c3d948ebf,ra-route-3a6d7bbd172f10d840d4,PK,Pakistan,Securities and Exchange Commission,securities;pensions,https://www.secp.gov.pk/,https://www.secp.gov.pk/enforcement/,https://www.secp.gov.pk/enforcement/orders/stock-exchanges-corporatization-demutualization-and-integration-act-2012/,authority-owned,enforcement_archive,reachable,first-page-observed-no-date,strong-official-publication-candidate,direct-http-scope-observed,approved-for-human-contract,authority-owned,en,explicit-url-or-label-hint,,,no-dated-first-page-signal,manual-review,first-page-only-unvalidated,2026-08-20T12:11:07.553Z,2026-08-20T12:11:07.553Z,"Approved from the official-source snapshot only; no scraper promotion is implied. | First-page observation only; pagination, archive depth and field completeness remain to be human-qualified. | No dated first-page signal is not evidence of no publication activity."
ra-auth-pw-073ffc67d44d3289,ra-route-aca837c34ac6952b3f6d,PW,Palau,Financial Intelligence Unit,financial_intelligence,https://palaufiu.org/,https://palaufiu.wordpress.com/wp-content/uploads/2026/03/notices-and-regulations-fiu-regulation-04-amlcft-reporting-entity-registry-1.pdf,https://palaufiu.wordpress.com/wp-content/uploads/2026/03/notices-and-regulations-fiu-regulation-04-amlcft-reporting-entity-registry-1.pdf,external-unqualified,detail_document,reachable,first-page-observed-no-date,generic-or-ambiguous-link,manual-scope-review,manual-review-required,candidate-needs-validation,en,explicit-url-or-label-hint,,,no-dated-first-page-signal,manual-review,first-page-only-unvalidated,2026-08-20T12:11:07.553Z,2026-08-20T12:11:07.553Z,"Approved from the official-source snapshot only; no scraper promotion is implied. | First-page observation only; pagination, archive depth and field completeness remain to be human-qualified. | No dated first-page signal is not evidence of no publication activity."
ra-auth-pa-167df02f7b7648f2,ra-route-643b27fb8b62a13b6181,PA,Panama,Superintendencia de Seguros y Reaseguros de Panamá,insurance,https://superseguros.gob.pa/,https://superseguros.gob.pa/sancion/,https://superseguros.gob.pa/sancion/,authority-owned,sanctions_or_penalty_list,reachable,first-page-observed-no-date,strong-official-publication-candidate,direct-http-scope-observed,approved-for-human-contract,authority-owned,es,explicit-url-or-label-hint,,,no-dated-first-page-signal,manual-review,first-page-only-unvalidated,2026-08-20T12:11:07.553Z,2026-08-20T12:11:07.553Z,"Approved from the official-source snapshot only; no scraper promotion is implied. | First-page observation only; pagination, archive depth and field completeness remain to be human-qualified. | No dated first-page signal is not evidence of no publication activity."
ra-auth-pa-e2451f201346da3f,ra-route-91bb06f25a6c16d261a6,PA,Panama,Superintendencia del Mercado de Valores,securities,http://www.supervalores.gob.pa/,https://supervalores.gob.pa/multas-sanciones-y-fallos/,https://supervalores.gob.pa/multas-sanciones-y-fallos/,authority-owned,sanctions_or_penalty_list,reachable,first-page-observed-no-date,strong-official-publication-candidate,direct-http-scope-observed,approved-for-human-contract,authority-owned,es;pt,explicit-url-or-label-hint,,,no-dated-first-page-signal,manual-review,first-page-only-unvalidated,2026-08-20T12:11:07.553Z,2026-08-20T12:11:07.553Z,"Approved from the official-source snapshot only; no scraper promotion is implied. | First-page observation only; pagination, archive depth and field completeness remain to be human-qualified. | No dated first-page signal is not evidence of no publication activity."
ra-auth-pe-e6da4b06cba98924,ra-route-cf6f166c79acd2b2e5b6,PE,Peru,Superintendencia del Mercado de Valores,securities,http://www.smv.gob.pe/,http://www.sanciones.gob.pe/transparencia/,http://www.sanciones.gob.pe/transparencia/,not-observable,not-observable,timeout,not-observable,not-observable,transport-review-required,transport-follow-up-required,obstructed,es,explicit-url-or-label-hint,,,not-observable,manual-review,not-observable,2026-08-20T12:11:07.553Z,2026-08-20T12:11:07.553Z,Approved from the official-source snapshot only; no scraper promotion is implied. | Direct observation was not available; preserve the transport/browser state and do not infer publication absence. | No dated first-page signal is not evidence of no publication activity.
ra-auth-ph-021a7632f8ed8967,ra-route-1d1ea273a3ee7d004671,PH,Philippines,Central Bank of the Philippines (Bangko Sentral ng Pilipinas),central_banking;prudential_supervision,http://www.bsp.gov.ph/,https://www.bsp.gov.ph/Pages/AboutTheBank/BSPPrivacyPolicy.aspx,https://www.bsp.gov.ph/Pages/AboutTheBank/BSPPrivacyPolicy.aspx,authority-owned,news_or_notice,reachable,first-page-observed-no-date,plausible-official-publication-candidate,manual-scope-review,manual-review-required,candidate-needs-validation,en,explicit-url-or-label-hint,,,no-dated-first-page-signal,manual-review,first-page-only-unvalidated,2026-08-20T12:11:07.553Z,2026-08-20T12:11:07.553Z,"Approved from the official-source snapshot only; no scraper promotion is implied. | First-page observation only; pagination, archive depth and field completeness remain to be human-qualified. | No dated first-page signal is not evidence of no publication activity."
ra-auth-pl-e031376147bc52f9,ra-route-2a90d04fae6a8e83cc5d,PL,Poland,General Inspector of Financial Information (GIFI),financial_intelligence,http://www.mf.gov.pl/en/ministry-of-finance/aml-ctf/contact,https://www.gov.pl/web/finance/klauzula-przetwarzania-danych-osobowych-udostepnionych-droga-elektroniczna,https://www.gov.pl/web/finance/klauzula-przetwarzania-danych-osobowych-udostepnionych-droga-elektroniczna,authority-owned,news_or_notice,reachable,first-page-observed-no-date,generic-or-ambiguous-link,manual-scope-review,manual-review-required,candidate-needs-validation,en,explicit-url-or-label-hint,,,no-dated-first-page-signal,manual-review,first-page-only-unvalidated,2026-08-20T12:11:07.553Z,2026-08-20T12:11:07.553Z,"Approved from the official-source snapshot only; no scraper promotion is implied. | First-page observation only; pagination, archive depth and field completeness remain to be human-qualified. | No dated first-page signal is not evidence of no publication activity."
ra-auth-pt-25015f95c2e3824b,ra-route-e80c215737d379808f4b,PT,Portugal,Autoridade de Supervisão de Seguros e Fundos de Pensões (ASF),insurance;pensions,http://www.asf.com.pt/,https://www.asf.com.pt/infra%C3%A7%C3%B5es-e-san%C3%A7%C3%B5es,https://www.asf.com.pt/mercado/infra%C3%A7%C3%B5es-e-san%C3%A7%C3%B5es/sinteses-trimestrais,authority-owned,enforcement_archive,reachable,first-page-observed-no-date,strong-official-publication-candidate,direct-http-scope-observed,approved-for-human-contract,authority-owned,pt,explicit-url-or-label-hint,,,no-dated-first-page-signal,manual-review,first-page-only-unvalidated,2026-08-20T12:11:07.553Z,2026-08-20T12:11:07.553Z,"Approved from the official-source snapshot only; no scraper promotion is implied. | First-page observation only; pagination, archive depth and field completeness remain to be human-qualified. | No dated first-page signal is not evidence of no publication activity."
ra-auth-pt-9fa9eef4de538f84,ra-route-ff86b638f101a561212d,PT,Portugal,Financial Intelligence Unit Portugal (UIF-Portugal),financial_intelligence,https://www.policiajudiciaria.pt/PortalWeb/page/%7BE6E29429-8228-44A5-8338-9A3F3BCC3986%7D,https://www.policiajudiciaria.pt/dsdi/,https://www.policiajudiciaria.pt/dsdi/,authority-owned,disciplinary_notice,reachable,first-page-observed-no-date,strong-official-publication-candidate,direct-http-scope-observed,approved-for-human-contract,authority-owned,,not-determined,,,no-dated-first-page-signal,manual-review,first-page-only-unvalidated,2026-08-20T12:11:07.553Z,2026-08-20T12:11:07.553Z,"Approved from the official-source snapshot only; no scraper promotion is implied. | First-page observation only; pagination, archive depth and field completeness remain to be human-qualified. | No dated first-page signal is not evidence of no publication activity."
ra-auth-qa-57a9d4785f79c95e,ra-route-35f038b2b2fc8c40f019,QA,Qatar,Qatar Financial Centre Regulatory Authority,prudential_supervision;insurance,http://www.qfcra.com/,https://www.qfcra.com/enforcement/,https://www.qfcra.com/enforcement/,not-observable,not-observable,challenge-protected,not-observable,not-observable,browser-clearance-required,browser-review-required,obstructed,en,explicit-url-or-label-hint,,,not-observable,browser-review,not-observable,2026-08-20T12:11:07.553Z,2026-08-20T12:11:07.553Z,Approved from the official-source snapshot only; no scraper promotion is implied. | Direct observation was not available; preserve the transport/browser state and do not infer publication absence. | No dated first-page signal is not evidence of no publication activity.
ra-auth-cg-7f341a85e6904e9c,ra-route-50e0ce5e2fd32630d190,CG,Republic of the Congo,Bank of Central African States,central_banking,https://www.beac.int/,https://www.beac.int/p-des-changes/circulaires-et-decisions/,https://www.beac.int/p-des-changes/circulaires-et-decisions/,not-observable,not-observable,challenge-protected,not-observable,not-observable,browser-clearance-required,browser-review-required,obstructed,en;fr,explicit-url-or-label-hint,,,not-observable,browser-review,not-observable,2026-08-20T12:11:07.553Z,2026-08-20T12:11:07.553Z,Approved from the official-source snapshot only; no scraper promotion is implied. | Direct observation was not available; preserve the transport/browser state and do not infer publication absence. | No dated first-page signal is not evidence of no publication activity.
ra-auth-cg-0385674efd623030,ra-route-567971e52755315cd26d,CG,Republic of the Congo,Conférence Interafricaine des Marchés d'Assurances (CIMA),insurance,http://cima-afrique.org/,https://cima-afrique.org/decisions-du-cma/,https://cima-afrique.org/decisions-du-cma/,authority-owned,decision_register,reachable,dated-first-page-signal,generic-or-ambiguous-link,manual-scope-review,manual-review-required,candidate-needs-validation,en;fr,explicit-url-or-label-hint,2026-07,2026-07,low-frequency-first-page-signal,semiannual,first-page-only-unvalidated,2026-08-20T12:11:07.553Z,2026-08-20T12:11:07.553Z,"Approved from the official-source snapshot only; no scraper promotion is implied. | First-page observation only; pagination, archive depth and field completeness remain to be human-qualified. | Cadence is provisional and must be replaced by a regulator-specific contract after archive review."
ra-auth-lc-6d1e98ee5ab6270a,ra-route-5c0e7a703bdf4161f5cf,LC,Saint Lucia,Financial Intelligence Authority (FIA-Saint Lucia),financial_intelligence,https://www.slufia.com/,https://www.slufia.com/p/notices-circulars,https://www.slufia.com/p/notices-circulars,not-observable,not-observable,challenge-protected,not-observable,not-observable,browser-clearance-required,browser-review-required,obstructed,en,explicit-url-or-label-hint,,,not-observable,browser-review,not-observable,2026-08-20T12:11:07.553Z,2026-08-20T12:11:07.553Z,Approved from the official-source snapshot only; no scraper promotion is implied. | Direct observation was not available; preserve the transport/browser state and do not infer publication absence. | No dated first-page signal is not evidence of no publication activity.
ra-auth-vc-22c8eaaf1cbcab99,ra-route-d4edb0d7ff80ea7bc945,VC,Saint Vincent and the Grenadines,Financial Intelligence Unit Saint Vincent and the Grenadines (FIU-SVG),financial_intelligence,http://www.svgfiu.com/,https://www.un.org/securitycouncil/sanctions/information,https://main.un.org/securitycouncil/en/sanctions/information,official-external,sanctions_or_penalty_list,reachable,first-page-observed-no-date,strong-official-publication-candidate,official-external-scope,manual-review-required,official-external,en;fr,explicit-url-or-label-hint,,,no-dated-first-page-signal,manual-review,first-page-only-unvalidated,2026-08-20T12:11:07.553Z,2026-08-20T12:11:07.553Z,"Approved from the official-source snapshot only; no scraper promotion is implied. | First-page observation only; pagination, archive depth and field completeness remain to be human-qualified. | No dated first-page signal is not evidence of no publication activity."
ra-auth-ws-7929e2e7d8128110,ra-route-f0206b1385f1aea39d2c,WS,Samoa,Central Bank of Samoa,central_banking;prudential_supervision;financial_intelligence,,https://cbs.gov.ws/aml-brochures--sanction-list,https://cbs.gov.ws/aml-brochures--sanction-list,external-unqualified,sanctions_or_penalty_list,reachable,first-page-observed-no-date,strong-official-publication-candidate,manual-scope-review,manual-review-required,candidate-needs-validation,en;fr,explicit-url-or-label-hint,,,no-dated-first-page-signal,manual-review,first-page-only-unvalidated,2026-08-20T12:11:07.553Z,2026-08-20T12:11:07.553Z,"Approved from the official-source snapshot only; no scraper promotion is implied. | First-page observation only; pagination, archive depth and field completeness remain to be human-qualified. | No dated first-page signal is not evidence of no publication activity."
ra-auth-sm-afee7e10cac765cb,ra-route-e2c38708f0662a8fd189,SM,San Marino,Central Bank of the Republic of San Marino,central_banking;prudential_supervision,https://www.bcsm.sm/,https://www.bcsm.sm/funzioni/sanzioni,https://www.bcsm.sm/funzioni/sanzioni,authority-owned,sanctions_or_penalty_list,reachable,first-page-observed-no-date,strong-official-publication-candidate,direct-http-scope-observed,approved-for-human-contract,authority-owned,it,explicit-url-or-label-hint,,,no-dated-first-page-signal,manual-review,first-page-only-unvalidated,2026-08-20T12:11:07.553Z,2026-08-20T12:11:07.553Z,"Approved from the official-source snapshot only; no scraper promotion is implied. | First-page observation only; pagination, archive depth and field completeness remain to be human-qualified. | No dated first-page signal is not evidence of no publication activity."
ra-auth-sa-6ccaccaab67ab680,ra-route-8480e0106f43826c60c9,SA,Saudi Arabia,Saudi Central Bank,central_banking;prudential_supervision,https://www.sama.gov.sa/en-us,https://www.sama.gov.sa/en-US/Currency/FinExc/Pages/Currency.aspx,https://www.sama.gov.sa/en-US/Currency/FinExc/Pages/Currency.aspx,authority-owned,generic_or_ambiguous,reachable,first-page-observed-no-date,generic-or-ambiguous-link,manual-scope-review,manual-review-required,candidate-needs-validation,,not-determined,,,no-dated-first-page-signal,manual-review,first-page-only-unvalidated,2026-08-20T12:11:07.553Z,2026-08-20T12:11:07.553Z,"Approved from the official-source snapshot only; no scraper promotion is implied. | First-page observation only; pagination, archive depth and field completeness remain to be human-qualified. | No dated first-page signal is not evidence of no publication activity."
ra-auth-sn-78bc4be9648bdbd9,ra-route-0ea55bbeb41d95e7f83c,SN,Senegal,Central Bank of West African States (BCEAO),central_banking;prudential_supervision,https://www.bceao.int/en,https://www.bceao.int/en,https://www.bceao.int/en,authority-owned,news_or_notice,reachable,dated-first-page-signal,generic-or-ambiguous-link,manual-scope-review,manual-review-required,candidate-needs-validation,en,explicit-url-or-label-hint,2026-03;2026-05;2026-06;2026-07,2026-07,periodic-first-page-signal,quarterly,first-page-only-unvalidated,2026-08-20T12:11:07.553Z,2026-08-20T12:11:07.553Z,"Approved from the official-source snapshot only; no scraper promotion is implied. | First-page observation only; pagination, archive depth and field completeness remain to be human-qualified. | Cadence is provisional and must be replaced by a regulator-specific contract after archive review."
ra-auth-sn-68802d00a873a84b,ra-route-67910a4e0056a49d6d47,SN,Senegal,Conférence Interafricaine des Marchés d'Assurances (CIMA),insurance,http://cima-afrique.org/,https://cima-afrique.org/decisions-du-cma/,https://cima-afrique.org/decisions-du-cma/,authority-owned,decision_register,reachable,dated-first-page-signal,generic-or-ambiguous-link,manual-scope-review,manual-review-required,candidate-needs-validation,en;fr,explicit-url-or-label-hint,2026-07,2026-07,low-frequency-first-page-signal,semiannual,first-page-only-unvalidated,2026-08-20T12:11:07.553Z,2026-08-20T12:11:07.553Z,"Approved from the official-source snapshot only; no scraper promotion is implied. | First-page observation only; pagination, archive depth and field completeness remain to be human-qualified. | Cadence is provisional and must be replaced by a regulator-specific contract after archive review."
ra-auth-rs-8b50a2d3a3c06b46,ra-route-afc4c00a3dd7349a4017,RS,Serbia,National Bank of Serbia,central_banking;prudential_supervision;insurance;pensions,https://nbs.rs/en/indeks/index.html,https://nbs.rs/en/drugi-nivo-navigacije/servisi/reg_resenja,https://webappcenter.nbs.rs/PnWebApp/EnforcedCollectionDecision/EnforcedCollectionDecision/Index?isSearchExecuted=false,authority-owned,decision_register,reachable,first-page-observed-no-date,generic-or-ambiguous-link,manual-scope-review,manual-review-required,candidate-needs-validation,en,explicit-url-or-label-hint,,,no-dated-first-page-signal,manual-review,first-page-only-unvalidated,2026-08-20T12:11:07.553Z,2026-08-20T12:11:07.553Z,"Approved from the official-source snapshot only; no scraper promotion is implied. | First-page observation only; pagination, archive depth and field completeness remain to be human-qualified. | No dated first-page signal is not evidence of no publication activity."
ra-auth-sc-65ac374335822991,ra-route-353b25546a920f781f50,SC,Seychelles,Financial Services Authority,insurance;pensions,http://www.fsaseychelles.sc/,https://fsaseychelles.sc/,https://fsaseychelles.sc/,not-observable,not-observable,challenge-protected,not-observable,not-observable,browser-clearance-required,browser-review-required,obstructed,en,explicit-url-or-label-hint,2026-01;2026-05;2026-06;2026-07;2026-08,2026-08,not-observable,browser-review,not-observable,2026-08-20T12:11:07.553Z,2026-08-20T12:11:07.553Z,Approved from the official-source snapshot only; no scraper promotion is implied. | Direct observation was not available; preserve the transport/browser state and do not infer publication absence. | No dated first-page signal is not evidence of no publication activity.
ra-auth-sc-dfb7df128e71b2b6,ra-route-fd65c5ed4d5d50787c6c,SC,Seychelles,Seychelles  Financial Intelligence Unit (Seychelles FIU),financial_intelligence,http://www.seychellesfiu.sc/,https://seychellesfiu.sc/notices/,https://seychellesfiu.sc/notices/,authority-owned,news_or_notice,reachable,first-page-observed-no-date,plausible-official-publication-candidate,manual-scope-review,manual-review-required,candidate-needs-validation,en,explicit-url-or-label-hint,,,no-dated-first-page-signal,manual-review,first-page-only-unvalidated,2026-08-20T12:11:07.553Z,2026-08-20T12:11:07.553Z,"Approved from the official-source snapshot only; no scraper promotion is implied. | First-page observation only; pagination, archive depth and field completeness remain to be human-qualified. | No dated first-page signal is not evidence of no publication activity."
ra-auth-sg-24b48f3ef51d7ab6,ra-route-110e73a3420ef3c25354,SG,Singapore,Monetary Authority of Singapore,central_banking;prudential_supervision;securities;insurance,http://www.mas.gov.sg/,https://www.mas.gov.sg/regulation/enforcement,https://www.mas.gov.sg/regulation/enforcement,authority-owned,enforcement_archive,reachable,dated-first-page-signal,strong-official-publication-candidate,direct-http-scope-observed,approved-for-human-contract,authority-owned,en,explicit-url-or-label-hint,2025-10;2025-12,2025-12,low-frequency-first-page-signal,semiannual,first-page-only-unvalidated,2026-08-20T12:11:07.553Z,2026-08-20T12:11:07.553Z,"Approved from the official-source snapshot only; no scraper promotion is implied. | First-page observation only; pagination, archive depth and field completeness remain to be human-qualified. | Cadence is provisional and must be replaced by a regulator-specific contract after archive review."
ra-auth-sx-3d8f5bf7daf490d6,ra-route-6ed890dff24703005050,SX,Sint Maarten,Reporting Center for Unusual Transactions (MOT Sint Maarten),financial_intelligence,http://www.fiu-sxm.net/,http://www.fiu-sxm.net/web/082B268FDAD380EB04257E90004F645A,http://www.fiu-sxm.net/web/082B268FDAD380EB04257E90004F645A,not-observable,not-observable,http-404,not-observable,not-observable,transport-review-required,transport-follow-up-required,obstructed,en;fr,explicit-url-or-label-hint,,,not-observable,manual-review,not-observable,2026-08-20T12:11:07.553Z,2026-08-20T12:11:07.553Z,Approved from the official-source snapshot only; no scraper promotion is implied. | Direct observation was not available; preserve the transport/browser state and do not infer publication absence. | No dated first-page signal is not evidence of no publication activity.
ra-auth-sk-7424da35ab8c1bfa,ra-route-d6a0201ac93d99f2d896,SK,Slovakia,National Bank of Slovakia,central_banking;prudential_supervision;securities;insurance;pensions,http://www.nbs.sk/en/home,https://www.nbs.sk/en,https://www.nbs.sk/en,authority-owned,decision_register,reachable,dated-first-page-signal,generic-or-ambiguous-link,manual-scope-review,manual-review-required,candidate-needs-validation,en,explicit-url-or-label-hint,2026-06;2026-07,2026-07,low-frequency-first-page-signal,semiannual,first-page-only-unvalidated,2026-08-20T12:11:07.553Z,2026-08-20T12:11:07.553Z,"Approved from the official-source snapshot only; no scraper promotion is implied. | First-page observation only; pagination, archive depth and field completeness remain to be human-qualified. | Cadence is provisional and must be replaced by a regulator-specific contract after archive review."
ra-auth-si-bb926cc410b64e12,ra-route-6aabf87381f690893a6f,SI,Slovenia,Banka Slovenije,central_banking;prudential_supervision,http://www.bsi.si/en/,https://www.bsi.si/en/monetary-policy-2,https://www.bsi.si/en/monetary-policy-2,authority-owned,decision_register,reachable,first-page-observed-no-date,generic-or-ambiguous-link,manual-scope-review,manual-review-required,candidate-needs-validation,en,explicit-url-or-label-hint,,,no-dated-first-page-signal,manual-review,first-page-only-unvalidated,2026-08-20T12:11:07.553Z,2026-08-20T12:11:07.553Z,"Approved from the official-source snapshot only; no scraper promotion is implied. | First-page observation only; pagination, archive depth and field completeness remain to be human-qualified. | No dated first-page signal is not evidence of no publication activity."
ra-auth-za-af3bb9712cb90ce4,ra-route-fd39a372eb93cc148a41,ZA,South Africa,Financial Intelligence Centre (FIC),financial_intelligence,https://www.fic.gov.za/,https://www.fic.gov.za/targeted-financial-sanctions/,https://www.fic.gov.za/targeted-financial-sanctions/,not-observable,not-observable,challenge-protected,not-observable,not-observable,browser-clearance-required,browser-review-required,obstructed,en;fr,explicit-url-or-label-hint,,,not-observable,browser-review,not-observable,2026-08-20T12:11:07.553Z,2026-08-20T12:11:07.553Z,Approved from the official-source snapshot only; no scraper promotion is implied. | Direct observation was not available; preserve the transport/browser state and do not infer publication absence. | No dated first-page signal is not evidence of no publication activity.
ra-auth-za-ccfbc8f3e5b5a6fa,ra-route-cc98495687dbf22392ab,ZA,South Africa,Financial Sector Conduct Authority,securities;insurance;pensions,https://www.fsca.co.za/,https://www.fsca.co.za/,https://www.fsca.co.za/,authority-owned,enforcement_archive,reachable,dated-first-page-signal,strong-official-publication-candidate,direct-http-scope-observed,approved-for-human-contract,authority-owned,en,explicit-url-or-label-hint,2024-04;2024-05;2024-06;2024-07;2024-08;2024-09;2024-10;2024-11;2024-12;2025-02;2025-03;2025-04;2025-05;2025-06;2025-08;2025-10;2025-11;2026-01;2026-02;2026-03;2026-04;2026-06;2026-07,2026-07,frequent-first-page-signal,monthly,first-page-only-unvalidated,2026-08-20T12:11:07.553Z,2026-08-20T12:11:07.553Z,"Approved from the official-source snapshot only; no scraper promotion is implied. | First-page observation only; pagination, archive depth and field completeness remain to be human-qualified. | No dated first-page signal is not evidence of no publication activity."
ra-auth-kr-ea5e7c9edd1d1b43,ra-route-942c1cfc187ad8cca9d7,KR,South Korea,Bank of Korea,central_banking;prudential_supervision,https://www.bok.or.kr/eng/main/main.do,https://www.bok.or.kr/eng/main/contents.do?menuNo=400017,https://www.bok.or.kr/eng/main/contents.do?menuNo=400017,authority-owned,decision_register,reachable,first-page-observed-no-date,generic-or-ambiguous-link,manual-scope-review,manual-review-required,candidate-needs-validation,en,explicit-url-or-label-hint,,,no-dated-first-page-signal,manual-review,first-page-only-unvalidated,2026-08-20T12:11:07.553Z,2026-08-20T12:11:07.553Z,"Approved from the official-source snapshot only; no scraper promotion is implied. | First-page observation only; pagination, archive depth and field completeness remain to be human-qualified. | No dated first-page signal is not evidence of no publication activity."
ra-auth-kr-345152e59c2995db,ra-route-7eeea869b4757f917a7d,KR,South Korea,Financial Supervisory Service,prudential_supervision;insurance,https://www.fss.or.kr/,https://www.fss.or.kr/eng/main/contents.do?menuNo=400158,https://www.fss.or.kr/eng/main/contents.do?menuNo=400158,authority-owned,enforcement_archive,reachable,first-page-observed-no-date,strong-official-publication-candidate,direct-http-scope-observed,approved-for-human-contract,authority-owned,en,explicit-url-or-label-hint,,,no-dated-first-page-signal,manual-review,first-page-only-unvalidated,2026-08-20T12:11:07.553Z,2026-08-20T12:11:07.553Z,"Approved from the official-source snapshot only; no scraper promotion is implied. | First-page observation only; pagination, archive depth and field completeness remain to be human-qualified. | No dated first-page signal is not evidence of no publication activity."
ra-auth-kr-345152e59c2995db,ra-route-1698b1692abb4c90f26c,KR,South Korea,Financial Supervisory Service,pensions,https://www.fss.or.kr/,https://www.fss.or.kr/fss/bbs/B0000159/list.do?menuNo=200173,https://www.fss.or.kr/fss/bbs/B0000159/list.do?menuNo=200173,authority-owned,sanctions_or_penalty_list,reachable,first-page-observed-no-date,strong-official-publication-candidate,direct-http-scope-observed,approved-for-human-contract,authority-owned,,not-determined,,,no-dated-first-page-signal,manual-review,first-page-only-unvalidated,2026-08-20T12:11:07.553Z,2026-08-20T12:11:07.553Z,"Approved from the official-source snapshot only; no scraper promotion is implied. | First-page observation only; pagination, archive depth and field completeness remain to be human-qualified. | No dated first-page signal is not evidence of no publication activity."
ra-auth-kr-2d48fb7a994de1c6,ra-route-2be114e3f956f3dbe5d3,KR,South Korea,Korea  Financial Intelligence Unit (KoFIU),financial_intelligence,https://www.kofiu.go.kr/eng/main.do,https://www.kofiu.go.kr/eng/notification/sanctions.do,https://www.kofiu.go.kr/eng/notification/sanctions.do,authority-owned,sanctions_or_penalty_list,reachable,first-page-observed-no-date,strong-official-publication-candidate,direct-http-scope-observed,approved-for-human-contract,authority-owned,en;fr,explicit-url-or-label-hint,,,no-dated-first-page-signal,manual-review,first-page-only-unvalidated,2026-08-20T12:11:07.553Z,2026-08-20T12:11:07.553Z,"Approved from the official-source snapshot only; no scraper promotion is implied. | First-page observation only; pagination, archive depth and field completeness remain to be human-qualified. | No dated first-page signal is not evidence of no publication activity."
ra-auth-es-e27ac8bd054aacff,ra-route-ecccef87ef59b9a3b29c,ES,Spain,Bank of Spain,central_banking;prudential_supervision,http://www.bde.es/homee.htm,https://www.bde.es/wbe/en/punto-informacion/contenidos/sanciones-impuestas-banco-espana/,https://www.bde.es/wbe/en/punto-informacion/contenidos/sanciones-impuestas-banco-espana/,authority-owned,sanctions_or_penalty_list,reachable,first-page-observed-no-date,strong-official-publication-candidate,direct-http-scope-observed,approved-for-human-contract,authority-owned,en;es;fr,explicit-url-or-label-hint,,,no-dated-first-page-signal,manual-review,first-page-only-unvalidated,2026-08-20T12:11:07.553Z,2026-08-20T12:11:07.553Z,"Approved from the official-source snapshot only; no scraper promotion is implied. | First-page observation only; pagination, archive depth and field completeness remain to be human-qualified. | No dated first-page signal is not evidence of no publication activity."
ra-auth-lk-625d08b44e70f8b3,ra-route-b224302a7d271cae5052,LK,Sri Lanka,Central Bank of Sri Lanka,central_banking;prudential_supervision,http://www.cbsl.gov.lk/,https://www.cbsl.gov.lk/en/laws/directions-circulars-guidelines-on-resolution-and-enforcement,https://www.cbsl.gov.lk/en/laws/directions-circulars-guidelines-on-resolution-and-enforcement,authority-owned,enforcement_archive,reachable,first-page-observed-no-date,generic-or-ambiguous-link,manual-scope-review,manual-review-required,candidate-needs-validation,en,explicit-url-or-label-hint,,,no-dated-first-page-signal,manual-review,first-page-only-unvalidated,2026-08-20T12:11:07.553Z,2026-08-20T12:11:07.553Z,"Approved from the official-source snapshot only; no scraper promotion is implied. | First-page observation only; pagination, archive depth and field completeness remain to be human-qualified. | No dated first-page signal is not evidence of no publication activity."
ra-auth-lk-91e5bd5568225cc4,ra-route-17950a89f85e1af6264e,LK,Sri Lanka,Financial Intelligence Unit of Sri Lanka (Sri Lanka FIU),financial_intelligence,http://fiusrilanka.gov.lk/,http://fiusrilanka.gov.lk/unscr_sanctions_TF.html,http://fiusrilanka.gov.lk/unscr_sanctions_TF.html,authority-owned,sanctions_or_penalty_list,reachable,dated-first-page-signal,strong-official-publication-candidate,direct-http-scope-observed,approved-for-human-contract,authority-owned,en;fr,explicit-url-or-label-hint,2026-01;2026-08,2026-08,low-frequency-first-page-signal,semiannual,first-page-only-unvalidated,2026-08-20T12:11:07.553Z,2026-08-20T12:11:07.553Z,"Approved from the official-source snapshot only; no scraper promotion is implied. | First-page observation only; pagination, archive depth and field completeness remain to be human-qualified. | Cadence is provisional and must be replaced by a regulator-specific contract after archive review."
ra-auth-lk-a90c6fb6ce9f356e,ra-route-8e0835ce21d5713da10a,LK,Sri Lanka,Securities and Exchange Commission of Sri Lanka,securities,http://www.sec.gov.lk/,https://www.sec.gov.lk/united-nations-sanctions/,https://www.sec.gov.lk/united-nations-sanctions/,authority-owned,sanctions_or_penalty_list,reachable,dated-first-page-signal,strong-official-publication-candidate,direct-http-scope-observed,approved-for-human-contract,authority-owned,en;fr,explicit-url-or-label-hint,2024-08;2024-09;2025-06;2025-09;2026-02;2026-03;2026-04;2026-05;2026-07,2026-07,periodic-first-page-signal,quarterly,first-page-only-unvalidated,2026-08-20T12:11:07.553Z,2026-08-20T12:11:07.553Z,"Approved from the official-source snapshot only; no scraper promotion is implied. | First-page observation only; pagination, archive depth and field completeness remain to be human-qualified. | Cadence is provisional and must be replaced by a regulator-specific contract after archive review."
ra-auth-sr-3269bb549d406793,ra-route-a51d250b4a71f27390e3,SR,Suriname,Central Bank of Suriname,central_banking;prudential_supervision;insurance;pensions,http://www.cbvs.sr/,https://www.cbvs.sr/images/content/2025/DTZ2025/AML-CFT-Wetgeving/Besluit%20voering%20Nationale%20Sanctielijst%20-SB%202025%20No.%2053.pdf,https://www.cbvs.sr/images/content/2025/DTZ2025/AML-CFT-Wetgeving/Besluit%20voering%20Nationale%20Sanctielijst%20-SB%202025%20No.%2053.pdf,authority-owned,detail_document,reachable,first-page-observed-no-date,generic-or-ambiguous-link,manual-scope-review,manual-review-required,candidate-needs-validation,,not-determined,,,no-dated-first-page-signal,manual-review,first-page-only-unvalidated,2026-08-20T12:11:07.553Z,2026-08-20T12:11:07.553Z,"Approved from the official-source snapshot only; no scraper promotion is implied. | First-page observation only; pagination, archive depth and field completeness remain to be human-qualified. | No dated first-page signal is not evidence of no publication activity."
ra-auth-se-36df50d212d47090,ra-route-d626a0b244267e8523ec,SE,Sweden,Finansinspektionen,prudential_supervision;securities;financial_intelligence,http://www.fi.se/,https://www.fi.se/sv/publicerat/granskningar/undersokningar/undersokningar-lista/2023/fi-undersoker-alecta2/,https://www.fi.se/sv/publicerat/granskningar/undersokningar/undersokningar-lista/2023/fi-undersoker-alecta2/,authority-owned,sanctions_or_penalty_list,reachable,first-page-observed-no-date,strong-official-publication-candidate,direct-http-scope-observed,approved-for-human-contract,authority-owned,,not-determined,,,no-dated-first-page-signal,manual-review,first-page-only-unvalidated,2026-08-20T12:11:07.553Z,2026-08-20T12:11:07.553Z,"Approved from the official-source snapshot only; no scraper promotion is implied. | First-page observation only; pagination, archive depth and field completeness remain to be human-qualified. | No dated first-page signal is not evidence of no publication activity."
ra-auth-se-fbd9b4028f8c1ddf,ra-route-c2236e0d2b8cbd976b47,SE,Sweden,Sveriges Riksbank,central_banking;prudential_supervision,https://www.riksbank.se/en-gb/,https://www.riksbank.se/en-gb/about-the-riksbank/how-the-riksbank-is-governed/internal-regulatory-framework/policies/policy-for-the-riksbanks-work-to-prevent-money-laundering/,https://www.riksbank.se/en-gb/about-the-riksbank/how-the-riksbank-is-governed/internal-regulatory-framework/policies/policy-for-the-riksbanks-work-to-prevent-money-laundering/,authority-owned,sanctions_or_penalty_list,reachable,first-page-observed-no-date,strong-official-publication-candidate,direct-http-scope-observed,approved-for-human-contract,authority-owned,en;fr,explicit-url-or-label-hint,,,no-dated-first-page-signal,manual-review,first-page-only-unvalidated,2026-08-20T12:11:07.553Z,2026-08-20T12:11:07.553Z,"Approved from the official-source snapshot only; no scraper promotion is implied. | First-page observation only; pagination, archive depth and field completeness remain to be human-qualified. | No dated first-page signal is not evidence of no publication activity."
ra-auth-ch-f7311e35db85e4be,ra-route-548e3189a63eefc2a984,CH,Switzerland,Swiss Financial Market Supervisory Authority (FINMA),prudential_supervision;securities;insurance,http://www.finma.ch/,https://report.finma.ch/2025/de/,https://report.finma.ch/2025/de/,authority-owned,enforcement_archive,reachable,first-page-observed-no-date,strong-official-publication-candidate,direct-http-scope-observed,approved-for-human-contract,authority-owned,de,explicit-url-or-label-hint,,,no-dated-first-page-signal,manual-review,first-page-only-unvalidated,2026-08-20T12:11:07.553Z,2026-08-20T12:11:07.553Z,"Approved from the official-source snapshot only; no scraper promotion is implied. | First-page observation only; pagination, archive depth and field completeness remain to be human-qualified. | No dated first-page signal is not evidence of no publication activity."
ra-auth-ch-9fa02e6113f6cd66,ra-route-311077a16ef9cec13931,CH,Switzerland,Swiss National Bank,central_banking;prudential_supervision,http://www.snb.ch/,https://www.snb.ch/en/the-snb/mandates-goals/monetary-policy/decisions,https://www.snb.ch/en/the-snb/mandates-goals/monetary-policy/decisions,authority-owned,decision_register,reachable,first-page-observed-no-date,generic-or-ambiguous-link,manual-scope-review,manual-review-required,candidate-needs-validation,en,explicit-url-or-label-hint,,,no-dated-first-page-signal,manual-review,first-page-only-unvalidated,2026-08-20T12:11:07.553Z,2026-08-20T12:11:07.553Z,"Approved from the official-source snapshot only; no scraper promotion is implied. | First-page observation only; pagination, archive depth and field completeness remain to be human-qualified. | No dated first-page signal is not evidence of no publication activity."
ra-auth-sy-12bed37e6444eb77,ra-route-31afdcc2e6ab7cee20e4,SY,Syria,Central Bank of Syria,central_banking;prudential_supervision,https://cb.gov.sy/,https://cb.gov.sy/index.php?page=list&ex=2&dir=laws&lang=1&lt=3&service=5&act=576,https://cb.gov.sy/index.php?page=list&ex=2&dir=laws&lang=1&lt=3&service=5&act=576,authority-owned,generic_or_ambiguous,reachable,first-page-observed-no-date,generic-or-ambiguous-link,manual-scope-review,manual-review-required,candidate-needs-validation,,not-determined,,,no-dated-first-page-signal,manual-review,first-page-only-unvalidated,2026-08-20T12:11:07.553Z,2026-08-20T12:11:07.553Z,"Approved from the official-source snapshot only; no scraper promotion is implied. | First-page observation only; pagination, archive depth and field completeness remain to be human-qualified. | No dated first-page signal is not evidence of no publication activity."
ra-auth-tw-1359e3991062e0e5,ra-route-7464445d989bf982ffad,TW,Taiwan,Anti-Money Laundering Division (AMLD),financial_intelligence,http://www.mjib.gov.tw/en,https://www.mjib.gov.tw/mlpcen,https://www.mjib.gov.tw/mlpcen,authority-owned,sanctions_or_penalty_list,reachable,dated-first-page-signal,strong-official-publication-candidate,direct-http-scope-observed,approved-for-human-contract,authority-owned,en;fr,explicit-url-or-label-hint,2024-09;2026-07;2026-08,2026-08,periodic-first-page-signal,quarterly,first-page-only-unvalidated,2026-08-20T12:11:07.553Z,2026-08-20T12:11:07.553Z,"Approved from the official-source snapshot only; no scraper promotion is implied. | First-page observation only; pagination, archive depth and field completeness remain to be human-qualified. | Cadence is provisional and must be replaced by a regulator-specific contract after archive review."
ra-auth-tw-11f386fea10a7a7b,ra-route-46d0ef3f90bd4a65ce2e,TW,Taiwan,Financial Supervisory Commission,securities;insurance,http://www.fsc.gov.tw/,"https://www.fsc.gov.tw/ch/home.jsp?id=131&parentpath=0,2&mcustomize=multimessage_view.jsp&dataserno=202608170002&aplistdn=ou=data,ou=penalty,ou=multisite,ou=chinese,ou=ap_root,o=fsc,c=tw&dtable=Penalty","https://www.fsc.gov.tw/ch/home.jsp?id=131&parentpath=0,2&mcustomize=multimessage_view.jsp&dataserno=202608170002&aplistdn=ou=data,ou=penalty,ou=multisite,ou=chinese,ou=ap_root,o=fsc,c=tw&dtable=Penalty",authority-owned,enforcement_archive,reachable,dated-first-page-signal,generic-or-ambiguous-link,manual-scope-review,manual-review-required,candidate-needs-validation,,not-determined,2026-08,2026-08,low-frequency-first-page-signal,semiannual,first-page-only-unvalidated,2026-08-20T12:11:07.553Z,2026-08-20T12:11:07.553Z,"Approved from the official-source snapshot only; no scraper promotion is implied. | First-page observation only; pagination, archive depth and field completeness remain to be human-qualified. | Cadence is provisional and must be replaced by a regulator-specific contract after archive review."
ra-auth-tz-9d33aa58e456cd87,ra-route-0c970be4685a0cc54242,TZ,Tanzania,Bank of Tanzania,central_banking;prudential_supervision,https://www.bot.go.tz/,https://www.bot.go.tz/PressRelease,https://www.bot.go.tz/PressRelease,authority-owned,news_or_notice,reachable,dated-first-page-signal,generic-or-ambiguous-link,manual-scope-review,manual-review-required,candidate-needs-validation,en,explicit-url-or-label-hint,2025-03,2025-03,low-frequency-first-page-signal,semiannual,first-page-only-unvalidated,2026-08-20T12:11:07.553Z,2026-08-20T12:11:07.553Z,"Approved from the official-source snapshot only; no scraper promotion is implied. | First-page observation only; pagination, archive depth and field completeness remain to be human-qualified. | Cadence is provisional and must be replaced by a regulator-specific contract after archive review."
ra-auth-tz-a72fec741e5d1e06,ra-route-b686b3fbdaa6451fb089,TZ,Tanzania,Financial Intelligence Unit (FIU) - Tanzania,financial_intelligence,https://www.fiu.go.tz/,https://www.fiu.go.tz/,https://www.fiu.go.tz/,authority-owned,enforcement_archive,reachable,dated-first-page-signal,strong-official-publication-candidate,direct-http-scope-observed,approved-for-human-contract,authority-owned,en,explicit-url-or-label-hint,2025-05,2025-05,low-frequency-first-page-signal,semiannual,first-page-only-unvalidated,2026-08-20T12:11:07.553Z,2026-08-20T12:11:07.553Z,"Approved from the official-source snapshot only; no scraper promotion is implied. | First-page observation only; pagination, archive depth and field completeness remain to be human-qualified. | Cadence is provisional and must be replaced by a regulator-specific contract after archive review."
ra-auth-th-3c151c57269f0162,ra-route-7692ef04b7bbc3db30d4,TH,Thailand,Bank of Thailand,central_banking;prudential_supervision,https://www.bot.or.th/english,https://www.bot.or.th/th/laws-and-rules/regulatory-fines-report.html,https://www.bot.or.th/th/laws-and-rules/regulatory-fines-report.html,authority-owned,publication_or_report,reachable,first-page-observed-no-date,generic-or-ambiguous-link,manual-scope-review,manual-review-required,candidate-needs-validation,,not-determined,,,no-dated-first-page-signal,manual-review,first-page-only-unvalidated,2026-08-20T12:11:07.553Z,2026-08-20T12:11:07.553Z,"Approved from the official-source snapshot only; no scraper promotion is implied. | First-page observation only; pagination, archive depth and field completeness remain to be human-qualified. | No dated first-page signal is not evidence of no publication activity."
ra-auth-gm-c3c985b404801688,ra-route-83b20ee1c7eccb8b8ab3,GM,The Gambia,Central Bank of The Gambia,central_banking;prudential_supervision,http://www.cbg.gm/,http://www.cbg.gm/bonds-notices,http://www.cbg.gm/bonds-notices,not-observable,not-observable,challenge-protected,not-observable,not-observable,browser-clearance-required,browser-review-required,obstructed,en,explicit-url-or-label-hint,,,not-observable,browser-review,not-observable,2026-08-20T12:11:07.553Z,2026-08-20T12:11:07.553Z,Approved from the official-source snapshot only; no scraper promotion is implied. | Direct observation was not available; preserve the transport/browser state and do not infer publication absence. | No dated first-page signal is not evidence of no publication activity.
ra-auth-tg-281376c6605852f3,ra-route-3292a2aa75fd069df638,TG,Togo,Central Bank of West African States (BCEAO),central_banking;prudential_supervision,https://www.bceao.int/en,https://www.bceao.int/en,https://www.bceao.int/en,authority-owned,news_or_notice,reachable,dated-first-page-signal,generic-or-ambiguous-link,manual-scope-review,manual-review-required,candidate-needs-validation,en,explicit-url-or-label-hint,2026-03;2026-05;2026-06;2026-07,2026-07,periodic-first-page-signal,quarterly,first-page-only-unvalidated,2026-08-20T12:11:07.553Z,2026-08-20T12:11:07.553Z,"Approved from the official-source snapshot only; no scraper promotion is implied. | First-page observation only; pagination, archive depth and field completeness remain to be human-qualified. | Cadence is provisional and must be replaced by a regulator-specific contract after archive review."
ra-auth-tg-dbb317f3583ca7e4,ra-route-d765882e4dcd7e2667f9,TG,Togo,Conférence Interafricaine des Marchés d'Assurances (CIMA),insurance,http://cima-afrique.org/,https://cima-afrique.org/decisions-du-cma/,https://cima-afrique.org/decisions-du-cma/,authority-owned,decision_register,reachable,dated-first-page-signal,generic-or-ambiguous-link,manual-scope-review,manual-review-required,candidate-needs-validation,en;fr,explicit-url-or-label-hint,2026-07,2026-07,low-frequency-first-page-signal,semiannual,first-page-only-unvalidated,2026-08-20T12:11:07.553Z,2026-08-20T12:11:07.553Z,"Approved from the official-source snapshot only; no scraper promotion is implied. | First-page observation only; pagination, archive depth and field completeness remain to be human-qualified. | Cadence is provisional and must be replaced by a regulator-specific contract after archive review."
ra-auth-to-80bf8f47c8429491,ra-route-d9c1d8dd70c1ab60a688,TO,Tonga,National Reserve Bank of Tonga,central_banking;prudential_supervision,http://www.reservebank.to/,https://www.reservebank.to/index.php/news/public-notice-counterfeit-100-paanga-banknotes-in-circulation,https://www.reservebank.to/index.php/news/public-notice-counterfeit-100-paanga-banknotes-in-circulation,authority-owned,news_or_notice,reachable,first-page-observed-no-date,generic-or-ambiguous-link,manual-scope-review,manual-review-required,candidate-needs-validation,en,explicit-url-or-label-hint,,,no-dated-first-page-signal,manual-review,first-page-only-unvalidated,2026-08-20T12:11:07.553Z,2026-08-20T12:11:07.553Z,"Approved from the official-source snapshot only; no scraper promotion is implied. | First-page observation only; pagination, archive depth and field completeness remain to be human-qualified. | No dated first-page signal is not evidence of no publication activity."
ra-auth-tt-4475fed469ea7e69,ra-route-d064b7af66518fd5d953,TT,Trinidad and Tobago,Central Bank of Trinidad and Tobago,central_banking;prudential_supervision;insurance;pensions,http://www.central-bank.org.tt/,https://www.central-bank.org.tt/notice-insurance-act-2018-as-amended-5/,https://www.central-bank.org.tt/notice-insurance-act-2018-as-amended-5/,authority-owned,news_or_notice,reachable,dated-first-page-signal,generic-or-ambiguous-link,manual-scope-review,manual-review-required,candidate-needs-validation,en,explicit-url-or-label-hint,2026-03,2026-03,low-frequency-first-page-signal,semiannual,first-page-only-unvalidated,2026-08-20T12:11:07.553Z,2026-08-20T12:11:07.553Z,"Approved from the official-source snapshot only; no scraper promotion is implied. | First-page observation only; pagination, archive depth and field completeness remain to be human-qualified. | Cadence is provisional and must be replaced by a regulator-specific contract after archive review."
ra-auth-tt-8c77dc972a123039,ra-route-3b21ecb7865ef9c8d3a9,TT,Trinidad and Tobago,Financial Intelligence Unit of Trinidad and Tobago (FIUTT),financial_intelligence,http://www.fiu.gov.tt/,https://fiu.gov.tt/reporting/enforcement/,https://fiu.gov.tt/reporting/enforcement/,not-observable,not-observable,challenge-protected,not-observable,not-observable,browser-clearance-required,browser-review-required,obstructed,en,explicit-url-or-label-hint,,,not-observable,browser-review,not-observable,2026-08-20T12:11:07.553Z,2026-08-20T12:11:07.553Z,Approved from the official-source snapshot only; no scraper promotion is implied. | Direct observation was not available; preserve the transport/browser state and do not infer publication absence. | No dated first-page signal is not evidence of no publication activity.
ra-auth-tt-d8be84c62e4a2d61,ra-route-0cf16769b02fbd9b7cc2,TT,Trinidad and Tobago,Trinidad and Tobago Securities and Exchange Commission,securities,http://www.ttsec.org.tt/,https://www.ttsec.org.tt/enforcement/,https://www.ttsec.org.tt/enforcement/,authority-owned,enforcement_archive,reachable,first-page-observed-no-date,strong-official-publication-candidate,direct-http-scope-observed,approved-for-human-contract,authority-owned,en,explicit-url-or-label-hint,,,no-dated-first-page-signal,manual-review,first-page-only-unvalidated,2026-08-20T12:11:07.553Z,2026-08-20T12:11:07.553Z,"Approved from the official-source snapshot only; no scraper promotion is implied. | First-page observation only; pagination, archive depth and field completeness remain to be human-qualified. | No dated first-page signal is not evidence of no publication activity."
ra-auth-tn-d8f4bc77c2f95e98,ra-route-a344a4bf90d09ec60cd0,TN,Tunisia,Conseil du marché financier,securities,http://www.cmf.tn/,https://www.un.org/securitycouncil/fr/content/un-sc-consolidated-list,https://main.un.org/securitycouncil/fr/content/un-sc-consolidated-list,official-external,sanctions_or_penalty_list,reachable,dated-first-page-signal,strong-official-publication-candidate,official-external-scope,manual-review-required,official-external,en;fr,explicit-url-or-label-hint,2026-08,2026-08,low-frequency-first-page-signal,semiannual,first-page-only-unvalidated,2026-08-20T12:11:07.553Z,2026-08-20T12:11:07.553Z,"Approved from the official-source snapshot only; no scraper promotion is implied. | First-page observation only; pagination, archive depth and field completeness remain to be human-qualified. | Cadence is provisional and must be replaced by a regulator-specific contract after archive review."
ra-auth-tn-a132cab953aa3b58,ra-route-f1838853d68d6584de65,TN,Tunisia,"Ministère des Finances, Comité Général des Assurances",insurance,https://www.cga.gov.tn/,https://www.cga.gov.tn/index.php?id=33,https://www.cga.gov.tn/index.php?id=33,authority-owned,generic_or_ambiguous,reachable,first-page-observed-no-date,generic-or-ambiguous-link,manual-scope-review,manual-review-required,candidate-needs-validation,,not-determined,,,no-dated-first-page-signal,manual-review,first-page-only-unvalidated,2026-08-20T12:11:07.553Z,2026-08-20T12:11:07.553Z,"Approved from the official-source snapshot only; no scraper promotion is implied. | First-page observation only; pagination, archive depth and field completeness remain to be human-qualified. | No dated first-page signal is not evidence of no publication activity."
ra-auth-tc-1a0b147fb05441dd,ra-route-28af1d979870aacdcfac,TC,Turks and Caicos Islands,Financial Intelligence Agency of the Turks and Caicos Islands (FIA-TCI),financial_intelligence,http://www.tcipolice.tc/index.php/financial-intelligence-unit/200-fiu-overview,https://www.tcipolice.tc/traffic-enforcement-unit/,https://www.tcipolice.tc/traffic-enforcement-unit/,authority-owned,enforcement_archive,reachable,first-page-observed-no-date,strong-official-publication-candidate,direct-http-scope-observed,approved-for-human-contract,authority-owned,en,explicit-url-or-label-hint,,,no-dated-first-page-signal,manual-review,first-page-only-unvalidated,2026-08-20T12:11:07.553Z,2026-08-20T12:11:07.553Z,"Approved from the official-source snapshot only; no scraper promotion is implied. | First-page observation only; pagination, archive depth and field completeness remain to be human-qualified. | No dated first-page signal is not evidence of no publication activity."
ra-auth-tc-c4e27083dae43e24,ra-route-e3a5574416524825dfa3,TC,Turks and Caicos Islands,Financial Services Commission,prudential_supervision;securities,,https://www.tcifsc.tc/sanctions,https://www.tcifsc.tc/sanctions,external-unqualified,sanctions_or_penalty_list,reachable,first-page-observed-no-date,strong-official-publication-candidate,manual-scope-review,manual-review-required,candidate-needs-validation,en;fr,explicit-url-or-label-hint,,,no-dated-first-page-signal,manual-review,first-page-only-unvalidated,2026-08-20T12:11:07.553Z,2026-08-20T12:11:07.553Z,"Approved from the official-source snapshot only; no scraper promotion is implied. | First-page observation only; pagination, archive depth and field completeness remain to be human-qualified. | No dated first-page signal is not evidence of no publication activity."
ra-auth-ug-468971ccd0b992bf,ra-route-7d377593d7b4cfcb2fb4,UG,Uganda,Capital Markets Authority,securities,http://www.cmauganda.co.ug/,https://cmauganda.co.ug/,https://cmauganda.co.ug/,authority-owned,enforcement_archive,reachable,dated-first-page-signal,strong-official-publication-candidate,direct-http-scope-observed,approved-for-human-contract,authority-owned,en,explicit-url-or-label-hint,2026-04;2026-05;2026-06;2026-07,2026-07,periodic-first-page-signal,quarterly,first-page-only-unvalidated,2026-08-20T12:11:07.553Z,2026-08-20T12:11:07.553Z,"Approved from the official-source snapshot only; no scraper promotion is implied. | First-page observation only; pagination, archive depth and field completeness remain to be human-qualified. | Cadence is provisional and must be replaced by a regulator-specific contract after archive review."
ra-auth-ug-9ee12dab1556d6b6,ra-route-df67cd8c5af8b69c584a,UG,Uganda,Insurance Regulatory Authority of Uganda,insurance,https://www.ira.go.ug/,https://ira.go.ug/new-tenders/,https://ira.go.ug/new-tenders/,authority-owned,news_or_notice,reachable,first-page-observed-no-date,generic-or-ambiguous-link,manual-scope-review,manual-review-required,candidate-needs-validation,en,explicit-url-or-label-hint,,,no-dated-first-page-signal,manual-review,first-page-only-unvalidated,2026-08-20T12:11:07.553Z,2026-08-20T12:11:07.553Z,"Approved from the official-source snapshot only; no scraper promotion is implied. | First-page observation only; pagination, archive depth and field completeness remain to be human-qualified. | No dated first-page signal is not evidence of no publication activity."
ra-auth-ug-11c5685d43d8de9d,ra-route-8abcebc4b92e0383c360,UG,Uganda,Uganda Retirement Benefits Regulatory Authority,pensions,https://urbra.go.ug/,https://urbra.go.ug/notices/,https://urbra.go.ug/notices/,authority-owned,news_or_notice,reachable,first-page-observed-no-date,generic-or-ambiguous-link,manual-scope-review,manual-review-required,candidate-needs-validation,en,explicit-url-or-label-hint,,,no-dated-first-page-signal,manual-review,first-page-only-unvalidated,2026-08-20T12:11:07.553Z,2026-08-20T12:11:07.553Z,"Approved from the official-source snapshot only; no scraper promotion is implied. | First-page observation only; pagination, archive depth and field completeness remain to be human-qualified. | No dated first-page signal is not evidence of no publication activity."
ra-auth-ua-dca2bec745344500,ra-route-0a31dbb58d6140e5339c,UA,Ukraine,National Bank of Ukraine,central_banking;prudential_supervision;insurance,https://bank.gov.ua/en/,https://bank.gov.ua/en/news/press,https://bank.gov.ua/en/news/press,authority-owned,news_or_notice,reachable,first-page-observed-no-date,generic-or-ambiguous-link,manual-scope-review,manual-review-required,candidate-needs-validation,en,explicit-url-or-label-hint,,,no-dated-first-page-signal,manual-review,first-page-only-unvalidated,2026-08-20T12:11:07.553Z,2026-08-20T12:11:07.553Z,"Approved from the official-source snapshot only; no scraper promotion is implied. | First-page observation only; pagination, archive depth and field completeness remain to be human-qualified. | No dated first-page signal is not evidence of no publication activity."
ra-auth-ae-0a8dbde12d9b5100,ra-route-dc8cb5297653ad57bca5,AE,United Arab Emirates,United Arab Emirates Financial Intelligence Unit (UAEFIU),financial_intelligence,https://www.uaefiu.gov.ae/en,https://uaefiu.gov.ae/en/about/our-mandate/,https://uaefiu.gov.ae/en/about/our-mandate/,authority-owned,generic_or_ambiguous,reachable,first-page-observed-no-date,plausible-official-publication-candidate,manual-scope-review,manual-review-required,candidate-needs-validation,en,explicit-url-or-label-hint,,,no-dated-first-page-signal,manual-review,first-page-only-unvalidated,2026-08-20T12:11:07.553Z,2026-08-20T12:11:07.553Z,"Approved from the official-source snapshot only; no scraper promotion is implied. | First-page observation only; pagination, archive depth and field completeness remain to be human-qualified. | No dated first-page signal is not evidence of no publication activity."
ra-auth-gb-7e73b376e3a28175,ra-route-de5fcea6807ebd7d9081,GB,United Kingdom,Bank of England,central_banking;prudential_supervision;insurance,http://www.bankofengland.co.uk/,https://www.bankofengland.co.uk/prudential-regulation/the-bank-of-england-enforcement,https://www.bankofengland.co.uk/prudential-regulation/the-bank-of-england-enforcement,authority-owned,enforcement_archive,reachable,dated-first-page-signal,strong-official-publication-candidate,direct-http-scope-observed,approved-for-human-contract,authority-owned,en,explicit-url-or-label-hint,2024-01;2024-05;2024-08;2024-09;2024-12;2025-04;2025-07;2025-12;2026-03;2026-07,2026-07,periodic-first-page-signal,quarterly,first-page-only-unvalidated,2026-08-20T12:11:07.553Z,2026-08-20T12:11:07.553Z,"Approved from the official-source snapshot only; no scraper promotion is implied. | First-page observation only; pagination, archive depth and field completeness remain to be human-qualified. | Cadence is provisional and must be replaced by a regulator-specific contract after archive review."
ra-auth-gb-5c1061f83bd32016,ra-route-e3567761b1d153dffc00,GB,United Kingdom,The Financial Conduct Authority,prudential_supervision;securities;insurance,http://www.fca.org.uk/,https://www.fca.org.uk/about/how-we-regulate/enforcement,https://www.fca.org.uk/about/how-we-regulate/enforcement,authority-owned,enforcement_archive,reachable,dated-first-page-signal,strong-official-publication-candidate,direct-http-scope-observed,approved-for-human-contract,authority-owned,en,explicit-url-or-label-hint,2024-04,2024-04,no-dated-first-page-signal,manual-review,first-page-only-unvalidated,2026-08-20T12:11:07.553Z,2026-08-20T12:11:07.553Z,"Approved from the official-source snapshot only; no scraper promotion is implied. | First-page observation only; pagination, archive depth and field completeness remain to be human-qualified. | No dated first-page signal is not evidence of no publication activity."
ra-auth-gb-e37d8fbad4efa377,ra-route-146850ad22f84f6da080,GB,United Kingdom,The Pensions Regulator,pensions,https://www.thepensionsregulator.gov.uk/,https://www.thepensionsregulator.gov.uk/trustees/penalty-notices,https://www.thepensionsregulator.gov.uk/trustees/penalty-notices,authority-owned,enforcement_archive,reachable,first-page-observed-no-date,strong-official-publication-candidate,direct-http-scope-observed,approved-for-human-contract,authority-owned,en,explicit-url-or-label-hint,,,no-dated-first-page-signal,manual-review,first-page-only-unvalidated,2026-08-20T12:11:07.553Z,2026-08-20T12:11:07.553Z,"Approved from the official-source snapshot only; no scraper promotion is implied. | First-page observation only; pagination, archive depth and field completeness remain to be human-qualified. | No dated first-page signal is not evidence of no publication activity."
ra-auth-gb-5252948f8afafa3c,ra-route-b2a1f30a9d39da257a3b,GB,United Kingdom,UK  Financial Intelligence Unit (UKFIU),financial_intelligence,http://www.nationalcrimeagency.gov.uk/,https://www.nationalcrimeagency.gov.uk/what-we-do/crime-threats/bribery-corruption-and-sanctions-evasion,https://www.nationalcrimeagency.gov.uk/what-we-do/crime-threats/bribery-corruption-and-sanctions-evasion,authority-owned,sanctions_or_penalty_list,reachable,first-page-observed-no-date,strong-official-publication-candidate,direct-http-scope-observed,approved-for-human-contract,authority-owned,en;fr,explicit-url-or-label-hint,,,no-dated-first-page-signal,manual-review,first-page-only-unvalidated,2026-08-20T12:11:07.553Z,2026-08-20T12:11:07.553Z,"Approved from the official-source snapshot only; no scraper promotion is implied. | First-page observation only; pagination, archive depth and field completeness remain to be human-qualified. | No dated first-page signal is not evidence of no publication activity."
ra-auth-us-ad10b9159b670be8,ra-route-74fac7581115e9e6eec4,US,United States,Board of Governors of the Federal Reserve System,central_banking;prudential_supervision;insurance,http://www.federalreserve.gov/,https://www.federalreserve.gov/apps/enforcementactions/default.aspx,https://www.federalreserve.gov/supervisionreg/enforcementactions.htm,authority-owned,enforcement_archive,reachable,first-page-observed-no-date,strong-official-publication-candidate,direct-http-scope-observed,approved-for-human-contract,authority-owned,en,explicit-url-or-label-hint,,,no-dated-first-page-signal,manual-review,first-page-only-unvalidated,2026-08-20T12:11:07.553Z,2026-08-20T12:11:07.553Z,"Approved from the official-source snapshot only; no scraper promotion is implied. | First-page observation only; pagination, archive depth and field completeness remain to be human-qualified. | No dated first-page signal is not evidence of no publication activity."
ra-auth-us-eb9a3dfc93e8fdbd,ra-route-d41f6dc9fd9621e22778,US,United States,Commodity Futures Trading Commission*,securities,http://www.cftc.gov/,https://www.cftc.gov/check,https://www.cftc.gov/check,authority-owned,disciplinary_notice,reachable,first-page-observed-no-date,strong-official-publication-candidate,direct-http-scope-observed,approved-for-human-contract,authority-owned,,not-determined,,,no-dated-first-page-signal,manual-review,first-page-only-unvalidated,2026-08-20T12:11:07.553Z,2026-08-20T12:11:07.553Z,"Approved from the official-source snapshot only; no scraper promotion is implied. | First-page observation only; pagination, archive depth and field completeness remain to be human-qualified. | No dated first-page signal is not evidence of no publication activity."
ra-auth-us-088894162438b675,ra-route-698ca224066e4b1423b1,US,United States,Department of Labor,pensions,https://www.dol.gov/,https://www.dol.gov/general/privacynotice,https://www.dol.gov/general/privacynotice,authority-owned,news_or_notice,reachable,first-page-observed-no-date,generic-or-ambiguous-link,manual-scope-review,manual-review-required,candidate-needs-validation,,not-determined,,,no-dated-first-page-signal,manual-review,first-page-only-unvalidated,2026-08-20T12:11:07.553Z,2026-08-20T12:11:07.553Z,"Approved from the official-source snapshot only; no scraper promotion is implied. | First-page observation only; pagination, archive depth and field completeness remain to be human-qualified. | No dated first-page signal is not evidence of no publication activity."
ra-auth-us-287f0c3d10c00f77,ra-route-26203c3b13df080be0c4,US,United States,Federal Reserve Bank of Chicago,central_banking,http://www.chicagofed.org/,https://www.chicagofed.org/utilities/legal-notices,https://www.chicagofed.org/utilities/legal-notices,authority-owned,news_or_notice,reachable,first-page-observed-no-date,plausible-official-publication-candidate,manual-scope-review,manual-review-required,candidate-needs-validation,en,explicit-url-or-label-hint,,,no-dated-first-page-signal,manual-review,first-page-only-unvalidated,2026-08-20T12:11:07.553Z,2026-08-20T12:11:07.553Z,"Approved from the official-source snapshot only; no scraper promotion is implied. | First-page observation only; pagination, archive depth and field completeness remain to be human-qualified. | No dated first-page signal is not evidence of no publication activity."
ra-auth-us-cc6da0f47b34bede,ra-route-fae7754c004f844c8a4b,US,United States,Federal Reserve Bank of Cleveland,central_banking,http://www.clevelandfed.org/,https://www.clevelandfed.org/banking-and-payments/applications,https://www.clevelandfed.org/banking-and-payments/applications,authority-owned,news_or_notice,reachable,first-page-observed-no-date,generic-or-ambiguous-link,manual-scope-review,manual-review-required,candidate-needs-validation,en,explicit-url-or-label-hint,,,no-dated-first-page-signal,manual-review,first-page-only-unvalidated,2026-08-20T12:11:07.553Z,2026-08-20T12:11:07.553Z,"Approved from the official-source snapshot only; no scraper promotion is implied. | First-page observation only; pagination, archive depth and field completeness remain to be human-qualified. | No dated first-page signal is not evidence of no publication activity."
ra-auth-us-741e70aea003acf2,ra-route-779a53fd94c97096fe96,US,United States,Federal Reserve Bank of Dallas,central_banking,http://www.dallasfed.org/,https://www.dallasfed.org/fed/privacy,https://www.dallasfed.org/fed/privacy,authority-owned,news_or_notice,reachable,first-page-observed-no-date,plausible-official-publication-candidate,manual-scope-review,manual-review-required,candidate-needs-validation,en,explicit-url-or-label-hint,,,no-dated-first-page-signal,manual-review,first-page-only-unvalidated,2026-08-20T12:11:07.553Z,2026-08-20T12:11:07.553Z,"Approved from the official-source snapshot only; no scraper promotion is implied. | First-page observation only; pagination, archive depth and field completeness remain to be human-qualified. | No dated first-page signal is not evidence of no publication activity."
ra-auth-us-7ef6797c14ffa4cc,ra-route-f35d082453a6ad5df60b,US,United States,Federal Reserve Bank of Philadelphia,central_banking,http://www.philadelphiafed.org/,https://www.philadelphiafed.org/about-us/privacy-notice,https://www.philadelphiafed.org/about-us/privacy-notice,authority-owned,news_or_notice,reachable,first-page-observed-no-date,plausible-official-publication-candidate,manual-scope-review,manual-review-required,candidate-needs-validation,en,explicit-url-or-label-hint,,,no-dated-first-page-signal,manual-review,first-page-only-unvalidated,2026-08-20T12:11:07.553Z,2026-08-20T12:11:07.553Z,"Approved from the official-source snapshot only; no scraper promotion is implied. | First-page observation only; pagination, archive depth and field completeness remain to be human-qualified. | No dated first-page signal is not evidence of no publication activity."
ra-auth-us-46b44f4d6649d753,ra-route-f351dd10286eb2808bbc,US,United States,Federal Reserve Bank of St Louis,central_banking,http://www.stlouisfed.org/,https://www.stlouisfed.org/bank-supervision/applications-and-notices,https://www.stlouisfed.org/bank-supervision/applications-and-notices,authority-owned,news_or_notice,reachable,first-page-observed-no-date,generic-or-ambiguous-link,manual-scope-review,manual-review-required,candidate-needs-validation,en,explicit-url-or-label-hint,,,no-dated-first-page-signal,manual-review,first-page-only-unvalidated,2026-08-20T12:11:07.553Z,2026-08-20T12:11:07.553Z,"Approved from the official-source snapshot only; no scraper promotion is implied. | First-page observation only; pagination, archive depth and field completeness remain to be human-qualified. | No dated first-page signal is not evidence of no publication activity."
ra-auth-us-43a27ec7d4786675,ra-route-f3a884e922ddb99de9a8,US,United States,New York State Department of Financial Services,prudential_supervision,http://www.dfs.ny.gov/,https://www.dfs.ny.gov/industry_guidance/enforcement_actions,https://www.dfs.ny.gov/industry_guidance/enforcement_actions,authority-owned,disciplinary_notice,reachable,first-page-observed-no-date,strong-official-publication-candidate,direct-http-scope-observed,approved-for-human-contract,authority-owned,en,explicit-url-or-label-hint,,,no-dated-first-page-signal,manual-review,first-page-only-unvalidated,2026-08-20T12:11:07.553Z,2026-08-20T12:11:07.553Z,"Approved from the official-source snapshot only; no scraper promotion is implied. | First-page observation only; pagination, archive depth and field completeness remain to be human-qualified. | No dated first-page signal is not evidence of no publication activity."
ra-auth-us-a94a1d459ec7f88d,ra-route-0a85a8e96cde7c332386,US,United States,Office of the Comptroller of the Currency,prudential_supervision,http://www.occ.treas.gov/,https://apps.occ.gov/EASearch,https://apps.occ.gov/EASearch,external-unqualified,enforcement_archive,reachable,first-page-observed-no-date,strong-official-publication-candidate,manual-scope-review,manual-review-required,candidate-needs-validation,en,explicit-url-or-label-hint,,,no-dated-first-page-signal,manual-review,first-page-only-unvalidated,2026-08-20T12:11:07.553Z,2026-08-20T12:11:07.553Z,"Approved from the official-source snapshot only; no scraper promotion is implied. | First-page observation only; pagination, archive depth and field completeness remain to be human-qualified. | No dated first-page signal is not evidence of no publication activity."
ra-auth-us-817b6d19af1e421e,ra-route-2bfdc93f1aaeab97c553,US,United States,Securities and Exchange Commission*,securities,http://www.sec.gov/,https://www.sec.gov/enforcement-litigation,https://www.sec.gov/enforcement-litigation,authority-owned,enforcement_archive,reachable,first-page-observed-no-date,strong-official-publication-candidate,direct-http-scope-observed,approved-for-human-contract,authority-owned,en,explicit-url-or-label-hint,,,no-dated-first-page-signal,manual-review,first-page-only-unvalidated,2026-08-20T12:11:07.553Z,2026-08-20T12:11:07.553Z,"Approved from the official-source snapshot only; no scraper promotion is implied. | First-page observation only; pagination, archive depth and field completeness remain to be human-qualified. | No dated first-page signal is not evidence of no publication activity."
ra-auth-uz-c8009e4445ad9728,ra-route-1c83effdfb649114a7a5,UZ,Uzbekistan,Central Bank of the Republic of Uzbekistan,central_banking;prudential_supervision,https://cbu.uz/en/,https://cbu.uz/en/services/task-execution-states/,https://cbu.uz/en/services/task-execution-states/,authority-owned,disciplinary_notice,reachable,dated-first-page-signal,strong-official-publication-candidate,direct-http-scope-observed,approved-for-human-contract,authority-owned,en,explicit-url-or-label-hint,2026-05,2026-05,low-frequency-first-page-signal,semiannual,first-page-only-unvalidated,2026-08-20T12:11:07.553Z,2026-08-20T12:11:07.553Z,"Approved from the official-source snapshot only; no scraper promotion is implied. | First-page observation only; pagination, archive depth and field completeness remain to be human-qualified. | Cadence is provisional and must be replaced by a regulator-specific contract after archive review."
ra-auth-vu-a6447403394c27cf,ra-route-2374a42d2ea94a2260f2,VU,Vanuatu,Vanuatu Financial Services Commission,prudential_supervision,http://www.vfsc.vu/,https://www.vfsc.vu/companies-fees-and-penalties/,https://www.vfsc.vu/companies-fees-and-penalties/,authority-owned,enforcement_archive,reachable,first-page-observed-no-date,strong-official-publication-candidate,direct-http-scope-observed,approved-for-human-contract,authority-owned,en,explicit-url-or-label-hint,,,no-dated-first-page-signal,manual-review,first-page-only-unvalidated,2026-08-20T12:11:07.553Z,2026-08-20T12:11:07.553Z,"Approved from the official-source snapshot only; no scraper promotion is implied. | First-page observation only; pagination, archive depth and field completeness remain to be human-qualified. | No dated first-page signal is not evidence of no publication activity."
ra-auth-zm-c01c3d91b963f4b0,ra-route-364a1d7ab54934cd3d77,ZM,Zambia,Securities and Exchange Commission,securities,http://www.seczambia.org.zm/,https://www.seczambia.org.zm/investor-protection/enforcement-actions/,https://www.seczambia.org.zm/investor-protection/enforcement-actions/,authority-owned,enforcement_archive,reachable,first-page-observed-no-date,strong-official-publication-candidate,direct-http-scope-observed,approved-for-human-contract,authority-owned,en,explicit-url-or-label-hint,,,no-dated-first-page-signal,manual-review,first-page-only-unvalidated,2026-08-20T12:11:07.553Z,2026-08-20T12:11:07.553Z,"Approved from the official-source snapshot only; no scraper promotion is implied. | First-page observation only; pagination, archive depth and field completeness remain to be human-qualified. | No dated first-page signal is not evidence of no publication activity."
ra-auth-zw-aee81327f842da53,ra-route-00b76adad386da05d1fa,ZW,Zimbabwe,Insurance and Pensions Commission (IPEC),insurance;pensions,https://ipec.co.zw/,https://ipec.co.zw/local-news/notice-of-cancellation-of-orchid-funeral-assurance-company-registration-pursuant-to-section-23-of-the-insurance-act-chapter-2407/,https://ipec.co.zw/local-news/notice-of-cancellation-of-orchid-funeral-assurance-company-registration-pursuant-to-section-23-of-the-insurance-act-chapter-2407/,not-observable,not-observable,challenge-protected,not-observable,not-observable,browser-clearance-required,browser-review-required,obstructed,en,explicit-url-or-label-hint,2024-01;2024-02;2024-03;2024-04;2024-05;2024-07;2024-10;2025-02;2025-03;2025-04;2025-06;2025-07;2025-09;2025-10;2025-11;2025-12;2026-02;2026-05;2026-06,2026-06,not-observable,browser-review,not-observable,2026-08-20T12:11:07.553Z,2026-08-20T12:11:07.553Z,Approved from the official-source snapshot only; no scraper promotion is implied. | Direct observation was not available; preserve the transport/browser state and do not infer publication absence. | No dated first-page signal is not evidence of no publication activity.
ra-auth-vi-6d0bcaf28bff9bc7,ra-route-f4a4d561467898bfe208,VI,US Virgin Islands,"Office of the Lieutenant Governor — Division of Banking, Insurance and Financial Regulation",prudential_supervision;securities;insurance,https://ltg.gov.vi/departments/banking-insurance-and-financial-regulation/,https://ltg.gov.vi/departments/banking-insurance-and-financial-regulation/,https://ltg.gov.vi/departments/banking-insurance-and-financial-regulation/,authority-owned,news_or_notice,reachable,first-page-observed-no-date,generic-or-ambiguous-link,manual-scope-review,manual-review-required,candidate-needs-validation,,not-determined,,,no-dated-first-page-signal,manual-review,first-page-only-unvalidated,2026-08-23T22:46:25.021Z,2026-08-23T22:46:25.021Z,"Approved from the official-source snapshot only; no scraper promotion is implied. | First-page observation only; pagination, archive depth and field completeness remain to be human-qualified. | No dated first-page signal is not evidence of no publication activity."
