"iso2","iso3","country","authority","mandate","evidenceLevel","website","accessState","publicationUrl","publicationCandidatesWithProvenance","authorityOwnedQualifiedRegulatoryUpdates","authorityOwnedQualifiedEnforcementCandidates","externalOfficialContextCandidates","publicationKind","directorySources","directoryEvidenceUrls","researchEffectiveAt","retrievedAt","researchPublicationSnapshotCheckedAt","activitySignal","activitySignalStatus","scanType","scanStartMonth","scanEndMonth","scanAsOf","datePrecision","archiveBoundary","observedMonthCount","observedMonths","latestObservedMonth","latestObservedPrecision","publicationRelevance","publicationRouteType","sourceHostScope","transparencyIndex"
"DZ","DZA","Algeria","Bank of Algeria","Central bank; Prudential supervision","identity-confirmed","http://www.bank-of-algeria.dz/","network-error","","","","","","unknown","BIS","https://www.bis.org/cbanks.htm; https://www.bis.org/regauth.htm","2026-08-20T12:09:41.497Z","2026-08-20T12:10:41.904Z","2026-08-20T12:10:41.904Z","unknown","provisional-first-page-scan","automated-first-page-date-scan","2024-01","2026-08","2026-08-20","month","first-page-only-unvalidated","0","","","","","","",""
"DZ","DZA","Algeria","Commission d'Organisation et de Surveillance des Opérations de Bourse","Securities","identity-confirmed","http://www.cosob.org/","reachable","https://cosob.dz/decisions-et-visas/","Décisions et visas|https://cosob.dz/decisions-et-visas/|unqualified-candidate|manual-review-required; Notice d’information|https://cosob.dz/emetteurs/notice-dinformation/|unqualified-candidate|unqualified","","","","enforcement","IOSCO","https://www.iosco.org/v2/about/?subsection=membership&memid=1&page=1; https://www.iosco.org/v2/about/?subsection=membership&memid=1&page=8; https://www.iosco.org/v2/about/?subsection=membership&memid=1&page=9; https://www.iosco.org/v2/about/?subsection=membership&memid=1&page=10; https://www.iosco.org/v2/about/?subsection=membership&memid=1&page=11; https://www.iosco.org/v2/about/?subsection=membership&memid=1&page=12","2026-08-20T12:09:41.497Z","2026-08-20T12:10:41.904Z","2026-08-20T12:11:07.553Z","unknown","provisional-first-page-scan","automated-first-page-date-scan","2024-01","2026-08","2026-08-20","month","first-page-only-unvalidated","0","","","","generic-or-ambiguous-link","decision_register","external-unqualified",""
"DZ","DZA","Algeria","Financial Intelligence Processing nit (CTRF)","Financial intelligence","identity-confirmed","http://www.mf-ctrf.gov.dz/ngindex.html","network-error","","","","","","unknown","EGMONT","https://egmontgroup.org/members-by-region/","2026-08-20T12:09:41.497Z","2026-08-20T12:10:41.904Z","2026-08-20T12:10:41.904Z","unknown","provisional-first-page-scan","automated-first-page-date-scan","2024-01","2026-08","2026-08-20","month","first-page-only-unvalidated","0","","","","","","",""
"AO","AGO","Angola","Agência Angolana de Regulação e Supervisão de Seguros (ARSEG)","Insurance; Pensions","identity-confirmed","https://www.arseg.ao/","reachable","https://www.arseg.ao/","Actividade Sancionatória|https://www.arseg.ao/|authority-owned-qualified-route|approved-for-human-contract; 2023|https://www.arseg.ao/publicacoes/actividade-sancionatoria/2023/|unqualified-candidate|unqualified; 2024|https://www.arseg.ao/publicacoes/actividade-sancionatoria/2024/|unqualified-candidate|unqualified; 2025|https://www.arseg.ao/publicacoes/actividade-sancionatoria/2025/|unqualified-candidate|unqualified; 2026|https://www.arseg.ao/publicacoes/actividade-sancionatoria/2026/|unqualified-candidate|unqualified; RELATÓRIO DA ACTIVIDADE SANCIONATÓRIA - I.º SEMESTRE DE 2026|https://www.arseg.ao/noticias/relat%C3%B3rio-da-actividade-sancionat%C3%B3ria-i-%C2%BA-semestre-de-2026/|unqualified-candidate|unqualified; RELATÓRIO DA ACTIVIDADE SANCIONATÓRIA IIº SEMESTRE 2025|https://www.arseg.ao/noticias/relat%C3%B3rio-da-actividade-sancionat%C3%B3ria-ii%C2%BA-semestre-2025/|unqualified-candidate|unqualified; DECISÃO DO PROCESSO DE TRANSGRESSÃO A ENTIDADE: ALIANÇA SEGUROS, S.A.|https://www.arseg.ao/noticias/decisao-do-processo-de-transgressao-a-entidade-alianca-seguros-s-a/|unqualified-candidate|unqualified; COMUNICADO DA DECISÃO EM PROCESSO DE TRANSGRESSÃO DA SOL SEGUROS, S.A.|https://www.arseg.ao/noticias/comunicado-da-decisao-em-processo-de-transgressao-da-sol-seguros-s-a/|unqualified-candidate|unqualified; RELATÓRIO DA ACTIVIDADE SANCIONATÓRIA Iº SEMESTRE 2025|https://www.arseg.ao/noticias/relat%C3%B3rio-da-actividade-sancionat%C3%B3ria-i%C2%BA-semestre-2025/|unqualified-candidate|unqualified; COMUNICADO DA DECISÃO EM PROCESSO DE TRANSGRESSÃO DA BIC SEGUROS, S.A.|https://www.arseg.ao/noticias/comunicado-da-decisao-em-processo-de-transgressao-da-bic-seguros-s-a-1/|unqualified-candidate|unqualified; RELATÓRIO DE PROCESSOS SANCIONATÓRIOS DE 2024|https://www.arseg.ao/noticias/relatorio-de-processos-sancionatorios-de-2024/|unqualified-candidate|unqualified","","Actividade Sancionatória|https://www.arseg.ao/","","enforcement","IAIS; IOPS","https://www.iais.org/about-the-iais/iais-members/; https://www.iopsweb.org/en/membership/iops-members-and-observers.html","2026-08-20T12:09:41.497Z","2026-08-20T12:10:41.904Z","2026-08-20T12:11:07.553Z","unknown","provisional-first-page-scan","automated-first-page-date-scan","2024-01","2026-08","2026-08-20","month","first-page-only-unvalidated","0","","","","strong-official-publication-candidate","sanctions_or_penalty_list","authority-owned",""
"AO","AGO","Angola","Comissão do Mercado de Capitais","Securities","identity-confirmed","http://www.cmc.ao/","challenge-protected","https://www.cmc.ao/pt-pt/AML/CFT","Relatório de Actividades Sancionatórias|https://www.cmc.ao/pt-pt/relatorio_de_actividades_sancionatorias|unqualified-candidate|unqualified; Lista de Sanções da ONU|https://www.cmc.ao/pt-pt/AML/CFT|unqualified-candidate|browser-review-required","","","","unknown","IOSCO","https://www.iosco.org/v2/about/?subsection=membership&memid=1&page=1; https://www.iosco.org/v2/about/?subsection=membership&memid=1&page=8; https://www.iosco.org/v2/about/?subsection=membership&memid=1&page=9; https://www.iosco.org/v2/about/?subsection=membership&memid=1&page=10; https://www.iosco.org/v2/about/?subsection=membership&memid=1&page=11; https://www.iosco.org/v2/about/?subsection=membership&memid=1&page=12","2026-08-20T12:09:41.497Z","2026-08-20T12:10:41.904Z","2026-08-20T12:11:07.553Z","unknown","provisional-first-page-scan","automated-first-page-date-scan","2024-01","2026-08","2026-08-20","month","first-page-only-unvalidated","0","","","","not-observable","not-observable","not-observable",""
"AO","AGO","Angola","National Bank of Angola","Central bank; Prudential supervision","identity-confirmed","http://www.bna.ao/","timeout","","","","","","unknown","BIS","https://www.bis.org/cbanks.htm; https://www.bis.org/regauth.htm","2026-08-20T12:09:41.497Z","2026-08-20T12:10:41.904Z","2026-08-20T12:10:41.904Z","unknown","provisional-first-page-scan","automated-first-page-date-scan","2024-01","2026-08","2026-08-20","month","first-page-only-unvalidated","0","","","","","","",""
"AO","AGO","Angola","Unidade de Informação Financeira (UIF-Angola)","Financial intelligence","enforcement-visible","http://www.uif.ao/","reachable","http://www.uif.ao/listas-de-sancoes.aspx","Alvo de Sanções financeiras|http://www.uif.ao/conteudo.aspx?id=38&menu=Alvo_de_Sancoes_financeiras|unqualified-candidate|unqualified; Sanções Emitidas pela UIF|http://www.uif.ao/conteudo.aspx?id=45&menu=Sancoes_Emitidas_pela_UIF|unqualified-candidate|unqualified; Listas de Sanções|http://www.uif.ao/listas-de-sancoes.aspx|authority-owned-qualified-route|approved-for-human-contract","","Listas de Sanções|http://www.uif.ao/listas-de-sancoes.aspx","","enforcement","EGMONT","https://egmontgroup.org/members-by-region/","2026-08-20T12:09:41.497Z","2026-08-20T12:10:41.904Z","2026-08-20T12:11:07.553Z","low-frequency","provisional-first-page-scan","automated-first-page-date-scan","2024-01","2026-08","2026-08-20","month","first-page-only-unvalidated","2","2026-02; 2026-03","2026-03","month","strong-official-publication-candidate","enforcement_archive","authority-owned",""
"BJ","BEN","Benin","Autorité des Marchés Financiers de l’UMOA","Securities","identity-confirmed","http://www.crepmf.org/","timeout","","","","","","unknown","IOSCO","https://www.iosco.org/v2/about/?subsection=membership&memid=1&page=7","2026-08-20T12:09:41.497Z","2026-08-20T12:10:41.904Z","2026-08-20T12:10:41.904Z","unknown","provisional-first-page-scan","automated-first-page-date-scan","2024-01","2026-08","2026-08-20","month","first-page-only-unvalidated","0","","","","","","",""
"BJ","BEN","Benin","Cellule Nationale de Traitement des Informations Financieres du Benin (CENTIF)","Financial intelligence","identity-confirmed","http://www.fiub.org/","reachable","","","","","","unknown","EGMONT","https://egmontgroup.org/members-by-region/","2026-08-20T12:09:41.497Z","2026-08-20T12:10:41.904Z","2026-08-20T12:10:41.904Z","unknown","provisional-first-page-scan","automated-first-page-date-scan","2024-01","2026-08","2026-08-20","month","first-page-only-unvalidated","0","","","","","","",""
"BJ","BEN","Benin","Central Bank of West African States (BCEAO)","Central bank; Prudential supervision","identity-confirmed","https://www.bceao.int/en","reachable","https://www.bceao.int/en","Legal Notice|https://www.bceao.int/en|unqualified-candidate|manual-review-required","","","","regulatory-update","BIS","https://www.bis.org/cbanks.htm; https://www.bis.org/regauth.htm","2026-08-20T12:09:41.497Z","2026-08-20T12:10:41.904Z","2026-08-20T12:11:07.553Z","unknown","provisional-first-page-scan","automated-first-page-date-scan","2024-01","2026-08","2026-08-20","month","first-page-only-unvalidated","0","","","","generic-or-ambiguous-link","news_or_notice","authority-owned",""
"BJ","BEN","Benin","Conférence Interafricaine des Marchés d'Assurances (CIMA)","Insurance","identity-confirmed","http://cima-afrique.org/","reachable","https://cima-afrique.org/decisions-du-cma/","Décisions du Conseil des Ministres des Assurances|https://cima-afrique.org/decisions-du-cma/|unqualified-candidate|manual-review-required; Décisions de la Commission Régionale de Contrôle des Assurances|https://cima-afrique.org/decisions-de-la-crca/|unqualified-candidate|unqualified","","","","enforcement","IAIS","https://www.iais.org/about-the-iais/iais-members/","2026-08-20T12:09:41.497Z","2026-08-20T12:10:41.904Z","2026-08-20T12:11:07.553Z","unknown","provisional-first-page-scan","automated-first-page-date-scan","2024-01","2026-08","2026-08-20","month","first-page-only-unvalidated","0","","","","generic-or-ambiguous-link","decision_register","authority-owned",""
"BW","BWA","Botswana","Bank of Botswana","Central bank; Prudential supervision","identity-confirmed","http://www.bankofbotswana.bw/","reachable","http://www.bankofbotswana.bw/sites/default/files/press-release-files/Public%20Notice%20-%20Lower%20Denomination%20Coin%20Cirulation.pdf","Public Notice - Lower Denomination Coin Circulation|http://www.bankofbotswana.bw/sites/default/files/press-release-files/Public%20Notice%20-%20Lower%20Denomination%20Coin%20Cirulation.pdf|unqualified-candidate|manual-review-required","","","","unknown","BIS","https://www.bis.org/cbanks.htm; https://www.bis.org/regauth.htm","2026-08-20T12:09:41.497Z","2026-08-20T12:10:41.904Z","2026-08-20T12:11:07.553Z","unknown","provisional-first-page-scan","automated-first-page-date-scan","2024-01","2026-08","2026-08-20","month","first-page-only-unvalidated","0","","","","generic-or-ambiguous-link","detail_document","authority-owned",""
"BW","BWA","Botswana","Financial Intelligence Unit (FIU) - Botswana","Financial intelligence","identity-confirmed","https://www.finance.gov.bw/index.php?Itemid=159&option=com_content&view=categories&id=36","reachable","https://www.finance.gov.bw/index.php?Itemid=466&option=com_content&view=category&id=58","Notice to Specified Parties and Accountable Institutions|https://www.finance.gov.bw/index.php?Itemid=466&option=com_content&view=category&id=58|unqualified-candidate|transport-follow-up-required","","","","unknown","EGMONT","https://egmontgroup.org/members-by-region/","2026-08-20T12:09:41.497Z","2026-08-20T12:10:41.904Z","2026-08-20T12:11:07.553Z","unknown","provisional-first-page-scan","automated-first-page-date-scan","2024-01","2026-08","2026-08-20","month","first-page-only-unvalidated","0","","","","not-observable","not-observable","not-observable",""
"BW","BWA","Botswana","Non-Bank Financial Institutions Regulatory Authority (NBFIRA)","Insurance; Pensions","identity-confirmed","http://www.nbfira.org.bw/","reachable","https://www.nbfira.org.bw/news/notice-of-evaluated-technical-bids-tender-no-nbfira-001-26-27/","Notice of Evaluated Technical Bids – Tender No: NBFIRA 001/26-27|https://www.nbfira.org.bw/news/notice-of-evaluated-technical-bids-tender-no-nbfira-001-26-27/|unqualified-candidate|manual-review-required","","","","regulatory-update","IAIS; IOPS","https://www.iais.org/about-the-iais/iais-members/; https://www.iopsweb.org/en/membership/iops-members-and-observers.html","2026-08-20T12:09:41.497Z","2026-08-20T12:10:41.904Z","2026-08-20T12:11:07.553Z","unknown","provisional-first-page-scan","automated-first-page-date-scan","2024-01","2026-08","2026-08-20","month","first-page-only-unvalidated","0","","","","generic-or-ambiguous-link","news_or_notice","authority-owned",""
"BF","BFA","Burkina Faso","Autorité des Marchés Financiers de l’UMOA","Securities","identity-confirmed","http://www.crepmf.org/","timeout","","","","","","unknown","IOSCO","https://www.iosco.org/v2/about/?subsection=membership&memid=1&page=7","2026-08-20T12:09:41.497Z","2026-08-20T12:10:41.904Z","2026-08-20T12:10:41.904Z","unknown","provisional-first-page-scan","automated-first-page-date-scan","2024-01","2026-08","2026-08-20","month","first-page-only-unvalidated","0","","","","","","",""
"BF","BFA","Burkina Faso","Central Bank of West African States (BCEAO)","Central bank; Prudential supervision","identity-confirmed","https://www.bceao.int/en","reachable","https://www.bceao.int/en","Legal Notice|https://www.bceao.int/en|unqualified-candidate|manual-review-required","","","","regulatory-update","BIS","https://www.bis.org/cbanks.htm; https://www.bis.org/regauth.htm","2026-08-20T12:09:41.497Z","2026-08-20T12:10:41.904Z","2026-08-20T12:11:07.553Z","unknown","provisional-first-page-scan","automated-first-page-date-scan","2024-01","2026-08","2026-08-20","month","first-page-only-unvalidated","0","","","","generic-or-ambiguous-link","news_or_notice","authority-owned",""
"BF","BFA","Burkina Faso","Conférence Interafricaine des Marchés d'Assurances (CIMA)","Insurance","identity-confirmed","http://cima-afrique.org/","reachable","https://cima-afrique.org/decisions-du-cma/","Décisions du Conseil des Ministres des Assurances|https://cima-afrique.org/decisions-du-cma/|unqualified-candidate|manual-review-required; Décisions de la Commission Régionale de Contrôle des Assurances|https://cima-afrique.org/decisions-de-la-crca/|unqualified-candidate|unqualified","","","","enforcement","IAIS","https://www.iais.org/about-the-iais/iais-members/","2026-08-20T12:09:41.497Z","2026-08-20T12:10:41.904Z","2026-08-20T12:11:07.553Z","unknown","provisional-first-page-scan","automated-first-page-date-scan","2024-01","2026-08","2026-08-20","month","first-page-only-unvalidated","0","","","","generic-or-ambiguous-link","decision_register","authority-owned",""
"BF","BFA","Burkina Faso","The National Financial Information Processing Unit (CENTIF-BF) Burkina Faso","Financial intelligence","identity-confirmed","https://www.finances.gov.bf/attributions-et-missions/details?tx_news_pi1%5Baction%5D=detail&tx_news_pi1%5Bcontroller%5D=News&tx_news_pi1%5Bnews%5D=22&cHash=7617b644d576b1b7f9b4ff6f4067adf9","reachable","","","","","","unknown","EGMONT","https://egmontgroup.org/members-by-region/","2026-08-20T12:09:41.497Z","2026-08-20T12:10:41.904Z","2026-08-20T12:10:41.904Z","unknown","provisional-first-page-scan","automated-first-page-date-scan","2024-01","2026-08","2026-08-20","month","first-page-only-unvalidated","0","","","","","","",""
"BI","BDI","Burundi","Agence de Régulation et de Contrôle des Assurances (ARCA)","Insurance","identity-confirmed","http://www.arca.bi/","reachable","","","","","","unknown","IAIS","https://www.iais.org/about-the-iais/iais-members/","2026-08-20T12:09:41.497Z","2026-08-20T12:10:41.904Z","2026-08-20T12:10:41.904Z","unknown","provisional-first-page-scan","automated-first-page-date-scan","2024-01","2026-08","2026-08-20","month","first-page-only-unvalidated","0","","","","","","",""
"BI","BDI","Burundi","Bank of the Republic of Burundi","Central bank; Prudential supervision","identity-confirmed","https://www.brb.bi/en","challenge-protected","","","","","","unknown","BIS","https://www.bis.org/cbanks.htm; https://www.bis.org/regauth.htm","2026-08-20T12:09:41.497Z","2026-08-20T12:10:41.904Z","2026-08-20T12:10:41.904Z","unknown","provisional-first-page-scan","automated-first-page-date-scan","2024-01","2026-08","2026-08-20","month","first-page-only-unvalidated","0","","","","","","",""
"CV","CPV","Cabo Verde","Bank of Cape Verde","Central bank; Prudential supervision; Securities; Insurance","identity-confirmed","http://www.bcv.cv/","network-error","","","","","","unknown","BIS; IOSCO; IAIS","https://www.bis.org/cbanks.htm; https://www.bis.org/regauth.htm; https://www.iosco.org/v2/about/?subsection=membership&memid=1&page=2; https://www.iais.org/about-the-iais/iais-members/","2026-08-20T12:09:41.497Z","2026-08-20T12:10:41.904Z","2026-08-20T12:10:41.904Z","unknown","provisional-first-page-scan","automated-first-page-date-scan","2024-01","2026-08","2026-08-20","month","first-page-only-unvalidated","0","","","","","","",""
"CV","CPV","Cabo Verde","Cape Verde UIF (UIF)","Financial intelligence","identity-confirmed","","no-public-website","","","","","","unknown","EGMONT","https://egmontgroup.org/members-by-region/","2026-08-20T12:09:41.497Z","2026-08-20T12:10:41.904Z","2026-08-20T12:10:41.904Z","unknown","provisional-first-page-scan","automated-first-page-date-scan","2024-01","2026-08","2026-08-20","month","first-page-only-unvalidated","0","","","","","","",""
"CM","CMR","Cameroon","Bank of Central African States","Central bank","identity-confirmed","https://www.beac.int/","challenge-protected","https://www.beac.int/p-des-changes/circulaires-et-decisions/","Décisions de politique monétaire|https://www.beac.int/politique-monetaire/decisions-de-politique-monetaire/|unqualified-candidate|unqualified; Circulaires et décisions|https://www.beac.int/p-des-changes/circulaires-et-decisions/|unqualified-candidate|browser-review-required","","","","unknown","BIS","https://www.bis.org/cbanks.htm","2026-08-20T12:09:41.497Z","2026-08-20T12:10:41.904Z","2026-08-20T12:11:07.553Z","unknown","provisional-first-page-scan","automated-first-page-date-scan","2024-01","2026-08","2026-08-20","month","first-page-only-unvalidated","0","","","","not-observable","not-observable","not-observable",""
"CM","CMR","Cameroon","Commission de Surveillance du Marché Financier de l'Afrique Centrale (Securities and Exchange Commission of Central Africa)","Securities","identity-confirmed","http://www.cosumaf.org/","challenge-protected","","","","","","unknown","IOSCO","https://www.iosco.org/v2/about/?subsection=membership&memid=1&page=2","2026-08-20T12:09:41.497Z","2026-08-20T12:10:41.904Z","2026-08-20T12:10:41.904Z","unknown","provisional-first-page-scan","automated-first-page-date-scan","2024-01","2026-08","2026-08-20","month","first-page-only-unvalidated","0","","","","","","",""
"CM","CMR","Cameroon","Conférence Interafricaine des Marchés d'Assurances (CIMA)","Insurance","identity-confirmed","http://cima-afrique.org/","reachable","https://cima-afrique.org/decisions-du-cma/","Décisions du Conseil des Ministres des Assurances|https://cima-afrique.org/decisions-du-cma/|unqualified-candidate|manual-review-required; Décisions de la Commission Régionale de Contrôle des Assurances|https://cima-afrique.org/decisions-de-la-crca/|unqualified-candidate|unqualified","","","","enforcement","IAIS","https://www.iais.org/about-the-iais/iais-members/","2026-08-20T12:09:41.497Z","2026-08-20T12:10:41.904Z","2026-08-20T12:11:07.553Z","unknown","provisional-first-page-scan","automated-first-page-date-scan","2024-01","2026-08","2026-08-20","month","first-page-only-unvalidated","0","","","","generic-or-ambiguous-link","decision_register","authority-owned",""
"CM","CMR","Cameroon","National Agency for Financial Investigation (NAFI)","Financial intelligence","enforcement-visible","http://www.anif.cm/","reachable","https://anif.cm/liste-des-sanctions-financieres-ciblees/","Voir plus|https://anif.cm/liste-des-sanctions-financieres-ciblees/|authority-owned-qualified-route|approved-for-human-contract","","Voir plus|https://anif.cm/liste-des-sanctions-financieres-ciblees/","","enforcement","EGMONT","https://egmontgroup.org/members-by-region/","2026-08-20T12:09:41.497Z","2026-08-20T12:10:41.904Z","2026-08-20T12:11:07.553Z","low-frequency","provisional-first-page-scan","automated-first-page-date-scan","2024-01","2026-08","2026-08-20","month","first-page-only-unvalidated","1","2025-08","2025-08","month","strong-official-publication-candidate","sanctions_or_penalty_list","authority-owned",""
"CF","CAF","Central African Republic","Bank of Central African States","Central bank; Prudential supervision","identity-confirmed","https://www.beac.int/","challenge-protected","https://www.beac.int/p-des-changes/circulaires-et-decisions/","Décisions de politique monétaire|https://www.beac.int/politique-monetaire/decisions-de-politique-monetaire/|unqualified-candidate|unqualified; Circulaires et décisions|https://www.beac.int/p-des-changes/circulaires-et-decisions/|unqualified-candidate|browser-review-required","","","","unknown","BIS","https://www.bis.org/cbanks.htm; https://www.bis.org/regauth.htm","2026-08-20T12:09:41.497Z","2026-08-20T12:10:41.904Z","2026-08-20T12:11:07.553Z","unknown","provisional-first-page-scan","automated-first-page-date-scan","2024-01","2026-08","2026-08-20","month","first-page-only-unvalidated","0","","","","not-observable","not-observable","not-observable",""
"CF","CAF","Central African Republic","Commission de Surveillance du Marché Financier de l'Afrique Centrale (Securities and Exchange Commission of Central Africa)","Securities","identity-confirmed","http://www.cosumaf.org/","challenge-protected","","","","","","unknown","IOSCO","https://www.iosco.org/v2/about/?subsection=membership&memid=1&page=2","2026-08-20T12:09:41.497Z","2026-08-20T12:10:41.904Z","2026-08-20T12:10:41.904Z","unknown","provisional-first-page-scan","automated-first-page-date-scan","2024-01","2026-08","2026-08-20","month","first-page-only-unvalidated","0","","","","","","",""
"CF","CAF","Central African Republic","Conférence Interafricaine des Marchés d'Assurances (CIMA)","Insurance","identity-confirmed","http://cima-afrique.org/","reachable","https://cima-afrique.org/decisions-du-cma/","Décisions du Conseil des Ministres des Assurances|https://cima-afrique.org/decisions-du-cma/|unqualified-candidate|manual-review-required; Décisions de la Commission Régionale de Contrôle des Assurances|https://cima-afrique.org/decisions-de-la-crca/|unqualified-candidate|unqualified","","","","enforcement","IAIS","https://www.iais.org/about-the-iais/iais-members/","2026-08-20T12:09:41.497Z","2026-08-20T12:10:41.904Z","2026-08-20T12:11:07.553Z","unknown","provisional-first-page-scan","automated-first-page-date-scan","2024-01","2026-08","2026-08-20","month","first-page-only-unvalidated","0","","","","generic-or-ambiguous-link","decision_register","authority-owned",""
"TD","TCD","Chad","Agence Nationale d Investigation Financiere du Tchad (ANIF)","Financial intelligence","identity-confirmed","https://anif-tchad.td/fr/","http-error","","","","","","unknown","EGMONT","https://egmontgroup.org/members-by-region/","2026-08-20T12:09:41.497Z","2026-08-20T12:10:41.904Z","2026-08-20T12:10:41.904Z","unknown","provisional-first-page-scan","automated-first-page-date-scan","2024-01","2026-08","2026-08-20","month","first-page-only-unvalidated","0","","","","","","",""
"TD","TCD","Chad","Bank of Central African States","Central bank","identity-confirmed","https://www.beac.int/","challenge-protected","https://www.beac.int/p-des-changes/circulaires-et-decisions/","Décisions de politique monétaire|https://www.beac.int/politique-monetaire/decisions-de-politique-monetaire/|unqualified-candidate|unqualified; Circulaires et décisions|https://www.beac.int/p-des-changes/circulaires-et-decisions/|unqualified-candidate|browser-review-required","","","","unknown","BIS","https://www.bis.org/cbanks.htm","2026-08-20T12:09:41.497Z","2026-08-20T12:10:41.904Z","2026-08-20T12:11:07.553Z","unknown","provisional-first-page-scan","automated-first-page-date-scan","2024-01","2026-08","2026-08-20","month","first-page-only-unvalidated","0","","","","not-observable","not-observable","not-observable",""
"TD","TCD","Chad","Commission de Surveillance du Marché Financier de l'Afrique Centrale (Securities and Exchange Commission of Central Africa)","Securities","identity-confirmed","http://www.cosumaf.org/","challenge-protected","","","","","","unknown","IOSCO","https://www.iosco.org/v2/about/?subsection=membership&memid=1&page=2","2026-08-20T12:09:41.497Z","2026-08-20T12:10:41.904Z","2026-08-20T12:10:41.904Z","unknown","provisional-first-page-scan","automated-first-page-date-scan","2024-01","2026-08","2026-08-20","month","first-page-only-unvalidated","0","","","","","","",""
"TD","TCD","Chad","Conférence Interafricaine des Marchés d'Assurances (CIMA)","Insurance","identity-confirmed","http://cima-afrique.org/","reachable","https://cima-afrique.org/decisions-du-cma/","Décisions du Conseil des Ministres des Assurances|https://cima-afrique.org/decisions-du-cma/|unqualified-candidate|manual-review-required; Décisions de la Commission Régionale de Contrôle des Assurances|https://cima-afrique.org/decisions-de-la-crca/|unqualified-candidate|unqualified","","","","enforcement","IAIS","https://www.iais.org/about-the-iais/iais-members/","2026-08-20T12:09:41.497Z","2026-08-20T12:10:41.904Z","2026-08-20T12:11:07.553Z","unknown","provisional-first-page-scan","automated-first-page-date-scan","2024-01","2026-08","2026-08-20","month","first-page-only-unvalidated","0","","","","generic-or-ambiguous-link","decision_register","authority-owned",""
"KM","COM","Comoros","Banque Centrale des Comores","Central bank; Prudential supervision","identity-confirmed","https://banque-comores.km/","reachable","https://banque-comores.km/page/show/decisions-du-conseil-dadministration","Décisions du conseil d'administration|https://banque-comores.km/page/show/decisions-du-conseil-dadministration|unqualified-candidate|manual-review-required","","","","enforcement","OFFICIAL_NATIONAL","https://banque-comores.km/page/show/les-missions","2026-08-20T12:09:41.497Z","2026-08-20T12:10:41.904Z","2026-08-20T12:11:07.553Z","unknown","provisional-first-page-scan","automated-first-page-date-scan","2024-01","2026-08","2026-08-20","month","first-page-only-unvalidated","0","","","","generic-or-ambiguous-link","decision_register","authority-owned",""
"CG","COG","Republic of the Congo","Agence Nationale d’Investigation Financiere (ANIF)","Financial intelligence","identity-confirmed","http://www.anif.cg/","reachable","","","","","","unknown","EGMONT","https://egmontgroup.org/members-by-region/","2026-08-20T12:09:41.497Z","2026-08-20T12:10:41.904Z","2026-08-20T12:10:41.904Z","unknown","provisional-first-page-scan","automated-first-page-date-scan","2024-01","2026-08","2026-08-20","month","first-page-only-unvalidated","0","","","","","","",""
"CG","COG","Republic of the Congo","Bank of Central African States","Central bank","identity-confirmed","https://www.beac.int/","challenge-protected","https://www.beac.int/p-des-changes/circulaires-et-decisions/","Décisions de politique monétaire|https://www.beac.int/politique-monetaire/decisions-de-politique-monetaire/|unqualified-candidate|unqualified; Circulaires et décisions|https://www.beac.int/p-des-changes/circulaires-et-decisions/|unqualified-candidate|browser-review-required","","","","unknown","BIS","https://www.bis.org/cbanks.htm","2026-08-20T12:09:41.497Z","2026-08-20T12:10:41.904Z","2026-08-20T12:11:07.553Z","unknown","provisional-first-page-scan","automated-first-page-date-scan","2024-01","2026-08","2026-08-20","month","first-page-only-unvalidated","0","","","","not-observable","not-observable","not-observable",""
"CG","COG","Republic of the Congo","Commission de Surveillance du Marché Financier de l'Afrique Centrale (Securities and Exchange Commission of Central Africa)","Securities","identity-confirmed","http://www.cosumaf.org/","challenge-protected","","","","","","unknown","IOSCO","https://www.iosco.org/v2/about/?subsection=membership&memid=1&page=2","2026-08-20T12:09:41.497Z","2026-08-20T12:10:41.904Z","2026-08-20T12:10:41.904Z","unknown","provisional-first-page-scan","automated-first-page-date-scan","2024-01","2026-08","2026-08-20","month","first-page-only-unvalidated","0","","","","","","",""
"CG","COG","Republic of the Congo","Conférence Interafricaine des Marchés d'Assurances (CIMA)","Insurance","identity-confirmed","http://cima-afrique.org/","reachable","https://cima-afrique.org/decisions-du-cma/","Décisions du Conseil des Ministres des Assurances|https://cima-afrique.org/decisions-du-cma/|unqualified-candidate|manual-review-required; Décisions de la Commission Régionale de Contrôle des Assurances|https://cima-afrique.org/decisions-de-la-crca/|unqualified-candidate|unqualified","","","","enforcement","IAIS","https://www.iais.org/about-the-iais/iais-members/","2026-08-20T12:09:41.497Z","2026-08-20T12:10:41.904Z","2026-08-20T12:11:07.553Z","unknown","provisional-first-page-scan","automated-first-page-date-scan","2024-01","2026-08","2026-08-20","month","first-page-only-unvalidated","0","","","","generic-or-ambiguous-link","decision_register","authority-owned",""
"CD","COD","Democratic Republic of the Congo","Cellule Nationale des Renseignements Financiers (CENAREF)","Financial intelligence","identity-confirmed","https://www.cenaref.org/","reachable","","","","","","unknown","EGMONT","https://egmontgroup.org/members-by-region/","2026-08-20T12:09:41.497Z","2026-08-20T12:10:41.904Z","2026-08-20T12:10:41.904Z","unknown","provisional-first-page-scan","automated-first-page-date-scan","2024-01","2026-08","2026-08-20","month","first-page-only-unvalidated","0","","","","","","",""
"CD","COD","Democratic Republic of the Congo","Central Bank of Congo","Central bank; Prudential supervision","identity-confirmed","https://www.bcc.cd/","reachable","","","","","","unknown","BIS","https://www.bis.org/cbanks.htm; https://www.bis.org/regauth.htm","2026-08-20T12:09:41.497Z","2026-08-20T12:10:41.904Z","2026-08-20T12:10:41.904Z","unknown","provisional-first-page-scan","automated-first-page-date-scan","2024-01","2026-08","2026-08-20","month","first-page-only-unvalidated","0","","","","","","",""
"CD","COD","Democratic Republic of the Congo","Insurance Regulatory and Supervisory Authority (ARCA)","Insurance","identity-confirmed","http://www.arca.cd/","reachable","","","","","","unknown","IAIS","https://www.iais.org/about-the-iais/iais-members/","2026-08-20T12:09:41.497Z","2026-08-20T12:10:41.904Z","2026-08-20T12:10:41.904Z","unknown","provisional-first-page-scan","automated-first-page-date-scan","2024-01","2026-08","2026-08-20","month","first-page-only-unvalidated","0","","","","","","",""
"CI","CIV","Côte d'Ivoire","Autorité des Marchés Financiers de l’UMOA","Securities","identity-confirmed","http://www.crepmf.org/","timeout","","","","","","unknown","IOSCO","https://www.iosco.org/v2/about/?subsection=membership&memid=1&page=7","2026-08-20T12:09:41.497Z","2026-08-20T12:10:41.904Z","2026-08-20T12:10:41.904Z","unknown","provisional-first-page-scan","automated-first-page-date-scan","2024-01","2026-08","2026-08-20","month","first-page-only-unvalidated","0","","","","","","",""
"CI","CIV","Côte d'Ivoire","Commission Bancaire de l'Union Monétaire Ouest Africaine","Prudential supervision; Central bank","identity-confirmed","http://www.bceao.int/","network-error","","","","","","unknown","BIS","https://www.bis.org/regauth.htm; https://www.bis.org/cbanks.htm","2026-08-20T12:09:41.497Z","2026-08-20T12:10:41.904Z","2026-08-20T12:10:41.904Z","unknown","provisional-first-page-scan","automated-first-page-date-scan","2024-01","2026-08","2026-08-20","month","first-page-only-unvalidated","0","","","","","","",""
"CI","CIV","Côte d'Ivoire","Conférence Interafricaine des Marchés d'Assurances (CIMA)","Insurance","identity-confirmed","http://cima-afrique.org/","reachable","https://cima-afrique.org/decisions-du-cma/","Décisions du Conseil des Ministres des Assurances|https://cima-afrique.org/decisions-du-cma/|unqualified-candidate|manual-review-required; Décisions de la Commission Régionale de Contrôle des Assurances|https://cima-afrique.org/decisions-de-la-crca/|unqualified-candidate|unqualified","","","","enforcement","IAIS","https://www.iais.org/about-the-iais/iais-members/","2026-08-20T12:09:41.497Z","2026-08-20T12:10:41.904Z","2026-08-20T12:11:07.553Z","unknown","provisional-first-page-scan","automated-first-page-date-scan","2024-01","2026-08","2026-08-20","month","first-page-only-unvalidated","0","","","","generic-or-ambiguous-link","decision_register","authority-owned",""
"CI","CIV","Côte d'Ivoire","National Unit for the Processing of Financial Information in Côte d’Ivoire (CENTIF-CI)","Financial intelligence","enforcement-visible","https://www.centif.ci/index.php","reachable","https://www.centif.ci/liste-des-sanctions/","Sanctions financières ciblées TF et PF|https://www.centif.ci/cadre-juridique/sanctions-financieres-ciblees-tf-et-pf/|unqualified-candidate|unqualified; Liste des sanctions|https://www.centif.ci/liste-des-sanctions/|authority-owned-qualified-route|approved-for-human-contract; Réactivation des sanctions contre la République Islamique d'Iran|https://www.un.org/sg/en/content/sg/notes-correspondents/2025-09-28/note-correspondents-re-application-of-resolutions-1696-%282006%29-1737-%282006%29-1747-%282007%29-1803-%282008%29-1835-%282008%29-and-1929-%282010%29-concerning-the-islamic|unqualified-candidate|unqualified; Lire la suite »|https://www.centif.ci/blanchiment-la-fintech-du-createur-de-twitter-ecope-dune-amende-de-40-millions-de-dollars/|unqualified-candidate|unqualified","","Liste des sanctions|https://www.centif.ci/liste-des-sanctions/","","enforcement","EGMONT","https://egmontgroup.org/members-by-region/","2026-08-20T12:09:41.497Z","2026-08-20T12:10:41.904Z","2026-08-20T12:11:07.553Z","low-frequency","provisional-first-page-scan","automated-first-page-date-scan","2024-01","2026-08","2026-08-20","month","first-page-only-unvalidated","3","2024-04; 2026-01; 2026-06","2026-06","month","strong-official-publication-candidate","sanctions_or_penalty_list","authority-owned",""
"DJ","DJI","Djibouti","Banque Centrale de Djibouti","Central bank; Prudential supervision","identity-confirmed","https://banque-centrale.dj/","reachable","","","","","","unknown","OFFICIAL_NATIONAL","https://banque-centrale.dj/","2026-08-20T12:09:41.497Z","2026-08-20T12:10:41.904Z","2026-08-20T12:10:41.904Z","unknown","provisional-first-page-scan","automated-first-page-date-scan","2024-01","2026-08","2026-08-20","month","first-page-only-unvalidated","0","","","","","","",""
"EG","EGY","Egypt","Central Bank of Egypt","Central bank; Prudential supervision","identity-confirmed","https://www.cbe.org.eg/en","reachable","","","","","","unknown","BIS","https://www.bis.org/cbanks.htm; https://www.bis.org/regauth.htm","2026-08-20T12:09:41.497Z","2026-08-20T12:10:41.904Z","2026-08-20T12:10:41.904Z","unknown","provisional-first-page-scan","automated-first-page-date-scan","2024-01","2026-08","2026-08-20","month","first-page-only-unvalidated","0","","","","","","",""
"EG","EGY","Egypt","Egyptian Money Laundering and Terrorist Financing Combating Unit (EMLCU)","Financial intelligence","identity-confirmed","https://www.mlcu.org.eg/ar/","reachable","","","","","","unknown","EGMONT","https://egmontgroup.org/members-by-region/","2026-08-20T12:09:41.497Z","2026-08-20T12:10:41.904Z","2026-08-20T12:10:41.904Z","unknown","provisional-first-page-scan","automated-first-page-date-scan","2024-01","2026-08","2026-08-20","month","first-page-only-unvalidated","0","","","","","","",""
"EG","EGY","Egypt","Financial Regulatory Authority*","Securities; Insurance; Pensions","identity-confirmed","http://www.fra.gov.eg/","timeout","","","","","","unknown","IOSCO; IAIS; IOPS","https://www.iosco.org/v2/about/?subsection=membership&memid=1&page=2; https://www.iais.org/about-the-iais/iais-members/; https://www.iopsweb.org/en/membership/iops-members-and-observers.html","2026-08-20T12:09:41.497Z","2026-08-20T12:10:41.904Z","2026-08-20T12:10:41.904Z","unknown","provisional-first-page-scan","automated-first-page-date-scan","2024-01","2026-08","2026-08-20","month","first-page-only-unvalidated","0","","","","","","",""
"GQ","GNQ","Equatorial Guinea","Agencia Nacional de Investigación Financiera (ANIF)","Financial intelligence","identity-confirmed","https://www.anif.gq/","network-error","","","","","","unknown","EGMONT","https://egmontgroup.org/members-by-region/","2026-08-20T12:09:41.497Z","2026-08-20T12:10:41.904Z","2026-08-20T12:10:41.904Z","unknown","provisional-first-page-scan","automated-first-page-date-scan","2024-01","2026-08","2026-08-20","month","first-page-only-unvalidated","0","","","","","","",""
"GQ","GNQ","Equatorial Guinea","Bank of Central African States","Central bank","identity-confirmed","https://www.beac.int/","challenge-protected","https://www.beac.int/p-des-changes/circulaires-et-decisions/","Décisions de politique monétaire|https://www.beac.int/politique-monetaire/decisions-de-politique-monetaire/|unqualified-candidate|unqualified; Circulaires et décisions|https://www.beac.int/p-des-changes/circulaires-et-decisions/|unqualified-candidate|browser-review-required","","","","unknown","BIS","https://www.bis.org/cbanks.htm","2026-08-20T12:09:41.497Z","2026-08-20T12:10:41.904Z","2026-08-20T12:11:07.553Z","unknown","provisional-first-page-scan","automated-first-page-date-scan","2024-01","2026-08","2026-08-20","month","first-page-only-unvalidated","0","","","","not-observable","not-observable","not-observable",""
"GQ","GNQ","Equatorial Guinea","Commission de Surveillance du Marché Financier de l'Afrique Centrale (Securities and Exchange Commission of Central Africa)","Securities","identity-confirmed","http://www.cosumaf.org/","challenge-protected","","","","","","unknown","IOSCO","https://www.iosco.org/v2/about/?subsection=membership&memid=1&page=2","2026-08-20T12:09:41.497Z","2026-08-20T12:10:41.904Z","2026-08-20T12:10:41.904Z","unknown","provisional-first-page-scan","automated-first-page-date-scan","2024-01","2026-08","2026-08-20","month","first-page-only-unvalidated","0","","","","","","",""
"GQ","GNQ","Equatorial Guinea","Conférence Interafricaine des Marchés d'Assurances (CIMA)","Insurance","identity-confirmed","http://cima-afrique.org/","reachable","https://cima-afrique.org/decisions-du-cma/","Décisions du Conseil des Ministres des Assurances|https://cima-afrique.org/decisions-du-cma/|unqualified-candidate|manual-review-required; Décisions de la Commission Régionale de Contrôle des Assurances|https://cima-afrique.org/decisions-de-la-crca/|unqualified-candidate|unqualified","","","","enforcement","IAIS","https://www.iais.org/about-the-iais/iais-members/","2026-08-20T12:09:41.497Z","2026-08-20T12:10:41.904Z","2026-08-20T12:11:07.553Z","unknown","provisional-first-page-scan","automated-first-page-date-scan","2024-01","2026-08","2026-08-20","month","first-page-only-unvalidated","0","","","","generic-or-ambiguous-link","decision_register","authority-owned",""
"ER","ERI","Eritrea","Bank of Eritrea","Prudential supervision","identity-confirmed","","no-public-website","","","","","","unknown","FATF_ASSESSMENT","https://www.fatf-gafi.org/content/dam/fatf-gafi/fsrb-mer/Eritrea-MER-2025.pdf.coredownload.inline.pdf","2026-08-20T12:09:41.497Z","2026-08-20T12:10:41.904Z","2026-08-20T12:10:41.904Z","unknown","provisional-first-page-scan","automated-first-page-date-scan","2024-01","2026-08","2026-08-20","month","first-page-only-unvalidated","0","","","","","","",""
"SZ","SWZ","Eswatini","Eswatini Financial Intelligence Centre (EFIC)","Financial intelligence","identity-confirmed","https://www.efic.org.sz/","reachable","https://www.efic.org.sz/compliance/enforcement/","Enforcement & Sanctions|https://www.efic.org.sz/compliance/enforcement/|authority-owned-qualified-route|approved-for-human-contract; Public Notices|https://www.efic.org.sz/media/notices/|unqualified-candidate|unqualified; Targeted Financial Sanctions|https://main.un.org/securitycouncil/en/content/un-sc-consolidated-list|unqualified-candidate|unqualified","","Enforcement & Sanctions|https://www.efic.org.sz/compliance/enforcement/","","enforcement","EGMONT","https://egmontgroup.org/members-by-region/","2026-08-20T12:09:41.497Z","2026-08-20T12:10:41.904Z","2026-08-20T12:11:07.553Z","unknown","provisional-first-page-scan","automated-first-page-date-scan","2024-01","2026-08","2026-08-20","month","first-page-only-unvalidated","0","","","","strong-official-publication-candidate","sanctions_or_penalty_list","authority-owned",""
"SZ","SWZ","Eswatini","Financial Services Regulatory Authority (FSRA)","Insurance; Pensions","enforcement-visible","http://www.fsra.co.sz/","reachable","https://www.fsra.co.sz/enforcement-notices/","See More Enforcement Notices|https://www.fsra.co.sz/enforcement-notices/|authority-owned-qualified-route|approved-for-human-contract; Public Notice Fairtree|https://www.fsra.co.sz/docs/Public_Notice_Fairtree.pdf|unqualified-candidate|unqualified; Public Notice Pulse Glide|https://www.fsra.co.sz/docs/Public%20Notice_Pulse%20Glide.pdf|unqualified-candidate|unqualified; Public Notice - Insika Financial Services (Pty) Ltd|https://www.fsra.co.sz/docs/fsrainsika.jpg|unqualified-candidate|unqualified; NOTICE TO ALL INSURERS, POLICYHOLDERS AND MEMBERS OF THE GENERAL PUBLIC|https://www.fsra.co.sz/docs/doc02903620211209112016.pdf|unqualified-candidate|unqualified; Public Notice Fairtree|https://www.fsra.co.sz/enforcement-notices/docs/Public_Notice_Fairtree.pdf|unqualified-candidate|unqualified; Public Notice Pulse Glide|https://www.fsra.co.sz/enforcement-notices/docs/Public%20Notice_Pulse%20Glide.pdf|unqualified-candidate|unqualified; Public Notice - Insika Financial Services (Pty) Ltd|https://www.fsra.co.sz/enforcement-notices/docs/fsrainsika.jpg|unqualified-candidate|unqualified; Public Warning - Termination of licences|https://www.fsra.co.sz/enforcement-notices/docs/Termination%20of%20license%202.pdf|unqualified-candidate|unqualified; PUBLIC WARNING - QZ Asset Management|https://www.fsra.co.sz/enforcement-notices/docs/PUBLIC%20WARNING%20-%20QZ%20Asset%20Management.pdf|unqualified-candidate|unqualified; NOTICE TO ALL INSURERS, POLICYHOLDERS AND MEMBERS OF THE GENERAL PUBLIC|https://www.fsra.co.sz/enforcement-notices/docs/doc02903620211209112016.pdf|unqualified-candidate|unqualified","","See More Enforcement Notices|https://www.fsra.co.sz/enforcement-notices/","","enforcement","IAIS; IOPS","https://www.iais.org/about-the-iais/iais-members/; https://www.iopsweb.org/en/membership/iops-members-and-observers.html","2026-08-20T12:09:41.497Z","2026-08-20T12:10:41.904Z","2026-08-20T12:11:07.553Z","low-frequency","provisional-first-page-scan","automated-first-page-date-scan","2024-01","2026-08","2026-08-20","month","first-page-only-unvalidated","1","2026-02","2026-02","month","strong-official-publication-candidate","enforcement_archive","authority-owned",""
"SZ","SWZ","Eswatini","The Central Bank of Eswatini","Central bank; Prudential supervision","identity-confirmed","http://www.centralbank.org.sz/","reachable","","","","","","unknown","BIS","https://www.bis.org/cbanks.htm; https://www.bis.org/regauth.htm","2026-08-20T12:09:41.497Z","2026-08-20T12:10:41.904Z","2026-08-20T12:10:41.904Z","unknown","provisional-first-page-scan","automated-first-page-date-scan","2024-01","2026-08","2026-08-20","month","first-page-only-unvalidated","0","","","","","","",""
"ET","ETH","Ethiopia","Ethiopian Financial Intelligence Centre (EFIC)","Financial intelligence","identity-confirmed","http://www.fic.gov.et/","network-error","","","","","","unknown","EGMONT","https://egmontgroup.org/members-by-region/","2026-08-20T12:09:41.497Z","2026-08-20T12:10:41.904Z","2026-08-20T12:10:41.904Z","unknown","provisional-first-page-scan","automated-first-page-date-scan","2024-01","2026-08","2026-08-20","month","first-page-only-unvalidated","0","","","","","","",""
"ET","ETH","Ethiopia","National Bank of Ethiopia","Central bank; Prudential supervision","identity-confirmed","http://www.nbe.gov.et/","reachable","https://nbe.gov.et/public-notice-2/","Public Notice|https://nbe.gov.et/public-notice-2/|unqualified-candidate|manual-review-required","","","","regulatory-update","BIS","https://www.bis.org/cbanks.htm; https://www.bis.org/regauth.htm","2026-08-20T12:09:41.497Z","2026-08-20T12:10:41.904Z","2026-08-20T12:11:07.553Z","unknown","provisional-first-page-scan","automated-first-page-date-scan","2024-01","2026-08","2026-08-20","month","first-page-only-unvalidated","0","","","","generic-or-ambiguous-link","news_or_notice","authority-owned",""
"GA","GAB","Gabon","Bank of Central African States","Central bank","identity-confirmed","https://www.beac.int/","challenge-protected","https://www.beac.int/p-des-changes/circulaires-et-decisions/","Décisions de politique monétaire|https://www.beac.int/politique-monetaire/decisions-de-politique-monetaire/|unqualified-candidate|unqualified; Circulaires et décisions|https://www.beac.int/p-des-changes/circulaires-et-decisions/|unqualified-candidate|browser-review-required","","","","unknown","BIS","https://www.bis.org/cbanks.htm","2026-08-20T12:09:41.497Z","2026-08-20T12:10:41.904Z","2026-08-20T12:11:07.553Z","unknown","provisional-first-page-scan","automated-first-page-date-scan","2024-01","2026-08","2026-08-20","month","first-page-only-unvalidated","0","","","","not-observable","not-observable","not-observable",""
"GA","GAB","Gabon","Commission de Surveillance du Marché Financier de l'Afrique Centrale (Securities and Exchange Commission of Central Africa)","Securities","identity-confirmed","http://www.cosumaf.org/","challenge-protected","","","","","","unknown","IOSCO","https://www.iosco.org/v2/about/?subsection=membership&memid=1&page=2","2026-08-20T12:09:41.497Z","2026-08-20T12:10:41.904Z","2026-08-20T12:10:41.904Z","unknown","provisional-first-page-scan","automated-first-page-date-scan","2024-01","2026-08","2026-08-20","month","first-page-only-unvalidated","0","","","","","","",""
"GA","GAB","Gabon","Conférence Interafricaine des Marchés d'Assurances (CIMA)","Insurance","identity-confirmed","http://cima-afrique.org/","reachable","https://cima-afrique.org/decisions-du-cma/","Décisions du Conseil des Ministres des Assurances|https://cima-afrique.org/decisions-du-cma/|unqualified-candidate|manual-review-required; Décisions de la Commission Régionale de Contrôle des Assurances|https://cima-afrique.org/decisions-de-la-crca/|unqualified-candidate|unqualified","","","","enforcement","IAIS","https://www.iais.org/about-the-iais/iais-members/","2026-08-20T12:09:41.497Z","2026-08-20T12:10:41.904Z","2026-08-20T12:11:07.553Z","unknown","provisional-first-page-scan","automated-first-page-date-scan","2024-01","2026-08","2026-08-20","month","first-page-only-unvalidated","0","","","","generic-or-ambiguous-link","decision_register","authority-owned",""
"GA","GAB","Gabon","National Agency for Financial Investigation (ANIF)","Financial intelligence","identity-confirmed","http://www.anif.ga/","reachable","","","","","","unknown","EGMONT","https://egmontgroup.org/members-by-region/","2026-08-20T12:09:41.497Z","2026-08-20T12:10:41.904Z","2026-08-20T12:10:41.904Z","unknown","provisional-first-page-scan","automated-first-page-date-scan","2024-01","2026-08","2026-08-20","month","first-page-only-unvalidated","0","","","","","","",""
"GM","GMB","The Gambia","Central Bank of The Gambia","Central bank; Prudential supervision","identity-confirmed","http://www.cbg.gm/","challenge-protected","http://www.cbg.gm/bonds-notices","Details|http://www.cbg.gm/policy-rate-decisions|unqualified-candidate|unqualified; Treasury Bills Notices|http://www.cbg.gm/treasury-bills-notices|unqualified-candidate|unqualified; Bonds Notices|http://www.cbg.gm/bonds-notices|unqualified-candidate|browser-review-required","","","","unknown","BIS","https://www.bis.org/cbanks.htm; https://www.bis.org/regauth.htm","2026-08-20T12:09:41.497Z","2026-08-20T12:10:41.904Z","2026-08-20T12:11:07.553Z","unknown","provisional-first-page-scan","automated-first-page-date-scan","2024-01","2026-08","2026-08-20","month","first-page-only-unvalidated","0","","","","not-observable","not-observable","not-observable",""
"GM","GMB","The Gambia","Financial Intelligence Unit of The Gambia (FIA)","Financial intelligence","identity-confirmed","https://fiu.gov.gm/","network-error","","","","","","unknown","EGMONT","https://egmontgroup.org/members-by-region/","2026-08-20T12:09:41.497Z","2026-08-20T12:10:41.904Z","2026-08-20T12:10:41.904Z","unknown","provisional-first-page-scan","automated-first-page-date-scan","2024-01","2026-08","2026-08-20","month","first-page-only-unvalidated","0","","","","","","",""
"GH","GHA","Ghana","Bank of Ghana","Central bank; Prudential supervision","identity-confirmed","http://www.bog.gov.gh/","timeout","","","","","","unknown","BIS","https://www.bis.org/cbanks.htm; https://www.bis.org/regauth.htm","2026-08-20T12:09:41.497Z","2026-08-20T12:10:41.904Z","2026-08-20T12:10:41.904Z","unknown","provisional-first-page-scan","automated-first-page-date-scan","2024-01","2026-08","2026-08-20","month","first-page-only-unvalidated","0","","","","","","",""
"GH","GHA","Ghana","Financial Intelligence Centre Ghana (FIC)","Financial intelligence","identity-confirmed","http://fic.gov.gh/","timeout","","","","","","unknown","EGMONT","https://egmontgroup.org/members-by-region/","2026-08-20T12:09:41.497Z","2026-08-20T12:10:41.904Z","2026-08-20T12:10:41.904Z","unknown","provisional-first-page-scan","automated-first-page-date-scan","2024-01","2026-08","2026-08-20","month","first-page-only-unvalidated","0","","","","","","",""
"GH","GHA","Ghana","National Insurance Commission Ghana","Insurance","identity-confirmed","","no-public-website","","","","","","unknown","IAIS","https://www.iais.org/about-the-iais/iais-members/","2026-08-20T12:09:41.497Z","2026-08-20T12:10:41.904Z","2026-08-20T12:10:41.904Z","unknown","provisional-first-page-scan","automated-first-page-date-scan","2024-01","2026-08","2026-08-20","month","first-page-only-unvalidated","0","","","","","","",""
"GH","GHA","Ghana","National Pensions Regulatory Authority","Pensions","identity-confirmed","https://npra.gov.gh/","reachable","https://npra.gov.gh/news-and-events/public-notices/","view more...|https://npra.gov.gh/news-and-events/public-notices/|unqualified-candidate|manual-review-required; PUBLIC NOTICE ON APPROVED SCHEMES 2026|https://npra.gov.gh/news-and-events/public-notices/public-notice-on-approved-schemes-2/|unqualified-candidate|unqualified; PUBLIC NOTICE ON LICENSED INDIVIDUAL TRUSTEES IN GOOD STANDING AS OF THE MONTH-ENDING (2026)|https://npra.gov.gh/news-and-events/public-notices/public-notice-on-licensed-individual-trustees-in-good-standing-as-of-the-month-ending-2026/|unqualified-candidate|unqualified; NOTICE OF NEW FEES AND CHARGES (2026)|https://npra.gov.gh/news-and-events/public-notices/notice-of-new-fees-and-charges2026/|unqualified-candidate|unqualified; PUBLIC NOTICE ON STANDARDISED TRUST DEED AND SCHEME RULES|https://npra.gov.gh/news-and-events/public-notices/new-post-page-5/|unqualified-candidate|unqualified","","","","regulatory-update","IOPS","https://www.iopsweb.org/en/membership/iops-members-and-observers.html","2026-08-20T12:09:41.497Z","2026-08-20T12:10:41.904Z","2026-08-20T12:11:07.553Z","unknown","provisional-first-page-scan","automated-first-page-date-scan","2024-01","2026-08","2026-08-20","month","first-page-only-unvalidated","0","","","","generic-or-ambiguous-link","news_or_notice","authority-owned",""
"GH","GHA","Ghana","Securities and Exchange Commission","Securities","identity-confirmed","http://www.sec.gov.gh/","http-error","","","","","","unknown","IOSCO","https://www.iosco.org/v2/about/?subsection=membership&memid=1&page=3","2026-08-20T12:09:41.497Z","2026-08-20T12:10:41.904Z","2026-08-20T12:10:41.904Z","unknown","provisional-first-page-scan","automated-first-page-date-scan","2024-01","2026-08","2026-08-20","month","first-page-only-unvalidated","0","","","","","","",""
"GN","GIN","Guinea","Central Bank of the Republic of Guinea","Central bank; Prudential supervision","identity-confirmed","http://www.bcrg-guinee.org/","reachable","","","","","","unknown","BIS","https://www.bis.org/cbanks.htm; https://www.bis.org/regauth.htm","2026-08-20T12:09:41.497Z","2026-08-20T12:10:41.904Z","2026-08-20T12:10:41.904Z","unknown","provisional-first-page-scan","automated-first-page-date-scan","2024-01","2026-08","2026-08-20","month","first-page-only-unvalidated","0","","","","","","",""
"GW","GNB","Guinea-Bissau","Autorité des Marchés Financiers de l’UMOA","Securities","identity-confirmed","http://www.crepmf.org/","timeout","","","","","","unknown","IOSCO","https://www.iosco.org/v2/about/?subsection=membership&memid=1&page=7","2026-08-20T12:09:41.497Z","2026-08-20T12:10:41.904Z","2026-08-20T12:10:41.904Z","unknown","provisional-first-page-scan","automated-first-page-date-scan","2024-01","2026-08","2026-08-20","month","first-page-only-unvalidated","0","","","","","","",""
"GW","GNB","Guinea-Bissau","Central Bank of West African States (BCEAO)","Central bank; Prudential supervision","identity-confirmed","https://www.bceao.int/en","reachable","https://www.bceao.int/en","Legal Notice|https://www.bceao.int/en|unqualified-candidate|manual-review-required","","","","regulatory-update","BIS","https://www.bis.org/cbanks.htm; https://www.bis.org/regauth.htm","2026-08-20T12:09:41.497Z","2026-08-20T12:10:41.904Z","2026-08-20T12:11:07.553Z","unknown","provisional-first-page-scan","automated-first-page-date-scan","2024-01","2026-08","2026-08-20","month","first-page-only-unvalidated","0","","","","generic-or-ambiguous-link","news_or_notice","authority-owned",""
"GW","GNB","Guinea-Bissau","Conférence Interafricaine des Marchés d'Assurances (CIMA)","Insurance","identity-confirmed","http://cima-afrique.org/","reachable","https://cima-afrique.org/decisions-du-cma/","Décisions du Conseil des Ministres des Assurances|https://cima-afrique.org/decisions-du-cma/|unqualified-candidate|manual-review-required; Décisions de la Commission Régionale de Contrôle des Assurances|https://cima-afrique.org/decisions-de-la-crca/|unqualified-candidate|unqualified","","","","enforcement","IAIS","https://www.iais.org/about-the-iais/iais-members/","2026-08-20T12:09:41.497Z","2026-08-20T12:10:41.904Z","2026-08-20T12:11:07.553Z","unknown","provisional-first-page-scan","automated-first-page-date-scan","2024-01","2026-08","2026-08-20","month","first-page-only-unvalidated","0","","","","generic-or-ambiguous-link","decision_register","authority-owned",""
"KE","KEN","Kenya","Capital Markets Authority","Securities","identity-confirmed","http://www.cma.or.ke/","http-error","","","","","","unknown","IOSCO","https://www.iosco.org/v2/about/?subsection=membership&memid=1&page=4","2026-08-20T12:09:41.497Z","2026-08-20T12:10:41.904Z","2026-08-20T12:10:41.904Z","unknown","provisional-first-page-scan","automated-first-page-date-scan","2024-01","2026-08","2026-08-20","month","first-page-only-unvalidated","0","","","","","","",""
"KE","KEN","Kenya","Central Bank of Kenya","Central bank; Prudential supervision","identity-confirmed","http://www.centralbank.go.ke/","reachable","https://www.centralbank.go.ke/releases/public-notices/","Public Notices|https://www.centralbank.go.ke/releases/public-notices/|unqualified-candidate|manual-review-required","","","","regulatory-update","BIS","https://www.bis.org/cbanks.htm; https://www.bis.org/regauth.htm","2026-08-20T12:09:41.497Z","2026-08-20T12:10:41.904Z","2026-08-20T12:11:07.553Z","unknown","provisional-first-page-scan","automated-first-page-date-scan","2024-01","2026-08","2026-08-20","month","first-page-only-unvalidated","0","","","","generic-or-ambiguous-link","news_or_notice","authority-owned",""
"KE","KEN","Kenya","Insurance Regulatory Authority","Insurance","identity-confirmed","https://www.ira.go.ke/","challenge-protected","https://www.ira.go.ke/legal-notices/?_t=1510","Public Notice: Placement of Kenyan Insurance Business With Unlincensed Insurers|https://www.ira.go.ke/resource/public-notice-placement-of-kenyan-insurance-business-with-unlincensed-insurers|unqualified-candidate|unqualified; Legal Notices|https://www.ira.go.ke/legal-notices/?_t=1510|unqualified-candidate|browser-review-required","","","","unknown","IAIS","https://www.iais.org/about-the-iais/iais-members/","2026-08-20T12:09:41.497Z","2026-08-20T12:10:41.904Z","2026-08-20T12:11:07.553Z","unknown","provisional-first-page-scan","automated-first-page-date-scan","2024-01","2026-08","2026-08-20","month","first-page-only-unvalidated","0","","","","not-observable","not-observable","not-observable",""
"KE","KEN","Kenya","Retirement Benefits Authority","Pensions","identity-confirmed","https://www.rba.go.ke/","reachable","https://www.rba.go.ke/news-and-events/","Notices|https://www.rba.go.ke/news-and-events/|unqualified-candidate|manual-review-required; KNBS unveils 2026 Survey of Other Financial Corporations (OFCs)|https://www.rba.go.ke/notice-2026-knbs-survey-of-other-financial-corporations-ofcs/|unqualified-candidate|unqualified","","","","regulatory-update","IOPS","https://www.iopsweb.org/en/membership/iops-members-and-observers.html","2026-08-20T12:09:41.497Z","2026-08-20T12:10:41.904Z","2026-08-20T12:11:07.553Z","unknown","provisional-first-page-scan","automated-first-page-date-scan","2024-01","2026-08","2026-08-20","month","first-page-only-unvalidated","0","","","","generic-or-ambiguous-link","news_or_notice","authority-owned",""
"KE","KEN","Kenya","The Financial Reporting Centre (FRC) Kenya","Financial intelligence","identity-confirmed","https://www.cid.go.ke/index.php/sections/investigationunits/financial-investigations-unit-fiu.html","timeout","","","","","","unknown","EGMONT","https://egmontgroup.org/members-by-region/","2026-08-20T12:09:41.497Z","2026-08-20T12:10:41.904Z","2026-08-20T12:10:41.904Z","unknown","provisional-first-page-scan","automated-first-page-date-scan","2024-01","2026-08","2026-08-20","month","first-page-only-unvalidated","0","","","","","","",""
"LS","LSO","Lesotho","Central Bank of Lesotho","Central bank; Prudential supervision; Pensions","identity-confirmed","http://www.centralbank.org.ls/","reachable","","","","","","unknown","BIS; IOPS","https://www.bis.org/cbanks.htm; https://www.bis.org/regauth.htm; https://www.iopsweb.org/en/membership/iops-members-and-observers.html","2026-08-20T12:09:41.497Z","2026-08-20T12:10:41.904Z","2026-08-20T12:10:41.904Z","unknown","provisional-first-page-scan","automated-first-page-date-scan","2024-01","2026-08","2026-08-20","month","first-page-only-unvalidated","0","","","","","","",""
"LS","LSO","Lesotho","Central Bank of Lesotho","Insurance","identity-confirmed","","no-public-website","","","","","","unknown","IAIS","https://www.iais.org/about-the-iais/iais-members/","2026-08-20T12:09:41.497Z","2026-08-20T12:10:41.904Z","2026-08-20T12:10:41.904Z","unknown","provisional-first-page-scan","automated-first-page-date-scan","2024-01","2026-08","2026-08-20","month","first-page-only-unvalidated","0","","","","","","",""
"LS","LSO","Lesotho","Financial Intelligence Unit of Lesotho","Financial intelligence","identity-confirmed","https://fiu.org.ls/","reachable","https://www.un.org/securitycouncil/sanctions/1267/aq_sanctions_list","UN Sanctions List|https://www.un.org/securitycouncil/sanctions/1267/aq_sanctions_list|external-official-context|manual-review-required","","","UN Sanctions List|https://www.un.org/securitycouncil/sanctions/1267/aq_sanctions_list","enforcement","EGMONT","https://egmontgroup.org/members-by-region/","2026-08-20T12:09:41.497Z","2026-08-20T12:10:41.904Z","2026-08-20T12:11:07.553Z","unknown","provisional-first-page-scan","automated-first-page-date-scan","2024-01","2026-08","2026-08-20","month","first-page-only-unvalidated","0","","","","strong-official-publication-candidate","sanctions_or_penalty_list","official-external",""
"LR","LBR","Liberia","Central Bank of Liberia","Central bank","identity-confirmed","http://www.cbl.org.lr/","reachable","https://www.cbl.org.lr/publications/document-type/mpc-decisions","MPC Decisions|https://www.cbl.org.lr/publications/document-type/mpc-decisions|unqualified-candidate|manual-review-required","","","","enforcement","BIS","https://www.bis.org/cbanks.htm","2026-08-20T12:09:41.497Z","2026-08-20T12:10:41.904Z","2026-08-20T12:11:07.553Z","unknown","provisional-first-page-scan","automated-first-page-date-scan","2024-01","2026-08","2026-08-20","month","first-page-only-unvalidated","0","","","","generic-or-ambiguous-link","decision_register","authority-owned",""
"LR","LBR","Liberia","Financial Intelligence Agency of Liberia	(FIA-LIBERIA)","Financial intelligence","identity-confirmed","https://www.fialiberia.gov.lr/","reachable","http://moj.gov.lr/agencies/dea/","Law Enforcement Agencies|https://www.fialiberia.gov.lr/law-enforcement-agencies/|unqualified-candidate|unqualified; Drug Enforcement Agency (DEA)|http://moj.gov.lr/agencies/dea/|unqualified-candidate|transport-follow-up-required","","","","unknown","EGMONT","https://egmontgroup.org/members-by-region/","2026-08-20T12:09:41.497Z","2026-08-20T12:10:41.904Z","2026-08-20T12:11:07.553Z","unknown","provisional-first-page-scan","automated-first-page-date-scan","2024-01","2026-08","2026-08-20","month","first-page-only-unvalidated","0","","","","not-observable","not-observable","not-observable",""
"LY","LBY","Libya","Central Bank of Libya","Central bank; Prudential supervision","identity-confirmed","https://cbl.gov.ly/en/","reachable","","","","","","unknown","BIS","https://www.bis.org/cbanks.htm; https://www.bis.org/regauth.htm","2026-08-20T12:09:41.497Z","2026-08-20T12:10:41.904Z","2026-08-20T12:10:41.904Z","unknown","provisional-first-page-scan","automated-first-page-date-scan","2024-01","2026-08","2026-08-20","month","first-page-only-unvalidated","0","","","","","","",""
"MG","MDG","Madagascar","Banky Foiben'i Madagasikara","Central bank; Prudential supervision","identity-confirmed","https://www.banky-foibe.mg/","challenge-protected","","","","","","unknown","BIS","https://www.bis.org/cbanks.htm; https://www.bis.org/regauth.htm","2026-08-20T12:09:41.497Z","2026-08-20T12:10:41.904Z","2026-08-20T12:10:41.904Z","unknown","provisional-first-page-scan","automated-first-page-date-scan","2024-01","2026-08","2026-08-20","month","first-page-only-unvalidated","0","","","","","","",""
"MG","MDG","Madagascar","The Financial Intelligent Unit (SAMIFIN)","Financial intelligence","enforcement-visible","https://www.samifin.gov.mg/","reachable","https://www.samifin.gov.mg/","Sanctions&Rankings|https://www.samifin.gov.mg/|authority-owned-qualified-route|approved-for-human-contract; Capacity Building in AML/CFT/FP Supervision for Designated Non-Financial Enterprises in Madagascar|https://www.samifin.gov.mg/index.php/renforcement-des-capacites-nationales-en-matiere-dinvestigation-des-actifs-virtuels|unqualified-candidate|unqualified; Renforcement des capacités nationales en matière d'investigation des actifs virtuels|https://www.samifin.gov.mg/renforcement-des-capacites-nationales-en-matiere-dinvestigation-des-actifs-virtuels|unqualified-candidate|unqualified","","Sanctions&Rankings|https://www.samifin.gov.mg/","","enforcement","EGMONT","https://egmontgroup.org/members-by-region/","2026-08-20T12:09:41.497Z","2026-08-20T12:10:41.904Z","2026-08-20T12:11:07.553Z","periodic","provisional-first-page-scan","automated-first-page-date-scan","2024-01","2026-08","2026-08-20","month","first-page-only-unvalidated","4","2026-05; 2026-06; 2026-07; 2026-08","2026-08","month","strong-official-publication-candidate","sanctions_or_penalty_list","authority-owned",""
"MW","MWI","Malawi","Financial Intelligence Authority Malawi (FIA-Malawi)","Financial intelligence","identity-confirmed","https://fia.gov.mw/index.php","reachable","https://fia.gov.mw/publications/Supression%20of%20TF%20and%20Proliferation%20Regulations-Director.pdf","Gazette Notice (CDD and Supervisory Authorities))|https://fia.gov.mw/publications/Supression%20of%20TF%20and%20Proliferation%20Regulations-Director.pdf|unqualified-candidate|manual-review-required","","","","unknown","EGMONT","https://egmontgroup.org/members-by-region/","2026-08-20T12:09:41.497Z","2026-08-20T12:10:41.904Z","2026-08-20T12:11:07.553Z","unknown","provisional-first-page-scan","automated-first-page-date-scan","2024-01","2026-08","2026-08-20","month","first-page-only-unvalidated","0","","","","generic-or-ambiguous-link","detail_document","authority-owned",""
"MW","MWI","Malawi","Reserve Bank of Malawi","Central bank; Prudential supervision; Securities; Pensions","identity-confirmed","https://www.rbm.mw/","reachable","https://www.rbm.mw/","Notice to All Employers in Malawi July 2026 Aug 10, 2026|https://www.rbm.mw/Home/GetContentFile/?ContentID=63660|unqualified-candidate|unqualified; Auction Notice|https://www.rbm.mw/|unqualified-candidate|manual-review-required; | view archive|https://www.rbm.mw/FinancialMarkets/TreasuryBills/|unqualified-candidate|unqualified","","","","regulatory-update","BIS; IOSCO; IOPS","https://www.bis.org/cbanks.htm; https://www.bis.org/regauth.htm; https://www.iosco.org/v2/about/?subsection=membership&memid=1&page=4; https://www.iopsweb.org/en/membership/iops-members-and-observers.html","2026-08-20T12:09:41.497Z","2026-08-20T12:10:41.904Z","2026-08-20T12:11:07.553Z","unknown","provisional-first-page-scan","automated-first-page-date-scan","2024-01","2026-08","2026-08-20","month","first-page-only-unvalidated","0","","","","generic-or-ambiguous-link","news_or_notice","external-unqualified",""
"MW","MWI","Malawi","Reserve Bank of Malawi","Insurance","identity-confirmed","","no-public-website","","","","","","unknown","IAIS","https://www.iais.org/about-the-iais/iais-members/","2026-08-20T12:09:41.497Z","2026-08-20T12:10:41.904Z","2026-08-20T12:10:41.904Z","unknown","provisional-first-page-scan","automated-first-page-date-scan","2024-01","2026-08","2026-08-20","month","first-page-only-unvalidated","0","","","","","","",""
"ML","MLI","Mali","Autorité des Marchés Financiers de l’UMOA","Securities","identity-confirmed","http://www.crepmf.org/","timeout","","","","","","unknown","IOSCO","https://www.iosco.org/v2/about/?subsection=membership&memid=1&page=7","2026-08-20T12:09:41.497Z","2026-08-20T12:10:41.904Z","2026-08-20T12:10:41.904Z","unknown","provisional-first-page-scan","automated-first-page-date-scan","2024-01","2026-08","2026-08-20","month","first-page-only-unvalidated","0","","","","","","",""
"ML","MLI","Mali","Central Bank of West African States (BCEAO)","Central bank; Prudential supervision","identity-confirmed","https://www.bceao.int/en","reachable","https://www.bceao.int/en","Legal Notice|https://www.bceao.int/en|unqualified-candidate|manual-review-required","","","","regulatory-update","BIS","https://www.bis.org/cbanks.htm; https://www.bis.org/regauth.htm","2026-08-20T12:09:41.497Z","2026-08-20T12:10:41.904Z","2026-08-20T12:11:07.553Z","unknown","provisional-first-page-scan","automated-first-page-date-scan","2024-01","2026-08","2026-08-20","month","first-page-only-unvalidated","0","","","","generic-or-ambiguous-link","news_or_notice","authority-owned",""
"ML","MLI","Mali","Conférence Interafricaine des Marchés d'Assurances (CIMA)","Insurance","identity-confirmed","http://cima-afrique.org/","reachable","https://cima-afrique.org/decisions-du-cma/","Décisions du Conseil des Ministres des Assurances|https://cima-afrique.org/decisions-du-cma/|unqualified-candidate|manual-review-required; Décisions de la Commission Régionale de Contrôle des Assurances|https://cima-afrique.org/decisions-de-la-crca/|unqualified-candidate|unqualified","","","","enforcement","IAIS","https://www.iais.org/about-the-iais/iais-members/","2026-08-20T12:09:41.497Z","2026-08-20T12:10:41.904Z","2026-08-20T12:11:07.553Z","unknown","provisional-first-page-scan","automated-first-page-date-scan","2024-01","2026-08","2026-08-20","month","first-page-only-unvalidated","0","","","","generic-or-ambiguous-link","decision_register","authority-owned",""
"ML","MLI","Mali","National Financial Intelligence Processing Unit (CENTIF-Mali)","Financial intelligence","identity-confirmed","http://www.centif.gov.ml/","network-error","","","","","","unknown","EGMONT","https://egmontgroup.org/members-by-region/","2026-08-20T12:09:41.497Z","2026-08-20T12:10:41.904Z","2026-08-20T12:10:41.904Z","unknown","provisional-first-page-scan","automated-first-page-date-scan","2024-01","2026-08","2026-08-20","month","first-page-only-unvalidated","0","","","","","","",""
"MR","MRT","Mauritania","Autorité de Régulation du Marché Financier","Securities","identity-confirmed","https://www.armf.mr/","reachable","","","","","","unknown","OFFICIAL_NATIONAL","https://www.armf.mr/","2026-08-20T12:09:41.497Z","2026-08-20T12:10:41.904Z","2026-08-20T12:10:41.904Z","unknown","provisional-first-page-scan","automated-first-page-date-scan","2024-01","2026-08","2026-08-20","month","first-page-only-unvalidated","0","","","","","","",""
"MR","MRT","Mauritania","Banque Centrale de Mauritanie","Central bank; Prudential supervision","identity-confirmed","https://www.bcm.mr/portail","reachable","","","","","","unknown","OFFICIAL_NATIONAL","https://www.bcm.mr/portail","2026-08-20T12:09:41.497Z","2026-08-20T12:10:41.904Z","2026-08-20T12:10:41.904Z","unknown","provisional-first-page-scan","automated-first-page-date-scan","2024-01","2026-08","2026-08-20","month","first-page-only-unvalidated","0","","","","","","",""
"MU","MUS","Mauritius","Bank of Mauritius","Central bank; Prudential supervision","identity-confirmed","http://www.bom.mu/","challenge-protected","https://www.bom.mu/financial-stability/amlcft/implementation-targeted-sanctions","Interest Rate Decisions|https://www.bom.mu/monetary-policy/interest-rate-decisions|unqualified-candidate|unqualified; Implementation of Targeted Sanctions|https://www.bom.mu/financial-stability/amlcft/implementation-targeted-sanctions|unqualified-candidate|browser-review-required; Market Notices|https://www.bom.mu/markets/market-notices|unqualified-candidate|unqualified; Notice of Tender|https://www.bom.mu/markets/open-market-operations/issue-of-bank-of-mauritius-securities/bom-bills/notice-of-tender|unqualified-candidate|unqualified; Notices and Communiques|https://www.bom.mu/markets/money-market/primary-dealing-system/notices-and-communiques|unqualified-candidate|unqualified; Advance notice|https://www.bom.mu/markets/government-of-mauritius-securities/government-of-mauritius-treasury-bills/advance-notice/range-of-GMTB-to-be-issued|unqualified-candidate|unqualified; Tenor of GMTB to be issued|https://www.bom.mu/markets/government-of-mauritius-securities/government-of-mauritius-treasury-bills/advance-notice/tenor-of-GMTB-to-be-issued|unqualified-candidate|unqualified; Notice of tender|https://www.bom.mu/markets/government-of-mauritius-securities/government-of-mauritius-treasury-bills/notice-of-tender|unqualified-candidate|unqualified; Communique|https://www.bom.mu/markets/market-notices/market-notices/media-release-35-four-year-government-mauritius-savings-bond|unqualified-candidate|unqualified; Communique|https://www.bom.mu/media/media-releases/public-notice-issue-40-five-year-bank-mauritius-emerald-jubilee-bond|unqualified-candidate|unqualified; Communique|https://www.bom.mu/media/media-releases/public-notice-55th-independence-anniversary-one-year-bank-mauritius-certificate-and-two-year-bank|unqualified-candidate|unqualified; Public Notice|https://www.bom.mu/media/media-releases/public-notice-consultation-document-guide-issue-sustainable-bonds-mauritius|unqualified-candidate|unqualified; Public Notice|https://www.bom.mu/media/media-releases/public-notice-public-consultation-paper-central-bank-digital-currency-digital-rupee|unqualified-candidate|unqualified; Advance Notice - Tenor of Government of Mauritius Treasury Bills|https://www.bom.mu/markets/government-mauritius-securities/government-mauritius-treasury-bills-gmtb/advance-notice/tenor-gmtb-be-issued-602|unqualified-candidate|unqualified; Post MPC Meeting Press Conference: Statement by the Governor|https://www.bom.mu/monetary-policy/interest-rate-decisions/post-mpc-meeting-press-conference-statement-governor-7|unqualified-candidate|unqualified; Notice of Tender: Bank of Mauritius Bills|https://www.bom.mu/markets/open-market-operations/issue-bank-mauritiusbom-securities/bom-bills/notice-tender/notice-tender-bank-121|unqualified-candidate|unqualified; Notice of Tender: Government of Mauritius Treasury Bills|https://www.bom.mu/markets/government-mauritius-securities/government-mauritius-treasury-bills-gmtb/notice-tender/notice-tender-966|unqualified-candidate|unqualified","","","","unknown","BIS","https://www.bis.org/cbanks.htm; https://www.bis.org/regauth.htm","2026-08-20T12:09:41.497Z","2026-08-20T12:10:41.904Z","2026-08-20T12:11:07.553Z","unknown","provisional-first-page-scan","automated-first-page-date-scan","2024-01","2026-08","2026-08-20","month","first-page-only-unvalidated","0","","","","not-observable","not-observable","not-observable",""
"MU","MUS","Mauritius","Financial Intelligence Unit Mauritius (FIU-Mauritius)","Financial intelligence","identity-confirmed","http://www.fiumauritius.org/English/Pages/default.aspx","timeout","","","","","","unknown","EGMONT","https://egmontgroup.org/members-by-region/","2026-08-20T12:09:41.497Z","2026-08-20T12:10:41.904Z","2026-08-20T12:10:41.904Z","unknown","provisional-first-page-scan","automated-first-page-date-scan","2024-01","2026-08","2026-08-20","month","first-page-only-unvalidated","0","","","","","","",""
"MU","MUS","Mauritius","Financial Services Commission","Securities; Insurance; Pensions","identity-confirmed","http://www.fscmauritius.org/","challenge-protected","","","","","","unknown","IOSCO; IAIS; IOPS","https://www.iosco.org/v2/about/?subsection=membership&memid=1&page=4; https://www.iais.org/about-the-iais/iais-members/; https://www.iopsweb.org/en/membership/iops-members-and-observers.html","2026-08-20T12:09:41.497Z","2026-08-20T12:10:41.904Z","2026-08-20T12:10:41.904Z","unknown","provisional-first-page-scan","automated-first-page-date-scan","2024-01","2026-08","2026-08-20","month","first-page-only-unvalidated","0","","","","","","",""
"MA","MAR","Morocco","Autorité de Contrôle des Assurances et de la Prévoyance Sociale (ACAPS)","Insurance; Pensions","identity-confirmed","https://www.acaps.ma/","challenge-protected","","","","","","unknown","IAIS; IOPS","https://www.iais.org/about-the-iais/iais-members/; https://www.iopsweb.org/en/membership/iops-members-and-observers.html","2026-08-20T12:09:41.497Z","2026-08-20T12:10:41.904Z","2026-08-20T12:10:41.904Z","unknown","provisional-first-page-scan","automated-first-page-date-scan","2024-01","2026-08","2026-08-20","month","first-page-only-unvalidated","0","","","","","","",""
"MA","MAR","Morocco","Autorité Marocaine du Marché des Capitaux*","Securities","identity-confirmed","http://www.ammc.ma/","timeout","","","","","","unknown","IOSCO","https://www.iosco.org/v2/about/?subsection=membership&memid=1&page=5","2026-08-20T12:09:41.497Z","2026-08-20T12:10:41.904Z","2026-08-20T12:10:41.904Z","unknown","provisional-first-page-scan","automated-first-page-date-scan","2024-01","2026-08","2026-08-20","month","first-page-only-unvalidated","0","","","","","","",""
"MA","MAR","Morocco","Bank Al-Maghrib (Central Bank of Morocco)","Central bank; Prudential supervision","identity-confirmed","http://www.bkam.ma/en","challenge-protected","https://www.bkam.ma/en/Banking-supervision/Sanctions-regime","Decision-making process|https://www.bkam.ma/en/Monetary-policy/Strategic-framework/Decision-making-process|unqualified-candidate|unqualified; Press Releases of Bank Al-Maghrib Board Meeting|https://www.bkam.ma/en/Monetary-policy/Strategic-framework/Monetary-policy-decisions/Press-release|unqualified-candidate|unqualified; Decisions history|https://www.bkam.ma/en/Monetary-policy/Strategic-framework/Monetary-policy-decisions/Decisions-history|unqualified-candidate|unqualified; Fine-tuning Operations|https://www.bkam.ma/en/Monetary-policy/Operational-framework/Bank-al-maghrib-intervention-mechanism-in-the-money-market/Fine-tuning-operations|unqualified-candidate|unqualified; Sanctions regime|https://www.bkam.ma/en/Banking-supervision/Sanctions-regime|unqualified-candidate|browser-review-required; Privacy & Legal|https://www.bkam.ma/en/Find-information-about/Legal-notice|unqualified-candidate|unqualified","","","","unknown","BIS","https://www.bis.org/cbanks.htm; https://www.bis.org/regauth.htm","2026-08-20T12:09:41.497Z","2026-08-20T12:10:41.904Z","2026-08-20T12:11:07.553Z","unknown","provisional-first-page-scan","automated-first-page-date-scan","2024-01","2026-08","2026-08-20","month","first-page-only-unvalidated","0","","","","not-observable","not-observable","not-observable",""
"MA","MAR","Morocco","Financial Information Processing Unit (UTRF)","Financial intelligence","identity-confirmed","http://www.utrf.gov.ma/","network-error","","","","","","unknown","EGMONT","https://egmontgroup.org/members-by-region/","2026-08-20T12:09:41.497Z","2026-08-20T12:10:41.904Z","2026-08-20T12:10:41.904Z","unknown","provisional-first-page-scan","automated-first-page-date-scan","2024-01","2026-08","2026-08-20","month","first-page-only-unvalidated","0","","","","","","",""
"MZ","MOZ","Mozambique","Bank of Mozambique","Central bank; Prudential supervision","identity-confirmed","http://www.bancomoc.mz/","timeout","","","","","","unknown","BIS","https://www.bis.org/cbanks.htm; https://www.bis.org/regauth.htm","2026-08-20T12:09:41.497Z","2026-08-20T12:10:41.904Z","2026-08-20T12:10:41.904Z","unknown","provisional-first-page-scan","automated-first-page-date-scan","2024-01","2026-08","2026-08-20","month","first-page-only-unvalidated","0","","","","","","",""
"MZ","MOZ","Mozambique","Financial Intelligence Office of Mozambique (GiFiM)","Financial intelligence","identity-confirmed","https://www.gifim.gov.mz/","reachable","https://www.gifim.gov.mz/","Lista Nacional de Sancionados|https://www.gifim.gov.mz/|authority-owned-qualified-route|approved-for-human-contract","","Lista Nacional de Sancionados|https://www.gifim.gov.mz/","","enforcement","EGMONT","https://egmontgroup.org/members-by-region/","2026-08-20T12:09:41.497Z","2026-08-20T12:10:41.904Z","2026-08-20T12:11:07.553Z","unknown","provisional-first-page-scan","automated-first-page-date-scan","2024-01","2026-08","2026-08-20","month","first-page-only-unvalidated","0","","","","strong-official-publication-candidate","sanctions_or_penalty_list","authority-owned",""
"MZ","MOZ","Mozambique","Instituto de Supervisão de Seguros de Moçambique","Insurance; Pensions","identity-confirmed","http://www.issm.gov.mz/","timeout","","","","","","unknown","IAIS; IOPS","https://www.iais.org/about-the-iais/iais-members/; https://www.iopsweb.org/en/membership/iops-members-and-observers.html","2026-08-20T12:09:41.497Z","2026-08-20T12:10:41.904Z","2026-08-20T12:10:41.904Z","unknown","provisional-first-page-scan","automated-first-page-date-scan","2024-01","2026-08","2026-08-20","month","first-page-only-unvalidated","0","","","","","","",""
"NA","NAM","Namibia","Bank of Namibia","Central bank; Prudential supervision","identity-confirmed","http://www.bon.com.na/","timeout","","","","","","unknown","BIS","https://www.bis.org/cbanks.htm; https://www.bis.org/regauth.htm","2026-08-20T12:09:41.497Z","2026-08-20T12:10:41.904Z","2026-08-20T12:10:41.904Z","unknown","provisional-first-page-scan","automated-first-page-date-scan","2024-01","2026-08","2026-08-20","month","first-page-only-unvalidated","0","","","","","","",""
"NA","NAM","Namibia","Financial Intelligence Centre (FIC)","Financial intelligence","identity-confirmed","https://www.fic.na/","reachable","https://services.fic.na/FICSanctionsTool","Sanctions Issued by FIC|https://www.fic.na/how-we-do-it/publications-consultations/|unqualified-candidate|unqualified; Appeal Board Decisions|https://www.fic.na/what-we-do/legal/enforcements-issued/|unqualified-candidate|unqualified; Sanctions Screening Tool|https://services.fic.na/FICSanctionsTool|authority-owned-qualified-route|approved-for-human-contract; Sanctions Screening FIC Santions Tool|https://services.fic.na/ficsanctionstool/|unqualified-candidate|unqualified; Decision – PSG Wealth vs NAMFISA – 9 April 2025|https://www.fic.na/wp-content/uploads/2026/06/Decision-PSG-Wealth-vs-NAMFISA-9-April-2025.pdf|unqualified-candidate|unqualified; Decision – Prudential Portfolio Managers (Pty) Ltd vs NAMFISA – 9 April 2025|https://www.fic.na/wp-content/uploads/2026/06/Decision-Prudential-Portfolio-Managers-Pty-Ltd-vs-NAMFISA-9-April-2025.pdf|unqualified-candidate|unqualified; Decision – Prudential (Namibia) Unit Trusts Ltd vs NAMFISA – 9 April 2025|https://www.fic.na/wp-content/uploads/2026/06/Decision-Prudential-Namibia-Unit-Trusts-Ltd-vs-NAMFISA-9-April-2025.pdf|unqualified-candidate|unqualified; Enforcement Procedures|https://www.fic.na/what-we-do/enforcement/|unqualified-candidate|unqualified","","Sanctions Screening Tool|https://services.fic.na/FICSanctionsTool","","enforcement","EGMONT","https://egmontgroup.org/members-by-region/","2026-08-20T12:09:41.497Z","2026-08-20T12:10:41.904Z","2026-08-20T12:11:07.553Z","unknown","provisional-first-page-scan","automated-first-page-date-scan","2024-01","2026-08","2026-08-20","month","first-page-only-unvalidated","0","","","","strong-official-publication-candidate","sanctions_or_penalty_list","authority-owned",""
"NA","NAM","Namibia","Namibia Financial Institutions Supervisory Authority (NAMFISA)","Insurance; Pensions","identity-confirmed","https://www.namfisa.com.na/","timeout","","","","","","unknown","IAIS; IOPS","https://www.iais.org/about-the-iais/iais-members/; https://www.iopsweb.org/en/membership/iops-members-and-observers.html","2026-08-20T12:09:41.497Z","2026-08-20T12:10:41.904Z","2026-08-20T12:10:41.904Z","unknown","provisional-first-page-scan","automated-first-page-date-scan","2024-01","2026-08","2026-08-20","month","first-page-only-unvalidated","0","","","","","","",""
"NE","NER","Niger","Autorité des Marchés Financiers de l’UMOA","Securities","identity-confirmed","http://www.crepmf.org/","timeout","","","","","","unknown","IOSCO","https://www.iosco.org/v2/about/?subsection=membership&memid=1&page=7","2026-08-20T12:09:41.497Z","2026-08-20T12:10:41.904Z","2026-08-20T12:10:41.904Z","unknown","provisional-first-page-scan","automated-first-page-date-scan","2024-01","2026-08","2026-08-20","month","first-page-only-unvalidated","0","","","","","","",""
"NE","NER","Niger","Central Bank of West African States (BCEAO)","Central bank; Prudential supervision","identity-confirmed","https://www.bceao.int/en","reachable","https://www.bceao.int/en","Legal Notice|https://www.bceao.int/en|unqualified-candidate|manual-review-required","","","","regulatory-update","BIS","https://www.bis.org/cbanks.htm; https://www.bis.org/regauth.htm","2026-08-20T12:09:41.497Z","2026-08-20T12:10:41.904Z","2026-08-20T12:11:07.553Z","unknown","provisional-first-page-scan","automated-first-page-date-scan","2024-01","2026-08","2026-08-20","month","first-page-only-unvalidated","0","","","","generic-or-ambiguous-link","news_or_notice","authority-owned",""
"NE","NER","Niger","Conférence Interafricaine des Marchés d'Assurances (CIMA)","Insurance","identity-confirmed","http://cima-afrique.org/","reachable","https://cima-afrique.org/decisions-du-cma/","Décisions du Conseil des Ministres des Assurances|https://cima-afrique.org/decisions-du-cma/|unqualified-candidate|manual-review-required; Décisions de la Commission Régionale de Contrôle des Assurances|https://cima-afrique.org/decisions-de-la-crca/|unqualified-candidate|unqualified","","","","enforcement","IAIS","https://www.iais.org/about-the-iais/iais-members/","2026-08-20T12:09:41.497Z","2026-08-20T12:10:41.904Z","2026-08-20T12:11:07.553Z","unknown","provisional-first-page-scan","automated-first-page-date-scan","2024-01","2026-08","2026-08-20","month","first-page-only-unvalidated","0","","","","generic-or-ambiguous-link","decision_register","authority-owned",""
"NE","NER","Niger","National Financial Intelligence and Processing unit of Niger (CENTIF)","Financial intelligence","identity-confirmed","http://www.finances.gouv.ne/index.php/responsables-du-ministere/a-b-c/centif","challenge-protected","","","","","","unknown","EGMONT","https://egmontgroup.org/members-by-region/","2026-08-20T12:09:41.497Z","2026-08-20T12:10:41.904Z","2026-08-20T12:10:41.904Z","unknown","provisional-first-page-scan","automated-first-page-date-scan","2024-01","2026-08","2026-08-20","month","first-page-only-unvalidated","0","","","","","","",""
"NG","NGA","Nigeria","Central Bank of Nigeria","Central bank; Prudential supervision","identity-confirmed","http://www.cbn.gov.ng/","reachable","https://www.cbn.gov.ng/Documents/Notices.html","See more|https://www.cbn.gov.ng/Documents/Notices.html|unqualified-candidate|browser-review-required","","","","unknown","BIS","https://www.bis.org/cbanks.htm; https://www.bis.org/regauth.htm","2026-08-20T12:09:41.497Z","2026-08-20T12:10:41.904Z","2026-08-20T12:11:07.553Z","unknown","provisional-first-page-scan","automated-first-page-date-scan","2024-01","2026-08","2026-08-20","month","first-page-only-unvalidated","0","","","","not-observable","not-observable","not-observable",""
"NG","NGA","Nigeria","National Insurance Commission","Insurance","identity-confirmed","http://www.naicom.gov.ng/","network-error","","","","","","unknown","IAIS","https://www.iais.org/about-the-iais/iais-members/","2026-08-20T12:09:41.497Z","2026-08-20T12:10:41.904Z","2026-08-20T12:10:41.904Z","unknown","provisional-first-page-scan","automated-first-page-date-scan","2024-01","2026-08","2026-08-20","month","first-page-only-unvalidated","0","","","","","","",""
"NG","NGA","Nigeria","National Pension Commission","Pensions","identity-confirmed","https://www.pencom.gov.ng/","challenge-protected","https://www.pencom.gov.ng/website-privacy-notice/","Website Privacy Notice|https://www.pencom.gov.ng/website-privacy-notice/|unqualified-candidate|browser-review-required","","","","unknown","IOPS","https://www.iopsweb.org/en/membership/iops-members-and-observers.html","2026-08-20T12:09:41.497Z","2026-08-20T12:10:41.904Z","2026-08-20T12:11:07.553Z","unknown","provisional-first-page-scan","automated-first-page-date-scan","2024-01","2026-08","2026-08-20","month","first-page-only-unvalidated","0","","","","not-observable","not-observable","not-observable",""
"NG","NGA","Nigeria","Nigeria Deposit Insurance Corporation","Prudential supervision","identity-confirmed","http://www.ndic.gov.ng/","access-blocked","","","","","","unknown","BIS","https://www.bis.org/regauth.htm","2026-08-20T12:09:41.497Z","2026-08-20T12:10:41.904Z","2026-08-20T12:10:41.904Z","unknown","provisional-first-page-scan","automated-first-page-date-scan","2024-01","2026-08","2026-08-20","month","first-page-only-unvalidated","0","","","","","","",""
"NG","NGA","Nigeria","Nigerian Financial Intelligence Unit (NFIU)","Financial intelligence","identity-confirmed","http://www.nfiu.gov.ng/index.php/nfiu","access-blocked","","","","","","unknown","EGMONT","https://egmontgroup.org/members-by-region/","2026-08-20T12:09:41.497Z","2026-08-20T12:10:41.904Z","2026-08-20T12:10:41.904Z","unknown","provisional-first-page-scan","automated-first-page-date-scan","2024-01","2026-08","2026-08-20","month","first-page-only-unvalidated","0","","","","","","",""
"NG","NGA","Nigeria","Securities and Exchange Commission*","Securities","identity-confirmed","http://www.sec.gov.ng/","reachable","https://www.sec.gov.ng/enforcements/","Enforcements|https://www.sec.gov.ng/enforcements/|authority-owned-qualified-route|approved-for-human-contract; Cos. Facing Enforcement Action|https://www.sec.gov.ng/enforcements/companies-facing-enforcement-action/|unqualified-candidate|unqualified; Referred Cases|https://www.sec.gov.ng/enforcements/referred-cases/|unqualified-candidate|unqualified; A.P.C. Matters|https://www.sec.gov.ng/enforcements/apc-matters/|unqualified-candidate|unqualified; Litigation|https://www.sec.gov.ng/enforcements/litigation/|unqualified-candidate|unqualified; Keep Track of Enforcement Updates|https://www.sec.gov.ng/enforcements/keep-track-of-enforcement-updates/|unqualified-candidate|unqualified; Information for Harmed Investors|https://www.sec.gov.ng/enforcements/information-for-harmed-investors/|unqualified-candidate|unqualified","","Enforcements|https://www.sec.gov.ng/enforcements/","","enforcement","IOSCO","https://www.iosco.org/v2/about/?subsection=membership&memid=1&page=5","2026-08-20T12:09:41.497Z","2026-08-20T12:10:41.904Z","2026-08-20T12:11:07.553Z","unknown","provisional-first-page-scan","automated-first-page-date-scan","2024-01","2026-08","2026-08-20","month","first-page-only-unvalidated","0","","","","strong-official-publication-candidate","enforcement_archive","authority-owned",""
"RW","RWA","Rwanda","National Bank of Rwanda","Central bank; Prudential supervision; Insurance; Pensions","identity-confirmed","http://www.bnr.rw/","reachable","","","","","","unknown","BIS; IAIS; IOPS","https://www.bis.org/cbanks.htm; https://www.bis.org/regauth.htm; https://www.iais.org/about-the-iais/iais-members/; https://www.iopsweb.org/en/membership/iops-members-and-observers.html","2026-08-20T12:09:41.497Z","2026-08-20T12:10:41.904Z","2026-08-20T12:10:41.904Z","unknown","provisional-first-page-scan","automated-first-page-date-scan","2024-01","2026-08","2026-08-20","month","first-page-only-unvalidated","0","","","","","","",""
"RW","RWA","Rwanda","The Financial Intelligence Unit (FIU) of the Republic of Rwanda (FIC)","Financial intelligence","identity-confirmed","https://www.fic.gov.rw/","http-error","","","","","","unknown","EGMONT","https://egmontgroup.org/members-by-region/","2026-08-20T12:09:41.497Z","2026-08-20T12:10:41.904Z","2026-08-20T12:10:41.904Z","unknown","provisional-first-page-scan","automated-first-page-date-scan","2024-01","2026-08","2026-08-20","month","first-page-only-unvalidated","0","","","","","","",""
"ST","STP","São Tomé and Príncipe","Banco Central de São Tomé e Príncipe","Central bank; Prudential supervision","identity-confirmed","https://bcstp.st/","reachable","","","","","","unknown","OFFICIAL_NATIONAL","https://bcstp.st/","2026-08-20T12:09:41.497Z","2026-08-20T12:10:41.904Z","2026-08-20T12:10:41.904Z","unknown","provisional-first-page-scan","automated-first-page-date-scan","2024-01","2026-08","2026-08-20","month","first-page-only-unvalidated","0","","","","","","",""
"SN","SEN","Senegal","Autorité des Marchés Financiers de l’UMOA","Securities","identity-confirmed","http://www.crepmf.org/","timeout","","","","","","unknown","IOSCO","https://www.iosco.org/v2/about/?subsection=membership&memid=1&page=7","2026-08-20T12:09:41.497Z","2026-08-20T12:10:41.904Z","2026-08-20T12:10:41.904Z","unknown","provisional-first-page-scan","automated-first-page-date-scan","2024-01","2026-08","2026-08-20","month","first-page-only-unvalidated","0","","","","","","",""
"SN","SEN","Senegal","Central Bank of West African States (BCEAO)","Central bank; Prudential supervision","identity-confirmed","https://www.bceao.int/en","reachable","https://www.bceao.int/en","Legal Notice|https://www.bceao.int/en|unqualified-candidate|manual-review-required","","","","regulatory-update","BIS","https://www.bis.org/cbanks.htm; https://www.bis.org/regauth.htm","2026-08-20T12:09:41.497Z","2026-08-20T12:10:41.904Z","2026-08-20T12:11:07.553Z","unknown","provisional-first-page-scan","automated-first-page-date-scan","2024-01","2026-08","2026-08-20","month","first-page-only-unvalidated","0","","","","generic-or-ambiguous-link","news_or_notice","authority-owned",""
"SN","SEN","Senegal","Conférence Interafricaine des Marchés d'Assurances (CIMA)","Insurance","identity-confirmed","http://cima-afrique.org/","reachable","https://cima-afrique.org/decisions-du-cma/","Décisions du Conseil des Ministres des Assurances|https://cima-afrique.org/decisions-du-cma/|unqualified-candidate|manual-review-required; Décisions de la Commission Régionale de Contrôle des Assurances|https://cima-afrique.org/decisions-de-la-crca/|unqualified-candidate|unqualified","","","","enforcement","IAIS","https://www.iais.org/about-the-iais/iais-members/","2026-08-20T12:09:41.497Z","2026-08-20T12:10:41.904Z","2026-08-20T12:11:07.553Z","unknown","provisional-first-page-scan","automated-first-page-date-scan","2024-01","2026-08","2026-08-20","month","first-page-only-unvalidated","0","","","","generic-or-ambiguous-link","decision_register","authority-owned",""
"SN","SEN","Senegal","National Financial Intelligence Processing Unit (CENTIF)","Financial intelligence","identity-confirmed","http://www.centif.sn/presentation_eng.php","timeout","","","","","","unknown","EGMONT","https://egmontgroup.org/members-by-region/","2026-08-20T12:09:41.497Z","2026-08-20T12:10:41.904Z","2026-08-20T12:10:41.904Z","unknown","provisional-first-page-scan","automated-first-page-date-scan","2024-01","2026-08","2026-08-20","month","first-page-only-unvalidated","0","","","","","","",""
"SC","SYC","Seychelles","Central Bank of Seychelles","Central bank; Prudential supervision","identity-confirmed","http://www.cbs.sc/","network-error","","","","","","unknown","BIS","https://www.bis.org/cbanks.htm; https://www.bis.org/regauth.htm","2026-08-20T12:09:41.497Z","2026-08-20T12:10:41.904Z","2026-08-20T12:10:41.904Z","unknown","provisional-first-page-scan","automated-first-page-date-scan","2024-01","2026-08","2026-08-20","month","first-page-only-unvalidated","0","","","","","","",""
"SC","SYC","Seychelles","Financial Services Authority","Insurance; Pensions","identity-confirmed","http://www.fsaseychelles.sc/","challenge-protected","https://fsaseychelles.sc/","Enforcement|https://fsaseychelles.sc/|unqualified-candidate|browser-review-required; Regulatory Enforcements|https://fsaseychelles.sc/enforcement/regulatory-enforcements|unqualified-candidate|unqualified; Disciplinary Actions|https://fsaseychelles.sc/enforcement/disciplinary-actions|unqualified-candidate|unqualified; Appeals Board|https://fsaseychelles.sc/enforcement/appeals-board|unqualified-candidate|unqualified; Warning: Unauthorised Activity under the Virtual Asset Service Providers Act, 2024 and Securities...|https://fsaseychelles.sc/media-corner/regulatory-updates/warning-unauthorised-activity-under-the-virtual-asset-service-providers-act-2024-and-securities-act-2007-as-amended-2|unqualified-candidate|unqualified; Public Notice: HDR Global Trading Limited Trading as BitMEX Exchange Winding Up|https://fsaseychelles.sc/media-corner/regulatory-updates/public-notice-hdr-global-trading-limited-trading-as-bitmex-exchange-winding-up|unqualified-candidate|unqualified","","","","unknown","IAIS; IOPS","https://www.iais.org/about-the-iais/iais-members/; https://www.iopsweb.org/en/membership/iops-members-and-observers.html","2026-08-20T12:09:41.497Z","2026-08-20T12:10:41.904Z","2026-08-20T12:11:07.553Z","unknown","provisional-first-page-scan","automated-first-page-date-scan","2024-01","2026-08","2026-08-20","month","first-page-only-unvalidated","0","","","","not-observable","not-observable","not-observable",""
"SC","SYC","Seychelles","Seychelles  Financial Intelligence Unit (Seychelles FIU)","Financial intelligence","identity-confirmed","http://www.seychellesfiu.sc/","reachable","https://seychellesfiu.sc/notices/","NOTICES|https://seychellesfiu.sc/notices/|unqualified-candidate|manual-review-required; Read the Notice here|https://seychellesfiu.sc/wp-content/uploads/2026/08/Notice-No.5-of-2026-FIU.pdf|unqualified-candidate|unqualified","","","","regulatory-update","EGMONT","https://egmontgroup.org/members-by-region/","2026-08-20T12:09:41.497Z","2026-08-20T12:10:41.904Z","2026-08-20T12:11:07.553Z","unknown","provisional-first-page-scan","automated-first-page-date-scan","2024-01","2026-08","2026-08-20","month","first-page-only-unvalidated","0","","","","plausible-official-publication-candidate","news_or_notice","authority-owned",""
"SL","SLE","Sierra Leone","Bank of Sierra Leone","Central bank; Prudential supervision","identity-confirmed","http://www.bsl.gov.sl/","network-error","","","","","","unknown","BIS","https://www.bis.org/cbanks.htm; https://www.bis.org/regauth.htm","2026-08-20T12:09:41.497Z","2026-08-20T12:10:41.904Z","2026-08-20T12:10:41.904Z","unknown","provisional-first-page-scan","automated-first-page-date-scan","2024-01","2026-08","2026-08-20","month","first-page-only-unvalidated","0","","","","","","",""
"SL","SLE","Sierra Leone","Financial Intelligence Unit Sierra Leone (FIA)","Financial intelligence","identity-confirmed","https://fiu.gov.sl/","reachable","","","","","","unknown","EGMONT","https://egmontgroup.org/members-by-region/","2026-08-20T12:09:41.497Z","2026-08-20T12:10:41.904Z","2026-08-20T12:10:41.904Z","unknown","provisional-first-page-scan","automated-first-page-date-scan","2024-01","2026-08","2026-08-20","month","first-page-only-unvalidated","0","","","","","","",""
"SO","SOM","Somalia","Central Bank of Somalia","Central bank; Prudential supervision","identity-confirmed","https://centralbank.gov.so/","reachable","","","","","","unknown","OFFICIAL_NATIONAL","https://centralbank.gov.so/","2026-08-20T12:09:41.497Z","2026-08-20T12:10:41.904Z","2026-08-20T12:10:41.904Z","unknown","provisional-first-page-scan","automated-first-page-date-scan","2024-01","2026-08","2026-08-20","month","first-page-only-unvalidated","0","","","","","","",""
"ZA","ZAF","South Africa","Financial Intelligence Centre (FIC)","Financial intelligence","identity-confirmed","https://www.fic.gov.za/","challenge-protected","https://www.fic.gov.za/targeted-financial-sanctions/","https://www.fic.gov.za/targeted-financial-sanctions/|https://www.fic.gov.za/targeted-financial-sanctions/|unqualified-candidate|browser-review-required; General notices|https://www.fic.gov.za/newsroom/|unqualified-candidate|unqualified; Sanctions issued by supervisory bodies|https://www.fic.gov.za/compliance/sanctions-issued-by-supervisory-bodies/|unqualified-candidate|unqualified; Sanctions issued by the FIC|https://www.fic.gov.za/compliance/sanctions-issued-by-the-fic/|unqualified-candidate|unqualified; Web notice - Guidance Note 7B on the implementation of various aspects of the FIC Act|https://www.fic.gov.za/2026/08/03/web-notice-guidance-note-7b-on-the-implementation-of-various-aspects-of-the-fic-act/|unqualified-candidate|unqualified; Web notice – Draft Directive 12 on the submission of risk management and compliance programmes|https://www.fic.gov.za/2026/07/31/web-notice-draft-directive-12-rmcp/|unqualified-candidate|unqualified; Web notice – Directive 10 on information pertaining to geographic locations|https://www.fic.gov.za/2026/07/31/web-notice-directive-10-geographic-locations/|unqualified-candidate|unqualified","","","","unknown","EGMONT","https://egmontgroup.org/members-by-region/","2026-08-20T12:09:41.497Z","2026-08-20T12:10:41.904Z","2026-08-20T12:11:07.553Z","unknown","provisional-first-page-scan","automated-first-page-date-scan","2024-01","2026-08","2026-08-20","month","first-page-only-unvalidated","0","","","","not-observable","not-observable","not-observable",""
"ZA","ZAF","South Africa","Financial Sector Conduct Authority","Securities; Insurance; Pensions","enforcement-visible","https://www.fsca.co.za/","reachable","https://www.fsca.co.za/","Notices|https://www.fsca.co.za/Supervisory-Information?collapse=collapseFour|unqualified-candidate|unqualified; Enforcement Matters|https://www.fsca.co.za/Enforcement-Matters|unqualified-candidate|unqualified; Enforcement Actions|https://www.fsca.co.za/|authority-owned-qualified-route|approved-for-human-contract; LEARN MORE|https://www.fsca.co.za/Enforcement-Actions|unqualified-candidate|unqualified; Read more|https://www.moonstone.co.za/fsca-publishes-two-pots-guidance-for-defined-benefit-funds/|unqualified-candidate|unqualified","","Enforcement Actions|https://www.fsca.co.za/","","enforcement","IOSCO; IAIS; IOPS","https://www.iosco.org/v2/about/?subsection=membership&memid=1&page=6; https://www.iais.org/about-the-iais/iais-members/; https://www.iopsweb.org/en/membership/iops-members-and-observers.html","2026-08-20T12:09:41.497Z","2026-08-20T12:10:41.904Z","2026-08-20T12:11:07.553Z","recent","provisional-first-page-scan","automated-first-page-date-scan","2024-01","2026-08","2026-08-20","month","first-page-only-unvalidated","23","2024-04; 2024-05; 2024-06; 2024-07; 2024-08; 2024-09; 2024-10; 2024-11; 2024-12; 2025-02; 2025-03; 2025-04; 2025-05; 2025-06; 2025-08; 2025-10; 2025-11; 2026-01; 2026-02; 2026-03; 2026-04; 2026-06; 2026-07","2026-07","month","strong-official-publication-candidate","enforcement_archive","authority-owned",""
"ZA","ZAF","South Africa","South African Reserve Bank","Central bank; Prudential supervision; Insurance","identity-confirmed","http://www.resbank.co.za/","network-error","","","","","","unknown","BIS; IAIS","https://www.bis.org/cbanks.htm; https://www.bis.org/regauth.htm; https://www.iais.org/about-the-iais/iais-members/","2026-08-20T12:09:41.497Z","2026-08-20T12:10:41.904Z","2026-08-20T12:10:41.904Z","unknown","provisional-first-page-scan","automated-first-page-date-scan","2024-01","2026-08","2026-08-20","month","first-page-only-unvalidated","0","","","","","","",""
"SS","SSD","South Sudan","Bank of South Sudan","Central bank; Prudential supervision","identity-confirmed","https://boss.gov.ss/","reachable","","","","","","unknown","OFFICIAL_NATIONAL","https://boss.gov.ss/who-we-are/; https://boss.gov.ss/supervision-regulation/","2026-08-20T12:09:41.497Z","2026-08-20T12:10:41.904Z","2026-08-20T12:10:41.904Z","unknown","provisional-first-page-scan","automated-first-page-date-scan","2024-01","2026-08","2026-08-20","month","first-page-only-unvalidated","0","","","","","","",""
"SD","SDN","Sudan","Bank of Sudan","Central bank; Prudential supervision","identity-confirmed","http://www.cbos.gov.sd/en","reachable","","","","","","unknown","BIS","https://www.bis.org/cbanks.htm; https://www.bis.org/regauth.htm","2026-08-20T12:09:41.497Z","2026-08-20T12:10:41.904Z","2026-08-20T12:10:41.904Z","unknown","provisional-first-page-scan","automated-first-page-date-scan","2024-01","2026-08","2026-08-20","month","first-page-only-unvalidated","0","","","","","","",""
"SD","SDN","Sudan","Financial Information Unit (FIUSU)","Financial intelligence","identity-confirmed","http://www.fiu.gov.sd/","reachable","","","","","","unknown","EGMONT","https://egmontgroup.org/members-by-region/","2026-08-20T12:09:41.497Z","2026-08-20T12:10:41.904Z","2026-08-20T12:10:41.904Z","unknown","provisional-first-page-scan","automated-first-page-date-scan","2024-01","2026-08","2026-08-20","month","first-page-only-unvalidated","0","","","","","","",""
"TZ","TZA","Tanzania","Bank of Tanzania","Central bank; Prudential supervision","identity-confirmed","https://www.bot.go.tz/","reachable","https://www.bot.go.tz/PressRelease","Modalities for Monetary Policy Implementation|https://www.bot.go.tz/MPS/Decisions|unqualified-candidate|unqualified; Public Notices|https://www.bot.go.tz/PressRelease|unqualified-candidate|manual-review-required","","","","regulatory-update","BIS","https://www.bis.org/cbanks.htm; https://www.bis.org/regauth.htm","2026-08-20T12:09:41.497Z","2026-08-20T12:10:41.904Z","2026-08-20T12:11:07.553Z","unknown","provisional-first-page-scan","automated-first-page-date-scan","2024-01","2026-08","2026-08-20","month","first-page-only-unvalidated","0","","","","generic-or-ambiguous-link","news_or_notice","authority-owned",""
"TZ","TZA","Tanzania","Capital Markets and Securities Authority","Securities","identity-confirmed","http://www.cmsa-tz.org/","reachable","","","","","","unknown","IOSCO","https://www.iosco.org/v2/about/?subsection=membership&memid=1&page=6","2026-08-20T12:09:41.497Z","2026-08-20T12:10:41.904Z","2026-08-20T12:10:41.904Z","unknown","provisional-first-page-scan","automated-first-page-date-scan","2024-01","2026-08","2026-08-20","month","first-page-only-unvalidated","0","","","","","","",""
"TZ","TZA","Tanzania","Financial Intelligence Unit (FIU) - Tanzania","Financial intelligence","enforcement-visible","https://www.fiu.go.tz/","reachable","https://www.fiu.go.tz/","Guidance and Enforcement|https://www.fiu.go.tz/|authority-owned-qualified-route|approved-for-human-contract; Enforcement|https://www.fiu.go.tz/publications/enforcement|unqualified-candidate|unqualified; 01 Nov, 2023 Guidelines on Targeted Financial Sanctions revised|https://www.fiu.go.tz/uploads/documents/en-1712237226-Guidelines%20on%20Targeted%20Financial%20Sanctions%20revised.pdf|unqualified-candidate|unqualified; 05 Jul, 2022 Targeted Financial Sanctions Guideline 2022|https://www.fiu.go.tz/uploads/documents/en-1712238436-Targeted%20Financial%20Sanctions%20Guideline%202022.pdf|unqualified-candidate|unqualified","","Guidance and Enforcement|https://www.fiu.go.tz/","","enforcement","EGMONT","https://egmontgroup.org/members-by-region/","2026-08-20T12:09:41.497Z","2026-08-20T12:10:41.904Z","2026-08-20T12:11:07.553Z","low-frequency","provisional-first-page-scan","automated-first-page-date-scan","2024-01","2026-08","2026-08-20","month","first-page-only-unvalidated","1","2025-05","2025-05","month","strong-official-publication-candidate","enforcement_archive","authority-owned",""
"TG","TGO","Togo","Autorité des Marchés Financiers de l’UMOA","Securities","identity-confirmed","http://www.crepmf.org/","timeout","","","","","","unknown","IOSCO","https://www.iosco.org/v2/about/?subsection=membership&memid=1&page=7","2026-08-20T12:09:41.497Z","2026-08-20T12:10:41.904Z","2026-08-20T12:10:41.904Z","unknown","provisional-first-page-scan","automated-first-page-date-scan","2024-01","2026-08","2026-08-20","month","first-page-only-unvalidated","0","","","","","","",""
"TG","TGO","Togo","Central Bank of West African States (BCEAO)","Central bank; Prudential supervision","identity-confirmed","https://www.bceao.int/en","reachable","https://www.bceao.int/en","Legal Notice|https://www.bceao.int/en|unqualified-candidate|manual-review-required","","","","regulatory-update","BIS","https://www.bis.org/cbanks.htm; https://www.bis.org/regauth.htm","2026-08-20T12:09:41.497Z","2026-08-20T12:10:41.904Z","2026-08-20T12:11:07.553Z","unknown","provisional-first-page-scan","automated-first-page-date-scan","2024-01","2026-08","2026-08-20","month","first-page-only-unvalidated","0","","","","generic-or-ambiguous-link","news_or_notice","authority-owned",""
"TG","TGO","Togo","Conférence Interafricaine des Marchés d'Assurances (CIMA)","Insurance","identity-confirmed","http://cima-afrique.org/","reachable","https://cima-afrique.org/decisions-du-cma/","Décisions du Conseil des Ministres des Assurances|https://cima-afrique.org/decisions-du-cma/|unqualified-candidate|manual-review-required; Décisions de la Commission Régionale de Contrôle des Assurances|https://cima-afrique.org/decisions-de-la-crca/|unqualified-candidate|unqualified","","","","enforcement","IAIS","https://www.iais.org/about-the-iais/iais-members/","2026-08-20T12:09:41.497Z","2026-08-20T12:10:41.904Z","2026-08-20T12:11:07.553Z","unknown","provisional-first-page-scan","automated-first-page-date-scan","2024-01","2026-08","2026-08-20","month","first-page-only-unvalidated","0","","","","generic-or-ambiguous-link","decision_register","authority-owned",""
"TG","TGO","Togo","Direction Nationale Des Assurances (DNA)","Insurance","identity-confirmed","https://service-public.gouv.tg/service_concerne/direction-nationale-des-assurances-dna/","challenge-protected","","","","","","unknown","IAIS","https://www.iais.org/about-the-iais/iais-members/","2026-08-20T12:09:41.497Z","2026-08-20T12:10:41.904Z","2026-08-20T12:10:41.904Z","unknown","provisional-first-page-scan","automated-first-page-date-scan","2024-01","2026-08","2026-08-20","month","first-page-only-unvalidated","0","","","","","","",""
"TG","TGO","Togo","Togo Financial Intelligence Unit (CENTIF Togo)","Financial intelligence","identity-confirmed","http://centif.tg/","reachable","","","","","","unknown","EGMONT","https://egmontgroup.org/members-by-region/","2026-08-20T12:09:41.497Z","2026-08-20T12:10:41.904Z","2026-08-20T12:10:41.904Z","unknown","provisional-first-page-scan","automated-first-page-date-scan","2024-01","2026-08","2026-08-20","month","first-page-only-unvalidated","0","","","","","","",""
"TN","TUN","Tunisia","Central Bank of Tunisia","Central bank; Prudential supervision","identity-confirmed","https://www.bct.gov.tn/","reachable","","","","","","unknown","BIS","https://www.bis.org/cbanks.htm; https://www.bis.org/regauth.htm","2026-08-20T12:09:41.497Z","2026-08-20T12:10:41.904Z","2026-08-20T12:10:41.904Z","unknown","provisional-first-page-scan","automated-first-page-date-scan","2024-01","2026-08","2026-08-20","month","first-page-only-unvalidated","0","","","","","","",""
"TN","TUN","Tunisia","Conseil du marché financier","Securities","identity-confirmed","http://www.cmf.tn/","reachable","https://www.un.org/securitycouncil/fr/content/un-sc-consolidated-list","Liste récapitulative des sanctions du conseil de sécurité de l’ONU|https://www.un.org/securitycouncil/fr/content/un-sc-consolidated-list|external-official-context|manual-review-required","","","Liste récapitulative des sanctions du conseil de sécurité de l’ONU|https://www.un.org/securitycouncil/fr/content/un-sc-consolidated-list","enforcement","IOSCO","https://www.iosco.org/v2/about/?subsection=membership&memid=1&page=7","2026-08-20T12:09:41.497Z","2026-08-20T12:10:41.904Z","2026-08-20T12:11:07.553Z","unknown","provisional-first-page-scan","automated-first-page-date-scan","2024-01","2026-08","2026-08-20","month","first-page-only-unvalidated","0","","","","strong-official-publication-candidate","sanctions_or_penalty_list","official-external",""
"TN","TUN","Tunisia","Ministère des Finances, Comité Général des Assurances","Insurance","identity-confirmed","https://www.cga.gov.tn/","reachable","https://www.cga.gov.tn/index.php?id=33","تراتيب وقرارات مجلس الهيئة|https://www.cga.gov.tn/index.php?id=33|unqualified-candidate|manual-review-required","","","","unknown","IAIS","https://www.iais.org/about-the-iais/iais-members/","2026-08-20T12:09:41.497Z","2026-08-20T12:10:41.904Z","2026-08-20T12:11:07.553Z","unknown","provisional-first-page-scan","automated-first-page-date-scan","2024-01","2026-08","2026-08-20","month","first-page-only-unvalidated","0","","","","generic-or-ambiguous-link","generic_or_ambiguous","authority-owned",""
"TN","TUN","Tunisia","Tunisian Financial Analysis Committee (CTAF)","Financial intelligence","identity-confirmed","http://www.ctaf.gov.tn/ctaf_f/eng/","http-error","","","","","","unknown","EGMONT","https://egmontgroup.org/members-by-region/","2026-08-20T12:09:41.497Z","2026-08-20T12:10:41.904Z","2026-08-20T12:10:41.904Z","unknown","provisional-first-page-scan","automated-first-page-date-scan","2024-01","2026-08","2026-08-20","month","first-page-only-unvalidated","0","","","","","","",""
"UG","UGA","Uganda","Bank of Uganda","Central bank; Prudential supervision","identity-confirmed","http://www.bou.or.ug/","reachable","","","","","","unknown","BIS","https://www.bis.org/cbanks.htm; https://www.bis.org/regauth.htm","2026-08-20T12:09:41.497Z","2026-08-20T12:10:41.904Z","2026-08-20T12:10:41.904Z","unknown","provisional-first-page-scan","automated-first-page-date-scan","2024-01","2026-08","2026-08-20","month","first-page-only-unvalidated","0","","","","","","",""
"UG","UGA","Uganda","Capital Markets Authority","Securities","enforcement-visible","http://www.cmauganda.co.ug/","reachable","https://cmauganda.co.ug/","Regulatory Notices|https://cmauganda.co.ug/regulatory-notices/|unqualified-candidate|unqualified; Notices|https://cmauganda.co.ug/notices/|unqualified-candidate|unqualified; Enforcement|https://cmauganda.co.ug/|authority-owned-qualified-route|approved-for-human-contract; Financial Penalties|https://cmauganda.co.ug/financial-penalties/|unqualified-candidate|unqualified; Administrative Sanctions|https://cmauganda.co.ug/administrative-sanctions/|unqualified-candidate|unqualified; Procurement|https://cmauganda.co.ug/bid-notices/|unqualified-candidate|unqualified","","Enforcement|https://cmauganda.co.ug/","","enforcement","IOSCO","https://www.iosco.org/v2/about/?subsection=membership&memid=1&page=7","2026-08-20T12:09:41.497Z","2026-08-20T12:10:41.904Z","2026-08-20T12:11:07.553Z","periodic","provisional-first-page-scan","automated-first-page-date-scan","2024-01","2026-08","2026-08-20","month","first-page-only-unvalidated","4","2026-04; 2026-05; 2026-06; 2026-07","2026-07","month","strong-official-publication-candidate","enforcement_archive","authority-owned",""
"UG","UGA","Uganda","Financial Intelligence Authority (FIA)","Financial intelligence","identity-confirmed","https://www.fia.go.ug/","network-error","","","","","","unknown","EGMONT","https://egmontgroup.org/members-by-region/","2026-08-20T12:09:41.497Z","2026-08-20T12:10:41.904Z","2026-08-20T12:10:41.904Z","unknown","provisional-first-page-scan","automated-first-page-date-scan","2024-01","2026-08","2026-08-20","month","first-page-only-unvalidated","0","","","","","","",""
"UG","UGA","Uganda","Insurance Regulatory Authority of Uganda","Insurance","identity-confirmed","https://www.ira.go.ug/","reachable","https://ira.go.ug/new-tenders/","BID Notices|https://ira.go.ug/new-tenders/|unqualified-candidate|manual-review-required; Best Evaluated Bidder Notices|https://ira.go.ug/best-evaluated-bidders/|unqualified-candidate|unqualified","","","","regulatory-update","IAIS","https://www.iais.org/about-the-iais/iais-members/","2026-08-20T12:09:41.497Z","2026-08-20T12:10:41.904Z","2026-08-20T12:11:07.553Z","unknown","provisional-first-page-scan","automated-first-page-date-scan","2024-01","2026-08","2026-08-20","month","first-page-only-unvalidated","0","","","","generic-or-ambiguous-link","news_or_notice","authority-owned",""
"UG","UGA","Uganda","Uganda Retirement Benefits Regulatory Authority","Pensions","identity-confirmed","https://urbra.go.ug/","reachable","https://urbra.go.ug/notices/","NOTICES|https://urbra.go.ug/notices/|unqualified-candidate|manual-review-required","","","","regulatory-update","IOPS","https://www.iopsweb.org/en/membership/iops-members-and-observers.html","2026-08-20T12:09:41.497Z","2026-08-20T12:10:41.904Z","2026-08-20T12:11:07.553Z","unknown","provisional-first-page-scan","automated-first-page-date-scan","2024-01","2026-08","2026-08-20","month","first-page-only-unvalidated","0","","","","generic-or-ambiguous-link","news_or_notice","authority-owned",""
"ZM","ZMB","Zambia","Bank of Zambia","Central bank; Prudential supervision","identity-confirmed","https://www.boz.zm/","reachable","","","","","","unknown","BIS","https://www.bis.org/cbanks.htm; https://www.bis.org/regauth.htm","2026-08-20T12:09:41.497Z","2026-08-20T12:10:41.904Z","2026-08-20T12:10:41.904Z","unknown","provisional-first-page-scan","automated-first-page-date-scan","2024-01","2026-08","2026-08-20","month","first-page-only-unvalidated","0","","","","","","",""
"ZM","ZMB","Zambia","Financial Intelligence Centre (FIC)","Financial intelligence","identity-confirmed","https://www.fic.gov.zm/","access-blocked","","","","","","unknown","EGMONT","https://egmontgroup.org/members-by-region/","2026-08-20T12:09:41.497Z","2026-08-20T12:10:41.904Z","2026-08-20T12:10:41.904Z","unknown","provisional-first-page-scan","automated-first-page-date-scan","2024-01","2026-08","2026-08-20","month","first-page-only-unvalidated","0","","","","","","",""
"ZM","ZMB","Zambia","Pension and Insurance Authority","Pensions","identity-confirmed","https://www.pia.org.zm/","network-error","","","","","","unknown","IOPS","https://www.iopsweb.org/en/membership/iops-members-and-observers.html","2026-08-20T12:09:41.497Z","2026-08-20T12:10:41.904Z","2026-08-20T12:10:41.904Z","unknown","provisional-first-page-scan","automated-first-page-date-scan","2024-01","2026-08","2026-08-20","month","first-page-only-unvalidated","0","","","","","","",""
"ZM","ZMB","Zambia","Pensions and Insurance Authority","Insurance","identity-confirmed","","no-public-website","","","","","","unknown","IAIS","https://www.iais.org/about-the-iais/iais-members/","2026-08-20T12:09:41.497Z","2026-08-20T12:10:41.904Z","2026-08-20T12:10:41.904Z","unknown","provisional-first-page-scan","automated-first-page-date-scan","2024-01","2026-08","2026-08-20","month","first-page-only-unvalidated","0","","","","","","",""
"ZM","ZMB","Zambia","Securities and Exchange Commission","Securities","identity-confirmed","http://www.seczambia.org.zm/","reachable","https://www.seczambia.org.zm/investor-protection/enforcement-actions/","Directorate of Enforcement and Legal Services|https://www.seczambia.org.zm/about/management-directorate-profiles/directorate-of-enforcement-and-legal-services/|unqualified-candidate|unqualified; Enforcement Actions|https://www.seczambia.org.zm/investor-protection/enforcement-actions/|authority-owned-qualified-route|approved-for-human-contract; Administrative Penalties|https://www.seczambia.org.zm/investor-protection/enforcement-actions/administrative-penalties/|unqualified-candidate|unqualified; Suspensions|https://www.seczambia.org.zm/investor-protection/enforcement-actions/suspensions/|unqualified-candidate|unqualified; Revocations|https://www.seczambia.org.zm/investor-protection/enforcement-actions/revocations/|unqualified-candidate|unqualified; Censures|https://www.seczambia.org.zm/investor-protection/enforcement-actions/censures/|unqualified-candidate|unqualified; Judgements & Rulings|https://www.seczambia.org.zm/investor-protection/enforcement-actions/judgements-rulings/|unqualified-candidate|unqualified; Notices of Regulatory Action|https://www.seczambia.org.zm/investor-protection/enforcement-actions/notices-of-regulatory-action/|unqualified-candidate|unqualified; https://www.seczambia.org.zm/latest-news/public-notice-launch-of-the-suptech-online-application-portal/|https://www.seczambia.org.zm/latest-news/public-notice-launch-of-the-suptech-online-application-portal/|unqualified-candidate|unqualified; https://www.seczambia.org.zm/latest-news/public-notice-board-appointment/|https://www.seczambia.org.zm/latest-news/public-notice-board-appointment/|unqualified-candidate|unqualified","","Enforcement Actions|https://www.seczambia.org.zm/investor-protection/enforcement-actions/","","enforcement","IOSCO","https://www.iosco.org/v2/about/?subsection=membership&memid=1&page=7","2026-08-20T12:09:41.497Z","2026-08-20T12:10:41.904Z","2026-08-20T12:11:07.553Z","unknown","provisional-first-page-scan","automated-first-page-date-scan","2024-01","2026-08","2026-08-20","month","first-page-only-unvalidated","0","","","","strong-official-publication-candidate","enforcement_archive","authority-owned",""
"ZW","ZWE","Zimbabwe","Insurance and Pensions Commission (IPEC)","Insurance; Pensions","identity-confirmed","https://ipec.co.zw/","challenge-protected","https://ipec.co.zw/local-news/notice-of-cancellation-of-orchid-funeral-assurance-company-registration-pursuant-to-section-23-of-the-insurance-act-chapter-2407/","Read more|https://ipec.co.zw/local-news/notice-of-cancellation-of-orchid-funeral-assurance-company-registration-pursuant-to-section-23-of-the-insurance-act-chapter-2407/|unqualified-candidate|browser-review-required","","","","unknown","IAIS; IOPS","https://www.iais.org/about-the-iais/iais-members/; https://www.iopsweb.org/en/membership/iops-members-and-observers.html","2026-08-20T12:09:41.497Z","2026-08-20T12:10:41.904Z","2026-08-20T12:11:07.553Z","unknown","provisional-first-page-scan","automated-first-page-date-scan","2024-01","2026-08","2026-08-20","month","first-page-only-unvalidated","0","","","","not-observable","not-observable","not-observable",""
"ZW","ZWE","Zimbabwe","Reserve Bank of Zimbabwe","Central bank; Prudential supervision; Financial intelligence","identity-confirmed","http://www.rbz.co.zw/","network-error","","","","","","unknown","BIS; EGMONT","https://www.bis.org/cbanks.htm; https://www.bis.org/regauth.htm; https://egmontgroup.org/members-by-region/","2026-08-20T12:09:41.497Z","2026-08-20T12:10:41.904Z","2026-08-20T12:10:41.904Z","unknown","provisional-first-page-scan","automated-first-page-date-scan","2024-01","2026-08","2026-08-20","month","first-page-only-unvalidated","0","","","","","","",""
"AR","ARG","Argentina","Central Bank of Argentina","Central bank; Prudential supervision","identity-confirmed","http://www.bcra.gob.ar/default.asp","reachable","","","","","","unknown","BIS","https://www.bis.org/cbanks.htm; https://www.bis.org/regauth.htm","2026-08-20T12:09:41.497Z","2026-08-20T12:10:41.904Z","2026-08-20T12:10:41.904Z","unknown","provisional-first-page-scan","automated-first-page-date-scan","2024-01","2026-08","2026-08-20","month","first-page-only-unvalidated","0","","","","","","",""
"AR","ARG","Argentina","Comisión Nacional de Valores*","Securities","identity-confirmed","http://www.cnv.gob.ar/","reachable","","","","","","unknown","IOSCO","https://www.iosco.org/v2/about/?subsection=membership&memid=1&page=1; https://www.iosco.org/v2/about/?subsection=membership&memid=1&page=8; https://www.iosco.org/v2/about/?subsection=membership&memid=1&page=9; https://www.iosco.org/v2/about/?subsection=membership&memid=1&page=10; https://www.iosco.org/v2/about/?subsection=membership&memid=1&page=11; https://www.iosco.org/v2/about/?subsection=membership&memid=1&page=12","2026-08-20T12:09:41.497Z","2026-08-20T12:10:41.904Z","2026-08-20T12:10:41.904Z","unknown","provisional-first-page-scan","automated-first-page-date-scan","2024-01","2026-08","2026-08-20","month","first-page-only-unvalidated","0","","","","","","",""
"AR","ARG","Argentina","Superintendencia de Seguros de la Nacion Argentina","Insurance; Financial intelligence","identity-confirmed","https://www.argentina.gob.ar/superintendencia-de-seguros","challenge-protected","https://www.argentina.gob.ar/noticias/seguros-y-salud-la-ssn-presento-los-alcances-de-la-resolucion-2582026-en-la-fundacion","Seguros y Salud: la SSN presentó los alcances de la Resolución 258/2026 en la Fundación Sanatorio Güemes|https://www.argentina.gob.ar/noticias/seguros-y-salud-la-ssn-presento-los-alcances-de-la-resolucion-2582026-en-la-fundacion|unqualified-candidate|browser-review-required","","","","unknown","IAIS; EGMONT","https://www.iais.org/about-the-iais/iais-members/; https://egmontgroup.org/members-by-region/","2026-08-20T12:09:41.497Z","2026-08-20T12:10:41.904Z","2026-08-20T12:11:07.553Z","unknown","provisional-first-page-scan","automated-first-page-date-scan","2024-01","2026-08","2026-08-20","month","first-page-only-unvalidated","0","","","","not-observable","not-observable","not-observable",""
"BZ","BLZ","Belize","Central Bank of Belize","Central bank; Prudential supervision","identity-confirmed","http://www.centralbank.org.bz/","reachable","https://www.centralbank.org.bz/detail-pages/news/2026/07/27/the-central-bank--fiu--and-fsc-sign-governance-agreements-for-the-use-of-the-sanctions-registry-system","Treasury Bill Auction Notices|https://www.centralbank.org.bz/home/news-and-publications/news/treasury-bill-auction-notices|unqualified-candidate|unqualified; Government of Belize Notices|https://www.centralbank.org.bz/home/news-and-publications/news/government-of-belize-notices|unqualified-candidate|unqualified; Warning Notices|https://www.centralbank.org.bz/home/news-and-publications/news/warning-circulars|unqualified-candidate|unqualified; Treasury Bill Auction Notices Treasury Bill Auction Notice #12 of 2026 August 17, 2026 Tenders are invited for an issue of Government of Belize Treasury Bills. The amount of the issue will be $90,000,000.00.|https://www.centralbank.org.bz/detail-pages/news/2026/08/17/treasury-bill-auction-notice--12-of-2026|unqualified-candidate|unqualified; Treasury Bill Auction Notices Treasury Bill Auction Notice #11 of 2026 July 27, 2026 Tenders are invited for an issue of Government of Belize Treasury Bills. The amount of the issue will be $67,408,200.00.|https://www.centralbank.org.bz/detail-pages/news/2026/07/27/treasury-bill-auction-notice--11-of-2026|unqualified-candidate|unqualified; Press Release The Central Bank, FIU, and FSC Sign Governance Agreements for the Use of the Sanctions Registry System July 27, 2026 The Central Bank of Belize (the Central Bank), the Financial Intelligence Unit (FIU), and the Financial Services Commission (FSC) have signed governance agreements establishing the framework for the shared use of the Sanctions Registry System (SRS).|https://www.centralbank.org.bz/detail-pages/news/2026/07/27/the-central-bank--fiu--and-fsc-sign-governance-agreements-for-the-use-of-the-sanctions-registry-system|authority-owned-qualified-route|approved-for-human-contract; Treasury Bill Auction Notices Treasury Bill Auction Notice #10 of 2026 July 8, 2026 Tenders are invited for an issue of Government of Belize Treasury Bills. The amount of the issue will be $64,391,800.00.|https://www.centralbank.org.bz/detail-pages/news/2026/07/08/treasury-bill-auction-notice--10-of-2026|unqualified-candidate|unqualified; Treasury Bill Auction Notices Treasury Bill Auction Notice #9 of 2026 June 16, 2026 Tenders are invited for an issue of Government of Belize Treasury Bills. The amount of the issue will be $83,200,000.00.|https://www.centralbank.org.bz/detail-pages/news/2026/06/16/treasury-bill-auction-notice--9-of-2026|unqualified-candidate|unqualified; Press Release Central Bank of Belize Board reaffirms Governance Framework and Institutional Integrity of the Central Bank April 28, 2026 The Board reaffirms that the Central Bank functions under the direction and oversight of its Board of Directors. The Governor, as Chief Executive Officer, does not act independently but executes policies and decisions determined within this governance structure.|https://www.centralbank.org.bz/detail-pages/news/2026/04/28/the-board-of-the-central-bank-of-belize-reaffirms-the-governance-framework-and-institutional-integrity-of-the-central-bank-of-belize|unqualified-candidate|unqualified; Treasury Bill Auction Notices Treasury Bill Auction Notice #7 of 2026 April 22, 2026 Tenders are invited for an issue of Government of Belize Treasury Bills. The amount of the issue will be $67,408,200.00.|https://www.centralbank.org.bz/detail-pages/news/2026/04/22/treasury-bill-auction-notice--7-of-2026|unqualified-candidate|unqualified; Treasury Bill Auction Notices Treasury Bill Auction Notice #6 of 2026 April 16, 2026 Tenders are invited for an issue of Government of Belize Treasury Bills. The amount of the issue will be $64,391,800.00.|https://www.centralbank.org.bz/detail-pages/news/2026/04/16/treasury-bill-auction-notice--6-of-2026|unqualified-candidate|unqualified","","Press Release The Central Bank, FIU, and FSC Sign Governance Agreements for the Use of the Sanctions Registry System July 27, 2026 The Central Bank of Belize (the Central Bank), the Financial Intelligence Unit (FIU), and the Financial Services Commission (FSC) have signed governance agreements establishing the framework for the shared use of the Sanctions Registry System (SRS).|https://www.centralbank.org.bz/detail-pages/news/2026/07/27/the-central-bank--fiu--and-fsc-sign-governance-agreements-for-the-use-of-the-sanctions-registry-system","","enforcement","BIS","https://www.bis.org/cbanks.htm; https://www.bis.org/regauth.htm","2026-08-20T12:09:41.497Z","2026-08-20T12:10:41.904Z","2026-08-20T12:11:07.553Z","unknown","provisional-first-page-scan","automated-first-page-date-scan","2024-01","2026-08","2026-08-20","month","first-page-only-unvalidated","0","","","","strong-official-publication-candidate","sanctions_or_penalty_list","authority-owned",""
"BZ","BLZ","Belize","Financial Intelligence Unit Belize (FIU-Belize)","Financial intelligence","identity-confirmed","http://www.fiubelize.org/","reachable","https://scsanctions.un.org/consolidated/","Compliance Notice|https://fiubelize.org/compliance-notice/|unqualified-candidate|unqualified; UN Consolidated Sanctions List|https://scsanctions.un.org/consolidated/|external-official-context|manual-review-required; Consolidated Belize Sanctions List|https://fiubelize.org/consolidated-belize-sanctions-list/|unqualified-candidate|unqualified; Sanctions List.|https://press.un.org/en/2025/sc16088.doc.htm|unqualified-candidate|unqualified; View Press Release by FSC|https://fiubelize.org/wp-content/uploads/2024/01/Public-Notice-for-NGO_NPO.pdf|unqualified-candidate|unqualified; GUIDANCE TO THE PUBLIC ON TARGETED FINANCIAL SANCTIONS IN BELIZE|https://fiubelize.org/wp-content/uploads/2023/06/GUIDANCE-TO-THE-PUBLIC-ON-TARGETED-FINANCIAL-SANCTIONS-IN-BELIZE.pdf|unqualified-candidate|unqualified; Money Laundering and Terrorism Prevention Act – Consolidated version as amended December 2023|https://fiubelize.org/legislations/money-laundering-and-terrorism-prevention-act-consolidated-version-as-amended-december-2023/|unqualified-candidate|unqualified; Money Laundering and Terrorism (Prevention) Act – Consolidation document as amended 21 July 2023|https://fiubelize.org/legislations/money-laundering-and-terrorism-prevention-act-consolidation-document-as-amended-21-july-2023/|unqualified-candidate|unqualified; Compliance Reporting Form for Targeted Financial Sanctions-MLTPA Section 68(5R)|https://fiubelize.org/forms-and-applications/compliancereportingform-html/|unqualified-candidate|unqualified","","","UN Consolidated Sanctions List|https://scsanctions.un.org/consolidated/","enforcement","EGMONT","https://egmontgroup.org/members-by-region/","2026-08-20T12:09:41.497Z","2026-08-20T12:10:41.904Z","2026-08-20T12:11:07.553Z","unknown","provisional-first-page-scan","automated-first-page-date-scan","2024-01","2026-08","2026-08-20","month","first-page-only-unvalidated","0","","","","strong-official-publication-candidate","sanctions_or_penalty_list","official-external",""
"BZ","BLZ","Belize","Financial Services Commission","Securities","identity-confirmed","https://www.belizefsc.org.bz/","reachable","https://www.belizefsc.org.bz/enforcement/","Enforcement|https://www.belizefsc.org.bz/enforcement/|authority-owned-qualified-route|approved-for-human-contract; Enforcement Activities|https://www.belizefsc.org.bz/enforcement-activities/|unqualified-candidate|unqualified; Disciplinary Proceedings|https://www.belizefsc.org.bz/disciplinary-proceedings/|unqualified-candidate|unqualified; Warning Notices|https://www.belizefsc.org.bz/warning-notice/|unqualified-candidate|unqualified; Suspension & Revocation Notice|https://www.belizefsc.org.bz/suspension-revocation-notice/|unqualified-candidate|unqualified; More Public Notice|https://www.belizefsc.org.bz/public-notice/|unqualified-candidate|unqualified; Non-Renewal Notices|https://www.belizefsc.org.bz/non-renewal/|unqualified-candidate|unqualified; Gazette Notices|https://www.belizefsc.org.bz/gazette-notice/|unqualified-candidate|unqualified; WARNING NOTICE – Official Advisory: Misrepresentation…|https://www.belizefsc.org.bz/warning-notice-misrepresentation-brand-impersonation/|unqualified-candidate|unqualified; Warning Notice – Travis Smith|https://www.belizefsc.org.bz/warning-notice-travis-smith/|unqualified-candidate|unqualified; Warning Notice – Belize Global Trust Bank|https://www.belizefsc.org.bz/warning-notice-belize-global-trust-bank/|unqualified-candidate|unqualified; Public Notice: Submission of Statements Regarding…|https://www.belizefsc.org.bz/public-notice-submission-of-statements-regarding-nominee-relationships-pursuant-to-the-financial-services-commission-nominee-shareholders-and-directors-regulations-2025/|unqualified-candidate|unqualified; The Central Bank of Belize, the Financial Intelligence Unit…|https://www.belizefsc.org.bz/cbb-fiu-fsc-sign-governance-agreements-for-use-of-the-sanctions-registry-system/|unqualified-candidate|unqualified","","Enforcement|https://www.belizefsc.org.bz/enforcement/","","enforcement","IOSCO","https://www.iosco.org/v2/about/?subsection=membership&memid=1&page=1; https://www.iosco.org/v2/about/?subsection=membership&memid=1&page=8; https://www.iosco.org/v2/about/?subsection=membership&memid=1&page=9; https://www.iosco.org/v2/about/?subsection=membership&memid=1&page=10; https://www.iosco.org/v2/about/?subsection=membership&memid=1&page=11; https://www.iosco.org/v2/about/?subsection=membership&memid=1&page=12","2026-08-20T12:09:41.497Z","2026-08-20T12:10:41.904Z","2026-08-20T12:11:07.553Z","unknown","provisional-first-page-scan","automated-first-page-date-scan","2024-01","2026-08","2026-08-20","month","first-page-only-unvalidated","0","","","","strong-official-publication-candidate","enforcement_archive","authority-owned",""
"BZ","BLZ","Belize","Office of the Supervisor of Insurance and Private Pensions","Insurance","identity-confirmed","http://www.osipp.gov.bz/","timeout","","","","","","unknown","IAIS","https://www.iais.org/about-the-iais/iais-members/","2026-08-20T12:09:41.497Z","2026-08-20T12:10:41.904Z","2026-08-20T12:10:41.904Z","unknown","provisional-first-page-scan","automated-first-page-date-scan","2024-01","2026-08","2026-08-20","month","first-page-only-unvalidated","0","","","","","","",""
"BO","BOL","Bolivia","Autoridad de Supervisión del Sistema Financiero","Prudential supervision; Securities","identity-confirmed","https://www.asfi.gob.bo/","reachable","","","","","","unknown","BIS; IOSCO","https://www.bis.org/regauth.htm; https://www.iosco.org/v2/about/?subsection=membership&memid=1&page=1; https://www.iosco.org/v2/about/?subsection=membership&memid=1&page=8; https://www.iosco.org/v2/about/?subsection=membership&memid=1&page=9; https://www.iosco.org/v2/about/?subsection=membership&memid=1&page=10; https://www.iosco.org/v2/about/?subsection=membership&memid=1&page=11; https://www.iosco.org/v2/about/?subsection=membership&memid=1&page=12","2026-08-20T12:09:41.497Z","2026-08-20T12:10:41.904Z","2026-08-20T12:10:41.904Z","unknown","provisional-first-page-scan","automated-first-page-date-scan","2024-01","2026-08","2026-08-20","month","first-page-only-unvalidated","0","","","","","","",""
"BO","BOL","Bolivia","Central Bank of Bolivia","Central bank; Prudential supervision","identity-confirmed","https://www.bcb.gob.bo/","reachable","https://www.bcb.gob.bo/?q=content/resoluciones-de-directorio-1","Resoluciones|https://www.bcb.gob.bo/?q=content/resoluciones-de-directorio-1|unqualified-candidate|manual-review-required","","","","unknown","BIS","https://www.bis.org/cbanks.htm; https://www.bis.org/regauth.htm","2026-08-20T12:09:41.497Z","2026-08-20T12:10:41.904Z","2026-08-20T12:11:07.553Z","unknown","provisional-first-page-scan","automated-first-page-date-scan","2024-01","2026-08","2026-08-20","month","first-page-only-unvalidated","0","","","","generic-or-ambiguous-link","generic_or_ambiguous","authority-owned",""
"BO","BOL","Bolivia","Unidad de Investigaciones Financieras (UIF)","Financial intelligence","identity-confirmed","http://www.uif.gob.bo/","timeout","","","","","","unknown","EGMONT","https://egmontgroup.org/members-by-region/","2026-08-20T12:09:41.497Z","2026-08-20T12:10:41.904Z","2026-08-20T12:10:41.904Z","unknown","provisional-first-page-scan","automated-first-page-date-scan","2024-01","2026-08","2026-08-20","month","first-page-only-unvalidated","0","","","","","","",""
"BR","BRA","Brazil","Brazilian Pension Funds Authority","Pensions","identity-confirmed","https://www.gov.br/previc","challenge-protected","https://www.gov.br/previc/pt-br/acesso-a-informacao-1/sancoes-administrativas","Sanções Administrativas|https://www.gov.br/previc/pt-br/acesso-a-informacao-1/sancoes-administrativas|unqualified-candidate|browser-review-required","","","","unknown","IOPS","https://www.iopsweb.org/en/membership/iops-members-and-observers.html","2026-08-20T12:09:41.497Z","2026-08-20T12:10:41.904Z","2026-08-20T12:11:07.553Z","unknown","provisional-first-page-scan","automated-first-page-date-scan","2024-01","2026-08","2026-08-20","month","first-page-only-unvalidated","0","","","","not-observable","not-observable","not-observable",""
"BR","BRA","Brazil","Central Bank of Brazil","Central bank; Prudential supervision","identity-confirmed","https://www.bcb.gov.br/en","reachable","","","","","","unknown","BIS","https://www.bis.org/cbanks.htm; https://www.bis.org/regauth.htm","2026-08-20T12:09:41.497Z","2026-08-20T12:10:41.904Z","2026-08-20T12:10:41.904Z","unknown","provisional-first-page-scan","automated-first-page-date-scan","2024-01","2026-08","2026-08-20","month","first-page-only-unvalidated","0","","","","","","",""
"BR","BRA","Brazil","Comissão de Valores Mobiliários*","Securities","identity-confirmed","http://www.cvm.gov.br/","challenge-protected","https://www.gov.br/cvm/pt-br/centrais-de-conteudo/publicacoes/relatorios/relatorio-de-atividade-sancionadora","Multa Cominatória (Recurso)|https://www.gov.br/cvm/pt-br/assuntos/regulados/multa-cominatoria-recurso|unqualified-candidate|unqualified; Relatório de Atividade Sancionadora|https://www.gov.br/cvm/pt-br/centrais-de-conteudo/publicacoes/relatorios/relatorio-de-atividade-sancionadora|unqualified-candidate|browser-review-required","","","","unknown","IOSCO","https://www.iosco.org/v2/about/?subsection=membership&memid=1&page=1; https://www.iosco.org/v2/about/?subsection=membership&memid=1&page=8; https://www.iosco.org/v2/about/?subsection=membership&memid=1&page=9; https://www.iosco.org/v2/about/?subsection=membership&memid=1&page=10; https://www.iosco.org/v2/about/?subsection=membership&memid=1&page=11; https://www.iosco.org/v2/about/?subsection=membership&memid=1&page=12","2026-08-20T12:09:41.497Z","2026-08-20T12:10:41.904Z","2026-08-20T12:11:07.553Z","unknown","provisional-first-page-scan","automated-first-page-date-scan","2024-01","2026-08","2026-08-20","month","first-page-only-unvalidated","0","","","","not-observable","not-observable","not-observable",""
"BR","BRA","Brazil","Council for Financial Activities Control (COAF)","Financial intelligence","identity-confirmed","https://www.coaf.fazenda.gov.br/","timeout","","","","","","unknown","EGMONT","https://egmontgroup.org/members-by-region/","2026-08-20T12:09:41.497Z","2026-08-20T12:10:41.904Z","2026-08-20T12:10:41.904Z","unknown","provisional-first-page-scan","automated-first-page-date-scan","2024-01","2026-08","2026-08-20","month","first-page-only-unvalidated","0","","","","","","",""
"BR","BRA","Brazil","Superintendencia de Seguros Privados (SUSEP)","Insurance","identity-confirmed","http://www.susep.gov.br/","timeout","","","","","","unknown","IAIS","https://www.iais.org/about-the-iais/iais-members/","2026-08-20T12:09:41.497Z","2026-08-20T12:10:41.904Z","2026-08-20T12:10:41.904Z","unknown","provisional-first-page-scan","automated-first-page-date-scan","2024-01","2026-08","2026-08-20","month","first-page-only-unvalidated","0","","","","","","",""
"CA","CAN","Canada","Alberta Securities Commission","Securities","identity-confirmed","http://www.albertasecurities.com/","reachable","https://www.asc.ca/","ASC Hearings|https://www.asc.ca/en/enforcement/asc-proceedings|unqualified-candidate|unqualified; ASC HEARINGS|https://www.asc.ca/en/Enforcement/ASC-Proceedings|unqualified-candidate|unqualified; Submit a Whistleblower Tip|https://www.asc.ca/en/enforcement/office-of-the-whistleblower|unqualified-candidate|unqualified; Decisions and Orders|https://www.asc.ca/en/issuer-regulation/decisions-and-orders|unqualified-candidate|unqualified; Decisions & Orders|https://www.asc.ca/en/registrant-and-market-regulation/decisions-and-orders-registrants|unqualified-candidate|unqualified; Enforcement|https://www.asc.ca/en/enforcement|unqualified-candidate|unqualified; Appearing Before the ASC|https://www.asc.ca/en/enforcement/asc-proceedings/appearing-before-the-asc|unqualified-candidate|unqualified; Electronic Document Guidelines|https://www.asc.ca/en/enforcement/asc-proceedings/guidelines-for-using-electronic-documents-in-asc-enforcement-hearings|unqualified-candidate|unqualified; Remote Hearing Guidelines|https://www.asc.ca/en/enforcement/asc-proceedings/remote-hearing-guidelines|unqualified-candidate|unqualified; Status of Current Proceedings|https://www.asc.ca/en/enforcement/asc-proceedings/status-of-current-proceedings|unqualified-candidate|unqualified; Other proceedings|https://www.asc.ca/en/enforcement/asc-proceedings/other-proceedings|unqualified-candidate|unqualified; Notices, Decisions & Orders|https://www.asc.ca/en/enforcement/notices-decisions-and-orders|unqualified-candidate|unqualified; Unpaid Orders|https://www.asc.ca/en/enforcement/unpaid-orders|unqualified-candidate|unqualified; Learn more|https://www.asc.ca/en/enforcement/investment-caution-list|unqualified-candidate|unqualified; Automatic Reciprocation|https://www.asc.ca/en/enforcement/automatic-reciprocation|unqualified-candidate|unqualified; Enforcement|https://www.asc.ca/|unqualified-candidate|manual-review-required; News Release 07.09.2026 ASC sanctions Glenn Hunter, Kyle Watters, HW & Associates Inc. and HW TradeFX LLC|https://www.asc.ca/en/news-and-publications/news-releases/2026/07/9-asc-sanctions-glenn-hunter-kyle-watters-hw-associates-inc-and-hw-tradefx-llc|unqualified-candidate|unqualified; Investment Caution List|https://www.asc.ca/en/Enforcement/Investment-Caution-List|unqualified-candidate|unqualified; NOTICES, DECISIONS AND ORDERS|https://www.asc.ca/en/Enforcement/Notices-Decisions-and-Orders|unqualified-candidate|unqualified","","","","enforcement","IOSCO","https://www.iosco.org/v2/about/?subsection=membership&memid=1&page=1; https://www.iosco.org/v2/about/?subsection=membership&memid=1&page=8; https://www.iosco.org/v2/about/?subsection=membership&memid=1&page=9; https://www.iosco.org/v2/about/?subsection=membership&memid=1&page=10; https://www.iosco.org/v2/about/?subsection=membership&memid=1&page=11; https://www.iosco.org/v2/about/?subsection=membership&memid=1&page=12","2026-08-20T12:09:41.497Z","2026-08-20T12:10:41.904Z","2026-08-20T12:11:07.553Z","unknown","provisional-first-page-scan","automated-first-page-date-scan","2024-01","2026-08","2026-08-20","month","first-page-only-unvalidated","0","","","","strong-official-publication-candidate","enforcement_archive","external-unqualified",""
"CA","CAN","Canada","Autorité des marchés financiers*","Securities; Insurance","identity-confirmed","http://www.lautorite.qc.ca/","reachable","","","","","","unknown","IOSCO; IAIS","https://www.iosco.org/v2/about/?subsection=membership&memid=1&page=6; https://www.iais.org/about-the-iais/iais-members/","2026-08-20T12:09:41.497Z","2026-08-20T12:10:41.904Z","2026-08-20T12:10:41.904Z","unknown","provisional-first-page-scan","automated-first-page-date-scan","2024-01","2026-08","2026-08-20","month","first-page-only-unvalidated","0","","","","","","",""
"CA","CAN","Canada","Bank of Canada","Central bank","identity-confirmed","http://www.bankofcanada.ca/","challenge-protected","https://www.bankofcanada.ca/markets/market-notices/?content_type%5B%5D=388","See more|https://www.bankofcanada.ca/markets/market-notices/?content_type%5B%5D=388|unqualified-candidate|browser-review-required; Bank of Canada to begin publishing Notices of Violation by Payment Service Providers|https://www.bankofcanada.ca/2026/06/bank-canada-begin-publishing-notices-violation-payment-service-providers/|unqualified-candidate|unqualified; Subscribe to Market notices|https://www.bankofcanada.ca/feed/?content_type=notices&post_type[0]=post&post_type[1]=page|unqualified-candidate|unqualified","","","","unknown","BIS","https://www.bis.org/cbanks.htm","2026-08-20T12:09:41.497Z","2026-08-20T12:10:41.904Z","2026-08-20T12:11:07.553Z","unknown","provisional-first-page-scan","automated-first-page-date-scan","2024-01","2026-08","2026-08-20","month","first-page-only-unvalidated","0","","","","not-observable","not-observable","not-observable",""
"CA","CAN","Canada","British Columbia Securities Commission","Securities","identity-confirmed","http://www.bcsc.bc.ca/","challenge-protected","https://www.bcsc.bc.ca/enforcement","Enforcement FAQs|https://www.bcsc.bc.ca/about/media-room/enforcement-faqs|unqualified-candidate|unqualified; Instruments, Policies & Notices|https://www.bcsc.bc.ca/securities-law/law-and-policy/instruments-and-policies|unqualified-candidate|unqualified; Instruments, Policies & Notices (prior to 2000)|https://www.bcsc.bc.ca/securities-law/law-and-policy/instruments-and-policies---prior-to-2000|unqualified-candidate|unqualified; BC Notices|https://www.bcsc.bc.ca/securities-law/law-and-policy/bc-notices|unqualified-candidate|unqualified; Enforcing securities law|https://www.bcsc.bc.ca/enforcement|unqualified-candidate|browser-review-required; Administrative Enforcement|https://www.bcsc.bc.ca/enforcement/administrative-enforcement|unqualified-candidate|unqualified; Notices of Hearing and Temporary Orders|https://www.bcsc.bc.ca/enforcement/administrative-enforcement/notices-of-hearing-and-temporary-orders|unqualified-candidate|unqualified; Settlements|https://www.bcsc.bc.ca/enforcement/administrative-enforcement/settlements|unqualified-candidate|unqualified; Decisions|https://www.bcsc.bc.ca/hearings/decisions|unqualified-candidate|unqualified; Automatic Reciprocal Orders|https://www.bcsc.bc.ca/enforcement/administrative-enforcement/automatic-reciprocal-orders|unqualified-candidate|unqualified; Administrative Penalties Imposed by Notice|https://www.bcsc.bc.ca/enforcement/administrative-enforcement/administrative-penalties-imposed-by-notice|unqualified-candidate|unqualified; Administrative Sanctions|https://www.bcsc.bc.ca/enforcement/administrative-enforcement/administrative-sanctions|unqualified-candidate|unqualified; Returning Funds to Investors|https://www.bcsc.bc.ca/enforcement/administrative-enforcement/administrative-sanctions/returning-funds-to-investors|unqualified-candidate|unqualified; Sanction Payment Status List|https://www.bcsc.bc.ca/enforcement/administrative-enforcement/administrative-sanctions/sanction-payment-status-list|unqualified-candidate|unqualified; Disciplined List|https://www.bcsc.bc.ca/enforcement/administrative-enforcement/administrative-sanctions/disciplined-list|unqualified-candidate|unqualified; Criminal Enforcement|https://www.bcsc.bc.ca/enforcement/criminal-enforcement|unqualified-candidate|unqualified; Past Cases|https://www.bcsc.bc.ca/enforcement/criminal-enforcement/past-cases|unqualified-candidate|unqualified; Early Intervention|https://www.bcsc.bc.ca/enforcement/early-intervention|unqualified-candidate|unqualified; Operation Avalanche|https://www.bcsc.bc.ca/enforcement/early-intervention/operation-avalanche-protecting-canadians-from-crypto-fraud|unqualified-candidate|unqualified; Investment Caution List|https://www.bcsc.bc.ca/enforcement/early-intervention/investment-caution-list|unqualified-candidate|unqualified","","","","unknown","IOSCO","https://www.iosco.org/v2/about/?subsection=membership&memid=1&page=2","2026-08-20T12:09:41.497Z","2026-08-20T12:10:41.904Z","2026-08-20T12:11:07.553Z","unknown","provisional-first-page-scan","automated-first-page-date-scan","2024-01","2026-08","2026-08-20","month","first-page-only-unvalidated","0","","","","not-observable","not-observable","not-observable",""
"CA","CAN","Canada","Canadian Association of Pension Supervisory Authorities","Pensions","identity-confirmed","https://www.capsa-acor.org/","reachable","","","","","","unknown","IOPS","https://www.iopsweb.org/en/membership/iops-members-and-observers.html","2026-08-20T12:09:41.497Z","2026-08-20T12:10:41.904Z","2026-08-20T12:10:41.904Z","unknown","provisional-first-page-scan","automated-first-page-date-scan","2024-01","2026-08","2026-08-20","month","first-page-only-unvalidated","0","","","","","","",""
"CA","CAN","Canada","Financial Transactions and Reports Analysis Centre of Canada (FINTRAC-CANAFE)","Financial intelligence","enforcement-visible","https://fintrac-canafe.canada.ca/intro-eng","reachable","https://fintrac-canafe.canada.ca/pen/4-eng","Assessment and enforcement|https://fintrac-canafe.canada.ca/assess-eval/1-eng|unqualified-candidate|unqualified; Enforcement actions taken|https://fintrac-canafe.canada.ca/pen/4-eng|authority-owned-qualified-route|approved-for-human-contract","","Enforcement actions taken|https://fintrac-canafe.canada.ca/pen/4-eng","","enforcement","EGMONT","https://egmontgroup.org/members-by-region/","2026-08-20T12:09:41.497Z","2026-08-20T12:10:41.904Z","2026-08-20T12:11:07.553Z","recent","provisional-first-page-scan","automated-first-page-date-scan","2024-01","2026-08","2026-08-20","month","first-page-only-unvalidated","26","2024-01; 2024-02; 2024-03; 2024-04; 2024-05; 2024-06; 2024-07; 2024-08; 2024-09; 2024-10; 2024-11; 2024-12; 2025-02; 2025-03; 2025-05; 2025-06; 2025-07; 2025-08; 2025-09; 2025-10; 2025-11; 2025-12; 2026-02; 2026-03; 2026-05; 2026-07","2026-07","month","strong-official-publication-candidate","enforcement_archive","authority-owned",""
"CA","CAN","Canada","Office of the Superintendent of Financial Institutions","Prudential supervision; Insurance","identity-confirmed","http://www.osfi-bsif.gc.ca/","reachable","https://www.osfi-bsif.gc.ca/en/guidance/guidance-library/regulatory-notice-using-natural-catastrophe-bonds-minimum-capital-test-guideline","Catastrophe bonds and risk transfer July 20, 2026|https://www.osfi-bsif.gc.ca/en/guidance/guidance-library/regulatory-notice-using-natural-catastrophe-bonds-minimum-capital-test-guideline|unqualified-candidate|manual-review-required","","","","regulatory-update","BIS; IAIS","https://www.bis.org/regauth.htm; https://www.iais.org/about-the-iais/iais-members/","2026-08-20T12:09:41.497Z","2026-08-20T12:10:41.904Z","2026-08-20T12:11:07.553Z","unknown","provisional-first-page-scan","automated-first-page-date-scan","2024-01","2026-08","2026-08-20","month","first-page-only-unvalidated","0","","","","generic-or-ambiguous-link","news_or_notice","authority-owned",""
"CA","CAN","Canada","Ontario Securities Commission*","Securities","enforcement-visible","http://www.osc.ca/","reachable","https://www.osc.ca/en/enforcement","Opportunity to be heard and Director’s decisions|https://www.osc.ca/en/industry/registration-and-compliance/opportunity-be-heard-and-directors-decisions|unqualified-candidate|unqualified; Issuer-related instruments, policies and notices|https://www.osc.ca/en/industry/companies/issuer-related-instruments-policies-and-notices|unqualified-candidate|unqualified; Orders, rulings and decisions|https://www.osc.ca/en/securities-law/orders-rulings-and-decisions|unqualified-candidate|unqualified; Investor Advisory Panel notices and information|https://www.osc.ca/en/investors/investor-advisory-panel/investor-advisory-panel-notices-and-information|unqualified-candidate|unqualified; Enforcement|https://www.osc.ca/en/enforcement|authority-owned-qualified-route|approved-for-human-contract; Court proceedings|https://www.osc.ca/en/enforcement/court-proceedings|unqualified-candidate|unqualified; Sanctions|https://www.osc.ca/en/enforcement/sanctions|unqualified-candidate|unqualified; Allocation and use of funds from sanctions and settlements|https://www.osc.ca/en/enforcement/sanctions/allocation-and-use-funds-sanctions-and-settlements|unqualified-candidate|unqualified; Individuals or companies with unpaid OSC sanctions|https://www.osc.ca/en/enforcement/osc-sanctions/individuals-or-companies-unpaid-osc-sanctions|unqualified-candidate|unqualified; Returning funds to harmed investors|https://www.osc.ca/en/enforcement/sanctions/returning-funds-harmed-investors|unqualified-candidate|unqualified; Cease trade and freeze orders|https://www.osc.ca/en/enforcement/cease-trade-and-freeze-orders|unqualified-candidate|unqualified; Mediation program|https://www.osc.ca/en/enforcement/mediation-program|unqualified-candidate|unqualified; OSC Whistleblower Program|https://www.osc.ca/en/enforcement/osc-whistleblower-program|unqualified-candidate|unqualified; Award eligibility and process|https://www.osc.ca/en/enforcement/osc-whistleblower-program/award-eligibility-and-process|unqualified-candidate|unqualified; Whistleblower protections|https://www.osc.ca/en/enforcement/osc-whistleblower-program/whistleblower-protections|unqualified-candidate|unqualified; Submit a whistleblower report|https://www.osc.ca/en/enforcement/osc-whistleblower-program/submit-whistleblower-report|unqualified-candidate|unqualified; Update on the OSC Whistleblower Program 2016 to 2022|https://www.osc.ca/en/enforcement/osc-whistleblower-program/update-osc-whistleblower-program-2016-2022|unqualified-candidate|unqualified; Investigation resources|https://www.osc.ca/en/enforcement/investigation-resources|unqualified-candidate|unqualified; Automatically reciprocated orders and settlement agreements|https://www.osc.ca/en/enforcement/automatically-reciprocated-orders-and-settlement-agreements|unqualified-candidate|unqualified; Notices|https://capitalmarketstribunal.ca/en/notices|unqualified-candidate|unqualified","","Enforcement|https://www.osc.ca/en/enforcement","","enforcement","IOSCO","https://www.iosco.org/v2/about/?subsection=membership&memid=1&page=5","2026-08-20T12:09:41.497Z","2026-08-20T12:10:41.904Z","2026-08-20T12:11:07.553Z","periodic","provisional-first-page-scan","automated-first-page-date-scan","2024-01","2026-08","2026-08-20","month","first-page-only-unvalidated","5","2025-09; 2026-03; 2026-04; 2026-05; 2026-06","2026-06","month","strong-official-publication-candidate","enforcement_archive","authority-owned",""
"CL","CHL","Chile","Banking and Financial Institutions Supervisory Agency","Prudential supervision","identity-confirmed","http://www.sbif.cl/","challenge-protected","","","","","","unknown","BIS","https://www.bis.org/regauth.htm","2026-08-20T12:09:41.497Z","2026-08-20T12:10:41.904Z","2026-08-20T12:10:41.904Z","unknown","provisional-first-page-scan","automated-first-page-date-scan","2024-01","2026-08","2026-08-20","month","first-page-only-unvalidated","0","","","","","","",""
"CL","CHL","Chile","Central Bank of Chile","Central bank","identity-confirmed","https://www.bcentral.cl/en/web/banco-central/home","challenge-protected","","","","","","unknown","BIS","https://www.bis.org/cbanks.htm","2026-08-20T12:09:41.497Z","2026-08-20T12:10:41.904Z","2026-08-20T12:10:41.904Z","unknown","provisional-first-page-scan","automated-first-page-date-scan","2024-01","2026-08","2026-08-20","month","first-page-only-unvalidated","0","","","","","","",""
"CL","CHL","Chile","Comisión para el Mercado Financiero (Financial Market Commission)","Securities; Insurance","identity-confirmed","http://www.cmfchile.cl/","reachable","https://www.cmfchile.cl/portal/prensa/625/w4-article-112799.html","Procesos sancionatorios|https://www.cmfchile.cl/portal/principal/623/w4-propertyvalue-48725.html|unqualified-candidate|unqualified; CMF sanciona a corredora de bolsa por proporcionar información falsa sobre su situación financiera|https://www.cmfchile.cl/portal/prensa/625/w4-article-112799.html|authority-owned-qualified-route|approved-for-human-contract; CMF sanciona a administrador de mutuos hipotecarios por no enviar sus estados financieros dentro de plazo|https://www.cmfchile.cl/portal/prensa/625/w4-article-112727.html|unqualified-candidate|unqualified; Ver más Sanciones|https://www.cmfchile.cl/institucional/sanciones/sanciones_mercados_entidad.php|unqualified-candidate|unqualified; Ver más btn btn-link ntg-btn-ir fw-semibold|https://www.cmfchile.cl/institucional/resoluciones/resoluciones_cursadas_meses_anteriores.php|unqualified-candidate|unqualified","","CMF sanciona a corredora de bolsa por proporcionar información falsa sobre su situación financiera|https://www.cmfchile.cl/portal/prensa/625/w4-article-112799.html","","enforcement","IOSCO; IAIS","https://www.iosco.org/v2/about/?subsection=membership&memid=1&page=2; https://www.iais.org/about-the-iais/iais-members/","2026-08-20T12:09:41.497Z","2026-08-20T12:10:41.904Z","2026-08-20T12:11:07.553Z","unknown","provisional-first-page-scan","automated-first-page-date-scan","2024-01","2026-08","2026-08-20","month","first-page-only-unvalidated","0","","","","strong-official-publication-candidate","sanctions_or_penalty_list","authority-owned",""
"CL","CHL","Chile","Superintendence of Pensions","Pensions","identity-confirmed","https://www.spensiones.cl/","reachable","","","","","","unknown","IOPS","https://www.iopsweb.org/en/membership/iops-members-and-observers.html","2026-08-20T12:09:41.497Z","2026-08-20T12:10:41.904Z","2026-08-20T12:10:41.904Z","unknown","provisional-first-page-scan","automated-first-page-date-scan","2024-01","2026-08","2026-08-20","month","first-page-only-unvalidated","0","","","","","","",""
"CL","CHL","Chile","Unidad de Analisis Financiero (UAF)","Financial intelligence","identity-confirmed","http://www.uaf.cl/","reachable","https://www.uaf.cl/es-cl/publicaciones-uaf/sanciones-ejecutoriadas","Sanciones ejecutoriadas|https://www.uaf.cl/es-cl/publicaciones-uaf/sanciones-ejecutoriadas|authority-owned-qualified-route|approved-for-human-contract; https://www.uaf.cl/es-cl/sujetos-obligados/sector-privado/listas-de-resoluciones-onu|https://www.uaf.cl/es-cl/sujetos-obligados/sector-privado/listas-de-resoluciones-onu|unqualified-candidate|unqualified","","Sanciones ejecutoriadas|https://www.uaf.cl/es-cl/publicaciones-uaf/sanciones-ejecutoriadas","","enforcement","EGMONT","https://egmontgroup.org/members-by-region/","2026-08-20T12:09:41.497Z","2026-08-20T12:10:41.904Z","2026-08-20T12:11:07.553Z","unknown","provisional-first-page-scan","automated-first-page-date-scan","2024-01","2026-08","2026-08-20","month","first-page-only-unvalidated","0","","","","strong-official-publication-candidate","sanctions_or_penalty_list","authority-owned",""
"CO","COL","Colombia","Central Bank of Colombia","Central bank","identity-confirmed","http://www.banrep.gov.co/en","challenge-protected","","","","","","unknown","BIS","https://www.bis.org/cbanks.htm","2026-08-20T12:09:41.497Z","2026-08-20T12:10:41.904Z","2026-08-20T12:10:41.904Z","unknown","provisional-first-page-scan","automated-first-page-date-scan","2024-01","2026-08","2026-08-20","month","first-page-only-unvalidated","0","","","","","","",""
"CO","COL","Colombia","Superintendencia Financiera de Colombia","Prudential supervision; Securities; Insurance; Pensions","identity-confirmed","http://www.superfinanciera.gov.co/","reachable","https://www.superfinanciera.gov.co/publicaciones/20708/sanciones-20708/","Mecanismos de Resolución: Key Attributes of Effective Resolution Regimes for Financial Institution|https://www.superfinanciera.gov.co/publicaciones/10086317/informes-y-cifrasinformesmecanismos-de-resolucion-key-attributes-of-effective-resolution-regimes-for-financial-institutions-10086317/|unqualified-candidate|unqualified; Informes control disciplinario|https://www.superfinanciera.gov.co/publicaciones/10087080/nuestra-entidadinformes-control-disciplinario-10087080/|unqualified-candidate|unqualified; Sanciones|https://www.superfinanciera.gov.co/publicaciones/20708/sanciones-20708/|authority-owned-qualified-route|approved-for-human-contract; Personas Personas ""Tiene a su disposición información sobre productos del sector bancario, asegurador o del mercado de valores colombiano, herramientas que le ayudan a tomar decisiones y canales para ejercer sus derechos de protección como consumidor financiero""|https://www.superfinanciera.gov.co/personas/|unqualified-candidate|unqualified","","Sanciones|https://www.superfinanciera.gov.co/publicaciones/20708/sanciones-20708/","","enforcement","BIS; IOSCO; IAIS; IOPS","https://www.bis.org/regauth.htm; https://www.iosco.org/v2/about/?subsection=membership&memid=1&page=2; https://www.iais.org/about-the-iais/iais-members/; https://www.iopsweb.org/en/membership/iops-members-and-observers.html","2026-08-20T12:09:41.497Z","2026-08-20T12:10:41.904Z","2026-08-20T12:11:07.553Z","unknown","provisional-first-page-scan","automated-first-page-date-scan","2024-01","2026-08","2026-08-20","month","first-page-only-unvalidated","0","","","","strong-official-publication-candidate","sanctions_or_penalty_list","authority-owned",""
"CO","COL","Colombia","Unidad de Informacion y Analysis Financiero","Financial intelligence","identity-confirmed","https://www.uiaf.gov.co/","reachable","","","","","","unknown","EGMONT","https://egmontgroup.org/members-by-region/","2026-08-20T12:09:41.497Z","2026-08-20T12:10:41.904Z","2026-08-20T12:10:41.904Z","unknown","provisional-first-page-scan","automated-first-page-date-scan","2024-01","2026-08","2026-08-20","month","first-page-only-unvalidated","0","","","","","","",""
"CR","CRI","Costa Rica","Central Bank of Costa Rica","Central bank; Prudential supervision","identity-confirmed","https://www.bccr.fi.cr/en","challenge-protected","https://www.bccr.fi.cr/cr/es/transparencia-institucional/informacion-institucional-y-tramites/sanciones-por-hostigamiento-sexual.html","Sanciones por hostigamiento sexual|https://www.bccr.fi.cr/cr/es/transparencia-institucional/informacion-institucional-y-tramites/sanciones-por-hostigamiento-sexual.html|unqualified-candidate|browser-review-required","","","","unknown","BIS","https://www.bis.org/cbanks.htm; https://www.bis.org/regauth.htm","2026-08-20T12:09:41.497Z","2026-08-20T12:10:41.904Z","2026-08-20T12:11:07.553Z","unknown","provisional-first-page-scan","automated-first-page-date-scan","2024-01","2026-08","2026-08-20","month","first-page-only-unvalidated","0","","","","not-observable","not-observable","not-observable",""
"CR","CRI","Costa Rica","La Unidad de Inteligencia Financiera del Instituto Costarricense sobre Drogas (FIU-CDI)","Financial intelligence","identity-confirmed","https://icd.go.cr/portalicd/index.php/inicio-uif","challenge-protected","","","","","","unknown","EGMONT","https://egmontgroup.org/members-by-region/","2026-08-20T12:09:41.497Z","2026-08-20T12:10:41.904Z","2026-08-20T12:10:41.904Z","unknown","provisional-first-page-scan","automated-first-page-date-scan","2024-01","2026-08","2026-08-20","month","first-page-only-unvalidated","0","","","","","","",""
"CR","CRI","Costa Rica","Pensions Superintendence of Costa Rica","Pensions","identity-confirmed","https://www.supen.fi.cr/","network-error","","","","","","unknown","IOPS","https://www.iopsweb.org/en/membership/iops-members-and-observers.html","2026-08-20T12:09:41.497Z","2026-08-20T12:10:41.904Z","2026-08-20T12:10:41.904Z","unknown","provisional-first-page-scan","automated-first-page-date-scan","2024-01","2026-08","2026-08-20","month","first-page-only-unvalidated","0","","","","","","",""
"CR","CRI","Costa Rica","Superintendencia General de Entidades Financieras (SUGEF)","Prudential supervision","identity-confirmed","http://www.sugef.fi.cr/","reachable","https://www.sugef.fi.cr/informacion_relevante/Sanciones/index.aspx","Jerarcas y Decisiones|https://www.sugef.fi.cr/sugef/transparencia/Jerarcas_y_decisiones.aspx|unqualified-candidate|unqualified; Acuerdos y Resoluciones del Superintendente|https://www.sugef.fi.cr/informacion_relevante/acuerdos_superintendente.aspx|unqualified-candidate|unqualified; Sanciones|https://www.sugef.fi.cr/informacion_relevante/Sanciones/index.aspx|authority-owned-qualified-route|approved-for-human-contract","","Sanciones|https://www.sugef.fi.cr/informacion_relevante/Sanciones/index.aspx","","enforcement","BIS","https://www.bis.org/regauth.htm","2026-08-20T12:09:41.497Z","2026-08-20T12:10:41.904Z","2026-08-20T12:11:07.553Z","unknown","provisional-first-page-scan","automated-first-page-date-scan","2024-01","2026-08","2026-08-20","month","first-page-only-unvalidated","0","","","","strong-official-publication-candidate","sanctions_or_penalty_list","authority-owned",""
"CR","CRI","Costa Rica","Superintendencia General de Seguros de Costa Rica","Insurance","identity-confirmed","","no-public-website","","","","","","unknown","IAIS","https://www.iais.org/about-the-iais/iais-members/","2026-08-20T12:09:41.497Z","2026-08-20T12:10:41.904Z","2026-08-20T12:10:41.904Z","unknown","provisional-first-page-scan","automated-first-page-date-scan","2024-01","2026-08","2026-08-20","month","first-page-only-unvalidated","0","","","","","","",""
"CR","CRI","Costa Rica","Superintendencia General de Valores","Securities","identity-confirmed","http://www.sugeval.fi.cr/","challenge-protected","https://serviciosexternos.sugeval.fi.cr/RNVIWeb/MenuPrincipal/MedidasDisciplinarias","Medidas disciplinarias|https://serviciosexternos.sugeval.fi.cr/RNVIWeb/MenuPrincipal/MedidasDisciplinarias|authority-owned-qualified-route|approved-for-human-contract","","Medidas disciplinarias|https://serviciosexternos.sugeval.fi.cr/RNVIWeb/MenuPrincipal/MedidasDisciplinarias","","enforcement","IOSCO","https://www.iosco.org/v2/about/?subsection=membership&memid=1&page=2","2026-08-20T12:09:41.497Z","2026-08-20T12:10:41.904Z","2026-08-20T12:11:07.553Z","unknown","provisional-first-page-scan","automated-first-page-date-scan","2024-01","2026-08","2026-08-20","month","first-page-only-unvalidated","0","","","","strong-official-publication-candidate","disciplinary_notice","authority-owned",""
"CU","CUB","Cuba","Central Bank of Cuba","Central bank; Prudential supervision","identity-confirmed","https://www.bc.gob.cu/","timeout","","","","","","unknown","BIS","https://www.bis.org/cbanks.htm; https://www.bis.org/regauth.htm","2026-08-20T12:09:41.497Z","2026-08-20T12:10:41.904Z","2026-08-20T12:10:41.904Z","unknown","provisional-first-page-scan","automated-first-page-date-scan","2024-01","2026-08","2026-08-20","month","first-page-only-unvalidated","0","","","","","","",""
"CU","CUB","Cuba","Direccion General de Investigacion de Operaciones Financieras (DGIOF)","Financial intelligence","identity-confirmed","http://www.dgiof.bc.gob.cu:8081/","network-error","","","","","","unknown","EGMONT","https://egmontgroup.org/members-by-region/","2026-08-20T12:09:41.497Z","2026-08-20T12:10:41.904Z","2026-08-20T12:10:41.904Z","unknown","provisional-first-page-scan","automated-first-page-date-scan","2024-01","2026-08","2026-08-20","month","first-page-only-unvalidated","0","","","","","","",""
"DM","DMA","Dominica","Eastern Caribbean Central Bank","Central bank; Prudential supervision","identity-confirmed","http://www.eccb-centralbank.org/","reachable","","","","","","unknown","BIS","https://www.bis.org/cbanks.htm; https://www.bis.org/regauth.htm","2026-08-20T12:09:41.497Z","2026-08-20T12:10:41.904Z","2026-08-20T12:10:41.904Z","unknown","provisional-first-page-scan","automated-first-page-date-scan","2024-01","2026-08","2026-08-20","month","first-page-only-unvalidated","0","","","","","","",""
"DM","DMA","Dominica","Financial Intelligence Unit Dominica (FIU-Dominica)","Financial intelligence","identity-confirmed","http://fiu.gov.dm/","reachable","","","","","","unknown","EGMONT","https://egmontgroup.org/members-by-region/","2026-08-20T12:09:41.497Z","2026-08-20T12:10:41.904Z","2026-08-20T12:10:41.904Z","unknown","provisional-first-page-scan","automated-first-page-date-scan","2024-01","2026-08","2026-08-20","month","first-page-only-unvalidated","0","","","","","","",""
"DO","DOM","Dominican Republic","Central Bank of the Dominican Republic","Central bank","identity-confirmed","http://www.bancentral.gov.do/","reachable","https://bancentral.gov.do/a/resoluciones","Normativa del SF|https://www.bancentral.gov.do/a/d/2569-leyes-decretos-y-disposiciones-afines|unqualified-candidate|unqualified; Resoluciones JM|https://bancentral.gov.do/a/resoluciones|unqualified-candidate|manual-review-required","","","","unknown","BIS","https://www.bis.org/cbanks.htm","2026-08-20T12:09:41.497Z","2026-08-20T12:10:41.904Z","2026-08-20T12:11:07.553Z","unknown","provisional-first-page-scan","automated-first-page-date-scan","2024-01","2026-08","2026-08-20","month","first-page-only-unvalidated","0","","","","generic-or-ambiguous-link","generic_or_ambiguous","authority-owned",""
"DO","DOM","Dominican Republic","Pensions Superintendency","Pensions","identity-confirmed","https://www.sipen.gob.do/","reachable","https://sipen.gob.do/normativas/otras-leyes-afines","Resoluciones del CNSS|https://sipen.gob.do/normativas/resoluciones-del-cnss|unqualified-candidate|unqualified; Resoluciones de la SIPEN|https://sipen.gob.do/normativas/resoluciones-de-la-sipen|unqualified-candidate|unqualified; Resoluciones de la CCRLI|https://sipen.gob.do/normativas/resoluciones-de-la-ccrli|unqualified-candidate|unqualified; Resoluciones de la CTD|https://sipen.gob.do/normativas/resoluciones-de-la-ctd|unqualified-candidate|unqualified; Otras Leyes afines|https://sipen.gob.do/normativas/otras-leyes-afines|unqualified-candidate|manual-review-required","","","","unknown","IOPS","https://www.iopsweb.org/en/membership/iops-members-and-observers.html","2026-08-20T12:09:41.497Z","2026-08-20T12:10:41.904Z","2026-08-20T12:11:07.553Z","unknown","provisional-first-page-scan","automated-first-page-date-scan","2024-01","2026-08","2026-08-20","month","first-page-only-unvalidated","0","","","","generic-or-ambiguous-link","generic_or_ambiguous","authority-owned",""
"DO","DOM","Dominican Republic","Superintendencia de Bancos","Prudential supervision","identity-confirmed","http://www.sib.gob.do/","network-error","","","","","","unknown","BIS","https://www.bis.org/regauth.htm","2026-08-20T12:09:41.497Z","2026-08-20T12:10:41.904Z","2026-08-20T12:10:41.904Z","unknown","provisional-first-page-scan","automated-first-page-date-scan","2024-01","2026-08","2026-08-20","month","first-page-only-unvalidated","0","","","","","","",""
"DO","DOM","Dominican Republic","Superintendencia de Seguros","Insurance","identity-confirmed","http://www.superseguros.gob.do/","reachable","https://sis.gob.do/transparencia/sanciones/","Sanciones|https://sis.gob.do/transparencia/sanciones/|unqualified-candidate|manual-review-required; Click para descargar documento|https://sis.gob.do/wp-content/uploads/2024/04/Resolucion-05-2026-Sobre-cierre-definitivo-de-la-compania-Seguros-Cibao-S.R.L.pdf|unqualified-candidate|unqualified; Click para descargar documento|https://sis.gob.do/wp-content/uploads/2024/04/Resolucion-Conclafit-2025-01.pdf|unqualified-candidate|unqualified; Click para descargar documento|https://sis.gob.do/wp-content/uploads/2025/02/Circular-10-Modificacion-cronograma-de-trabajo-entrada-en-vigencia-Resolucion-01-24.pdf|unqualified-candidate|unqualified; Click para descargar documento|https://sis.gob.do/wp-content/uploads/2024/04/Resolucion-07-2025-Que-modifica-y-actualiza-los-limites-minimos-seguros-motocicletas.pdf|unqualified-candidate|unqualified; Click para descargar documento|https://sis.gob.do/wp-content/uploads/2025/02/Circular-01-2025-Continuacion-de-los-trabajos-concernientes-con-la-resolucion-No.-01-2024.pdf|unqualified-candidate|unqualified","","","","enforcement","IAIS","https://www.iais.org/about-the-iais/iais-members/","2026-08-20T12:09:41.497Z","2026-08-20T12:10:41.904Z","2026-08-20T12:11:07.553Z","unknown","provisional-first-page-scan","automated-first-page-date-scan","2024-01","2026-08","2026-08-20","month","first-page-only-unvalidated","0","","","","strong-official-publication-candidate","sanctions_or_penalty_list","external-unqualified",""
"DO","DOM","Dominican Republic","Superintendencia del Mercado de Valores","Securities","identity-confirmed","http://www.simv.gob.do/","challenge-protected","","","","","","unknown","IOSCO","https://www.iosco.org/v2/about/?subsection=membership&memid=1&page=2","2026-08-20T12:09:41.497Z","2026-08-20T12:10:41.904Z","2026-08-20T12:10:41.904Z","unknown","provisional-first-page-scan","automated-first-page-date-scan","2024-01","2026-08","2026-08-20","month","first-page-only-unvalidated","0","","","","","","",""
"DO","DOM","Dominican Republic","Unidad de Analisis Financiero (UAF)","Financial intelligence","identity-confirmed","https://www.uaf.gob.do/","reachable","https://www.un.org/securitycouncil/es/content/un-sc-consolidated-list","Lista de Resoluciones de la ONU|https://www.un.org/securitycouncil/es/content/un-sc-consolidated-list|external-official-context|manual-review-required","","","Lista de Resoluciones de la ONU|https://www.un.org/securitycouncil/es/content/un-sc-consolidated-list","unknown","EGMONT","https://egmontgroup.org/members-by-region/","2026-08-20T12:09:41.497Z","2026-08-20T12:10:41.904Z","2026-08-20T12:11:07.553Z","unknown","provisional-first-page-scan","automated-first-page-date-scan","2024-01","2026-08","2026-08-20","month","first-page-only-unvalidated","0","","","","plausible-official-publication-candidate","generic_or_ambiguous","official-external",""
"EC","ECU","Ecuador","Central Bank of Ecuador","Central bank","identity-confirmed","https://www.bce.fin.ec/en","reachable","","","","","","unknown","BIS","https://www.bis.org/cbanks.htm","2026-08-20T12:09:41.497Z","2026-08-20T12:10:41.904Z","2026-08-20T12:10:41.904Z","unknown","provisional-first-page-scan","automated-first-page-date-scan","2024-01","2026-08","2026-08-20","month","first-page-only-unvalidated","0","","","","","","",""
"EC","ECU","Ecuador","Superintendencia de Bancos","Prudential supervision","identity-confirmed","http://www.superbancos.gob.ec/","timeout","","","","","","unknown","BIS","https://www.bis.org/regauth.htm","2026-08-20T12:09:41.497Z","2026-08-20T12:10:41.904Z","2026-08-20T12:10:41.904Z","unknown","provisional-first-page-scan","automated-first-page-date-scan","2024-01","2026-08","2026-08-20","month","first-page-only-unvalidated","0","","","","","","",""
"EC","ECU","Ecuador","Superintendencia de Compañías, Valores y Seguros","Securities","identity-confirmed","http://www.supercias.gob.ec/","reachable","https://publico.supercias.gob.ec/publicacionesCompanias/menuPublicaciones.jsf","Publicaciones y Resoluciones|https://publico.supercias.gob.ec/publicacionesCompanias/menuPublicaciones.jsf|unqualified-candidate|manual-review-required","","","","unknown","IOSCO","https://www.iosco.org/v2/about/?subsection=membership&memid=1&page=2","2026-08-20T12:09:41.497Z","2026-08-20T12:10:41.904Z","2026-08-20T12:11:07.553Z","unknown","provisional-first-page-scan","automated-first-page-date-scan","2024-01","2026-08","2026-08-20","month","first-page-only-unvalidated","0","","","","generic-or-ambiguous-link","generic_or_ambiguous","authority-owned",""
"EC","ECU","Ecuador","Unidad de Analisis Financiero y Economico del Ecuador (UAFE)","Financial intelligence","identity-confirmed","http://www.uafe.gob.ec/","reachable","http://www.uafe.gob.ec/","Resolución / UAFE fortalece el regimém sancionador|https://www.uafe.gob.ec/wp-content/uploads/2026/07/RESOLUCION-SUSPENSION-DE-PLAZOS-Y-TERMINOS-PAS-signed.pdf|unqualified-candidate|unqualified; Código de Ética Institucional de la UAFE|https://www.uafe.gob.ec/wp-content/uploads/2026/02/Resolucion-No.-UAFE-DG-2026-0002-Firmada.pdf|unqualified-candidate|unqualified; Resolución actualización formularios ROS-NO ROS-ATEM|https://www.uafe.gob.ec/wp-content/uploads/2026/04/Resolucion-de-ROS-y-ATEM1-signed.pdf|unqualified-candidate|unqualified; Resolución / UAFE fortalece el regimém sancionador|http://www.uafe.gob.ec/|authority-owned-qualified-route|approved-for-human-contract; Conoce si eres Sujeto Obligado|https://www.uafe.gob.ec/resoluciones-sujetos-obligados/|unqualified-candidate|unqualified","","Resolución / UAFE fortalece el regimém sancionador|http://www.uafe.gob.ec/","","enforcement","EGMONT","https://egmontgroup.org/members-by-region/","2026-08-20T12:09:41.497Z","2026-08-20T12:10:41.904Z","2026-08-20T12:11:07.553Z","unknown","provisional-first-page-scan","automated-first-page-date-scan","2024-01","2026-08","2026-08-20","month","first-page-only-unvalidated","0","","","","strong-official-publication-candidate","sanctions_or_penalty_list","authority-owned",""
"SV","SLV","El Salvador","Central Reserve Bank of El Salvador","Central bank; Prudential supervision","identity-confirmed","http://www.bcr.gob.sv/","reachable","","","","","","unknown","BIS","https://www.bis.org/cbanks.htm; https://www.bis.org/regauth.htm","2026-08-20T12:09:41.497Z","2026-08-20T12:10:41.904Z","2026-08-20T12:10:41.904Z","unknown","provisional-first-page-scan","automated-first-page-date-scan","2024-01","2026-08","2026-08-20","month","first-page-only-unvalidated","0","","","","","","",""
"SV","SLV","El Salvador","Financial Investigation Unit El Salvador (UIF – El Salvador)","Financial intelligence","identity-confirmed","http://www.uif.gob.sv/","timeout","","","","","","unknown","EGMONT","https://egmontgroup.org/members-by-region/","2026-08-20T12:09:41.497Z","2026-08-20T12:10:41.904Z","2026-08-20T12:10:41.904Z","unknown","provisional-first-page-scan","automated-first-page-date-scan","2024-01","2026-08","2026-08-20","month","first-page-only-unvalidated","0","","","","","","",""
"SV","SLV","El Salvador","Superintendencia del Sistema Financiero","Prudential supervision; Securities; Pensions","identity-confirmed","http://www.ssf.gob.sv/","timeout","","","","","","unknown","BIS; IOSCO; IOPS","https://www.bis.org/regauth.htm; https://www.iosco.org/v2/about/?subsection=membership&memid=1&page=2; https://www.iopsweb.org/en/membership/iops-members-and-observers.html","2026-08-20T12:09:41.497Z","2026-08-20T12:10:41.904Z","2026-08-20T12:10:41.904Z","unknown","provisional-first-page-scan","automated-first-page-date-scan","2024-01","2026-08","2026-08-20","month","first-page-only-unvalidated","0","","","","","","",""
"SV","SLV","El Salvador","Superintendencia del Sistema Financiero","Insurance","identity-confirmed","","no-public-website","","","","","","unknown","IAIS","https://www.iais.org/about-the-iais/iais-members/","2026-08-20T12:09:41.497Z","2026-08-20T12:10:41.904Z","2026-08-20T12:10:41.904Z","unknown","provisional-first-page-scan","automated-first-page-date-scan","2024-01","2026-08","2026-08-20","month","first-page-only-unvalidated","0","","","","","","",""
"GT","GTM","Guatemala","Bank of Guatemala","Central bank","identity-confirmed","http://www.banguat.gob.gt/","reachable","","","","","","unknown","BIS","https://www.bis.org/cbanks.htm","2026-08-20T12:09:41.497Z","2026-08-20T12:10:41.904Z","2026-08-20T12:10:41.904Z","unknown","provisional-first-page-scan","automated-first-page-date-scan","2024-01","2026-08","2026-08-20","month","first-page-only-unvalidated","0","","","","","","",""
"GT","GTM","Guatemala","Superintendencia de Bancos","Prudential supervision; Insurance; Financial intelligence","identity-confirmed","http://www.sib.gob.gt/","access-blocked","","","","","","unknown","BIS; IAIS; EGMONT","https://www.bis.org/regauth.htm; https://www.iais.org/about-the-iais/iais-members/; https://egmontgroup.org/members-by-region/","2026-08-20T12:09:41.497Z","2026-08-20T12:10:41.904Z","2026-08-20T12:10:41.904Z","unknown","provisional-first-page-scan","automated-first-page-date-scan","2024-01","2026-08","2026-08-20","month","first-page-only-unvalidated","0","","","","","","",""
"GD","GRD","Grenada","Eastern Caribbean Central Bank","Central bank; Prudential supervision","identity-confirmed","http://www.eccb-centralbank.org/","reachable","","","","","","unknown","BIS","https://www.bis.org/cbanks.htm; https://www.bis.org/regauth.htm","2026-08-20T12:09:41.497Z","2026-08-20T12:10:41.904Z","2026-08-20T12:10:41.904Z","unknown","provisional-first-page-scan","automated-first-page-date-scan","2024-01","2026-08","2026-08-20","month","first-page-only-unvalidated","0","","","","","","",""
"GD","GRD","Grenada","Financial Intelligence Unit Grenada (FIU-Grenada)","Financial intelligence","identity-confirmed","http://www.grenadafiu.com/index.php/en/","reachable","","","","","","unknown","EGMONT","https://egmontgroup.org/members-by-region/","2026-08-20T12:09:41.497Z","2026-08-20T12:10:41.904Z","2026-08-20T12:10:41.904Z","unknown","provisional-first-page-scan","automated-first-page-date-scan","2024-01","2026-08","2026-08-20","month","first-page-only-unvalidated","0","","","","","","",""
"GY","GUY","Guyana","Bank of Guyana","Central bank; Prudential supervision","identity-confirmed","http://www.bankofguyana.org.gy/","reachable","https://bankofguyana.org.gy/bog/images/communications/press_release/BOG%20Notice.pdf","SPN|https://bankofguyana.org.gy/bog/images/national_payment_systems/Specific%20Procurement%20Notice%20(SPN)%20-%20RFB%20for%20RTGS%20and%20CSD%20Systems.pdf|unqualified-candidate|unqualified; NOTICE - REVOCATION OF LICENCE DEALERS IN FOREIGN CURRENCY (CAMBIO BUSINESS)|https://bankofguyana.org.gy/bog/images/communications/press_release/BOG%20Notice.pdf|unqualified-candidate|manual-review-required","","","","unknown","BIS","https://www.bis.org/cbanks.htm; https://www.bis.org/regauth.htm","2026-08-20T12:09:41.497Z","2026-08-20T12:10:41.904Z","2026-08-20T12:11:07.553Z","unknown","provisional-first-page-scan","automated-first-page-date-scan","2024-01","2026-08","2026-08-20","month","first-page-only-unvalidated","0","","","","generic-or-ambiguous-link","detail_document","authority-owned",""
"GY","GUY","Guyana","Financial Intelligence Unit, Guyana","Financial intelligence","identity-confirmed","","no-public-website","","","","","","unknown","EGMONT","https://egmontgroup.org/members-by-region/","2026-08-20T12:09:41.497Z","2026-08-20T12:10:41.904Z","2026-08-20T12:10:41.904Z","unknown","provisional-first-page-scan","automated-first-page-date-scan","2024-01","2026-08","2026-08-20","month","first-page-only-unvalidated","0","","","","","","",""
"HT","HTI","Haiti","Bank of the Republic of Haiti","Central bank; Prudential supervision","identity-confirmed","https://www.brh.ht/","challenge-protected","","","","","","unknown","BIS","https://www.bis.org/cbanks.htm; https://www.bis.org/regauth.htm","2026-08-20T12:09:41.497Z","2026-08-20T12:10:41.904Z","2026-08-20T12:10:41.904Z","unknown","provisional-first-page-scan","automated-first-page-date-scan","2024-01","2026-08","2026-08-20","month","first-page-only-unvalidated","0","","","","","","",""
"HN","HND","Honduras","Central Bank of Honduras","Central bank; Prudential supervision","identity-confirmed","https://www.bch.hn/en","reachable","","","","","","unknown","BIS","https://www.bis.org/cbanks.htm; https://www.bis.org/regauth.htm","2026-08-20T12:09:41.497Z","2026-08-20T12:10:41.904Z","2026-08-20T12:10:41.904Z","unknown","provisional-first-page-scan","automated-first-page-date-scan","2024-01","2026-08","2026-08-20","month","first-page-only-unvalidated","0","","","","","","",""
"HN","HND","Honduras","Comisión Nacional de Bancos y Seguros","Prudential supervision; Pensions","identity-confirmed","http://www.cnbs.gob.hn/","reachable","","","","","","unknown","BIS; IOPS","https://www.bis.org/regauth.htm; https://www.iopsweb.org/en/membership/iops-members-and-observers.html","2026-08-20T12:09:41.497Z","2026-08-20T12:10:41.904Z","2026-08-20T12:10:41.904Z","unknown","provisional-first-page-scan","automated-first-page-date-scan","2024-01","2026-08","2026-08-20","month","first-page-only-unvalidated","0","","","","","","",""
"HN","HND","Honduras","Unidad de Inteligencia Financiera (UIF-Honduras)","Financial intelligence","identity-confirmed","http://pplaft.cnbs.gob.hn/","reachable","https://pplaft.cnbs.gob.hn/blog/2023/03/24/oficio-uif-166-2023-comunicacion-nueva-actualizacion-a-la-lista-de-sanciones/","Normas Nacionales – Circulares y/o Resoluciones|https://pplaft.cnbs.gob.hn/nacionales/normas-nacionales-circulares-yo-resoluciones/|unqualified-candidate|unqualified; Resoluciones del Consejo de Seguridad de las Naciones Unidas|https://pplaft.cnbs.gob.hn/internacionales/normas-internacionales-resoluciones-del-consejo-de-seguridad-de-las-naciones-unidas/|unqualified-candidate|unqualified; 24 marzo, 2023|https://pplaft.cnbs.gob.hn/blog/2023/03/24/oficio-uif-166-2023-comunicacion-nueva-actualizacion-a-la-lista-de-sanciones/|authority-owned-qualified-route|approved-for-human-contract","","24 marzo, 2023|https://pplaft.cnbs.gob.hn/blog/2023/03/24/oficio-uif-166-2023-comunicacion-nueva-actualizacion-a-la-lista-de-sanciones/","","enforcement","EGMONT","https://egmontgroup.org/members-by-region/","2026-08-20T12:09:41.497Z","2026-08-20T12:10:41.904Z","2026-08-20T12:11:07.553Z","unknown","provisional-first-page-scan","automated-first-page-date-scan","2024-01","2026-08","2026-08-20","month","first-page-only-unvalidated","0","","","","strong-official-publication-candidate","sanctions_or_penalty_list","authority-owned",""
"JM","JAM","Jamaica","Bank of Jamaica","Central bank; Prudential supervision","identity-confirmed","http://www.boj.org.jm/","reachable","https://boj.org.jm/news/","Path to Monetary Policy Decision|https://boj.org.jm/core-functions/monetary-policy/monetary-policy-decision-making/|unqualified-candidate|unqualified; Decisions & Schedule|https://boj.org.jm/core-functions/monetary-policy/policy-schedule/|unqualified-candidate|unqualified; Summary of Decisions|https://boj.org.jm/core-functions/monetary-policy/policy-schedule/summary-of-decisions/|unqualified-candidate|unqualified; Notices|https://boj.org.jm/news/|unqualified-candidate|manual-review-required; General Notices|https://boj.org.jm/category/notices/|unqualified-candidate|unqualified; Money Market Notices|https://boj.org.jm/category/notices/money-market/|unqualified-candidate|unqualified; Net International Reserves (NIR)|https://boj.org.jm/category/notices/net-international-reserve/|unqualified-candidate|unqualified; Treasury Bills|https://boj.org.jm/category/notices/treasury-bills/|unqualified-candidate|unqualified; Monetary Policy Decisions|https://boj.org.jm/category/monetary-policy/|unqualified-candidate|unqualified; 0|https://boj.org.jm/summary-of-decisions-august-2026/|unqualified-candidate|unqualified; Certificate of Deposit - JMD|https://boj.org.jm/category/notices/cod-jmd/|unqualified-candidate|unqualified","","","","regulatory-update","BIS","https://www.bis.org/cbanks.htm; https://www.bis.org/regauth.htm","2026-08-20T12:09:41.497Z","2026-08-20T12:10:41.904Z","2026-08-20T12:11:07.553Z","unknown","provisional-first-page-scan","automated-first-page-date-scan","2024-01","2026-08","2026-08-20","month","first-page-only-unvalidated","0","","","","generic-or-ambiguous-link","news_or_notice","authority-owned",""
"JM","JAM","Jamaica","Financial Investigations Division (FID)","Financial intelligence","enforcement-visible","http://fid.gov.jm/","reachable","https://www.fid.gov.jm/un-sanction-list/","Foreigners who attempted to leave the island with illicit money fined|https://www.fid.gov.jm/html/foreigners-who-attempted-to-leave-the-island-with-illicit-money-fined/|unqualified-candidate|unqualified; TPA Orders & Sanction List|https://www.fid.gov.jm/un-sanction-list/|authority-owned-qualified-route|approved-for-human-contract","","TPA Orders & Sanction List|https://www.fid.gov.jm/un-sanction-list/","","enforcement","EGMONT","https://egmontgroup.org/members-by-region/","2026-08-20T12:09:41.497Z","2026-08-20T12:10:41.904Z","2026-08-20T12:11:07.553Z","periodic","provisional-first-page-scan","automated-first-page-date-scan","2024-01","2026-08","2026-08-20","month","first-page-only-unvalidated","5","2024-02; 2024-06; 2025-06; 2025-10; 2026-02","2026-02","month","strong-official-publication-candidate","sanctions_or_penalty_list","authority-owned",""
"JM","JAM","Jamaica","Financial Services Commission","Securities; Insurance; Pensions","identity-confirmed","http://www.fscjamaica.org/","reachable","https://www.fscjamaica.org/category/media/notices/","Notices|https://www.fscjamaica.org/category/media/notices/|unqualified-candidate|manual-review-required","","","","regulatory-update","IOSCO; IAIS; IOPS","https://www.iosco.org/v2/about/?subsection=membership&memid=1&page=3; https://www.iais.org/about-the-iais/iais-members/; https://www.iopsweb.org/en/membership/iops-members-and-observers.html","2026-08-20T12:09:41.497Z","2026-08-20T12:10:41.904Z","2026-08-20T12:11:07.553Z","unknown","provisional-first-page-scan","automated-first-page-date-scan","2024-01","2026-08","2026-08-20","month","first-page-only-unvalidated","0","","","","generic-or-ambiguous-link","news_or_notice","authority-owned",""
"MX","MEX","Mexico","Bank of Mexico","Central bank","identity-confirmed","https://www.banxico.org.mx/indexen.html","http-error","","","","","","unknown","BIS","https://www.bis.org/cbanks.htm","2026-08-20T12:09:41.497Z","2026-08-20T12:10:41.904Z","2026-08-20T12:10:41.904Z","unknown","provisional-first-page-scan","automated-first-page-date-scan","2024-01","2026-08","2026-08-20","month","first-page-only-unvalidated","0","","","","","","",""
"MX","MEX","Mexico","Comisión Nacional Bancaria y de Valores","Prudential supervision; Securities","identity-confirmed","http://www.cnbv.gob.mx/","network-error","","","","","","unknown","BIS; IOSCO","https://www.bis.org/regauth.htm; https://www.iosco.org/v2/about/?subsection=membership&memid=1&page=4","2026-08-20T12:09:41.497Z","2026-08-20T12:10:41.904Z","2026-08-20T12:10:41.904Z","unknown","provisional-first-page-scan","automated-first-page-date-scan","2024-01","2026-08","2026-08-20","month","first-page-only-unvalidated","0","","","","","","",""
"MX","MEX","Mexico","Comision Nacional de Seguros y Fianzas","Insurance; Pensions","identity-confirmed","https://www.gob.mx/cnsf","challenge-protected","","","","","","unknown","IAIS; IOPS","https://www.iais.org/about-the-iais/iais-members/; https://www.iopsweb.org/en/membership/iops-members-and-observers.html","2026-08-20T12:09:41.497Z","2026-08-20T12:10:41.904Z","2026-08-20T12:10:41.904Z","unknown","provisional-first-page-scan","automated-first-page-date-scan","2024-01","2026-08","2026-08-20","month","first-page-only-unvalidated","0","","","","","","",""
"MX","MEX","Mexico","Financial Intelligence Unit Mexico (FIU-Mexico)","Financial intelligence","identity-confirmed","","no-public-website","","","","","","unknown","EGMONT","https://egmontgroup.org/members-by-region/","2026-08-20T12:09:41.497Z","2026-08-20T12:10:41.904Z","2026-08-20T12:10:41.904Z","unknown","provisional-first-page-scan","automated-first-page-date-scan","2024-01","2026-08","2026-08-20","month","first-page-only-unvalidated","0","","","","","","",""
"NI","NIC","Nicaragua","Central Bank of Nicaragua","Central bank","identity-confirmed","http://www.bcn.gob.ni/","challenge-protected","","","","","","unknown","BIS","https://www.bis.org/cbanks.htm","2026-08-20T12:09:41.497Z","2026-08-20T12:10:41.904Z","2026-08-20T12:10:41.904Z","unknown","provisional-first-page-scan","automated-first-page-date-scan","2024-01","2026-08","2026-08-20","month","first-page-only-unvalidated","0","","","","","","",""
"NI","NIC","Nicaragua","Superintendencia de Bancos y Otras Instituciones Financieras","Prudential supervision","identity-confirmed","http://www.siboif.gob.ni/","timeout","","","","","","unknown","BIS","https://www.bis.org/regauth.htm","2026-08-20T12:09:41.497Z","2026-08-20T12:10:41.904Z","2026-08-20T12:10:41.904Z","unknown","provisional-first-page-scan","automated-first-page-date-scan","2024-01","2026-08","2026-08-20","month","first-page-only-unvalidated","0","","","","","","",""
"PA","PAN","Panama","Financial Analysis Unit Panama (UAF-Panama)","Financial intelligence","identity-confirmed","http://www.uaf.gob.pa/","network-error","","","","","","unknown","EGMONT","https://egmontgroup.org/members-by-region/","2026-08-20T12:09:41.497Z","2026-08-20T12:10:41.904Z","2026-08-20T12:10:41.904Z","unknown","provisional-first-page-scan","automated-first-page-date-scan","2024-01","2026-08","2026-08-20","month","first-page-only-unvalidated","0","","","","","","",""
"PA","PAN","Panama","National Bank of Panama (Banco Nacional de Panamá)","Central bank; Prudential supervision","identity-confirmed","https://www.banconal.com.pa/","challenge-protected","","","","","","unknown","BIS","https://www.bis.org/cbanks.htm; https://www.bis.org/regauth.htm","2026-08-20T12:09:41.497Z","2026-08-20T12:10:41.904Z","2026-08-20T12:10:41.904Z","unknown","provisional-first-page-scan","automated-first-page-date-scan","2024-01","2026-08","2026-08-20","month","first-page-only-unvalidated","0","","","","","","",""
"PA","PAN","Panama","Superintendencia de Seguros y Reaseguros de Panamá","Insurance","identity-confirmed","https://superseguros.gob.pa/","reachable","https://superseguros.gob.pa/sancion/","Resoluciones|https://superseguros.gob.pa/legal/resoluciones/|unqualified-candidate|unqualified; Compañías de Seguros|https://superseguros.gob.pa/sancion/companias-de-seguros/|unqualified-candidate|unqualified; Compañías de Reaseguros|https://superseguros.gob.pa/sancion/companias-de-reaseguros/|unqualified-candidate|unqualified; Corredores de Reaseguros|https://superseguros.gob.pa/sancion/sanciones-de-corredores-de-reaseguros/|unqualified-candidate|unqualified; Administradora de Reaseguros|https://superseguros.gob.pa/sancion/sanciones-de-administradora-de-reaseguros/|unqualified-candidate|unqualified; Corredores – Persona Jurídica|https://superseguros.gob.pa/sancion/corredores-de-seguros-personas-juridica/|unqualified-candidate|unqualified; Corredores – Persona Natural|https://superseguros.gob.pa/sancion/corredores-de-seguros-personas-natural/|unqualified-candidate|unqualified; Ajustadores de Seguros|https://superseguros.gob.pa/sancion/ajustadores-de-seguros/|unqualified-candidate|unqualified; Aseguradoras Cautivas|https://superseguros.gob.pa/sancion/aseguradoras-cautivas/|unqualified-candidate|unqualified; Administradora de Cautivas|https://superseguros.gob.pa/sancion/administradora-de-cautiva/|unqualified-candidate|unqualified; Personas Naturales y Jurídicas sin Autorización|https://superseguros.gob.pa/sancion/personas-naturales-y-juridicas-sin-autorizacion/|unqualified-candidate|unqualified; Terceros y Centros Docentes|https://superseguros.gob.pa/sancion/terceros-y-centros-docentes/|unqualified-candidate|unqualified; Prevención de Blanque de Capitales|https://superseguros.gob.pa/sancion/prevencion-de-blanqueo-de-capitales/|unqualified-candidate|unqualified; Sanciones|https://superseguros.gob.pa/sancion/|authority-owned-qualified-route|approved-for-human-contract","","Sanciones|https://superseguros.gob.pa/sancion/","","enforcement","IAIS","https://www.iais.org/about-the-iais/iais-members/","2026-08-20T12:09:41.497Z","2026-08-20T12:10:41.904Z","2026-08-20T12:11:07.553Z","unknown","provisional-first-page-scan","automated-first-page-date-scan","2024-01","2026-08","2026-08-20","month","first-page-only-unvalidated","0","","","","strong-official-publication-candidate","sanctions_or_penalty_list","authority-owned",""
"PA","PAN","Panama","Superintendencia del Mercado de Valores","Securities","identity-confirmed","http://www.supervalores.gob.pa/","reachable","https://supervalores.gob.pa/multas-sanciones-y-fallos/","Resoluciones Generales de Junta Directiva|https://supervalores.gob.pa/resoluciones-generales-de-junta-directiva/|unqualified-candidate|unqualified; https://supervalores.gob.pa/resoluciones/|https://supervalores.gob.pa/resoluciones/|unqualified-candidate|unqualified; Multas, Sanciones y Fallos|https://supervalores.gob.pa/multas-sanciones-y-fallos/|authority-owned-qualified-route|approved-for-human-contract","","Multas, Sanciones y Fallos|https://supervalores.gob.pa/multas-sanciones-y-fallos/","","enforcement","IOSCO","https://www.iosco.org/v2/about/?subsection=membership&memid=1&page=5","2026-08-20T12:09:41.497Z","2026-08-20T12:10:41.904Z","2026-08-20T12:11:07.553Z","unknown","provisional-first-page-scan","automated-first-page-date-scan","2024-01","2026-08","2026-08-20","month","first-page-only-unvalidated","0","","","","strong-official-publication-candidate","sanctions_or_penalty_list","authority-owned",""
"PA","PAN","Panama","Superintendency of Banks of the Republic of Panama","Prudential supervision","identity-confirmed","http://www.superbancos.gob.pa/","access-blocked","","","","","","unknown","BIS","https://www.bis.org/regauth.htm","2026-08-20T12:09:41.497Z","2026-08-20T12:10:41.904Z","2026-08-20T12:10:41.904Z","unknown","provisional-first-page-scan","automated-first-page-date-scan","2024-01","2026-08","2026-08-20","month","first-page-only-unvalidated","0","","","","","","",""
"PY","PRY","Paraguay","Central Bank of Paraguay","Central bank; Prudential supervision; Insurance","identity-confirmed","http://www.bcp.gov.py/","challenge-protected","","","","","","unknown","BIS; IAIS","https://www.bis.org/cbanks.htm; https://www.bis.org/regauth.htm; https://www.iais.org/about-the-iais/iais-members/","2026-08-20T12:09:41.497Z","2026-08-20T12:10:41.904Z","2026-08-20T12:10:41.904Z","unknown","provisional-first-page-scan","automated-first-page-date-scan","2024-01","2026-08","2026-08-20","month","first-page-only-unvalidated","0","","","","","","",""
"PY","PRY","Paraguay","Financial Intelligence Unit Paraguay (UAF-Seprelad)","Financial intelligence","identity-confirmed","https://www.seprelad.gov.py/","reachable","","","","","","unknown","EGMONT","https://egmontgroup.org/members-by-region/","2026-08-20T12:09:41.497Z","2026-08-20T12:10:41.904Z","2026-08-20T12:10:41.904Z","unknown","provisional-first-page-scan","automated-first-page-date-scan","2024-01","2026-08","2026-08-20","month","first-page-only-unvalidated","0","","","","","","",""
"PY","PRY","Paraguay","Superintendencia de Valores Banco Central del Paraguay","Securities","identity-confirmed","https://siv.bcp.gov.py/","network-error","","","","","","unknown","IOSCO","https://www.iosco.org/v2/about/?subsection=membership&memid=1&page=5","2026-08-20T12:09:41.497Z","2026-08-20T12:10:41.904Z","2026-08-20T12:10:41.904Z","unknown","provisional-first-page-scan","automated-first-page-date-scan","2024-01","2026-08","2026-08-20","month","first-page-only-unvalidated","0","","","","","","",""
"PE","PER","Peru","Central Reserve Bank of Peru","Central bank","identity-confirmed","http://www.bcrp.gob.pe/","reachable","","","","","","unknown","BIS","https://www.bis.org/cbanks.htm","2026-08-20T12:09:41.497Z","2026-08-20T12:10:41.904Z","2026-08-20T12:10:41.904Z","unknown","provisional-first-page-scan","automated-first-page-date-scan","2024-01","2026-08","2026-08-20","month","first-page-only-unvalidated","0","","","","","","",""
"PE","PER","Peru","Superintendencia de Banca y Seguros","Prudential supervision; Insurance; Pensions; Financial intelligence","identity-confirmed","http://www.sbs.gob.pe/","challenge-protected","","","","","","unknown","BIS; IAIS; IOPS; EGMONT","https://www.bis.org/regauth.htm; https://www.iais.org/about-the-iais/iais-members/; https://www.iopsweb.org/en/membership/iops-members-and-observers.html; https://egmontgroup.org/members-by-region/","2026-08-20T12:09:41.497Z","2026-08-20T12:10:41.904Z","2026-08-20T12:10:41.904Z","unknown","provisional-first-page-scan","automated-first-page-date-scan","2024-01","2026-08","2026-08-20","month","first-page-only-unvalidated","0","","","","","","",""
"PE","PER","Peru","Superintendencia del Mercado de Valores","Securities","identity-confirmed","http://www.smv.gob.pe/","reachable","http://www.sanciones.gob.pe/transparencia/","Regulación y sanciones|https://www.gob.pe/institucion/smv/tema/regulacion-y-sanciones|unqualified-candidate|unqualified; RNSDD|http://www.sanciones.gob.pe/transparencia/|unqualified-candidate|transport-follow-up-required","","","","unknown","IOSCO","https://www.iosco.org/v2/about/?subsection=membership&memid=1&page=5","2026-08-20T12:09:41.497Z","2026-08-20T12:10:41.904Z","2026-08-20T12:11:07.553Z","unknown","provisional-first-page-scan","automated-first-page-date-scan","2024-01","2026-08","2026-08-20","month","first-page-only-unvalidated","0","","","","not-observable","not-observable","not-observable",""
"SR","SUR","Suriname","Central Bank of Suriname","Central bank; Prudential supervision; Insurance; Pensions","identity-confirmed","http://www.cbvs.sr/","challenge-protected","https://www.cbvs.sr/images/content/2025/DTZ2025/AML-CFT-Wetgeving/Besluit%20voering%20Nationale%20Sanctielijst%20-SB%202025%20No.%2053.pdf","Wijziging Internationale Sancties S.B. 2016 No.34|https://www.cbvs.sr/images/content/pdf/2016/DTK/S.B._2016_no._34_Staatsbesluit_van_29_feb_16_ter_uitvoering_v.d._Wet_Internationale_Sancties.pdf|unqualified-candidate|unqualified; Bijlage 1 S.B. 2016 No.34|https://www.cbvs.sr/images/content/pdf/2016/DTK/S.B._2016_no._34_Staatsbesluit_van_29_feb_16_ter_uitvoering_Wet_Internationale_Sanctie_BIJLAGE_1.pdf|unqualified-candidate|unqualified; Bijlage 2 S.B. 2016 No.34|https://www.cbvs.sr/images/content/pdf/2016/DTK/S.B._2016_no._34_Staatsbesluit_van_29_feb_16_ter_uitvoering_Wet_Internationale_Sancties_BIJLAGE_2.pdf|unqualified-candidate|unqualified; Besluit uitvoering Internationale Sanctielijst - SB 2025 No 54|https://www.cbvs.sr/images/content/2025/DTZ2025/AML-CFT-Wetgeving/Besluit%20uitvoering%20Internationale%20Sanctielijst%20-%20SB%202025%20No%2054.pdf|unqualified-candidate|unqualified; Besluit voering Nationale Sanctielijst -SB 2025 No. 53|https://www.cbvs.sr/images/content/2025/DTZ2025/AML-CFT-Wetgeving/Besluit%20voering%20Nationale%20Sanctielijst%20-SB%202025%20No.%2053.pdf|unqualified-candidate|manual-review-required; Staatsbesluit coöperatieve Vereniging G.B. 1944 no.93|https://www.cbvs.sr/images/content/pdf/Wetten/Spaarinstellingen/2023/Staatsbesluit_17_mei_1994_ter_uitvoering_van_artikel_33A_van_de_Wet_Cooperatieve_Vereniging_GB_1944_no_93.pdf|unqualified-candidate|unqualified","","","","unknown","BIS; IAIS; IOPS","https://www.bis.org/cbanks.htm; https://www.bis.org/regauth.htm; https://www.iais.org/about-the-iais/iais-members/; https://www.iopsweb.org/en/membership/iops-members-and-observers.html","2026-08-20T12:09:41.497Z","2026-08-20T12:10:41.904Z","2026-08-20T12:11:07.553Z","unknown","provisional-first-page-scan","automated-first-page-date-scan","2024-01","2026-08","2026-08-20","month","first-page-only-unvalidated","0","","","","generic-or-ambiguous-link","detail_document","authority-owned",""
"SR","SUR","Suriname","Financial Intelligence Unit Suriname (FIU-Suriname)","Financial intelligence","identity-confirmed","https://www.fiusuriname.org/","reachable","","","","","","unknown","EGMONT","https://egmontgroup.org/members-by-region/","2026-08-20T12:09:41.497Z","2026-08-20T12:10:41.904Z","2026-08-20T12:10:41.904Z","unknown","provisional-first-page-scan","automated-first-page-date-scan","2024-01","2026-08","2026-08-20","month","first-page-only-unvalidated","0","","","","","","",""
"KN","KNA","Saint Kitts and Nevis","Eastern Caribbean Central Bank","Central bank; Prudential supervision","identity-confirmed","http://www.eccb-centralbank.org/","reachable","","","","","","unknown","BIS","https://www.bis.org/cbanks.htm; https://www.bis.org/regauth.htm","2026-08-20T12:09:41.497Z","2026-08-20T12:10:41.904Z","2026-08-20T12:10:41.904Z","unknown","provisional-first-page-scan","automated-first-page-date-scan","2024-01","2026-08","2026-08-20","month","first-page-only-unvalidated","0","","","","","","",""
"KN","KNA","Saint Kitts and Nevis","Financial Intelligence Unit Saint Kitts and Nevis (FIU-SKN)","Financial intelligence","identity-confirmed","https://www.fiu.kn/","network-error","","","","","","unknown","EGMONT","https://egmontgroup.org/members-by-region/","2026-08-20T12:09:41.497Z","2026-08-20T12:10:41.904Z","2026-08-20T12:10:41.904Z","unknown","provisional-first-page-scan","automated-first-page-date-scan","2024-01","2026-08","2026-08-20","month","first-page-only-unvalidated","0","","","","","","",""
"LC","LCA","Saint Lucia","Eastern Caribbean Central Bank","Central bank; Prudential supervision","identity-confirmed","http://www.eccb-centralbank.org/","reachable","","","","","","unknown","BIS","https://www.bis.org/cbanks.htm; https://www.bis.org/regauth.htm","2026-08-20T12:09:41.497Z","2026-08-20T12:10:41.904Z","2026-08-20T12:10:41.904Z","unknown","provisional-first-page-scan","automated-first-page-date-scan","2024-01","2026-08","2026-08-20","month","first-page-only-unvalidated","0","","","","","","",""
"LC","LCA","Saint Lucia","Financial Intelligence Authority (FIA-Saint Lucia)","Financial intelligence","identity-confirmed","https://www.slufia.com/","challenge-protected","https://www.slufia.com/p/notices-circulars","Notices/Circulars|https://www.slufia.com/p/notices-circulars|unqualified-candidate|browser-review-required","","","","unknown","EGMONT","https://egmontgroup.org/members-by-region/","2026-08-20T12:09:41.497Z","2026-08-20T12:10:41.904Z","2026-08-20T12:11:07.553Z","unknown","provisional-first-page-scan","automated-first-page-date-scan","2024-01","2026-08","2026-08-20","month","first-page-only-unvalidated","0","","","","not-observable","not-observable","not-observable",""
"VC","VCT","Saint Vincent and the Grenadines","Eastern Caribbean Central Bank","Central bank; Prudential supervision","identity-confirmed","http://www.eccb-centralbank.org/","reachable","","","","","","unknown","BIS","https://www.bis.org/cbanks.htm; https://www.bis.org/regauth.htm","2026-08-20T12:09:41.497Z","2026-08-20T12:10:41.904Z","2026-08-20T12:10:41.904Z","unknown","provisional-first-page-scan","automated-first-page-date-scan","2024-01","2026-08","2026-08-20","month","first-page-only-unvalidated","0","","","","","","",""
"VC","VCT","Saint Vincent and the Grenadines","Financial Intelligence Unit Saint Vincent and the Grenadines (FIU-SVG)","Financial intelligence","identity-confirmed","http://www.svgfiu.com/","reachable","https://www.un.org/securitycouncil/sanctions/information","Read more|https://www.svgfiu.com/index.php/nrsp-dnfbp/nrsp-guidance/offences-and-penalties|unqualified-candidate|unqualified; UN Sanctions|https://www.un.org/securitycouncil/sanctions/information|external-official-context|manual-review-required; Interpol Notices|https://www.interpol.int/en/How-we-work/Notices/About-Notices|unqualified-candidate|unqualified","","","UN Sanctions|https://www.un.org/securitycouncil/sanctions/information","enforcement","EGMONT","https://egmontgroup.org/members-by-region/","2026-08-20T12:09:41.497Z","2026-08-20T12:10:41.904Z","2026-08-20T12:11:07.553Z","unknown","provisional-first-page-scan","automated-first-page-date-scan","2024-01","2026-08","2026-08-20","month","first-page-only-unvalidated","0","","","","strong-official-publication-candidate","sanctions_or_penalty_list","official-external",""
"TT","TTO","Trinidad and Tobago","Central Bank of Trinidad and Tobago","Central bank; Prudential supervision; Insurance; Pensions","identity-confirmed","http://www.central-bank.org.tt/","reachable","https://www.central-bank.org.tt/notice-insurance-act-2018-as-amended-5/","Read More|https://www.central-bank.org.tt/wp-content/uploads/2025/09/public-notice-unauthorised-fx-dealings-sept2025.pdf|unqualified-candidate|unqualified; Read More|https://www.central-bank.org.tt/notice-insurance-act-2018-as-amended-5/|unqualified-candidate|manual-review-required","","","","regulatory-update","BIS; IAIS; IOPS","https://www.bis.org/cbanks.htm; https://www.bis.org/regauth.htm; https://www.iais.org/about-the-iais/iais-members/; https://www.iopsweb.org/en/membership/iops-members-and-observers.html","2026-08-20T12:09:41.497Z","2026-08-20T12:10:41.904Z","2026-08-20T12:11:07.553Z","unknown","provisional-first-page-scan","automated-first-page-date-scan","2024-01","2026-08","2026-08-20","month","first-page-only-unvalidated","0","","","","generic-or-ambiguous-link","news_or_notice","authority-owned",""
"TT","TTO","Trinidad and Tobago","Financial Intelligence Unit of Trinidad and Tobago (FIUTT)","Financial intelligence","identity-confirmed","http://www.fiu.gov.tt/","challenge-protected","https://fiu.gov.tt/reporting/enforcement/","Enforcement Statistics|https://fiu.gov.tt/compliance/enforcement-statistics/|unqualified-candidate|unqualified; Enforcement|https://fiu.gov.tt/reporting/enforcement/|unqualified-candidate|browser-review-required; Local Law Enforcement|https://fiu.gov.tt/reporting/enforcement/local-law-enforcement/|unqualified-candidate|unqualified; Foreign Law Enforcement Authorities|https://fiu.gov.tt/reporting/enforcement/foreign-law-enforcement-authorities/|unqualified-candidate|unqualified; Targeted Financial Sanctions Search Tool (TFS Search Tool)|https://fiu.gov.tt/tfs-search-tool/tfs-search-tool-2/|unqualified-candidate|unqualified; Legal Notices|https://fiu.gov.tt/about-us/legal-framework/legal-notices/|unqualified-candidate|unqualified; Notices and High Court Orders|https://fiu.gov.tt/about-us/publications/notices-and-high-court-orders-for-freezing-terrorist-funds/|unqualified-candidate|unqualified; Notice to Freeze Terrorist Funds|https://fiu.gov.tt/about-us/publications/notices-and-high-court-orders-for-freezing-terrorist-funds/notice-to-freeze-terrorist-funds/|unqualified-candidate|unqualified; Notice to Unfreeze Terrorist Funds|https://fiu.gov.tt/about-us/publications/notices-and-high-court-orders-for-freezing-terrorist-funds/notice-to-unfreeze-terorrist-funds/|unqualified-candidate|unqualified; T&T Consolidated List of Court Orders|https://fiu.gov.tt/about-us/publications/notices-and-high-court-orders-for-freezing-terrorist-funds/trinidad-and-tobago-consolidated-list-of-court-orders/|unqualified-candidate|unqualified; Removal of Listed Entities from T&T Consolidated List of Court Orders|https://fiu.gov.tt/about-us/publications/notices-and-high-court-orders-for-freezing-terrorist-funds/removal-of-listed-entities-from-trinidad-and-tobago-consolidated-list-of-court-orders/|unqualified-candidate|unqualified; UN Security Council Targeted Sanctions (1988)|https://fiu.gov.tt/about-us/publications/united-nations-security-council-committee/un-security-council-committee-resolution-targeted-sanctions-1988/|unqualified-candidate|unqualified; UN Security Council Economic Sanctions (1718 and 2231)|https://fiu.gov.tt/about-us/publications/united-nations-security-council-committee/united-nations-security-council-committee-economic-sanctions-1718-and-2231/|unqualified-candidate|unqualified; View All|https://fiu.gov.tt/media-centre-2/news/notices/|unqualified-candidate|unqualified; NOTICE OF VACANCIES- MINISTRY OF FINANCE|https://fiu.gov.tt/about-us/vacancies/|unqualified-candidate|unqualified; FIUTT Fraud Notice|https://fiu.gov.tt/wp-content/uploads/2025/04/FIUTT-Fraud-Alert.pdf|unqualified-candidate|unqualified; PUBLIC NOTICE – The Financial Intelligence Unit of Trinidad and Tobago (FIUTT) does not register, recognize or approve Training Providers|https://fiu.gov.tt/wp-content/uploads/2026/04/20_04_26-Public-Notice-No-Approved-Training-Providers.pdf|unqualified-candidate|unqualified; PUBLIC NOTICE – NON-FINANCIAL CO-OPERATIVE SOCIETIES ARE NOT REQUIRED TO BE REGISTERED WITH THE FIUTT|https://fiu.gov.tt/wp-content/uploads/2026/04/01_04_26_Public-Notice_Changes-to-AML_CFT_CPF-Regime-Non-Financial-Co-operatives.pdf%20|unqualified-candidate|unqualified; NOT/01/2025: Notice to all Supervised Entities Registered with the FIUTT|https://fiu.gov.tt/wp-content/uploads/2025/07/11_07_25_Notice_Registrant-Validation-Initiative.pdf|unqualified-candidate|unqualified","","","","unknown","EGMONT","https://egmontgroup.org/members-by-region/","2026-08-20T12:09:41.497Z","2026-08-20T12:10:41.904Z","2026-08-20T12:11:07.553Z","unknown","provisional-first-page-scan","automated-first-page-date-scan","2024-01","2026-08","2026-08-20","month","first-page-only-unvalidated","0","","","","not-observable","not-observable","not-observable",""
"TT","TTO","Trinidad and Tobago","Trinidad and Tobago Securities and Exchange Commission","Securities","identity-confirmed","http://www.ttsec.org.tt/","reachable","https://www.ttsec.org.tt/enforcement/","Enforcement|https://www.ttsec.org.tt/enforcement/|authority-owned-qualified-route|approved-for-human-contract; Media Release- TTSEC Issues Notice on the Virtual Assets and Virtual Asset Service Providers Act, 2025|https://www.ttsec.org.tt/media-release-ttsec-issues-notice-on-the-virtual-assets-and-virtual-asset-service-providers-act-2025/|unqualified-candidate|unqualified; Public Notice- Unregistered Investment Promotion “International Traders DBOSS” or “D BOSS”|https://www.ttsec.org.tt/public-notice-unregistered-investment-promotion-international-traders-dboss-or-d-boss/|unqualified-candidate|unqualified; PUBLIC NOTICE – STABLE ROWDEX|https://www.ttsec.org.tt/public-notice-stable-rowdex/|unqualified-candidate|unqualified; PUBLIC NOTICE – Persons and Entities Not Registered with the TTSEC- August 18th 2025|https://www.ttsec.org.tt/public-notice-persons-and-entities-not-registered-with-the-ttsec-august-18th-2025/|unqualified-candidate|unqualified; PUBLIC NOTICE – Persons and Entities Not Registered with the TTSEC|https://www.ttsec.org.tt/public-notice-persons-and-entities-not-registered-with-ttsec-2/|unqualified-candidate|unqualified; Orders|https://www.ttsec.org.tt/enforcement/orders/|unqualified-candidate|unqualified; Settlement Orders|https://www.ttsec.org.tt/enforcement/orders/settlement-orders/|unqualified-candidate|unqualified; Administrative Sanctions Orders|https://www.ttsec.org.tt/enforcement/orders/administrative-sanctions-orders/|unqualified-candidate|unqualified; Notices|https://www.ttsec.org.tt/enforcement/notices/|unqualified-candidate|unqualified; Memorandums of Understanding|https://www.ttsec.org.tt/enforcement/memorandums-of-understanding/|unqualified-candidate|unqualified","","Enforcement|https://www.ttsec.org.tt/enforcement/","","enforcement","IOSCO","https://www.iosco.org/v2/about/?subsection=membership&memid=1&page=6","2026-08-20T12:09:41.497Z","2026-08-20T12:10:41.904Z","2026-08-20T12:11:07.553Z","unknown","provisional-first-page-scan","automated-first-page-date-scan","2024-01","2026-08","2026-08-20","month","first-page-only-unvalidated","0","","","","strong-official-publication-candidate","enforcement_archive","authority-owned",""
"US","USA","United States","Board of Governors of the Federal Reserve System","Central bank; Prudential supervision; Insurance","identity-confirmed","http://www.federalreserve.gov/","reachable","https://www.federalreserve.gov/apps/enforcementactions/default.aspx","Enforcement Actions and Legal Developments|https://www.federalreserve.gov/supervisionreg/legal-developments.htm|unqualified-candidate|unqualified; Survey of Household Economics and Decisionmaking|https://www.federalreserve.gov/consumerscommunities/shed.htm|unqualified-candidate|unqualified; Enforcement Actions|https://www.federalreserve.gov/apps/enforcementactions/default.aspx|authority-owned-qualified-route|approved-for-human-contract; Federal Reserve Board issues enforcement action|https://www.federalreserve.gov/newsevents/pressreleases/enforcement20260813a.htm|unqualified-candidate|unqualified; Federal Reserve Board requests comment on a proposal to modernize its rule governing the extension of credit to bank ""insiders""—bank executives, board members and major shareholders who could potentially influence a bank's lending decisions|https://www.federalreserve.gov/newsevents/pressreleases/bcreg20260731b.htm|unqualified-candidate|unqualified; Federal Reserve Board issues enforcement action|https://www.federalreserve.gov/newsevents/pressreleases/enforcement20260730b.htm|unqualified-candidate|unqualified","","Enforcement Actions|https://www.federalreserve.gov/apps/enforcementactions/default.aspx","","enforcement","BIS; IAIS","https://www.bis.org/cbanks.htm; https://www.bis.org/regauth.htm; https://www.iais.org/about-the-iais/iais-members/","2026-08-20T12:09:41.497Z","2026-08-20T12:10:41.904Z","2026-08-20T12:11:07.553Z","unknown","provisional-first-page-scan","automated-first-page-date-scan","2024-01","2026-08","2026-08-20","month","first-page-only-unvalidated","0","","","","strong-official-publication-candidate","enforcement_archive","authority-owned",""
"US","USA","United States","Commodity Futures Trading Commission*","Securities","identity-confirmed","http://www.cftc.gov/","reachable","https://www.cftc.gov/check","Check Registration & Disciplinary History|https://www.cftc.gov/check|authority-owned-qualified-route|approved-for-human-contract","","Check Registration & Disciplinary History|https://www.cftc.gov/check","","enforcement","IOSCO","https://www.iosco.org/v2/about/?subsection=membership&memid=1&page=7","2026-08-20T12:09:41.497Z","2026-08-20T12:10:41.904Z","2026-08-20T12:11:07.553Z","unknown","provisional-first-page-scan","automated-first-page-date-scan","2024-01","2026-08","2026-08-20","month","first-page-only-unvalidated","0","","","","strong-official-publication-candidate","disciplinary_notice","authority-owned",""
"US","USA","United States","Department of Labor","Pensions","identity-confirmed","https://www.dol.gov/","reachable","https://www.dol.gov/general/privacynotice","Privacy & Security Statement|https://www.dol.gov/general/privacynotice|unqualified-candidate|manual-review-required; Important Website Notices|https://www.dol.gov/general/aboutdol/website-policies|unqualified-candidate|unqualified","","","","regulatory-update","IOPS","https://www.iopsweb.org/en/membership/iops-members-and-observers.html","2026-08-20T12:09:41.497Z","2026-08-20T12:10:41.904Z","2026-08-20T12:11:07.553Z","unknown","provisional-first-page-scan","automated-first-page-date-scan","2024-01","2026-08","2026-08-20","month","first-page-only-unvalidated","0","","","","generic-or-ambiguous-link","news_or_notice","authority-owned",""
"US","USA","United States","Federal Deposit Insurance Corporation DC","Prudential supervision","identity-confirmed","http://www.fdic.gov/","reachable","","","","","","unknown","BIS","https://www.bis.org/regauth.htm","2026-08-20T12:09:41.497Z","2026-08-20T12:10:41.904Z","2026-08-20T12:10:41.904Z","unknown","provisional-first-page-scan","automated-first-page-date-scan","2024-01","2026-08","2026-08-20","month","first-page-only-unvalidated","0","","","","","","",""
"US","USA","United States","Federal Insurance Office of the United States Department of Treasury (FIO)","Insurance","identity-confirmed","https://home.treasury.gov/","timeout","","","","","","unknown","IAIS","https://www.iais.org/about-the-iais/iais-members/","2026-08-20T12:09:41.497Z","2026-08-20T12:10:41.904Z","2026-08-20T12:10:41.904Z","unknown","provisional-first-page-scan","automated-first-page-date-scan","2024-01","2026-08","2026-08-20","month","first-page-only-unvalidated","0","","","","","","",""
"US","USA","United States","Federal Reserve Bank of Atlanta","Central bank","identity-confirmed","http://www.frbatlanta.org/","reachable","","","","","","unknown","BIS","https://www.bis.org/cbanks.htm","2026-08-20T12:09:41.497Z","2026-08-20T12:10:41.904Z","2026-08-20T12:10:41.904Z","unknown","provisional-first-page-scan","automated-first-page-date-scan","2024-01","2026-08","2026-08-20","month","first-page-only-unvalidated","0","","","","","","",""
"US","USA","United States","Federal Reserve Bank of Boston","Central bank","identity-confirmed","https://www.bostonfed.org/","reachable","","","","","","unknown","BIS","https://www.bis.org/cbanks.htm","2026-08-20T12:09:41.497Z","2026-08-20T12:10:41.904Z","2026-08-20T12:10:41.904Z","unknown","provisional-first-page-scan","automated-first-page-date-scan","2024-01","2026-08","2026-08-20","month","first-page-only-unvalidated","0","","","","","","",""
"US","USA","United States","Federal Reserve Bank of Chicago","Central bank","identity-confirmed","http://www.chicagofed.org/","reachable","https://www.chicagofed.org/utilities/legal-notices","Legal Notices|https://www.chicagofed.org/utilities/legal-notices|unqualified-candidate|manual-review-required","","","","regulatory-update","BIS","https://www.bis.org/cbanks.htm","2026-08-20T12:09:41.497Z","2026-08-20T12:10:41.904Z","2026-08-20T12:11:07.553Z","unknown","provisional-first-page-scan","automated-first-page-date-scan","2024-01","2026-08","2026-08-20","month","first-page-only-unvalidated","0","","","","plausible-official-publication-candidate","news_or_notice","authority-owned",""
"US","USA","United States","Federal Reserve Bank of Cleveland","Central bank","identity-confirmed","http://www.clevelandfed.org/","reachable","https://www.clevelandfed.org/banking-and-payments/applications","Application Filings and Notices|https://www.clevelandfed.org/banking-and-payments/applications|unqualified-candidate|manual-review-required","","","","regulatory-update","BIS","https://www.bis.org/cbanks.htm","2026-08-20T12:09:41.497Z","2026-08-20T12:10:41.904Z","2026-08-20T12:11:07.553Z","unknown","provisional-first-page-scan","automated-first-page-date-scan","2024-01","2026-08","2026-08-20","month","first-page-only-unvalidated","0","","","","generic-or-ambiguous-link","news_or_notice","authority-owned",""
"US","USA","United States","Federal Reserve Bank of Dallas","Central bank","identity-confirmed","http://www.dallasfed.org/","reachable","https://www.dallasfed.org/fed/privacy","Privacy Notice|https://www.dallasfed.org/fed/privacy|unqualified-candidate|manual-review-required","","","","regulatory-update","BIS","https://www.bis.org/cbanks.htm","2026-08-20T12:09:41.497Z","2026-08-20T12:10:41.904Z","2026-08-20T12:11:07.553Z","unknown","provisional-first-page-scan","automated-first-page-date-scan","2024-01","2026-08","2026-08-20","month","first-page-only-unvalidated","0","","","","plausible-official-publication-candidate","news_or_notice","authority-owned",""
"US","USA","United States","Federal Reserve Bank of Kansas City","Central bank","identity-confirmed","http://www.kansascityfed.org/","reachable","","","","","","unknown","BIS","https://www.bis.org/cbanks.htm","2026-08-20T12:09:41.497Z","2026-08-20T12:10:41.904Z","2026-08-20T12:10:41.904Z","unknown","provisional-first-page-scan","automated-first-page-date-scan","2024-01","2026-08","2026-08-20","month","first-page-only-unvalidated","0","","","","","","",""
"US","USA","United States","Federal Reserve Bank of Minneapolis","Central bank","identity-confirmed","http://www.minneapolisfed.org/","reachable","","","","","","unknown","BIS","https://www.bis.org/cbanks.htm","2026-08-20T12:09:41.497Z","2026-08-20T12:10:41.904Z","2026-08-20T12:10:41.904Z","unknown","provisional-first-page-scan","automated-first-page-date-scan","2024-01","2026-08","2026-08-20","month","first-page-only-unvalidated","0","","","","","","",""
"US","USA","United States","Federal Reserve Bank of New York","Central bank","identity-confirmed","http://www.newyorkfed.org/","reachable","","","","","","unknown","BIS","https://www.bis.org/cbanks.htm","2026-08-20T12:09:41.497Z","2026-08-20T12:10:41.904Z","2026-08-20T12:10:41.904Z","unknown","provisional-first-page-scan","automated-first-page-date-scan","2024-01","2026-08","2026-08-20","month","first-page-only-unvalidated","0","","","","","","",""
"US","USA","United States","Federal Reserve Bank of Philadelphia","Central bank","identity-confirmed","http://www.philadelphiafed.org/","reachable","https://www.philadelphiafed.org/about-us/privacy-notice","Privacy Notice|https://www.philadelphiafed.org/about-us/privacy-notice|unqualified-candidate|manual-review-required","","","","regulatory-update","BIS","https://www.bis.org/cbanks.htm","2026-08-20T12:09:41.497Z","2026-08-20T12:10:41.904Z","2026-08-20T12:11:07.553Z","unknown","provisional-first-page-scan","automated-first-page-date-scan","2024-01","2026-08","2026-08-20","month","first-page-only-unvalidated","0","","","","plausible-official-publication-candidate","news_or_notice","authority-owned",""
"US","USA","United States","Federal Reserve Bank of Richmond","Central bank","identity-confirmed","http://richmondfed.org/","reachable","","","","","","unknown","BIS","https://www.bis.org/cbanks.htm","2026-08-20T12:09:41.497Z","2026-08-20T12:10:41.904Z","2026-08-20T12:10:41.904Z","unknown","provisional-first-page-scan","automated-first-page-date-scan","2024-01","2026-08","2026-08-20","month","first-page-only-unvalidated","0","","","","","","",""
"US","USA","United States","Federal Reserve Bank of San Francisco","Central bank","identity-confirmed","http://www.frbsf.org/","reachable","","","","","","unknown","BIS","https://www.bis.org/cbanks.htm","2026-08-20T12:09:41.497Z","2026-08-20T12:10:41.904Z","2026-08-20T12:10:41.904Z","unknown","provisional-first-page-scan","automated-first-page-date-scan","2024-01","2026-08","2026-08-20","month","first-page-only-unvalidated","0","","","","","","",""
"US","USA","United States","Federal Reserve Bank of St Louis","Central bank","identity-confirmed","http://www.stlouisfed.org/","reachable","https://www.stlouisfed.org/bank-supervision/applications-and-notices","Become a Member Bank|https://www.stlouisfed.org/bank-supervision/applications-and-notices/federal-reserve-membership/membership-app|unqualified-candidate|unqualified; Application Filings and Notices|https://www.stlouisfed.org/bank-supervision/applications-and-notices|unqualified-candidate|manual-review-required","","","","regulatory-update","BIS","https://www.bis.org/cbanks.htm","2026-08-20T12:09:41.497Z","2026-08-20T12:10:41.904Z","2026-08-20T12:11:07.553Z","unknown","provisional-first-page-scan","automated-first-page-date-scan","2024-01","2026-08","2026-08-20","month","first-page-only-unvalidated","0","","","","generic-or-ambiguous-link","news_or_notice","authority-owned",""
"US","USA","United States","Financial Crimes Enforcement Network (FinCEN)","Financial intelligence","identity-confirmed","https://www.fincen.gov/","timeout","","","","","","unknown","EGMONT","https://egmontgroup.org/members-by-region/","2026-08-20T12:09:41.497Z","2026-08-20T12:10:41.904Z","2026-08-20T12:10:41.904Z","unknown","provisional-first-page-scan","automated-first-page-date-scan","2024-01","2026-08","2026-08-20","month","first-page-only-unvalidated","0","","","","","","",""
"US","USA","United States","National Association of Insurance Commissioners (NAIC)","Insurance","identity-confirmed","https://www.naic.org/","reachable","","","","","","unknown","IAIS","https://www.iais.org/about-the-iais/iais-members/","2026-08-20T12:09:41.497Z","2026-08-20T12:10:41.904Z","2026-08-20T12:10:41.904Z","unknown","provisional-first-page-scan","automated-first-page-date-scan","2024-01","2026-08","2026-08-20","month","first-page-only-unvalidated","0","","","","","","",""
"US","USA","United States","New York State Department of Financial Services","Prudential supervision","identity-confirmed","http://www.dfs.ny.gov/","reachable","https://www.dfs.ny.gov/industry_guidance/enforcement_actions","Enforcement & Discipline|https://www.dfs.ny.gov/industry_guidance/enforcement_actions|authority-owned-qualified-route|approved-for-human-contract; Governor Hochul Announces Department of Financial Services’ Consumer Notice to Holocaust Survivors and Their Families in…|https://www.dfs.ny.gov/reports_and_publications/press_releases/pr20260818|unqualified-candidate|unqualified","","Enforcement & Discipline|https://www.dfs.ny.gov/industry_guidance/enforcement_actions","","enforcement","BIS","https://www.bis.org/regauth.htm","2026-08-20T12:09:41.497Z","2026-08-20T12:10:41.904Z","2026-08-20T12:11:07.553Z","unknown","provisional-first-page-scan","automated-first-page-date-scan","2024-01","2026-08","2026-08-20","month","first-page-only-unvalidated","0","","","","strong-official-publication-candidate","disciplinary_notice","authority-owned",""
"US","USA","United States","Office of the Comptroller of the Currency","Prudential supervision","identity-confirmed","http://www.occ.treas.gov/","reachable","https://apps.occ.gov/EASearch","Enforcement Actions Search|https://apps.occ.gov/EASearch|unqualified-candidate|manual-review-required; Enforcement Actions|https://www.occ.treas.gov/topics/laws-and-regulations/enforcement-actions/index-enforcement-actions.html|unqualified-candidate|unqualified; Interpretations & Decisions|https://www.occ.treas.gov/topics/charters-and-licensing/interpretations-and-decisions/index-interpretations-and-decisions.html|unqualified-candidate|unqualified; Notification: Statement of Enforcement Policy in Support of Venezuela’s Economic Recovery and Earthquake Relief Efforts|https://www.occ.treas.gov/news-issuances/bulletins/2026/bulletin-2026-36.html|unqualified-candidate|unqualified","","","","enforcement","BIS","https://www.bis.org/regauth.htm","2026-08-20T12:09:41.497Z","2026-08-20T12:10:41.904Z","2026-08-20T12:11:07.553Z","unknown","provisional-first-page-scan","automated-first-page-date-scan","2024-01","2026-08","2026-08-20","month","first-page-only-unvalidated","0","","","","strong-official-publication-candidate","enforcement_archive","external-unqualified",""
"US","USA","United States","Securities and Exchange Commission*","Securities","identity-confirmed","http://www.sec.gov/","reachable","https://www.sec.gov/enforcement-litigation","Enforcement & Litigation|https://www.sec.gov/enforcement-litigation|authority-owned-qualified-route|approved-for-human-contract; Litigation Releases|https://www.sec.gov/enforcement-litigation/litigation-releases|unqualified-candidate|unqualified; Administrative Proceedings|https://www.sec.gov/enforcement-litigation/administrative-proceedings|unqualified-candidate|unqualified; Administrative Law Judge Orders and Initial Decisions|https://www.sec.gov/enforcement-litigation/administrative-law-judge-orders-initial-decisions|unqualified-candidate|unqualified; Trading Suspensions|https://www.sec.gov/enforcement-litigation/trading-suspensions|unqualified-candidate|unqualified; Distributions to Harmed Investors|https://www.sec.gov/enforcement-litigation/distributions-harmed-investors|unqualified-candidate|unqualified; Receiverships|https://www.sec.gov/enforcement-litigation/receiverships|unqualified-candidate|unqualified; Whistleblowers|https://www.sec.gov/enforcement-litigation/whistleblower-program|unqualified-candidate|unqualified; Read Enforcement News|https://www.sec.gov/newsroom/whats-new?type=news%2Csecarticle%2Clink&tag=36696|unqualified-candidate|unqualified; No FEAR Act Data|https://www.sec.gov/about/divisions-offices/office-equal-employment-opportunity/no-fear-act-amended|unqualified-candidate|unqualified","","Enforcement & Litigation|https://www.sec.gov/enforcement-litigation","","enforcement","IOSCO","https://www.iosco.org/v2/about/?subsection=membership&memid=1&page=7","2026-08-20T12:09:41.497Z","2026-08-20T12:10:41.904Z","2026-08-20T12:11:07.553Z","unknown","provisional-first-page-scan","automated-first-page-date-scan","2024-01","2026-08","2026-08-20","month","first-page-only-unvalidated","0","","","","strong-official-publication-candidate","enforcement_archive","authority-owned",""
"UY","URY","Uruguay","Central Bank of Uruguay","Central bank; Prudential supervision; Securities; Insurance; Financial intelligence","identity-confirmed","https://www.bcu.gub.uy/ingles","network-error","","","","","","unknown","BIS; IOSCO; IAIS; EGMONT","https://www.bis.org/cbanks.htm; https://www.bis.org/regauth.htm; https://www.iosco.org/v2/about/?subsection=membership&memid=1&page=7; https://www.iais.org/about-the-iais/iais-members/; https://egmontgroup.org/members-by-region/","2026-08-20T12:09:41.497Z","2026-08-20T12:10:41.904Z","2026-08-20T12:10:41.904Z","unknown","provisional-first-page-scan","automated-first-page-date-scan","2024-01","2026-08","2026-08-20","month","first-page-only-unvalidated","0","","","","","","",""
"VE","VEN","Venezuela","Central Bank of Venezuela","Central bank","identity-confirmed","http://www.bcv.org.ve/","network-error","","","","","","unknown","BIS","https://www.bis.org/cbanks.htm","2026-08-20T12:09:41.497Z","2026-08-20T12:10:41.904Z","2026-08-20T12:10:41.904Z","unknown","provisional-first-page-scan","automated-first-page-date-scan","2024-01","2026-08","2026-08-20","month","first-page-only-unvalidated","0","","","","","","",""
"VE","VEN","Venezuela","Superintendencia de Bancos y Otras Instituciones Financieras","Prudential supervision; Financial intelligence","identity-confirmed","http://www.sudeban.gob.ve/","timeout","","","","","","unknown","BIS; EGMONT","https://www.bis.org/regauth.htm; https://egmontgroup.org/members-by-region/","2026-08-20T12:09:41.497Z","2026-08-20T12:10:41.904Z","2026-08-20T12:10:41.904Z","unknown","provisional-first-page-scan","automated-first-page-date-scan","2024-01","2026-08","2026-08-20","month","first-page-only-unvalidated","0","","","","","","",""
"AF","AFG","Afghanistan","Bank of Afghanistan","Central bank","identity-confirmed","https://www.dab.gov.af/","reachable","https://www.dab.gov.af/sites/default/files/2025-10/Vol-218%20Finel.pdf","/sites/default/files/2025-10/Vol-218%20Finel.pdf|https://www.dab.gov.af/sites/default/files/2025-10/Vol-218%20Finel.pdf|unqualified-candidate|manual-review-required","","","","unknown","BIS","https://www.bis.org/cbanks.htm","2026-08-20T12:09:41.497Z","2026-08-20T12:10:41.904Z","2026-08-20T12:11:07.553Z","unknown","provisional-first-page-scan","automated-first-page-date-scan","2024-01","2026-08","2026-08-20","month","first-page-only-unvalidated","0","","","","generic-or-ambiguous-link","detail_document","authority-owned",""
"AU","AUS","Australia","Australian Prudential Regulation Authority","Prudential supervision; Insurance; Pensions","enforcement-visible","http://www.apra.gov.au/","challenge-protected","https://www.apra.gov.au/about-us/our-functions/enforcement","Infringement notices|https://www.apra.gov.au/registers/list-infringement-notices|unqualified-candidate|unqualified; Infringement Notice Register|https://www.apra.gov.au/registers/infringement-notices/infringement-notice-register|unqualified-candidate|unqualified; Enforcement|https://www.apra.gov.au/about-us/our-functions/enforcement|authority-owned-qualified-route|approved-for-human-contract; Guidelines on the use of infringement notices by the Australian Prudential Regulation Authority|https://www.apra.gov.au/about-us/our-functions/enforcement/guidelines-use-infringement-notices-australian-prudential|unqualified-candidate|unqualified","","Enforcement|https://www.apra.gov.au/about-us/our-functions/enforcement","","enforcement","BIS; IAIS; IOPS","https://www.bis.org/regauth.htm; https://www.iais.org/about-the-iais/iais-members/; https://www.iopsweb.org/en/membership/iops-members-and-observers.html","2026-08-20T12:09:41.497Z","2026-08-20T12:10:41.904Z","2026-08-20T12:11:07.553Z","low-frequency","provisional-first-page-scan","automated-first-page-date-scan","2024-01","2026-08","2026-08-20","month","first-page-only-unvalidated","6","2024-01; 2024-03; 2024-06; 2024-07; 2024-12; 2025-03","2025-03","month","strong-official-publication-candidate","enforcement_archive","authority-owned",""
"AU","AUS","Australia","Australian Securities and Investments Commission*","Securities; Insurance","identity-confirmed","http://www.asic.gov.au/","reachable","https://www.asic.gov.au/","Enforcement activities|https://www.asic.gov.au/about-asic/asic-investigations-and-enforcement/enforcement-activities|unqualified-candidate|unqualified; Investigations and enforcement|https://www.asic.gov.au/|authority-owned-qualified-route|approved-for-human-contract; Investigation and enforcement|https://www.asic.gov.au/about-asic/asic-investigations-and-enforcement/|unqualified-candidate|unqualified; ALAMMC Developments|https://www.asic.gov.au/about-asic/asic-investigations-and-enforcement/enforcement-activities/alammc-developments/|unqualified-candidate|unqualified; Ascent Investments and Coaching Pty Ltd and Michael Dunjey|https://www.asic.gov.au/about-asic/asic-investigations-and-enforcement/enforcement-activities/ascent-investments-and-coaching-pty-ltd-and-michael-dunjey/|unqualified-candidate|unqualified; Brite Advisors|https://www.asic.gov.au/about-asic/asic-investigations-and-enforcement/enforcement-activities/brite-advisors/|unqualified-candidate|unqualified; First Guardian Master Fund|https://www.asic.gov.au/about-asic/asic-investigations-and-enforcement/enforcement-activities/first-guardian-master-fund/|unqualified-candidate|unqualified; First Mutual Private Equity Pty Ltd and Mr Cotton|https://www.asic.gov.au/about-asic/asic-investigations-and-enforcement/enforcement-activities/first-mutual-private-equity-pty-ltd-and-mr-cotton/|unqualified-candidate|unqualified; Shield Master Fund|https://www.asic.gov.au/about-asic/asic-investigations-and-enforcement/enforcement-activities/shield-master-fund/|unqualified-candidate|unqualified; Youpla Group (formerly Aboriginal Community Benefit Fund)|https://www.asic.gov.au/about-asic/asic-investigations-and-enforcement/enforcement-activities/youpla-group-formerly-aboriginal-community-benefit-fund/|unqualified-candidate|unqualified; Enforcement activities|https://www.asic.gov.au/about-asic/asic-investigations-and-enforcement/enforcement-activities/|unqualified-candidate|unqualified","","Investigations and enforcement|https://www.asic.gov.au/","","enforcement","IOSCO; IAIS","https://www.iosco.org/v2/about/?subsection=membership&memid=1&page=1; https://www.iosco.org/v2/about/?subsection=membership&memid=1&page=8; https://www.iosco.org/v2/about/?subsection=membership&memid=1&page=9; https://www.iosco.org/v2/about/?subsection=membership&memid=1&page=10; https://www.iosco.org/v2/about/?subsection=membership&memid=1&page=11; https://www.iosco.org/v2/about/?subsection=membership&memid=1&page=12; https://www.iais.org/about-the-iais/iais-members/","2026-08-20T12:09:41.497Z","2026-08-20T12:10:41.904Z","2026-08-20T12:11:07.553Z","unknown","provisional-first-page-scan","automated-first-page-date-scan","2024-01","2026-08","2026-08-20","month","first-page-only-unvalidated","0","","","","strong-official-publication-candidate","enforcement_archive","authority-owned",""
"AU","AUS","Australia","Reserve Bank of Australia","Central bank; Prudential supervision","identity-confirmed","http://www.rba.gov.au/","reachable","https://www.rba.gov.au/copyright/","Monetary Policy Decision|https://www.rba.gov.au/media-releases/2026/mr-26-19.html|unqualified-candidate|unqualified; Copyright and Disclaimer Notice|https://www.rba.gov.au/copyright/|unqualified-candidate|manual-review-required; Judicial Notice|https://www.rba.gov.au/judicial-notice/|unqualified-candidate|unqualified","","","","regulatory-update","BIS","https://www.bis.org/cbanks.htm; https://www.bis.org/regauth.htm","2026-08-20T12:09:41.497Z","2026-08-20T12:10:41.904Z","2026-08-20T12:11:07.553Z","unknown","provisional-first-page-scan","automated-first-page-date-scan","2024-01","2026-08","2026-08-20","month","first-page-only-unvalidated","0","","","","generic-or-ambiguous-link","news_or_notice","authority-owned",""
"AU","AUS","Australia","The Australian Transaction Reports and Analysis Centre (AUSTRAC)","Financial intelligence","identity-confirmed","http://www.austrac.gov.au/","timeout","","","","","","unknown","EGMONT","https://egmontgroup.org/members-by-region/","2026-08-20T12:09:41.497Z","2026-08-20T12:10:41.904Z","2026-08-20T12:10:41.904Z","unknown","provisional-first-page-scan","automated-first-page-date-scan","2024-01","2026-08","2026-08-20","month","first-page-only-unvalidated","0","","","","","","",""
"BD","BGD","Bangladesh","Bangladesh Bank","Central bank; Prudential supervision; Financial intelligence","identity-confirmed","https://www.bb.org.bd/","reachable","https://www.bb.org.bd/mediaroom/notice/notice_342.pdf","Auction Notice|https://www.bb.org.bd/en/index.php/monetaryactivity/auc_notice|unqualified-candidate|unqualified; Information regarding enlistment of CA firms for auditing Banks and Finance Companies|https://www.bb.org.bd/mediaroom/notice/notice_342.pdf|unqualified-candidate|manual-review-required; MPC Resolution: 29th June, 2026|https://www.bb.org.bd/mediaroom/notice/notice_340.pdf|unqualified-candidate|unqualified; BRPD-2 Circular Letter No. 12: Exemption from the provision of section 27KaKa(3) of Bank-Company Act 1991 (amended upto 2023) for disbursement of the remaining syndicated foreign currency loan portion|https://www.bb.org.bd/mediaroom/circulars/brpd-2/aug192026brpd-2l12.pdf|unqualified-candidate|unqualified; Notice Board|https://www.bb.org.bd/en/index.php/mediaroom/noticeboard|unqualified-candidate|unqualified","","","","unknown","BIS; EGMONT","https://www.bis.org/cbanks.htm; https://www.bis.org/regauth.htm; https://egmontgroup.org/members-by-region/","2026-08-20T12:09:41.497Z","2026-08-20T12:10:41.904Z","2026-08-20T12:11:07.553Z","unknown","provisional-first-page-scan","automated-first-page-date-scan","2024-01","2026-08","2026-08-20","month","first-page-only-unvalidated","0","","","","generic-or-ambiguous-link","detail_document","authority-owned",""
"BD","BGD","Bangladesh","Bangladesh Securities and Exchange Commission","Securities","identity-confirmed","http://www.sec.gov.bd/","reachable","https://sec.gov.bd/home/enforcement","Enforcement Division|https://sec.gov.bd/home/enforcement_division|unqualified-candidate|unqualified; Enforcement Department|https://sec.gov.bd/home/enforcement|authority-owned-qualified-route|approved-for-human-contract; Notice for Training Program|https://sec.gov.bd/home/ntprogram|unqualified-candidate|unqualified; Caution Notice|https://sec.gov.bd/home/inotice|unqualified-candidate|unqualified; Enforcement Actions|https://sec.gov.bd/home/enforcementreport/2026|unqualified-candidate|unqualified; নীতিমালা/সভার সিদ্ধান্ত/কার্যবিবরণী|https://sec.gov.bd/home/Policies_Guidelines_Meeting_Decisions_Minutes|unqualified-candidate|unqualified; Recruitment Notice|https://sec.gov.bd/home/careers|unqualified-candidate|unqualified; Auditors Panel of BSEC|https://sec.gov.bd/notice/POA_22.07.2026.pdf|unqualified-candidate|unqualified","","Enforcement Department|https://sec.gov.bd/home/enforcement","","enforcement","IOSCO","https://www.iosco.org/v2/about/?subsection=membership&memid=1&page=1; https://www.iosco.org/v2/about/?subsection=membership&memid=1&page=8; https://www.iosco.org/v2/about/?subsection=membership&memid=1&page=9; https://www.iosco.org/v2/about/?subsection=membership&memid=1&page=10; https://www.iosco.org/v2/about/?subsection=membership&memid=1&page=11; https://www.iosco.org/v2/about/?subsection=membership&memid=1&page=12","2026-08-20T12:09:41.497Z","2026-08-20T12:10:41.904Z","2026-08-20T12:11:07.553Z","unknown","provisional-first-page-scan","automated-first-page-date-scan","2024-01","2026-08","2026-08-20","month","first-page-only-unvalidated","0","","","","strong-official-publication-candidate","enforcement_archive","authority-owned",""
"BT","BTN","Bhutan","Royal Monetary Authority of Bhutan","Central bank; Prudential supervision; Financial intelligence","identity-confirmed","http://www.rma.org.bt/","timeout","","","","","","unknown","BIS; EGMONT","https://www.bis.org/cbanks.htm; https://www.bis.org/regauth.htm; https://egmontgroup.org/members-by-region/","2026-08-20T12:09:41.497Z","2026-08-20T12:10:41.904Z","2026-08-20T12:10:41.904Z","unknown","provisional-first-page-scan","automated-first-page-date-scan","2024-01","2026-08","2026-08-20","month","first-page-only-unvalidated","0","","","","","","",""
"BN","BRN","Brunei","Brunei Darussalam Central Bank","Central bank; Securities; Insurance; Financial intelligence","identity-confirmed","https://www.bdcb.gov.bn/","reachable","https://www.bdcb.gov.bn/regulatory/enforcement","Enforcement|https://www.bdcb.gov.bn/regulatory/enforcement|authority-owned-qualified-route|approved-for-human-contract","","Enforcement|https://www.bdcb.gov.bn/regulatory/enforcement","","enforcement","BIS; IOSCO; IAIS; EGMONT","https://www.bis.org/cbanks.htm; https://www.iosco.org/v2/about/?subsection=membership&memid=1&page=2; https://www.iais.org/about-the-iais/iais-members/; https://egmontgroup.org/members-by-region/","2026-08-20T12:09:41.497Z","2026-08-20T12:10:41.904Z","2026-08-20T12:11:07.553Z","unknown","provisional-first-page-scan","automated-first-page-date-scan","2024-01","2026-08","2026-08-20","month","first-page-only-unvalidated","0","","","","strong-official-publication-candidate","enforcement_archive","authority-owned",""
"KH","KHM","Cambodia","Insurance Regulator of Cambodia","Insurance","identity-confirmed","","no-public-website","","","","","","unknown","IAIS","https://www.iais.org/about-the-iais/iais-members/","2026-08-20T12:09:41.497Z","2026-08-20T12:10:41.904Z","2026-08-20T12:10:41.904Z","unknown","provisional-first-page-scan","automated-first-page-date-scan","2024-01","2026-08","2026-08-20","month","first-page-only-unvalidated","0","","","","","","",""
"KH","KHM","Cambodia","Ministry of Labour and Vocational Training","Pensions","identity-confirmed","https://www.mlvt.gov.kh/","reachable","","","","","","unknown","IOPS","https://www.iopsweb.org/en/membership/iops-members-and-observers.html","2026-08-20T12:09:41.497Z","2026-08-20T12:10:41.904Z","2026-08-20T12:10:41.904Z","unknown","provisional-first-page-scan","automated-first-page-date-scan","2024-01","2026-08","2026-08-20","month","first-page-only-unvalidated","0","","","","","","",""
"KH","KHM","Cambodia","National Bank of Cambodia","Central bank; Financial intelligence","identity-confirmed","https://www.nbc.org.kh/english/","timeout","","","","","","unknown","BIS; EGMONT","https://www.bis.org/cbanks.htm; https://egmontgroup.org/members-by-region/","2026-08-20T12:09:41.497Z","2026-08-20T12:10:41.904Z","2026-08-20T12:10:41.904Z","unknown","provisional-first-page-scan","automated-first-page-date-scan","2024-01","2026-08","2026-08-20","month","first-page-only-unvalidated","0","","","","","","",""
"CN","CHN","China","China Banking Regulatory Commission","Prudential supervision; Insurance","identity-confirmed","http://www.cbrc.gov.cn/","network-error","","","","","","unknown","BIS; IAIS","https://www.bis.org/regauth.htm; https://www.iais.org/about-the-iais/iais-members/","2026-08-20T12:09:41.497Z","2026-08-20T12:10:41.904Z","2026-08-20T12:10:41.904Z","unknown","provisional-first-page-scan","automated-first-page-date-scan","2024-01","2026-08","2026-08-20","month","first-page-only-unvalidated","0","","","","","","",""
"CN","CHN","China","China Securities Regulatory Commission*","Securities","identity-confirmed","http://www.csrc.gov.cn/pub/csrc_en/","reachable","https://www.csrc.gov.cn/csrc/c101971/zfxxgk_zdgk.shtml","行政处罚|https://www.csrc.gov.cn/csrc/c101971/zfxxgk_zdgk.shtml?channelid=17d5ff2fe43e488dba825807ae40d63f|unqualified-candidate|unqualified; 中国证券监督管理委员会行政处罚决定书|https://www.csrc.gov.cn/csrc/c101928/c7650681/content.shtml|unqualified-candidate|unqualified; 中国证券监督管理委员会行政处罚决定书|https://www.csrc.gov.cn/csrc/c101928/c7650677/content.shtml|unqualified-candidate|unqualified; 中国证券监督管理委员会行政处罚决定书|https://www.csrc.gov.cn/csrc/c101928/c7650675/content.shtml|unqualified-candidate|unqualified; 中国证券监督管理委员会行政处罚决定书|https://www.csrc.gov.cn/csrc/c101928/c7650671/content.shtml|unqualified-candidate|unqualified; 中国证券监督管理委员会行政处罚决定书|https://www.csrc.gov.cn/csrc/c101928/c7650660/content.shtml|unqualified-candidate|unqualified; 中国证券监督管理委员会行政处罚决定书|https://www.csrc.gov.cn/csrc/c101928/c7647312/content.shtml|unqualified-candidate|unqualified; 关于就《中国证监会行政处罚案件违法所得认定办法（征求意见稿）》公开征求意见的通知|https://www.csrc.gov.cn/csrc/c101981/c7627021/content.shtml|unqualified-candidate|unqualified; 关于就《违规转让证券案件行政处罚实施规则（征求意见稿）》公开征求意见的通知|https://www.csrc.gov.cn/csrc/c101981/c7626994/content.shtml|unqualified-candidate|unqualified; 行政处罚|https://www.csrc.gov.cn/csrc/c101971/zfxxgk_zdgk.shtml|authority-owned-qualified-route|approved-for-human-contract","","行政处罚|https://www.csrc.gov.cn/csrc/c101971/zfxxgk_zdgk.shtml","","enforcement","IOSCO","https://www.iosco.org/v2/about/?subsection=membership&memid=1&page=2","2026-08-20T12:09:41.497Z","2026-08-20T12:10:41.904Z","2026-08-20T12:11:07.553Z","unknown","provisional-first-page-scan","automated-first-page-date-scan","2024-01","2026-08","2026-08-20","month","first-page-only-unvalidated","0","","","","strong-official-publication-candidate","enforcement_archive","authority-owned",""
"CN","CHN","China","National Financial Regulatory Administration","Pensions","identity-confirmed","https://www.nfra.gov.cn/","reachable","","","","","","unknown","IOPS","https://www.iopsweb.org/en/membership/iops-members-and-observers.html","2026-08-20T12:09:41.497Z","2026-08-20T12:10:41.904Z","2026-08-20T12:10:41.904Z","unknown","provisional-first-page-scan","automated-first-page-date-scan","2024-01","2026-08","2026-08-20","month","first-page-only-unvalidated","0","","","","","","",""
"CN","CHN","China","The People's Bank of China","Central bank; Prudential supervision","identity-confirmed","http://www.pbc.gov.cn/en/3688006/index.html","reachable","https://www.pbc.gov.cn/en/3688241/3688636/3688648/index.html","Risk Warning and Financial Sanction-UN Regulations|https://www.pbc.gov.cn/en/3688241/3688636/3688648/index.html|authority-owned-qualified-route|approved-for-human-contract; Risk Warning and Financial Sanction|https://www.pbc.gov.cn/en/3688241/3688777/3688795/index.html|unqualified-candidate|unqualified; PBOC and SAFE Issue the Notice on Centralized Operations of Cross-Border RMB and Foreign-currency Funds for Multinational Corporations|https://www.pbc.gov.cn/en/3688110/3688172/2026/2026081813543448547/index.html|unqualified-candidate|unqualified; Notice of the PBOC, NFRA and CSRC on Issuing the Green Finance Endorsed Project Catalogue (2025 Edition)|https://www.pbc.gov.cn/en/3688006/3995557/2025112114583967269/index.html|unqualified-candidate|unqualified","","Risk Warning and Financial Sanction-UN Regulations|https://www.pbc.gov.cn/en/3688241/3688636/3688648/index.html","","enforcement","BIS","https://www.bis.org/cbanks.htm; https://www.bis.org/regauth.htm","2026-08-20T12:09:41.497Z","2026-08-20T12:10:41.904Z","2026-08-20T12:11:07.553Z","unknown","provisional-first-page-scan","automated-first-page-date-scan","2024-01","2026-08","2026-08-20","month","first-page-only-unvalidated","0","","","","strong-official-publication-candidate","sanctions_or_penalty_list","authority-owned",""
"CK","COK","Cook Islands","Financial Supervisory Commission","Prudential supervision; Financial intelligence","identity-confirmed","http://www.fsc.gov.ck/","challenge-protected","https://www.fsc.gov.ck/public/content.aspx?cn=CompanySanctions","Public Notices|https://www.fsc.gov.ck/public/content.aspx?cn=PublicNotice|unqualified-candidate|unqualified; Sanctions|https://www.fsc.gov.ck/public/content.aspx?cn=CompanySanctions|unqualified-candidate|browser-review-required","","","","unknown","BIS; EGMONT","https://www.bis.org/regauth.htm; https://egmontgroup.org/members-by-region/","2026-08-20T12:09:41.497Z","2026-08-20T12:10:41.904Z","2026-08-20T12:11:07.553Z","unknown","provisional-first-page-scan","automated-first-page-date-scan","2024-01","2026-08","2026-08-20","month","first-page-only-unvalidated","0","","","","not-observable","not-observable","not-observable",""
"FJ","FJI","Fiji","Fiji  Financial Intelligence Unit (Fiji-FIU)","Financial intelligence","identity-confirmed","http://www.fijifiu.gov.fj/","reachable","","","","","","unknown","EGMONT","https://egmontgroup.org/members-by-region/","2026-08-20T12:09:41.497Z","2026-08-20T12:10:41.904Z","2026-08-20T12:10:41.904Z","unknown","provisional-first-page-scan","automated-first-page-date-scan","2024-01","2026-08","2026-08-20","month","first-page-only-unvalidated","0","","","","","","",""
"FJ","FJI","Fiji","Reserve Bank of Fiji","Central bank; Prudential supervision","identity-confirmed","http://www.rbf.gov.fj/","reachable","","","","","","unknown","BIS","https://www.bis.org/cbanks.htm; https://www.bis.org/regauth.htm","2026-08-20T12:09:41.497Z","2026-08-20T12:10:41.904Z","2026-08-20T12:10:41.904Z","unknown","provisional-first-page-scan","automated-first-page-date-scan","2024-01","2026-08","2026-08-20","month","first-page-only-unvalidated","0","","","","","","",""
"IN","IND","India","Financial Intelligence Unit India (FIU-IND)","Financial intelligence","identity-confirmed","http://fiuindia.gov.in/","timeout","","","","","","unknown","EGMONT","https://egmontgroup.org/members-by-region/","2026-08-20T12:09:41.497Z","2026-08-20T12:10:41.904Z","2026-08-20T12:10:41.904Z","unknown","provisional-first-page-scan","automated-first-page-date-scan","2024-01","2026-08","2026-08-20","month","first-page-only-unvalidated","0","","","","","","",""
"IN","IND","India","Insurance Regulatory and Development Authority of India (IRDAI)","Insurance","identity-confirmed","https://www.irdai.gov.in/Defaulthome.aspx?page=H1","access-blocked","","","","","","unknown","IAIS","https://www.iais.org/about-the-iais/iais-members/","2026-08-20T12:09:41.497Z","2026-08-20T12:10:41.904Z","2026-08-20T12:10:41.904Z","unknown","provisional-first-page-scan","automated-first-page-date-scan","2024-01","2026-08","2026-08-20","month","first-page-only-unvalidated","0","","","","","","",""
"IN","IND","India","International Financial Services Centres Authority (IFSCA)","Insurance; Pensions","identity-confirmed","https://www.ifsca.gov.in/","challenge-protected","https://ifsca.gov.in/Pages/Contents/About_Enforcement","UAPA Orders and Notifications|https://ifsca.gov.in/Pages/Contents/UNSC-Sanctions-Committee-List|unqualified-candidate|unqualified; Public Notice|https://ifsca.gov.in/SezMeeting/PublicNotice|unqualified-candidate|unqualified; Enforcement Actions|https://ifsca.gov.in/Pages/Contents/Enforcement-Actions|unqualified-candidate|unqualified; Unserved Notices|https://ifsca.gov.in/Pages/Contents/Unserved-Notices|unqualified-candidate|unqualified; Unserved Notices which resulted in order|https://ifsca.gov.in/Pages/Contents/Unserved-notices-which-resulted-in-Order|unqualified-candidate|unqualified; About Enforcement|https://ifsca.gov.in/Pages/Contents/About_Enforcement|authority-owned-qualified-route|approved-for-human-contract","","About Enforcement|https://ifsca.gov.in/Pages/Contents/About_Enforcement","","enforcement","IAIS; IOPS","https://www.iais.org/about-the-iais/iais-members/; https://www.iopsweb.org/en/membership/iops-members-and-observers.html","2026-08-20T12:09:41.497Z","2026-08-20T12:10:41.904Z","2026-08-20T12:11:07.553Z","unknown","provisional-first-page-scan","automated-first-page-date-scan","2024-01","2026-08","2026-08-20","month","first-page-only-unvalidated","0","","","","strong-official-publication-candidate","enforcement_archive","authority-owned",""
"IN","IND","India","Pension Fund Regulatory and Development Authority","Pensions","enforcement-visible","https://www.pfrda.org.in/","reachable","https://www.pfrda.org.in/regulatory-framework/orders/enforcement-orders","Pension Fund Regulatory and Development...|https://www.pfrda.org.in/en/web/pfrda/w/pension-fund-regulatory-and-development-authority-exits-and-withdrawals-under-the-national-pension-system-regulations-2015-last-amended-on-20th-july-2026-.|unqualified-candidate|unqualified; PFRDA (REGISTRATION OF PENSION FUNDS)...|https://www.pfrda.org.in/en/web/pfrda/w/pfrda-registration-of-pension-funds-guidelines-2026-amended-on-13.07.2026-|unqualified-candidate|unqualified; NOTICE INVITING PROPOSALS FOR SELECTION...|https://www.pfrda.org.in/en/web/pfrda/w/notice-inviting-proposals-for-selection-of-sponsors-of-pension-funds-on-tap-basis|unqualified-candidate|unqualified; Circular - Introduction of NPS...|https://www.pfrda.org.in/en/web/pfrda/w/circular-introduction-of-nps-pride-disha-pension-fund-returns-for-informed-decision-empowerment-a-subscriber-awareness-and-decision-support-digital-tool-kit|unqualified-candidate|unqualified; Enforcement Orders|https://www.pfrda.org.in/regulatory-framework/orders/enforcement-orders|authority-owned-qualified-route|approved-for-human-contract; Notices|https://www.pfrda.org.in/regulatory-framework/orders/notices|unqualified-candidate|unqualified; Orders and Notices|https://www.pfrda.org.in/regulatory-framework/orders/general-orders|unqualified-candidate|unqualified; Circular - Introduction of NPS PRIDE- DISHA (Pension Fund Returns for Informed Decision & Empowerment) : A Subscriber Awareness and Decision Support Digital Tool Kit 14-07-2026|https://www.pfrda.org.in/w/circular-introduction-of-nps-pride-disha-pension-fund-returns-for-informed-decision-empowerment-a-subscriber-awareness-and-decision-support-digital-tool-kit|unqualified-candidate|unqualified","","Enforcement Orders|https://www.pfrda.org.in/regulatory-framework/orders/enforcement-orders","","enforcement","IOPS","https://www.iopsweb.org/en/membership/iops-members-and-observers.html","2026-08-20T12:09:41.497Z","2026-08-20T12:10:41.904Z","2026-08-20T12:11:07.553Z","low-frequency","provisional-first-page-scan","automated-first-page-date-scan","2024-01","2026-08","2026-08-20","month","first-page-only-unvalidated","1","2026-06","2026-06","month","strong-official-publication-candidate","enforcement_archive","authority-owned",""
"IN","IND","India","Reserve Bank of India","Central bank; Prudential supervision","identity-confirmed","http://www.rbi.org.in/home.aspx","http-error","","","","","","unknown","BIS","https://www.bis.org/cbanks.htm; https://www.bis.org/regauth.htm","2026-08-20T12:09:41.497Z","2026-08-20T12:10:41.904Z","2026-08-20T12:10:41.904Z","unknown","provisional-first-page-scan","automated-first-page-date-scan","2024-01","2026-08","2026-08-20","month","first-page-only-unvalidated","0","","","","","","",""
"IN","IND","India","Securities and Exchange Board of India*","Securities","identity-confirmed","http://www.sebi.gov.in/","network-error","","","","","","unknown","IOSCO","https://www.iosco.org/v2/about/?subsection=membership&memid=1&page=3","2026-08-20T12:09:41.497Z","2026-08-20T12:10:41.904Z","2026-08-20T12:10:41.904Z","unknown","provisional-first-page-scan","automated-first-page-date-scan","2024-01","2026-08","2026-08-20","month","first-page-only-unvalidated","0","","","","","","",""
"ID","IDN","Indonesia","Bank Indonesia","Central bank; Prudential supervision","identity-confirmed","http://www.bi.go.id/en/","network-error","","","","","","unknown","BIS","https://www.bis.org/cbanks.htm; https://www.bis.org/regauth.htm","2026-08-20T12:09:41.497Z","2026-08-20T12:10:41.904Z","2026-08-20T12:10:41.904Z","unknown","provisional-first-page-scan","automated-first-page-date-scan","2024-01","2026-08","2026-08-20","month","first-page-only-unvalidated","0","","","","","","",""
"ID","IDN","Indonesia","Indonesia Financial Services Authority","Securities; Insurance; Pensions","identity-confirmed","https://www.ojk.go.id/en/Default.aspx","reachable","","","","","","unknown","IOSCO; IAIS; IOPS","https://www.iosco.org/v2/about/?subsection=membership&memid=1&page=3; https://www.iais.org/about-the-iais/iais-members/; https://www.iopsweb.org/en/membership/iops-members-and-observers.html","2026-08-20T12:09:41.497Z","2026-08-20T12:10:41.904Z","2026-08-20T12:10:41.904Z","unknown","provisional-first-page-scan","automated-first-page-date-scan","2024-01","2026-08","2026-08-20","month","first-page-only-unvalidated","0","","","","","","",""
"ID","IDN","Indonesia","Indonesian Financial Transaction Reports and Analysis Centre (PPATK)","Financial intelligence","identity-confirmed","http://www.ppatk.go.id/?reloaded=yes","reachable","","","","","","unknown","EGMONT","https://egmontgroup.org/members-by-region/","2026-08-20T12:09:41.497Z","2026-08-20T12:10:41.904Z","2026-08-20T12:10:41.904Z","unknown","provisional-first-page-scan","automated-first-page-date-scan","2024-01","2026-08","2026-08-20","month","first-page-only-unvalidated","0","","","","","","",""
"JP","JPN","Japan","Bank of Japan","Central bank; Prudential supervision","identity-confirmed","http://www.boj.or.jp/en/","reachable","https://www.boj.or.jp/en/about/organization/notice/index.htm","Notices of Changes and Corrections|https://www.boj.or.jp/en/statistics/outline/notice_2026/index.htm|unqualified-candidate|unqualified; Notices of Changes and Revisions|https://www.boj.or.jp/en/statistics/outline/general_notice/index.htm|unqualified-candidate|unqualified; Warning against Scams Using the Bank's Name|https://www.boj.or.jp/en/about/organization/notice/index.htm|unqualified-candidate|manual-review-required; Release of Latest ""Loans and Bills Discounted by Sector"" and ""Loans to Households"" Data|https://www.boj.or.jp/en/statistics/outline/notice_2026/not260810a.htm|unqualified-candidate|unqualified","","","","regulatory-update","BIS","https://www.bis.org/cbanks.htm; https://www.bis.org/regauth.htm","2026-08-20T12:09:41.497Z","2026-08-20T12:10:41.904Z","2026-08-20T12:11:07.553Z","unknown","provisional-first-page-scan","automated-first-page-date-scan","2024-01","2026-08","2026-08-20","month","first-page-only-unvalidated","0","","","","plausible-official-publication-candidate","news_or_notice","authority-owned",""
"JP","JPN","Japan","Financial Services Agency","Prudential supervision; Securities; Insurance","identity-confirmed","http://www.fsa.go.jp/en/index.html","reachable","https://www.fsa.go.jp/en/regulated_institutions/index.html","Administrative Action|https://www.fsa.go.jp/en/regulated_institutions/index.html|unqualified-candidate|manual-review-required","","","","enforcement","BIS; IOSCO; IAIS","https://www.bis.org/regauth.htm; https://www.iosco.org/v2/about/?subsection=membership&memid=1&page=4; https://www.iais.org/about-the-iais/iais-members/","2026-08-20T12:09:41.497Z","2026-08-20T12:10:41.904Z","2026-08-20T12:11:07.553Z","unknown","provisional-first-page-scan","automated-first-page-date-scan","2024-01","2026-08","2026-08-20","month","first-page-only-unvalidated","0","","","","generic-or-ambiguous-link","decision_register","authority-owned",""
"JP","JPN","Japan","Japan  Financial Intelligence Center (JAFIC)","Financial intelligence","identity-confirmed","http://www.npa.go.jp/sosikihanzai/jafic/index_e.htm","reachable","","","","","","unknown","EGMONT","https://egmontgroup.org/members-by-region/","2026-08-20T12:09:41.497Z","2026-08-20T12:10:41.904Z","2026-08-20T12:10:41.904Z","unknown","provisional-first-page-scan","automated-first-page-date-scan","2024-01","2026-08","2026-08-20","month","first-page-only-unvalidated","0","","","","","","",""
"JP","JPN","Japan","Ministry of Agriculture, Forestry and Fisheries","Securities","identity-confirmed","http://www.maff.go.jp/","reachable","","","","","","unknown","IOSCO","https://www.iosco.org/v2/about/?subsection=membership&memid=1&page=4","2026-08-20T12:09:41.497Z","2026-08-20T12:10:41.904Z","2026-08-20T12:10:41.904Z","unknown","provisional-first-page-scan","automated-first-page-date-scan","2024-01","2026-08","2026-08-20","month","first-page-only-unvalidated","0","","","","","","",""
"JP","JPN","Japan","Ministry of Economy, Trade and Industry","Securities","identity-confirmed","https://www.meti.go.jp/","reachable","https://www.meti.go.jp/press/2026/08/20260810001.html","懲戒処分の公表について|https://www.meti.go.jp/press/2026/08/20260810001.html|authority-owned-qualified-route|approved-for-human-contract","","懲戒処分の公表について|https://www.meti.go.jp/press/2026/08/20260810001.html","","enforcement","IOSCO","https://www.iosco.org/v2/about/?subsection=membership&memid=1&page=4","2026-08-20T12:09:41.497Z","2026-08-20T12:10:41.904Z","2026-08-20T12:11:07.553Z","unknown","provisional-first-page-scan","automated-first-page-date-scan","2024-01","2026-08","2026-08-20","month","first-page-only-unvalidated","0","","","","strong-official-publication-candidate","enforcement_archive","authority-owned",""
"KZ","KAZ","Kazakhstan","Agency of the Republic of Kazakhstan for Regulation and Development of Financial Market","Securities; Insurance","identity-confirmed","http://www.finreg.kz/","network-error","","","","","","unknown","IOSCO; IAIS","https://www.iosco.org/v2/about/?subsection=membership&memid=1&page=4; https://www.iais.org/about-the-iais/iais-members/","2026-08-20T12:09:41.497Z","2026-08-20T12:10:41.904Z","2026-08-20T12:10:41.904Z","unknown","provisional-first-page-scan","automated-first-page-date-scan","2024-01","2026-08","2026-08-20","month","first-page-only-unvalidated","0","","","","","","",""
"KZ","KAZ","Kazakhstan","Astana Financial Services Authority (AFSA)","Insurance","identity-confirmed","http://www.afsa.kz/","reachable","https://afsa.aifc.kz/notice-register/","Notice Register|https://afsa.aifc.kz/notice-register/|unqualified-candidate|manual-review-required","","","","regulatory-update","IAIS","https://www.iais.org/about-the-iais/iais-members/","2026-08-20T12:09:41.497Z","2026-08-20T12:10:41.904Z","2026-08-20T12:11:07.553Z","unknown","provisional-first-page-scan","automated-first-page-date-scan","2024-01","2026-08","2026-08-20","month","first-page-only-unvalidated","0","","","","plausible-official-publication-candidate","news_or_notice","external-unqualified",""
"KZ","KAZ","Kazakhstan","Financial Monitoring Agency of the Republic of Kazakhstan","Financial intelligence","identity-confirmed","https://afmrk.gov.kz/en/index/","network-error","","","","","","unknown","EGMONT","https://egmontgroup.org/members-by-region/","2026-08-20T12:09:41.497Z","2026-08-20T12:10:41.904Z","2026-08-20T12:10:41.904Z","unknown","provisional-first-page-scan","automated-first-page-date-scan","2024-01","2026-08","2026-08-20","month","first-page-only-unvalidated","0","","","","","","",""
"KZ","KAZ","Kazakhstan","National Bank of Kazakhstan","Central bank; Prudential supervision","identity-confirmed","https://nationalbank.kz/en","reachable","https://nationalbank.kz/en/sanction/sankcii-i-mery-vozdeystviya","2015 – 2026 Decision Making Schedule|https://nationalbank.kz/en/news/grafik-prinyatiya-resheniy-po-bazovoy-stavke|unqualified-candidate|unqualified; Measures being imposed|https://nationalbank.kz/en/sanction/sankcii-i-mery-vozdeystviya|authority-owned-qualified-route|approved-for-human-contract; Procedure to dispute the decisions made on the basis of results of the appeal consideration|https://nationalbank.kz/en/page/poryadok-obzhalovaniya-resheniy-prinyatyh-po-rezultatam-rassmotreniya-obrashcheniy|unqualified-candidate|unqualified; Decision on the Base Rate|https://nationalbank.kz/en/news/press-relizy/rubrics/2275|unqualified-candidate|unqualified; Timeline of decisions|https://nationalbank.kz/en/news/grafik-prinyatiya-resheniy-po-bazovoy-stavke/rubrics/2098|unqualified-candidate|unqualified","","Measures being imposed|https://nationalbank.kz/en/sanction/sankcii-i-mery-vozdeystviya","","enforcement","BIS","https://www.bis.org/cbanks.htm; https://www.bis.org/regauth.htm","2026-08-20T12:09:41.497Z","2026-08-20T12:10:41.904Z","2026-08-20T12:11:07.553Z","unknown","provisional-first-page-scan","automated-first-page-date-scan","2024-01","2026-08","2026-08-20","month","first-page-only-unvalidated","0","","","","strong-official-publication-candidate","sanctions_or_penalty_list","authority-owned",""
"KZ","KAZ","Kazakhstan","The Agency of the Republic of Kazakhstan for Regulation and Development of Financial Market","Prudential supervision; Pensions","identity-confirmed","https://www.gov.kz/memleket/entities/ardfm?lang=en","reachable","","","","","","unknown","BIS; IOPS","https://www.bis.org/regauth.htm; https://www.iopsweb.org/en/membership/iops-members-and-observers.html","2026-08-20T12:09:41.497Z","2026-08-20T12:10:41.904Z","2026-08-20T12:10:41.904Z","unknown","provisional-first-page-scan","automated-first-page-date-scan","2024-01","2026-08","2026-08-20","month","first-page-only-unvalidated","0","","","","","","",""
"KR","KOR","South Korea","Bank of Korea","Central bank; Prudential supervision","identity-confirmed","https://www.bok.or.kr/eng/main/main.do","reachable","https://www.bok.or.kr/eng/main/contents.do?menuNo=400017","Monetary Policy Decisions|https://www.bok.or.kr/eng/singl/newsDataEng/list.do?menuNo=400022|unqualified-candidate|unqualified; Notice|https://www.bok.or.kr/eng/singl/newsDataEng/list.do?menuNo=400077|unqualified-candidate|unqualified; Decision-making Process of Monetary Policy|https://www.bok.or.kr/eng/main/contents.do?menuNo=400017|unqualified-candidate|manual-review-required; Monetary Policy Decision (July 16, 2026) The Monetary Policy Board (MPB) of the Bank of Korea decided to raise the Base Rate by 25 basis points, from 2.50% to 2.75% for the intermeeting period.|https://www.bok.or.kr/eng/bbs/E0000634/view.do?nttId=11062944&searchCnd=1&searchKwd=&depth2=400417&depth3=400423&depth=400423&pageUnit=10&pageIndex=1&programType=newsDataEng&menuNo=400423&oldMenuNo=400423|unqualified-candidate|unqualified; MSB Issuance Notice(03340-2903-0313) 2026.08.18|https://www.bok.or.kr/eng/bbs/B0000349/view.do?nttId=11063866&menuNo=400403&relate=Y&depth=400403&programType=newsDataEng|unqualified-candidate|unqualified; Notice for Competitive Bidding on Buybacks of Monetary Stabilization Bonds 2026.08.14|https://www.bok.or.kr/eng/bbs/B0000349/view.do?nttId=11063819&menuNo=400403&relate=Y&depth=400403&programType=newsDataEng|unqualified-candidate|unqualified; MSB Issuance Notice(DC026-1117-0910) 2026.08.13|https://www.bok.or.kr/eng/bbs/B0000349/view.do?nttId=11063772&menuNo=400403&relate=Y&depth=400403&programType=newsDataEng|unqualified-candidate|unqualified; MSB Issuance Notice(03370-2707-0101) 2026.08.11|https://www.bok.or.kr/eng/bbs/B0000349/view.do?nttId=11063704&menuNo=400403&relate=Y&depth=400403&programType=newsDataEng|unqualified-candidate|unqualified; MSB Issuance Notice(DC026-1110-0910) 2026.08.07|https://www.bok.or.kr/eng/bbs/B0000349/view.do?nttId=11063614&menuNo=400403&relate=Y&depth=400403&programType=newsDataEng|unqualified-candidate|unqualified","","","","enforcement","BIS","https://www.bis.org/cbanks.htm; https://www.bis.org/regauth.htm","2026-08-20T12:09:41.497Z","2026-08-20T12:10:41.904Z","2026-08-20T12:11:07.553Z","unknown","provisional-first-page-scan","automated-first-page-date-scan","2024-01","2026-08","2026-08-20","month","first-page-only-unvalidated","0","","","","generic-or-ambiguous-link","decision_register","authority-owned",""
"KR","KOR","South Korea","Financial Services Commission/Financial Supervisory Service*","Securities","identity-confirmed","http://www.fsc.go.kr/eng","reachable","","","","","","unknown","IOSCO","https://www.iosco.org/v2/about/?subsection=membership&memid=1&page=4","2026-08-20T12:09:41.497Z","2026-08-20T12:10:41.904Z","2026-08-20T12:10:41.904Z","unknown","provisional-first-page-scan","automated-first-page-date-scan","2024-01","2026-08","2026-08-20","month","first-page-only-unvalidated","0","","","","","","",""
"KR","KOR","South Korea","Financial Supervisory Service","Prudential supervision; Insurance","identity-confirmed","http://english.fss.or.kr/","reachable","https://www.fss.or.kr/eng/main/contents.do?menuNo=400158","Unfair Trading and Enforcement|https://www.fss.or.kr/eng/main/contents.do?menuNo=400158|authority-owned-qualified-route|approved-for-human-contract","","Unfair Trading and Enforcement|https://www.fss.or.kr/eng/main/contents.do?menuNo=400158","","enforcement","BIS; IAIS","https://www.bis.org/regauth.htm; https://www.iais.org/about-the-iais/iais-members/","2026-08-20T12:09:41.497Z","2026-08-20T12:10:41.904Z","2026-08-20T12:11:07.553Z","unknown","provisional-first-page-scan","automated-first-page-date-scan","2024-01","2026-08","2026-08-20","month","first-page-only-unvalidated","0","","","","strong-official-publication-candidate","enforcement_archive","authority-owned",""
"KR","KOR","South Korea","Financial Supervisory Service","Pensions","identity-confirmed","https://www.fss.or.kr/","reachable","https://www.fss.or.kr/fss/bbs/B0000159/list.do?menuNo=200173","제도권 금융회사 조회|https://fine.fss.or.kr/fine/fncco/systemFncCo/list.do?menuNo=900038|unqualified-candidate|unqualified; 채권소멸절차 개시공고|https://www.fss.or.kr/fss/cvpl/stepNotice/list.do?menuNo=200581|unqualified-candidate|unqualified; 집합투자기구공시|http://fines.fss.or.kr/fssnew/index.jsp|unqualified-candidate|unqualified; 소액해외송금업 조회|https://fine.fss.or.kr/fine/fncco/smlamtLnd/list.do?menuNo=900041|unqualified-candidate|unqualified; 검사·제재 제재관련 공시, 과거제재내용공시, 검사징구자료양식, 검사매뉴얼 정보를 제공하는 서비스입니다. 바로가기|https://www.fss.or.kr/fss/bbs/B0000159/list.do?menuNo=200173|authority-owned-qualified-route|approved-for-human-contract; 검사결과제재|https://www.fss.or.kr/fss/job/openInfo/list.do?menuNo=200476|unqualified-candidate|unqualified; 금융용어 사전|http://fine.fss.or.kr/fine/fnctip/fncDicary/list.do?menuNo=900021|unqualified-candidate|unqualified; 중소기업 자영업자 금융지원|http://fine.fss.or.kr/fine/sub/fineIndex/sub.do?menuNo=900227|unqualified-candidate|unqualified; 은행|https://fine.fss.or.kr/fine/fncco/coreMngmt/fisisBank.do?menuNo=900048|unqualified-candidate|unqualified; 생명보험회사|https://fine.fss.or.kr/fine/fncco/coreMngmt/fisisLife.do?menuNo=900049|unqualified-candidate|unqualified; 손해보험회사|https://fine.fss.or.kr/fine/fncco/coreMngmt/fisisNonlife.do?menuNo=900050|unqualified-candidate|unqualified; 금융투자회사|https://fine.fss.or.kr/fine/fncco/coreMngmt/fisisInvest.do?menuNo=900051|unqualified-candidate|unqualified; 저축은행|https://fine.fss.or.kr/fine/fncco/coreMngmt/fisisSavingbank.do?menuNo=900052|unqualified-candidate|unqualified; 카드사|https://fine.fss.or.kr/fine/fncco/coreMngmt/fisisCard.do?menuNo=900053|unqualified-candidate|unqualified; 금융회사별 민원/제재현황|https://www.fss.or.kr/fss/bbs/B0000180/list.do?menuNo=200507|unqualified-candidate|unqualified; 등록대부업체 통합조회|https://fines.fss.or.kr/fines/plis/moneyLenderSearch/MoneyLenderSearch.getMoneyLenderList.do|unqualified-candidate|unqualified; 상속인 조회|http://fine.fss.or.kr/fine/main/contents.do?menuNo=900209|unqualified-candidate|unqualified; 금융자문서비스 안내|https://fine.fss.or.kr/fine/main/contents.do?menuNo=900062|unqualified-candidate|unqualified; 관련 법규|https://www.law.go.kr/LSW/lsSc.do?section=&menuId=1&subMenuId=15&tabMenuId=81&eventGubun=060101&query=%EB%8C%80%EB%B6%80%EC%97%85%EB%B2%95|unqualified-candidate|unqualified; 채권소멸 사실공고|https://www.fss.or.kr/fss/cvpl/extincNotice/list.do?menuNo=200582|unqualified-candidate|unqualified","","검사·제재 제재관련 공시, 과거제재내용공시, 검사징구자료양식, 검사매뉴얼 정보를 제공하는 서비스입니다. 바로가기|https://www.fss.or.kr/fss/bbs/B0000159/list.do?menuNo=200173","","enforcement","IOPS","https://www.iopsweb.org/en/membership/iops-members-and-observers.html","2026-08-20T12:09:41.497Z","2026-08-20T12:10:41.904Z","2026-08-20T12:11:07.553Z","unknown","provisional-first-page-scan","automated-first-page-date-scan","2024-01","2026-08","2026-08-20","month","first-page-only-unvalidated","0","","","","strong-official-publication-candidate","sanctions_or_penalty_list","authority-owned",""
"KR","KOR","South Korea","Korea  Financial Intelligence Unit (KoFIU)","Financial intelligence","identity-confirmed","https://www.kofiu.go.kr/eng/main.do","reachable","https://www.kofiu.go.kr/eng/notification/sanctions.do","Announcement more|https://www.kofiu.go.kr/eng/notification/notice.do|unqualified-candidate|unqualified; Sanctions Disclosure|https://www.kofiu.go.kr/eng/notification/sanctions.do|authority-owned-qualified-route|approved-for-human-contract; Notices/Orders/Rules|https://www.kofiu.go.kr/eng/law/announce_list.do|unqualified-candidate|unqualified; Prior Notice on Enactment/Amendment|https://www.kofiu.go.kr/eng/law/legislation_list.do|unqualified-candidate|unqualified; Specified Financial Transaction Information Act (FTRA) FTRA Defines Proliferation Financing as ‘Criminal Proceeds’ Subject to STR|https://www.kofiu.go.kr/eng/policy/ptfps03.do|unqualified-candidate|unqualified; UN 1267 Committee Consolidated List – Al-Qaida, Usama bin Laden, the Taliban and other individuals|https://main.un.org/securitycouncil/en/sanctions/1267/aq_sanctions_list|unqualified-candidate|unqualified; UN Security Council Resolution 1267 Committee|https://main.un.org/securitycouncil/en/sanctions/1267/resolutions|unqualified-candidate|unqualified","","Sanctions Disclosure|https://www.kofiu.go.kr/eng/notification/sanctions.do","","enforcement","EGMONT","https://egmontgroup.org/members-by-region/","2026-08-20T12:09:41.497Z","2026-08-20T12:10:41.904Z","2026-08-20T12:11:07.553Z","unknown","provisional-first-page-scan","automated-first-page-date-scan","2024-01","2026-08","2026-08-20","month","first-page-only-unvalidated","0","","","","strong-official-publication-candidate","sanctions_or_penalty_list","authority-owned",""
"KG","KGZ","Kyrgyzstan","National Bank of the Kyrgyz Republic","Central bank; Prudential supervision","identity-confirmed","https://www.nbkr.kg/index.jsp?lang=eng","reachable","https://www.nbkr.kg/index1.jsp?item=1631&lang=ENG","Сriminal sanction for counterfeiting|https://www.nbkr.kg/index1.jsp?item=1631&lang=ENG|authority-owned-qualified-route|approved-for-human-contract; Prices for refined gold ingots|https://www.nbkr.kg/index1.jsp?item=3547&lang=ENG|unqualified-candidate|unqualified; next decision will be made onAugust 24, 2026|https://www.nbkr.kg/index1.jsp?item=2526&lang=ENG|unqualified-candidate|unqualified","","Сriminal sanction for counterfeiting|https://www.nbkr.kg/index1.jsp?item=1631&lang=ENG","","enforcement","BIS","https://www.bis.org/cbanks.htm; https://www.bis.org/regauth.htm","2026-08-20T12:09:41.497Z","2026-08-20T12:10:41.904Z","2026-08-20T12:11:07.553Z","unknown","provisional-first-page-scan","automated-first-page-date-scan","2024-01","2026-08","2026-08-20","month","first-page-only-unvalidated","0","","","","strong-official-publication-candidate","sanctions_or_penalty_list","authority-owned",""
"KG","KGZ","Kyrgyzstan","State Service for Financial Market Regulation and Supervision under the Government of the Kyrgyz Republic","Securities","identity-confirmed","https://www.fsa.kg/","network-error","","","","","","unknown","IOSCO","https://www.iosco.org/v2/about/?subsection=membership&memid=1&page=4","2026-08-20T12:09:41.497Z","2026-08-20T12:10:41.904Z","2026-08-20T12:10:41.904Z","unknown","provisional-first-page-scan","automated-first-page-date-scan","2024-01","2026-08","2026-08-20","month","first-page-only-unvalidated","0","","","","","","",""
"KG","KGZ","Kyrgyzstan","The State Financial Intelligence Under the Government of the Kyrgyz Republic (FIS)","Financial intelligence","identity-confirmed","http://www.fiu.gov.kg/en.html","challenge-protected","http://fiu.gov.kg/sked/2","БУУнун Коопсуздук Кеңешинин Жыйынды санкциялык тизмеги|http://fiu.gov.kg/sked/2|unqualified-candidate|browser-review-required; Кыргыз Республикасынын Жыйынды санкциялык тизмеги|http://fiu.gov.kg/sked/9|unqualified-candidate|unqualified","","","","unknown","EGMONT","https://egmontgroup.org/members-by-region/","2026-08-20T12:09:41.497Z","2026-08-20T12:10:41.904Z","2026-08-20T12:11:07.553Z","unknown","provisional-first-page-scan","automated-first-page-date-scan","2024-01","2026-08","2026-08-20","month","first-page-only-unvalidated","0","","","","not-observable","not-observable","not-observable",""
"LA","LAO","Laos","Anti-Money Laundering Intelligence Office of Lao PDR","Financial intelligence","identity-confirmed","http://amlio.gov.la/eng/about.php","reachable","","","","","","unknown","EGMONT","https://egmontgroup.org/members-by-region/","2026-08-20T12:09:41.497Z","2026-08-20T12:10:41.904Z","2026-08-20T12:10:41.904Z","unknown","provisional-first-page-scan","automated-first-page-date-scan","2024-01","2026-08","2026-08-20","month","first-page-only-unvalidated","0","","","","","","",""
"LA","LAO","Laos","Bank of the Lao PDR","Central bank","identity-confirmed","https://www.bol.gov.la/en/index","network-error","","","","","","unknown","BIS","https://www.bis.org/cbanks.htm","2026-08-20T12:09:41.497Z","2026-08-20T12:10:41.904Z","2026-08-20T12:10:41.904Z","unknown","provisional-first-page-scan","automated-first-page-date-scan","2024-01","2026-08","2026-08-20","month","first-page-only-unvalidated","0","","","","","","",""
"MY","MYS","Malaysia","Central Bank of Malaysia","Central bank; Prudential supervision; Insurance","identity-confirmed","http://www.bnm.gov.my/","reachable","https://www.bnm.gov.my/committees/mprc","Public Notices|https://www.bnm.gov.my/notices-announcements/-/tag/notices-2026|unqualified-candidate|unqualified; Enforcement Actions|https://www.bnm.gov.my/enforcement-actions|unqualified-candidate|unqualified; 14 August 2026 recent Joint Enforcement Action against UBB Investment Bank Limited|https://www.bnm.gov.my/-/ea-pn-20260814|unqualified-candidate|unqualified; /monetary-stability/opr-decisions|https://www.bnm.gov.my/monetary-stability/opr-decisions|unqualified-candidate|unqualified; OPR Decisions & Statements|https://www.bnm.gov.my/web/guest/opr-decision-and-statement|unqualified-candidate|unqualified; Monetary Penalty Review Committee|https://www.bnm.gov.my/committees/mprc|authority-owned-qualified-route|approved-for-human-contract","","Monetary Penalty Review Committee|https://www.bnm.gov.my/committees/mprc","","enforcement","BIS; IAIS","https://www.bis.org/cbanks.htm; https://www.bis.org/regauth.htm; https://www.iais.org/about-the-iais/iais-members/","2026-08-20T12:09:41.497Z","2026-08-20T12:10:41.904Z","2026-08-20T12:11:07.553Z","unknown","provisional-first-page-scan","automated-first-page-date-scan","2024-01","2026-08","2026-08-20","month","first-page-only-unvalidated","0","","","","strong-official-publication-candidate","enforcement_archive","authority-owned",""
"MY","MYS","Malaysia","Financial Intelligence Unit Malaysia (UPWBNM)","Financial intelligence","identity-confirmed","http://amlcft.bnm.gov.my/AMLCFT02biii.html","http-error","","","","","","unknown","EGMONT","https://egmontgroup.org/members-by-region/","2026-08-20T12:09:41.497Z","2026-08-20T12:10:41.904Z","2026-08-20T12:10:41.904Z","unknown","provisional-first-page-scan","automated-first-page-date-scan","2024-01","2026-08","2026-08-20","month","first-page-only-unvalidated","0","","","","","","",""
"MY","MYS","Malaysia","Labuan Financial Services Authority (Labuan FSA)","Insurance","identity-confirmed","http://www.labuanfsa.gov.my/","challenge-protected","https://www.labuanfsa.gov.my/","Enforcement Actions|https://www.labuanfsa.gov.my/|unqualified-candidate|browser-review-required; Labuan Financial Services Authority Offices To Close For The Additional Hari Raya Aidilfitri Public Holiday|https://www.labuanfsa.gov.my/clients/asset_717D5286-17F8-4620-B852-83CA4FFCC30C/contentms/img/documents/resources/general-notification/2026/RESTRICTED-PR_Office-Closure-Notice_18032026.pdf|unqualified-candidate|unqualified; Enforcement Actions|https://www.labuanfsa.gov.my/regulations/enforcement-actions|unqualified-candidate|unqualified","","","","unknown","IAIS","https://www.iais.org/about-the-iais/iais-members/","2026-08-20T12:09:41.497Z","2026-08-20T12:10:41.904Z","2026-08-20T12:11:07.553Z","unknown","provisional-first-page-scan","automated-first-page-date-scan","2024-01","2026-08","2026-08-20","month","first-page-only-unvalidated","0","","","","not-observable","not-observable","not-observable",""
"MY","MYS","Malaysia","Securities Commission*","Securities","identity-confirmed","http://www.sc.com.my/","reachable","https://www.sc.com.my/analytics/enforcement","Enforcement|https://www.sc.com.my/regulation/enforcement|unqualified-candidate|unqualified; Enforcement|https://www.sc.com.my/analytics/enforcement|authority-owned-qualified-route|approved-for-human-contract","","Enforcement|https://www.sc.com.my/analytics/enforcement","","enforcement","IOSCO","https://www.iosco.org/v2/about/?subsection=membership&memid=1&page=4","2026-08-20T12:09:41.497Z","2026-08-20T12:10:41.904Z","2026-08-20T12:11:07.553Z","unknown","provisional-first-page-scan","automated-first-page-date-scan","2024-01","2026-08","2026-08-20","month","first-page-only-unvalidated","0","","","","strong-official-publication-candidate","enforcement_archive","authority-owned",""
"MV","MDV","Maldives","Capital Market Development Authority","Securities; Pensions","identity-confirmed","https://cmda.gov.mv/en","reachable","https://cmda.gov.mv/en/enforcement","— Enforcement Committee|https://cmda.gov.mv/en/staff-directory?category=36|unqualified-candidate|unqualified; Enforcement Process|https://cmda.gov.mv/en/enforcement|authority-owned-qualified-route|approved-for-human-contract; Fees, Deposits & Fines|https://cmda.gov.mv/en/downloads/fees-deposits-fines|unqualified-candidate|unqualified; 18 August 2026 License Expiration Notice|https://cmda.gov.mv/en/announcements/license-expiration-notice|unqualified-candidate|unqualified; 03 August 2026 Imposition of Administrative Actions on MTCC|https://cmda.gov.mv/en/announcements/imposition-of-administrative-actions-on-mtcc|unqualified-candidate|unqualified; Fees, Deposits & Fines|https://cmda.gov.mv/en/downloads?category=56|unqualified-candidate|unqualified","","Enforcement Process|https://cmda.gov.mv/en/enforcement","","enforcement","IOSCO; IOPS","https://www.iosco.org/v2/about/?subsection=membership&memid=1&page=4; https://www.iopsweb.org/en/membership/iops-members-and-observers.html","2026-08-20T12:09:41.497Z","2026-08-20T12:10:41.904Z","2026-08-20T12:11:07.553Z","unknown","provisional-first-page-scan","automated-first-page-date-scan","2024-01","2026-08","2026-08-20","month","first-page-only-unvalidated","0","","","","strong-official-publication-candidate","enforcement_archive","authority-owned",""
"MV","MDV","Maldives","Maldives Monetary Authority","Central bank; Prudential supervision; Insurance; Financial intelligence","identity-confirmed","http://www.mma.gov.mv/","reachable","","","","","","unknown","BIS; IAIS; EGMONT","https://www.bis.org/cbanks.htm; https://www.bis.org/regauth.htm; https://www.iais.org/about-the-iais/iais-members/; https://egmontgroup.org/members-by-region/","2026-08-20T12:09:41.497Z","2026-08-20T12:10:41.904Z","2026-08-20T12:10:41.904Z","unknown","provisional-first-page-scan","automated-first-page-date-scan","2024-01","2026-08","2026-08-20","month","first-page-only-unvalidated","0","","","","","","",""
"MH","MHL","Marshall Islands","Domestic  Financial Intelligence Unit (DFIU)","Financial intelligence","identity-confirmed","","no-public-website","","","","","","unknown","EGMONT","https://egmontgroup.org/members-by-region/","2026-08-20T12:09:41.497Z","2026-08-20T12:10:41.904Z","2026-08-20T12:10:41.904Z","unknown","provisional-first-page-scan","automated-first-page-date-scan","2024-01","2026-08","2026-08-20","month","first-page-only-unvalidated","0","","","","","","",""
"MN","MNG","Mongolia","Bank of Mongolia","Central bank; Financial intelligence","identity-confirmed","https://www.mongolbank.mn/en/","reachable","https://www.mongolbank.mn/en/p/1098","Monetary policy decision-making|https://www.mongolbank.mn/en/p/1098|unqualified-candidate|manual-review-required; Macroprudential policy decisions and implementation|https://www.mongolbank.mn/en/p/1164|unqualified-candidate|unqualified; NOTICE|https://www.mongolbank.mn/en/category/5060|unqualified-candidate|unqualified","","","","enforcement","BIS; EGMONT","https://www.bis.org/cbanks.htm; https://egmontgroup.org/members-by-region/","2026-08-20T12:09:41.497Z","2026-08-20T12:10:41.904Z","2026-08-20T12:11:07.553Z","unknown","provisional-first-page-scan","automated-first-page-date-scan","2024-01","2026-08","2026-08-20","month","first-page-only-unvalidated","0","","","","generic-or-ambiguous-link","decision_register","authority-owned",""
"MN","MNG","Mongolia","Financial Regulatory Commission","Securities; Insurance","identity-confirmed","http://www.frc.mn/","reachable","","","","","","unknown","IOSCO; IAIS","https://www.iosco.org/v2/about/?subsection=membership&memid=1&page=5; https://www.iais.org/about-the-iais/iais-members/","2026-08-20T12:09:41.497Z","2026-08-20T12:10:41.904Z","2026-08-20T12:10:41.904Z","unknown","provisional-first-page-scan","automated-first-page-date-scan","2024-01","2026-08","2026-08-20","month","first-page-only-unvalidated","0","","","","","","",""
"MM","MMR","Myanmar","Central Bank of Myanmar","Central bank; Prudential supervision","identity-confirmed","http://www.cbm.gov.mm/","challenge-protected","https://www.cbm.gov.mm/content/2253","Reserve Requirement Penalty Instruction|https://www.cbm.gov.mm/content/2253|unqualified-candidate|browser-review-required; Domestic Sanction List|https://www.cbm.gov.mm/domestic-sanction-list|unqualified-candidate|unqualified; International Sanction List|https://www.cbm.gov.mm/content/6036|unqualified-candidate|unqualified; UN Sanction List|https://www.cbm.gov.mm/un-sanction-list|unqualified-candidate|unqualified","","","","unknown","BIS","https://www.bis.org/cbanks.htm; https://www.bis.org/regauth.htm","2026-08-20T12:09:41.497Z","2026-08-20T12:10:41.904Z","2026-08-20T12:11:07.553Z","unknown","provisional-first-page-scan","automated-first-page-date-scan","2024-01","2026-08","2026-08-20","month","first-page-only-unvalidated","0","","","","not-observable","not-observable","not-observable",""
"NP","NPL","Nepal","Central Bank of Nepal (Nepal Rastra Bank)","Central bank; Prudential supervision; Financial intelligence","identity-confirmed","http://www.nrb.org.np/","challenge-protected","https://www.nrb.org.np/targeted-sanction-list-and-other","Notices|https://www.nrb.org.np/category/notices/?department=ofg|unqualified-candidate|unqualified; Notices|https://www.nrb.org.np/category/miscellaneous-notices/?department=bfr|unqualified-candidate|unqualified; Notices|https://www.nrb.org.np/category/notices/?department=fxm|unqualified-candidate|unqualified; Notices|https://www.nrb.org.np/category/notices/?department=psd|unqualified-candidate|unqualified; Notices|https://www.nrb.org.np/category/notices/?department=bkd|unqualified-candidate|unqualified; ECC Notices|https://www.nrb.org.np/category/ecc-notices/?department=bkd|unqualified-candidate|unqualified; Enforcement Action|https://www.nrb.org.np/category/enforcement-action/?department=bsd|unqualified-candidate|unqualified; Enforcement Action|https://www.nrb.org.np/category/enforcement-action/?department=fisd|unqualified-candidate|unqualified; Notices|https://www.nrb.org.np/category/notices/?department=nbfisd|unqualified-candidate|unqualified; Notices|https://www.nrb.org.np/category/notices/?department=red|unqualified-candidate|unqualified; Notices|https://www.nrb.org.np/category/notices/?department=gsd|unqualified-candidate|unqualified; Notices|https://www.nrb.org.np/category/notices/?department=hrm|unqualified-candidate|unqualified; View More|https://www.nrb.org.np/category/pdm-notices/?department=pdm|unqualified-candidate|unqualified; Virtual Currency/Cryptocurrency, Network Marketing तथा Hyper Fund कारोबार गैरकानूनी रहेको सम्बन्धी सूचना|https://www.nrb.org.np/contents/uploads/2022/08/FXMD-Notice-2_207980_Cryptocurrecy.pdf|unqualified-candidate|unqualified; View More|https://www.nrb.org.np/category/notices/|unqualified-candidate|unqualified; Targeted Sanction List and Other|https://www.nrb.org.np/targeted-sanction-list-and-other|unqualified-candidate|browser-review-required","","","","unknown","BIS; EGMONT","https://www.bis.org/cbanks.htm; https://www.bis.org/regauth.htm; https://egmontgroup.org/members-by-region/","2026-08-20T12:09:41.497Z","2026-08-20T12:10:41.904Z","2026-08-20T12:11:07.553Z","unknown","provisional-first-page-scan","automated-first-page-date-scan","2024-01","2026-08","2026-08-20","month","first-page-only-unvalidated","0","","","","not-observable","not-observable","not-observable",""
"NP","NPL","Nepal","Nepal Insurance Authority","Insurance","identity-confirmed","http://www.nia.gov.np/","challenge-protected","https://press.un.org/en/2024/sc15597.doc.htm","AML/CFT 's Sanction List link-1|https://www.un.org/securitycouncil/sanctions/1718/materials|unqualified-candidate|unqualified; AML/CFT's Sanction List Link-2|https://press.un.org/en/2024/sc15597.doc.htm|external-official-context|manual-review-required; Vacancy Notice|http://www.nia.gov.np/get-career/vacancy-notice|unqualified-candidate|unqualified; Compilation of Decision|http://www.nia.gov.np/law/compilation-of-decision|unqualified-candidate|unqualified; Enforcement Action|http://www.nia.gov.np/our/publication/pages/enforcement-action|unqualified-candidate|unqualified; बीमा दाबी भुक्तानीमा कुनै समस्या भएमा उजुरी आह्वानको सूचना ।|http://www.nia.gov.np/uploads/notice/20260710100709.pdf|unqualified-candidate|unqualified; According to the Insurance Act 2079, the insurance nature of the business need to be registered in Nepal Insurance Authority.|http://www.nia.gov.np/uploads/notice/20240312045655.pdf|unqualified-candidate|unqualified; View All|http://www.nia.gov.np/popup-notice|unqualified-candidate|unqualified; Agent Exam Notice Head office|http://www.nia.gov.np/uploads/information-center/20260814095121.pdf|unqualified-candidate|unqualified; Micro Life Insurance Exam Notice Head office|http://www.nia.gov.np/uploads/information-center/20260814095104.pdf|unqualified-candidate|unqualified; Agent Exam Notice Head office|http://www.nia.gov.np/uploads/information-center/20260807090625.pdf|unqualified-candidate|unqualified; Agent Exam Notice Head office|http://www.nia.gov.np/uploads/information-center/20260731094852.jpg|unqualified-candidate|unqualified; Micro Life Insurance Exam Notice Head office|http://www.nia.gov.np/uploads/information-center/20260731094827.jpg|unqualified-candidate|unqualified; Agent Exam Notice Lumbini Province|http://www.nia.gov.np/uploads/information-center/20260727071039.pdf|unqualified-candidate|unqualified","","","AML/CFT's Sanction List Link-2|https://press.un.org/en/2024/sc15597.doc.htm","enforcement","IAIS","https://www.iais.org/about-the-iais/iais-members/","2026-08-20T12:09:41.497Z","2026-08-20T12:10:41.904Z","2026-08-20T12:11:07.553Z","unknown","provisional-first-page-scan","automated-first-page-date-scan","2024-01","2026-08","2026-08-20","month","first-page-only-unvalidated","0","","","","generic-or-ambiguous-link","sanctions_or_penalty_list","official-external",""
"NR","NRU","Nauru","Financial Intelligence Unit of Nauru","Financial intelligence","identity-confirmed","https://justice.gov.nr/financial-intelligence-unit/","reachable","https://justice.gov.nr/wp-content/uploads/2024/06/Anti-Money-Laundering-Targeted-Financial-Sanctions-Fit-and-Proper-Person-Criteria.pdf","Download|https://justice.gov.nr/wp-content/uploads/2023/12/Counter-Terrorism-and-Transnational-Organised-Crime-Targeted-Financial-Sanctions-Regulations-2023.pdf|unqualified-candidate|unqualified; Download|https://justice.gov.nr/wp-content/uploads/2026/02/URGENT-NOTICE-TO-ALL-REPORTING-ENTITIES-AND-STAKEHOLDERS-25.02.26.pdf|unqualified-candidate|unqualified; Download|https://justice.gov.nr/wp-content/uploads/2026/08/Security-Council-ISIL-Daesh-and-Al-Qaida-Sanctions-Committee-Amends-21-Entries-on-Its-Sanctions-List-_-UN-Meetings-Coverage-and-Press-Releases.pdf|unqualified-candidate|unqualified; Download|https://justice.gov.nr/wp-content/uploads/2024/06/Anti-Money-Laundering-Targeted-Financial-Sanctions-Fit-and-Proper-Person-Criteria.pdf|unqualified-candidate|manual-review-required; Download|https://justice.gov.nr/wp-content/uploads/2024/04/Anti-Money-Laundering-and-Targeted-Financial-Sanctions-Simplified-Due-Diligence-Guideline-2023.pdf|unqualified-candidate|unqualified; Download|https://justice.gov.nr/wp-content/uploads/2026/02/Anti-Money-Laundering-and-Targeted-Financial-Sanctions-High-Risk-Countries-Guideline-2023-Updated-20.02.26-1.pdf|unqualified-candidate|unqualified; Download|https://justice.gov.nr/wp-content/uploads/2024/04/Nauru-Targeted-Financial-Sanctions-Terrorism-and-Proliferation-Financing-Guide-2023.pdf|unqualified-candidate|unqualified","","","","enforcement","EGMONT","https://egmontgroup.org/members-by-region/","2026-08-20T12:09:41.497Z","2026-08-20T12:10:41.904Z","2026-08-20T12:11:07.553Z","unknown","provisional-first-page-scan","automated-first-page-date-scan","2024-01","2026-08","2026-08-20","month","first-page-only-unvalidated","0","","","","generic-or-ambiguous-link","sanctions_or_penalty_list","authority-owned",""
"NZ","NZL","New Zealand","Financial Markets Authority","Securities","identity-confirmed","https://www.fma.govt.nz/","challenge-protected","","","","","","unknown","IOSCO","https://www.iosco.org/v2/about/?subsection=membership&memid=1&page=5","2026-08-20T12:09:41.497Z","2026-08-20T12:10:41.904Z","2026-08-20T12:10:41.904Z","unknown","provisional-first-page-scan","automated-first-page-date-scan","2024-01","2026-08","2026-08-20","month","first-page-only-unvalidated","0","","","","","","",""
"NZ","NZL","New Zealand","New Zealand Police Financial Intelligence Unit (NZ-Police FIU)","Financial intelligence","identity-confirmed","http://www.police.govt.nz/advice/businesses-and-organisations/fiu","reachable","https://www.police.govt.nz/advice-services/personal-and-community-safety/trespass-notices","Trespass|https://www.police.govt.nz/advice-services/personal-and-community-safety/trespass-notices|unqualified-candidate|manual-review-required","","","","regulatory-update","EGMONT","https://egmontgroup.org/members-by-region/","2026-08-20T12:09:41.497Z","2026-08-20T12:10:41.904Z","2026-08-20T12:11:07.553Z","unknown","provisional-first-page-scan","automated-first-page-date-scan","2024-01","2026-08","2026-08-20","month","first-page-only-unvalidated","0","","","","generic-or-ambiguous-link","news_or_notice","authority-owned",""
"NZ","NZL","New Zealand","Reserve Bank of New Zealand","Central bank; Prudential supervision; Insurance","identity-confirmed","http://www.rbnz.govt.nz/","access-blocked","","","","","","unknown","BIS; IAIS","https://www.bis.org/cbanks.htm; https://www.bis.org/regauth.htm; https://www.iais.org/about-the-iais/iais-members/","2026-08-20T12:09:41.497Z","2026-08-20T12:10:41.904Z","2026-08-20T12:10:41.904Z","unknown","provisional-first-page-scan","automated-first-page-date-scan","2024-01","2026-08","2026-08-20","month","first-page-only-unvalidated","0","","","","","","",""
"NZ","NZL","New Zealand","The Financial Markets Authority - Te Mana Tatai Hokohoko","Insurance","identity-confirmed","","no-public-website","","","","","","unknown","IAIS","https://www.iais.org/about-the-iais/iais-members/","2026-08-20T12:09:41.497Z","2026-08-20T12:10:41.904Z","2026-08-20T12:10:41.904Z","unknown","provisional-first-page-scan","automated-first-page-date-scan","2024-01","2026-08","2026-08-20","month","first-page-only-unvalidated","0","","","","","","",""
"NU","NIU","Niue","Niue  Financial Intelligence Unit (Niue FIU)","Financial intelligence","identity-confirmed","","no-public-website","","","","","","unknown","EGMONT","https://egmontgroup.org/members-by-region/","2026-08-20T12:09:41.497Z","2026-08-20T12:10:41.904Z","2026-08-20T12:10:41.904Z","unknown","provisional-first-page-scan","automated-first-page-date-scan","2024-01","2026-08","2026-08-20","month","first-page-only-unvalidated","0","","","","","","",""
"PK","PAK","Pakistan","Securities and Exchange Commission","Securities; Pensions","identity-confirmed","https://www.secp.gov.pk/","reachable","https://www.secp.gov.pk/enforcement/","Enforcement|https://www.secp.gov.pk/enforcement/|authority-owned-qualified-route|approved-for-human-contract; Orders Issued Under|https://www.secp.gov.pk/enforcement/orders/|unqualified-candidate|unqualified; Orders Issued Under Anti-Money Laundering Act, 2010|https://www.secp.gov.pk/enforcement/orders/orders-issued-under-anti-money-laundering-act-2010/|unqualified-candidate|unqualified; Orders Issued Under Futures Market Act, 2016|https://www.secp.gov.pk/enforcement/orders/orders-issued-under-futures-market-act-2016/|unqualified-candidate|unqualified; Orders Issued Under Companies Act 2017|https://www.secp.gov.pk/enforcement/orders/orders-issued-under-companies-act-2017/|unqualified-candidate|unqualified; Orders Issued Under Takaful Rules, 2012|https://www.secp.gov.pk/enforcement/orders/takaful-rules-2012/|unqualified-candidate|unqualified; Orders Issued Under Stock Exchanges Act, 2012|https://www.secp.gov.pk/enforcement/orders/stock-exchanges-corporatization-demutualization-and-integration-act-2012/|unqualified-candidate|unqualified; Orders Issued Under Securities Ordinance 1969|https://www.secp.gov.pk/enforcement/orders/securities-ordinance-1969/|unqualified-candidate|unqualified; Orders Issued Under Securities Act 2015|https://www.secp.gov.pk/enforcement/orders/securities-act-2015/|unqualified-candidate|unqualified; Orders Issued Under SECP Act 1997|https://www.secp.gov.pk/enforcement/orders/secp-act-1997/|unqualified-candidate|unqualified; Orders Issued Under NBFC Rules, 2003|https://www.secp.gov.pk/enforcement/orders/nbfc-rules-2003/|unqualified-candidate|unqualified; Orders Issued Under Modaraba (Floatation and Control) Ordinance, 1980|https://www.secp.gov.pk/enforcement/orders/modaraba-floatation-and-control-ordinance-1980/|unqualified-candidate|unqualified; Orders Issued Under Brokers and Agents Rules, 2001|https://www.secp.gov.pk/enforcement/orders/brokers-and-agents-rules-2001/|unqualified-candidate|unqualified; Orders Issued Under Insurance Ordinance 2000|https://www.secp.gov.pk/enforcement/orders/insurance-ordinance-2000/|unqualified-candidate|unqualified; Debt Securities Trustee Regulations, 2012|https://www.secp.gov.pk/enforcement/orders/debt-securities-trustee-regulations-2012/|unqualified-candidate|unqualified; Orders Issued Under Companies Rules, 1996|https://www.secp.gov.pk/enforcement/orders/companies-rules-1996/|unqualified-candidate|unqualified; Orders Issued Under Companies Ordinance 1984|https://www.secp.gov.pk/enforcement/orders/companies-ordinance-1984/|unqualified-candidate|unqualified; Orders Issued Under Companies (General Provisions & Forms) Rules, 1985|https://www.secp.gov.pk/enforcement/orders/companies-general-provisions-forms-rules-1985/|unqualified-candidate|unqualified; Orders Issued Under Companies (Audit of Cost Accounts) Rules, 1998|https://www.secp.gov.pk/enforcement/orders/companies-audit-of-cost-accounts-rules-1998/|unqualified-candidate|unqualified; Orders Issued Under Companies (Amendments) Ordinance, 2002|https://www.secp.gov.pk/enforcement/orders/companies-amendments-ordinance-2002/|unqualified-candidate|unqualified","","Enforcement|https://www.secp.gov.pk/enforcement/","","enforcement","IOSCO; IOPS","https://www.iosco.org/v2/about/?subsection=membership&memid=1&page=5; https://www.iopsweb.org/en/membership/iops-members-and-observers.html","2026-08-20T12:09:41.497Z","2026-08-20T12:10:41.904Z","2026-08-20T12:11:07.553Z","unknown","provisional-first-page-scan","automated-first-page-date-scan","2024-01","2026-08","2026-08-20","month","first-page-only-unvalidated","0","","","","strong-official-publication-candidate","enforcement_archive","authority-owned",""
"PK","PAK","Pakistan","Securities and Exchange Commission of Pakistan","Insurance","identity-confirmed","","no-public-website","","","","","","unknown","IAIS","https://www.iais.org/about-the-iais/iais-members/","2026-08-20T12:09:41.497Z","2026-08-20T12:10:41.904Z","2026-08-20T12:10:41.904Z","unknown","provisional-first-page-scan","automated-first-page-date-scan","2024-01","2026-08","2026-08-20","month","first-page-only-unvalidated","0","","","","","","",""
"PK","PAK","Pakistan","State Bank of Pakistan","Central bank; Prudential supervision","identity-confirmed","http://www.sbp.org.pk/","timeout","","","","","","unknown","BIS","https://www.bis.org/cbanks.htm; https://www.bis.org/regauth.htm","2026-08-20T12:09:41.497Z","2026-08-20T12:10:41.904Z","2026-08-20T12:10:41.904Z","unknown","provisional-first-page-scan","automated-first-page-date-scan","2024-01","2026-08","2026-08-20","month","first-page-only-unvalidated","0","","","","","","",""
"PW","PLW","Palau","Financial Institutions Commission","Prudential supervision","identity-confirmed","https://ropfic.org/","access-blocked","","","","","","unknown","OFFICIAL_NATIONAL","https://ropfic.org/","2026-08-20T12:09:41.497Z","2026-08-20T12:10:41.904Z","2026-08-20T12:10:41.904Z","unknown","provisional-first-page-scan","automated-first-page-date-scan","2024-01","2026-08","2026-08-20","month","first-page-only-unvalidated","0","","","","","","",""
"PW","PLW","Palau","Financial Intelligence Unit","Financial intelligence","identity-confirmed","https://palaufiu.org/","reachable","https://palaufiu.wordpress.com/wp-content/uploads/2026/03/notices-and-regulations-fiu-regulation-04-amlcft-reporting-entity-registry-1.pdf","Notice of English and Palauan of Proposed Regulations and FIU AML/CFT Regulation 04 - AML/CFT Reporting Entity Registry|https://palaufiu.wordpress.com/wp-content/uploads/2026/03/notices-and-regulations-fiu-regulation-04-amlcft-reporting-entity-registry-1.pdf|unqualified-candidate|manual-review-required; Notice in English and Palauan of Proposed Regulations and FIU AML/CFT Regulation 03 - Other Reporting Entities: VASPs and MVTS|https://palaufiu.wordpress.com/wp-content/uploads/2026/03/notices-and-regulations-fiu-regulation-03-other-reporting-entities-vasp-and-mvts-1.pdf|unqualified-candidate|unqualified","","","","unknown","OFFICIAL_NATIONAL","https://palaufiu.org/","2026-08-20T12:09:41.497Z","2026-08-20T12:10:41.904Z","2026-08-20T12:11:07.553Z","unknown","provisional-first-page-scan","automated-first-page-date-scan","2024-01","2026-08","2026-08-20","month","first-page-only-unvalidated","0","","","","generic-or-ambiguous-link","detail_document","external-unqualified",""
"PG","PNG","Papua New Guinea","Bank of Papua New Guinea","Central bank; Prudential supervision; Insurance; Pensions; Financial intelligence","identity-confirmed","http://www.bankpng.gov.pg/","challenge-protected","","","","","","unknown","BIS; IAIS; IOPS; EGMONT","https://www.bis.org/cbanks.htm; https://www.bis.org/regauth.htm; https://www.iais.org/about-the-iais/iais-members/; https://www.iopsweb.org/en/membership/iops-members-and-observers.html; https://egmontgroup.org/members-by-region/","2026-08-20T12:09:41.497Z","2026-08-20T12:10:41.904Z","2026-08-20T12:10:41.904Z","unknown","provisional-first-page-scan","automated-first-page-date-scan","2024-01","2026-08","2026-08-20","month","first-page-only-unvalidated","0","","","","","","",""
"PG","PNG","Papua New Guinea","Office of Insurance Commissioner (OIC)","Insurance","identity-confirmed","","no-public-website","","","","","","unknown","IAIS","https://www.iais.org/about-the-iais/iais-members/","2026-08-20T12:09:41.497Z","2026-08-20T12:10:41.904Z","2026-08-20T12:10:41.904Z","unknown","provisional-first-page-scan","automated-first-page-date-scan","2024-01","2026-08","2026-08-20","month","first-page-only-unvalidated","0","","","","","","",""
"PG","PNG","Papua New Guinea","Securities Commission of Papua New Guinea","Securities","identity-confirmed","http://www.scpng.gov.pg/","access-blocked","","","","","","unknown","IOSCO","https://www.iosco.org/v2/about/?subsection=membership&memid=1&page=5","2026-08-20T12:09:41.497Z","2026-08-20T12:10:41.904Z","2026-08-20T12:10:41.904Z","unknown","provisional-first-page-scan","automated-first-page-date-scan","2024-01","2026-08","2026-08-20","month","first-page-only-unvalidated","0","","","","","","",""
"PH","PHL","Philippines","Anti-Money Laundering Council (AMLC)","Financial intelligence","identity-confirmed","http://www.amlc.gov.ph/","reachable","","","","","","unknown","EGMONT","https://egmontgroup.org/members-by-region/","2026-08-20T12:09:41.497Z","2026-08-20T12:10:41.904Z","2026-08-20T12:10:41.904Z","unknown","provisional-first-page-scan","automated-first-page-date-scan","2024-01","2026-08","2026-08-20","month","first-page-only-unvalidated","0","","","","","","",""
"PH","PHL","Philippines","Central Bank of the Philippines (Bangko Sentral ng Pilipinas)","Central bank; Prudential supervision","identity-confirmed","http://www.bsp.gov.ph/","reachable","https://www.bsp.gov.ph/Pages/AboutTheBank/BSPPrivacyPolicy.aspx","Privacy Notice|https://www.bsp.gov.ph/Pages/AboutTheBank/BSPPrivacyPolicy.aspx|unqualified-candidate|manual-review-required","","","","regulatory-update","BIS","https://www.bis.org/cbanks.htm; https://www.bis.org/regauth.htm","2026-08-20T12:09:41.497Z","2026-08-20T12:10:41.904Z","2026-08-20T12:11:07.553Z","unknown","provisional-first-page-scan","automated-first-page-date-scan","2024-01","2026-08","2026-08-20","month","first-page-only-unvalidated","0","","","","plausible-official-publication-candidate","news_or_notice","authority-owned",""
"PH","PHL","Philippines","Insurance Commission","Insurance","identity-confirmed","http://www.insurance.gov.ph/","challenge-protected","","","","","","unknown","IAIS","https://www.iais.org/about-the-iais/iais-members/","2026-08-20T12:09:41.497Z","2026-08-20T12:10:41.904Z","2026-08-20T12:10:41.904Z","unknown","provisional-first-page-scan","automated-first-page-date-scan","2024-01","2026-08","2026-08-20","month","first-page-only-unvalidated","0","","","","","","",""
"PH","PHL","Philippines","Securities and Exchange Commission","Securities","identity-confirmed","http://www.sec.gov.ph/","challenge-protected","","","","","","unknown","IOSCO","https://www.iosco.org/v2/about/?subsection=membership&memid=1&page=5","2026-08-20T12:09:41.497Z","2026-08-20T12:10:41.904Z","2026-08-20T12:10:41.904Z","unknown","provisional-first-page-scan","automated-first-page-date-scan","2024-01","2026-08","2026-08-20","month","first-page-only-unvalidated","0","","","","","","",""
"WS","WSM","Samoa","Central Bank of Samoa","Central bank; Prudential supervision; Financial intelligence","identity-confirmed","http://www.cbs.gov.ws/","reachable","https://cbs.gov.ws/aml-brochures--sanction-list","AML Public Notices & Articles|https://cbs.gov.ws/aml-public-notices--articles|unqualified-candidate|unqualified; AML Brochures & Sanction List|https://cbs.gov.ws/aml-brochures--sanction-list|unqualified-candidate|manual-review-required; 31 Jul 2026 Public Notice: Outcome of the Review of Foreign Exchange Control Policies & Procedures 2026 and General Reminders on Foreign Exchange Control The Central Bank of Samoa (CBS) advises that after the Annual Review of the Foreign Exchange Control Policies and Procedures completed in June 2026, no changes were made to the Exchange Control Policies. However, to strengthen the administration of the Foreign Exchange Control Regulations, CBS provides clarification regarding a major capital transaction processed regularly by financial institutions.|https://cbs.gov.ws/news/public-notice-outcome-of-the-review-of-foreign-exchange-control-policies--procedures-2026-and-general-reminders-on-foreign-exchange-control-|unqualified-candidate|unqualified; 03 Jul 2026 CBS publishes the full Monetary Policy Statement 2026-2027 The Monetary Policy Statement (MPS) provides an update on the state of the economy and explains the Central Bank of Samoa’s monetary policy decisions. It highlights recent economic developments, the outlook for inflation and growth, and the actions the Bank is taking to maintain price stability and support sustainable economic growth. The Statement also helps keep the public and stakeholders informed about the Bank’s policies and future expectations.|https://cbs.gov.ws/news/cbs-publishes-the-full-monetary-policy-statement-2026-2027|unqualified-candidate|unqualified","","","","enforcement","BIS; EGMONT","https://www.bis.org/cbanks.htm; https://www.bis.org/regauth.htm; https://egmontgroup.org/members-by-region/","2026-08-20T12:09:41.497Z","2026-08-20T12:10:41.904Z","2026-08-20T12:11:07.553Z","unknown","provisional-first-page-scan","automated-first-page-date-scan","2024-01","2026-08","2026-08-20","month","first-page-only-unvalidated","0","","","","strong-official-publication-candidate","sanctions_or_penalty_list","external-unqualified",""
"WS","WSM","Samoa","Central Bank of Samoa","Insurance","identity-confirmed","","no-public-website","","","","","","unknown","IAIS","https://www.iais.org/about-the-iais/iais-members/","2026-08-20T12:09:41.497Z","2026-08-20T12:10:41.904Z","2026-08-20T12:10:41.904Z","unknown","provisional-first-page-scan","automated-first-page-date-scan","2024-01","2026-08","2026-08-20","month","first-page-only-unvalidated","0","","","","","","",""
"WS","WSM","Samoa","Samoa International Finance Authority","Insurance","identity-confirmed","https://www.sifa.ws/","challenge-protected","","","","","","unknown","IAIS","https://www.iais.org/about-the-iais/iais-members/","2026-08-20T12:09:41.497Z","2026-08-20T12:10:41.904Z","2026-08-20T12:10:41.904Z","unknown","provisional-first-page-scan","automated-first-page-date-scan","2024-01","2026-08","2026-08-20","month","first-page-only-unvalidated","0","","","","","","",""
"SG","SGP","Singapore","Central Provident Fund Board","Pensions","identity-confirmed","https://www.cpf.gov.sg/","reachable","","","","","","unknown","IOPS","https://www.iopsweb.org/en/membership/iops-members-and-observers.html","2026-08-20T12:09:41.497Z","2026-08-20T12:10:41.904Z","2026-08-20T12:10:41.904Z","unknown","provisional-first-page-scan","automated-first-page-date-scan","2024-01","2026-08","2026-08-20","month","first-page-only-unvalidated","0","","","","","","",""
"SG","SGP","Singapore","Monetary Authority of Singapore","Central bank; Prudential supervision; Securities; Insurance","enforcement-visible","http://www.mas.gov.sg/","reachable","https://www.mas.gov.sg/regulation/enforcement","Enforcement|https://www.mas.gov.sg/regulation/enforcement|authority-owned-qualified-route|approved-for-human-contract; Enforcement Actions|https://www.mas.gov.sg/regulation/enforcement/enforcement-actions|unqualified-candidate|unqualified; Lists of Designated Individuals and Entities|https://www.mas.gov.sg/regulation/anti-money-laundering/targeted-financial-sanctions/lists-of-designated-individuals-and-entities|unqualified-candidate|unqualified; Media Releases|https://www.mas.gov.sg/news?content_type=Media%20Releases&page=1&content_type=Enforcement%20Actions%20Media%20Releases|unqualified-candidate|unqualified; Enforcement Actions|https://www.mas.gov.sg/news?content_type=Enforcement%20Actions&page=1&content_type=Enforcement%20Actions%20Media%20Releases|unqualified-candidate|unqualified","","Enforcement|https://www.mas.gov.sg/regulation/enforcement","","enforcement","BIS; IOSCO; IAIS","https://www.bis.org/cbanks.htm; https://www.bis.org/regauth.htm; https://www.iosco.org/v2/about/?subsection=membership&memid=1&page=6; https://www.iais.org/about-the-iais/iais-members/","2026-08-20T12:09:41.497Z","2026-08-20T12:10:41.904Z","2026-08-20T12:11:07.553Z","low-frequency","provisional-first-page-scan","automated-first-page-date-scan","2024-01","2026-08","2026-08-20","month","first-page-only-unvalidated","2","2025-10; 2025-12","2025-12","month","strong-official-publication-candidate","enforcement_archive","authority-owned",""
"SG","SGP","Singapore","Suspicious Transaction Reporting Office (STRO)","Financial intelligence","identity-confirmed","https://www.police.gov.sg/Who-We-Are/Organisation-Structure/Specialist-Staff-Departments","http-error","","","","","","unknown","EGMONT","https://egmontgroup.org/members-by-region/","2026-08-20T12:09:41.497Z","2026-08-20T12:10:41.904Z","2026-08-20T12:10:41.904Z","unknown","provisional-first-page-scan","automated-first-page-date-scan","2024-01","2026-08","2026-08-20","month","first-page-only-unvalidated","0","","","","","","",""
"SB","SLB","Solomon Islands","Central Bank of Solomon Islands","Central bank; Prudential supervision; Financial intelligence","identity-confirmed","https://www.cbsi.com.sb/","reachable","","","","","","unknown","BIS; EGMONT","https://www.bis.org/cbanks.htm; https://www.bis.org/regauth.htm; https://egmontgroup.org/members-by-region/","2026-08-20T12:09:41.497Z","2026-08-20T12:10:41.904Z","2026-08-20T12:10:41.904Z","unknown","provisional-first-page-scan","automated-first-page-date-scan","2024-01","2026-08","2026-08-20","month","first-page-only-unvalidated","0","","","","","","",""
"LK","LKA","Sri Lanka","Central Bank of Sri Lanka","Central bank; Prudential supervision","identity-confirmed","http://www.cbsl.gov.lk/","reachable","https://www.cbsl.gov.lk/en/laws/directions-circulars-guidelines-on-resolution-and-enforcement","Deposit Insurance and Resolution|https://www.cbsl.gov.lk/en/laws/directions-circulars-guidelines-on-resolution-and-enforcement|unqualified-candidate|manual-review-required; Notices|https://www.cbsl.gov.lk/en/press/media/notices|unqualified-candidate|unqualified; Read more about Notice to General Public on Prohibited Pyramid Schemes|https://www.cbsl.gov.lk/en/press/notice-to-general-public-on-prohibited-pyramid-schemes-20260805|unqualified-candidate|unqualified; Procurement for providing armed and unarmed security services for the Central Bank of Sri Lanka on outsourced basis|https://www.cbsl.gov.lk/sites/default/files/cbslweb_documents/press/notices/notice_20260807_Procurement_for_providing_armed_and_unarmed_security_services_for_the_Central_Bank_of_Sri_Lanka_on_outsourced_basis_e.pdf|unqualified-candidate|unqualified; Procurement of Minting and Supplying of Circulation Coins for the Central Bank of Sri Lanka (2026-2028)|https://www.cbsl.gov.lk/sites/default/files/cbslweb_documents/press/notices/notice_20260807_procurement_of_minting_and_supplying_of_circulation_coins_for_the_cbsl_2026_2028_e.pdf|unqualified-candidate|unqualified; Procurement of CyberArk (IDIRA) ALERO (Remote Access) Licenses for CBSL|https://www.cbsl.gov.lk/sites/default/files/cbslweb_documents/press/notices/notice_20260806_procurement_of_cyberArk_%28IDIRA%29_ALERO_%28remote_access%29_licenses_for%20CBSL_e.pdf|unqualified-candidate|unqualified; Notice to the Insured Depositors of Nation Lanka Finance PLC|https://www.cbsl.gov.lk/sites/default/files/cbslweb_documents/press/notices/notice_20260730_press_notice_to_intiate_compensation_payments_e.pdf|unqualified-candidate|unqualified; Statements of Member Accounts Second Half of 2025|https://www.cbsl.gov.lk/sites/default/files/cbslweb_documents/press/notices/notice_20260127_statement_of_member_accounts_for_second_half_2025_e.pdf|unqualified-candidate|unqualified; Partitioning of 3rd Floor of the Central Point Building of Central Bank of Sri Lanka|https://www.cbsl.gov.lk/sites/default/files/cbslweb_documents/press/notices/notice_20260719_partitioning_of_3rd_floor_of_the_central_point_building_of_cbsl_e.pdf|unqualified-candidate|unqualified; more|https://www.cbsl.gov.lk/press/media/notices|unqualified-candidate|unqualified; Forms & Downloads|https://www.cbsl.gov.lk/en/public-notices|unqualified-candidate|unqualified; Tender Notices|https://www.cbsl.gov.lk/en/tenders|unqualified-candidate|unqualified","","","","enforcement","BIS","https://www.bis.org/cbanks.htm; https://www.bis.org/regauth.htm","2026-08-20T12:09:41.497Z","2026-08-20T12:10:41.904Z","2026-08-20T12:11:07.553Z","unknown","provisional-first-page-scan","automated-first-page-date-scan","2024-01","2026-08","2026-08-20","month","first-page-only-unvalidated","0","","","","generic-or-ambiguous-link","enforcement_archive","authority-owned",""
"LK","LKA","Sri Lanka","Financial Intelligence Unit of Sri Lanka (Sri Lanka FIU)","Financial intelligence","enforcement-visible","http://fiusrilanka.gov.lk/","reachable","http://fiusrilanka.gov.lk/unscr_sanctions_TF.html","Sanctions on TF|http://fiusrilanka.gov.lk/unscr_sanctions_TF.html|authority-owned-qualified-route|approved-for-human-contract; Sanctions on Proliferation|http://fiusrilanka.gov.lk/unscr_sanctions_proliferation.html|unqualified-candidate|unqualified; Iran sanctions reinstated under UNSCR 1737 – screen and freeze without delay|https://fiusrilanka.gov.lk/unscr_sanctions_proliferation.html|unqualified-candidate|unqualified; See More|http://fiusrilanka.gov.lk/docs/home_slider/2024/2024_10_11_Notice_to_Public.pdf|unqualified-candidate|unqualified; See More|http://fiusrilanka.gov.lk/docs/home_slider/2024/2024_04_23_Pyramid%20Notice.pdf|unqualified-candidate|unqualified; Notices to the Public|http://fiusrilanka.gov.lk/notices_to_public.html|unqualified-candidate|unqualified","","Sanctions on TF|http://fiusrilanka.gov.lk/unscr_sanctions_TF.html","","enforcement","EGMONT","https://egmontgroup.org/members-by-region/","2026-08-20T12:09:41.497Z","2026-08-20T12:10:41.904Z","2026-08-20T12:11:07.553Z","low-frequency","provisional-first-page-scan","automated-first-page-date-scan","2024-01","2026-08","2026-08-20","month","first-page-only-unvalidated","2","2026-01; 2026-08","2026-08","month","strong-official-publication-candidate","sanctions_or_penalty_list","authority-owned",""
"LK","LKA","Sri Lanka","Insurance Regulatory Commission of Sri Lanka","Insurance","identity-confirmed","http://www.ibsl.gov.lk/","network-error","","","","","","unknown","IAIS","https://www.iais.org/about-the-iais/iais-members/","2026-08-20T12:09:41.497Z","2026-08-20T12:10:41.904Z","2026-08-20T12:10:41.904Z","unknown","provisional-first-page-scan","automated-first-page-date-scan","2024-01","2026-08","2026-08-20","month","first-page-only-unvalidated","0","","","","","","",""
"LK","LKA","Sri Lanka","Securities and Exchange Commission of Sri Lanka","Securities","enforcement-visible","http://www.sec.gov.lk/","reachable","https://www.sec.gov.lk/united-nations-sanctions/","Surveillance, Investigations and Enforcement Framework|https://www.sec.gov.lk/investigations-enforcement-introduction/|unqualified-candidate|unqualified; Investigations and Enforcement|https://www.sec.gov.lk/investigations-enforcement/|unqualified-candidate|unqualified; Enforcement Action|https://www.sec.gov.lk/investigations-enforcement-actions/|unqualified-candidate|unqualified; Unserved Notices of Show Cause|https://www.sec.gov.lk/unserved-notices-of-show-cause/|unqualified-candidate|unqualified; United Nations Sanctions|https://www.sec.gov.lk/united-nations-sanctions/|authority-owned-qualified-route|approved-for-human-contract; index.php/investigations-enforcement-actions/|https://www.sec.gov.lk/index.php/investigations-enforcement-actions/|unqualified-candidate|unqualified; Offences|https://www.sec.gov.lk/investigations-enforcement-offences/|unqualified-candidate|unqualified","","United Nations Sanctions|https://www.sec.gov.lk/united-nations-sanctions/","","enforcement","IOSCO","https://www.iosco.org/v2/about/?subsection=membership&memid=1&page=6","2026-08-20T12:09:41.497Z","2026-08-20T12:10:41.904Z","2026-08-20T12:11:07.553Z","periodic","provisional-first-page-scan","automated-first-page-date-scan","2024-01","2026-08","2026-08-20","month","first-page-only-unvalidated","9","2024-08; 2024-09; 2025-06; 2025-09; 2026-02; 2026-03; 2026-04; 2026-05; 2026-07","2026-07","month","strong-official-publication-candidate","sanctions_or_penalty_list","authority-owned",""
"TW","TWN","Taiwan","Anti-Money Laundering Division (AMLD)","Financial intelligence","enforcement-visible","http://www.mjib.gov.tw/en","reachable","https://www.mjib.gov.tw/mlpcen","Anti-Money Laundering Division (AMLD) CFT Sanctions List, Reference Documents, FATF Public Documents. more|https://www.mjib.gov.tw/mlpcen|authority-owned-qualified-route|approved-for-human-contract","","Anti-Money Laundering Division (AMLD) CFT Sanctions List, Reference Documents, FATF Public Documents. more|https://www.mjib.gov.tw/mlpcen","","enforcement","EGMONT","https://egmontgroup.org/members-by-region/","2026-08-20T12:09:41.497Z","2026-08-20T12:10:41.904Z","2026-08-20T12:11:07.553Z","periodic","provisional-first-page-scan","automated-first-page-date-scan","2024-01","2026-08","2026-08-20","month","first-page-only-unvalidated","3","2024-09; 2026-07; 2026-08","2026-08","month","strong-official-publication-candidate","sanctions_or_penalty_list","authority-owned",""
"TW","TWN","Taiwan","Financial Supervisory Commission","Securities; Insurance","identity-confirmed","http://www.fsc.gov.tw/","reachable","https://www.fsc.gov.tw/ch/home.jsp?id=131&parentpath=0,2&mcustomize=multimessage_view.jsp&dataserno=202608170002&aplistdn=ou=data,ou=penalty,ou=multisite,ou=chinese,ou=ap_root,o=fsc,c=tw&dtable=Penalty","2026-08-13 預告修正「提供虛擬資產服務之事業或人員防制洗錢及打擊資恐辦法」第......|https://www.fsc.gov.tw/ch/home.jsp?id=97&parentpath=0,2&mcustomize=multimessage_view.jsp&dataserno=202608130001&aplistdn=ou=noticelaw,ou=chlaw,ou=ap_root,o=fsc,c=tw&dtable=NoticeLaw|unqualified-candidate|unqualified; 2026-08-17 合作金庫商業銀行辦理信用卡疑義帳款作業所涉缺失一案，核有違反銀行......|https://www.fsc.gov.tw/ch/home.jsp?id=131&parentpath=0,2&mcustomize=multimessage_view.jsp&dataserno=202608170002&aplistdn=ou=data,ou=penalty,ou=multisite,ou=chinese,ou=ap_root,o=fsc,c=tw&dtable=Penalty|unqualified-candidate|manual-review-required; 2026-07-21 台新綜合證券股份有限公司違反證券管理法令處分案(金管證券罰字第1......|https://www.fsc.gov.tw/ch/home.jsp?id=131&parentpath=0,2&mcustomize=multimessage_view.jsp&dataserno=202607220001&aplistdn=ou=data,ou=penalty,ou=multisite,ou=chinese,ou=ap_root,o=fsc,c=tw&dtable=Penalty|unqualified-candidate|unqualified; 2026-07-13 中國信託商業銀行個金集中作業部前行員挪用貴行ATM清算款及財金清......|https://www.fsc.gov.tw/ch/home.jsp?id=131&parentpath=0,2&mcustomize=multimessage_view.jsp&dataserno=202607140001&aplistdn=ou=data,ou=penalty,ou=multisite,ou=chinese,ou=ap_root,o=fsc,c=tw&dtable=Penalty|unqualified-candidate|unqualified; 2026-06-30 華南商業銀行前行員挪用客戶款項及私自留置結帳溢額款項所涉缺失一案......|https://www.fsc.gov.tw/ch/home.jsp?id=131&parentpath=0,2&mcustomize=multimessage_view.jsp&dataserno=202606300001&aplistdn=ou=data,ou=penalty,ou=multisite,ou=chinese,ou=ap_root,o=fsc,c=tw&dtable=Penalty|unqualified-candidate|unqualified; 2026-05-28 台新國際商業銀行新店分行前理財專員(下稱理專)張員涉挪用客戶款項......|https://www.fsc.gov.tw/ch/home.jsp?id=131&parentpath=0,2&mcustomize=multimessage_view.jsp&dataserno=202605290002&aplistdn=ou=data,ou=penalty,ou=multisite,ou=chinese,ou=ap_root,o=fsc,c=tw&dtable=Penalty|unqualified-candidate|unqualified; 2026-05-15 台中商業銀行辦理存款開戶、客戶身分持續審查作業及帳戶監控機制相關......|https://www.fsc.gov.tw/ch/home.jsp?id=131&parentpath=0,2&mcustomize=multimessage_view.jsp&dataserno=202605180002&aplistdn=ou=data,ou=penalty,ou=multisite,ou=chinese,ou=ap_root,o=fsc,c=tw&dtable=Penalty|unqualified-candidate|unqualified","","","","enforcement","IOSCO; IAIS","https://www.iosco.org/v2/about/?subsection=membership&memid=1&page=6; https://www.iais.org/about-the-iais/iais-members/","2026-08-20T12:09:41.497Z","2026-08-20T12:10:41.904Z","2026-08-20T12:11:07.553Z","unknown","provisional-first-page-scan","automated-first-page-date-scan","2024-01","2026-08","2026-08-20","month","first-page-only-unvalidated","0","","","","generic-or-ambiguous-link","enforcement_archive","authority-owned",""
"TJ","TJK","Tajikistan","National Bank of the Republic of Tajikistan","Central bank; Prudential supervision; Financial intelligence","identity-confirmed","https://nbt.tj/en/","reachable","","","","","","unknown","BIS; EGMONT","https://www.bis.org/cbanks.htm; https://www.bis.org/regauth.htm; https://egmontgroup.org/members-by-region/","2026-08-20T12:09:41.497Z","2026-08-20T12:10:41.904Z","2026-08-20T12:10:41.904Z","unknown","provisional-first-page-scan","automated-first-page-date-scan","2024-01","2026-08","2026-08-20","month","first-page-only-unvalidated","0","","","","","","",""
"TH","THA","Thailand","Anti-Money Laundering Office Thailand (AMLO)","Financial intelligence","identity-confirmed","https://www.amlo.go.th/index.php/en/","reachable","","","","","","unknown","EGMONT","https://egmontgroup.org/members-by-region/","2026-08-20T12:09:41.497Z","2026-08-20T12:10:41.904Z","2026-08-20T12:10:41.904Z","unknown","provisional-first-page-scan","automated-first-page-date-scan","2024-01","2026-08","2026-08-20","month","first-page-only-unvalidated","0","","","","","","",""
"TH","THA","Thailand","Bank of Thailand","Central bank; Prudential supervision","identity-confirmed","https://www.bot.or.th/english","http-error","https://www.bot.or.th/th/laws-and-rules/regulatory-fines-report.html","สรุปผลการปรับเป็นพินัยประจำปี สรุปผลการปรับเป็นพินัยตามกฎหมายของ ธปท.|https://www.bot.or.th/th/laws-and-rules/regulatory-fines-report.html|unqualified-candidate|manual-review-required","","","","regulatory-update","BIS","https://www.bis.org/cbanks.htm; https://www.bis.org/regauth.htm","2026-08-20T12:09:41.497Z","2026-08-20T12:10:41.904Z","2026-08-20T12:11:07.553Z","unknown","provisional-first-page-scan","automated-first-page-date-scan","2024-01","2026-08","2026-08-20","month","first-page-only-unvalidated","0","","","","generic-or-ambiguous-link","publication_or_report","authority-owned",""
"TH","THA","Thailand","Office of Insurance Commission","Insurance","identity-confirmed","http://www.oic.or.th/en","challenge-protected","","","","","","unknown","IAIS","https://www.iais.org/about-the-iais/iais-members/","2026-08-20T12:09:41.497Z","2026-08-20T12:10:41.904Z","2026-08-20T12:10:41.904Z","unknown","provisional-first-page-scan","automated-first-page-date-scan","2024-01","2026-08","2026-08-20","month","first-page-only-unvalidated","0","","","","","","",""
"TH","THA","Thailand","Securities and Exchange Commission*","Securities; Pensions","identity-confirmed","http://www.sec.or.th/","access-blocked","","","","","","unknown","IOSCO; IOPS","https://www.iosco.org/v2/about/?subsection=membership&memid=1&page=6; https://www.iopsweb.org/en/membership/iops-members-and-observers.html","2026-08-20T12:09:41.497Z","2026-08-20T12:10:41.904Z","2026-08-20T12:10:41.904Z","unknown","provisional-first-page-scan","automated-first-page-date-scan","2024-01","2026-08","2026-08-20","month","first-page-only-unvalidated","0","","","","","","",""
"TO","TON","Tonga","National Reserve Bank of Tonga","Central bank; Prudential supervision","identity-confirmed","http://www.reservebank.to/","reachable","https://www.reservebank.to/index.php/news/public-notice-counterfeit-100-paanga-banknotes-in-circulation","Public Notice: COUNTERFEIT $100 PA’ANGA BANKNOTES IN CIRCULATION|https://www.reservebank.to/index.php/news/public-notice-counterfeit-100-paanga-banknotes-in-circulation|unqualified-candidate|manual-review-required; Public Notice: Public Warning on Facebook Page Imposter and Scams|https://www.reservebank.to/index.php/news/public-notice-public-warning-on-facebook-page-imposter-and-scams|unqualified-candidate|unqualified; Public Notice: Beware of Romance Scams Targeting the Vulnerable Community Members.|https://www.reservebank.to/index.php/news/public-notice-beware-of-romance-scams-targeting-the-vulnerable-community-members|unqualified-candidate|unqualified","","","","regulatory-update","BIS","https://www.bis.org/cbanks.htm; https://www.bis.org/regauth.htm","2026-08-20T12:09:41.497Z","2026-08-20T12:10:41.904Z","2026-08-20T12:11:07.553Z","unknown","provisional-first-page-scan","automated-first-page-date-scan","2024-01","2026-08","2026-08-20","month","first-page-only-unvalidated","0","","","","generic-or-ambiguous-link","news_or_notice","authority-owned",""
"TL","TLS","Timor-Leste","UIF Timore-Leste","Financial intelligence","identity-confirmed","","no-public-website","","","","","","unknown","EGMONT","https://egmontgroup.org/members-by-region/","2026-08-20T12:09:41.497Z","2026-08-20T12:10:41.904Z","2026-08-20T12:10:41.904Z","unknown","provisional-first-page-scan","automated-first-page-date-scan","2024-01","2026-08","2026-08-20","month","first-page-only-unvalidated","0","","","","","","",""
"TM","TKM","Turkmenistan","Central Bank of Turkmenistan","Central bank; Prudential supervision","identity-confirmed","https://www.cbt.tm/en","reachable","","","","","","unknown","BIS","https://www.bis.org/cbanks.htm; https://www.bis.org/regauth.htm","2026-08-20T12:09:41.497Z","2026-08-20T12:10:41.904Z","2026-08-20T12:10:41.904Z","unknown","provisional-first-page-scan","automated-first-page-date-scan","2024-01","2026-08","2026-08-20","month","first-page-only-unvalidated","0","","","","","","",""
"TM","TKM","Turkmenistan","Financial Monitoring Service (FMS)","Financial intelligence","identity-confirmed","http://www.turkmenfmd.gov.tm/en","reachable","","","","","","unknown","EGMONT","https://egmontgroup.org/members-by-region/","2026-08-20T12:09:41.497Z","2026-08-20T12:10:41.904Z","2026-08-20T12:10:41.904Z","unknown","provisional-first-page-scan","automated-first-page-date-scan","2024-01","2026-08","2026-08-20","month","first-page-only-unvalidated","0","","","","","","",""
"UZ","UZB","Uzbekistan","Central Bank of the Republic of Uzbekistan","Central bank; Prudential supervision","enforcement-visible","https://cbu.uz/en/","reachable","https://cbu.uz/en/services/task-execution-states/","Executive discipline|https://cbu.uz/en/services/task-execution-states/|authority-owned-qualified-route|approved-for-human-contract","","Executive discipline|https://cbu.uz/en/services/task-execution-states/","","enforcement","BIS","https://www.bis.org/cbanks.htm; https://www.bis.org/regauth.htm","2026-08-20T12:09:41.497Z","2026-08-20T12:10:41.904Z","2026-08-20T12:11:07.553Z","low-frequency","provisional-first-page-scan","automated-first-page-date-scan","2024-01","2026-08","2026-08-20","month","first-page-only-unvalidated","1","2026-05","2026-05","month","strong-official-publication-candidate","disciplinary_notice","authority-owned",""
"UZ","UZB","Uzbekistan","Department on Struggle Against Tax Currency Crimes and Legalization of Criminal Incomes at the GPO (FIU-Uzbekistan)","Financial intelligence","identity-confirmed","http://prokuratura.uz/ru/#/","timeout","","","","","","unknown","EGMONT","https://egmontgroup.org/members-by-region/","2026-08-20T12:09:41.497Z","2026-08-20T12:10:41.904Z","2026-08-20T12:10:41.904Z","unknown","provisional-first-page-scan","automated-first-page-date-scan","2024-01","2026-08","2026-08-20","month","first-page-only-unvalidated","0","","","","","","",""
"UZ","UZB","Uzbekistan","National Agency of Perspective Projects of the Republic of Uzbekistan","Securities; Insurance","identity-confirmed","https://www.napp.uz/","network-error","","","","","","unknown","IOSCO; IAIS","https://www.iosco.org/v2/about/?subsection=membership&memid=1&page=7; https://www.iais.org/about-the-iais/iais-members/","2026-08-20T12:09:41.497Z","2026-08-20T12:10:41.904Z","2026-08-20T12:10:41.904Z","unknown","provisional-first-page-scan","automated-first-page-date-scan","2024-01","2026-08","2026-08-20","month","first-page-only-unvalidated","0","","","","","","",""
"VU","VUT","Vanuatu","Reserve Bank of Vanuatu","Central bank; Prudential supervision; Insurance","identity-confirmed","http://www.rbv.gov.vu/","timeout","","","","","","unknown","BIS; IAIS","https://www.bis.org/cbanks.htm; https://www.bis.org/regauth.htm; https://www.iais.org/about-the-iais/iais-members/","2026-08-20T12:09:41.497Z","2026-08-20T12:10:41.904Z","2026-08-20T12:10:41.904Z","unknown","provisional-first-page-scan","automated-first-page-date-scan","2024-01","2026-08","2026-08-20","month","first-page-only-unvalidated","0","","","","","","",""
"VU","VUT","Vanuatu","Vanuatu  Financial Intelligence Unit (FIU-Vanuatu)","Financial intelligence","identity-confirmed","http://fiu.gov.vu/","timeout","","","","","","unknown","EGMONT","https://egmontgroup.org/members-by-region/","2026-08-20T12:09:41.497Z","2026-08-20T12:10:41.904Z","2026-08-20T12:10:41.904Z","unknown","provisional-first-page-scan","automated-first-page-date-scan","2024-01","2026-08","2026-08-20","month","first-page-only-unvalidated","0","","","","","","",""
"VU","VUT","Vanuatu","Vanuatu Financial Services Commission","Prudential supervision","identity-confirmed","http://www.vfsc.vu/","reachable","https://www.vfsc.vu/companies-fees-and-penalties/","Fees, Help and Support|https://www.vfsc.vu/companies-fees-and-penalties/|authority-owned-qualified-route|approved-for-human-contract; Public Notices|https://www.vfsc.vu/public-notices/|unqualified-candidate|unqualified; Notices|https://www.vfsc.vu/financial-dealers-license-fdl/|unqualified-candidate|unqualified; Law Enforcement Stakeholders’ Information Access Procedure|https://www.vfsc.vu/wp-content/uploads/2026/06/LAW-ENFORCEMENT-STAKEHOLDERS-INFORMATION-ACCESS-PROCEDURE.pdf|unqualified-candidate|unqualified; LATEST PUBLIC NOTICES Timely Updates. Transparent Communication.Explore More|https://www.vfsc.vu/category/public-notice/|unqualified-candidate|unqualified; Public Notices|https://www.vfsc.vu/public-notices|unqualified-candidate|unqualified; Read More »|https://www.vfsc.vu/vacancy-notice-assistant-registration-officer-business-names-partnerships/|unqualified-candidate|unqualified","","Fees, Help and Support|https://www.vfsc.vu/companies-fees-and-penalties/","","enforcement","BIS","https://www.bis.org/regauth.htm","2026-08-20T12:09:41.497Z","2026-08-20T12:10:41.904Z","2026-08-20T12:11:07.553Z","unknown","provisional-first-page-scan","automated-first-page-date-scan","2024-01","2026-08","2026-08-20","month","first-page-only-unvalidated","0","","","","strong-official-publication-candidate","enforcement_archive","authority-owned",""
"VN","VNM","Vietnam","Ministry of Finance, Insurance Department","Insurance","identity-confirmed","http://www.mof.gov.vn/","reachable","","","","","","unknown","IAIS","https://www.iais.org/about-the-iais/iais-members/","2026-08-20T12:09:41.497Z","2026-08-20T12:10:41.904Z","2026-08-20T12:10:41.904Z","unknown","provisional-first-page-scan","automated-first-page-date-scan","2024-01","2026-08","2026-08-20","month","first-page-only-unvalidated","0","","","","","","",""
"VN","VNM","Vietnam","State Bank of Vietnam","Central bank; Prudential supervision","identity-confirmed","https://www.sbv.gov.vn/webcenter/portal/en","reachable","","","","","","unknown","BIS","https://www.bis.org/cbanks.htm; https://www.bis.org/regauth.htm","2026-08-20T12:09:41.497Z","2026-08-20T12:10:41.904Z","2026-08-20T12:10:41.904Z","unknown","provisional-first-page-scan","automated-first-page-date-scan","2024-01","2026-08","2026-08-20","month","first-page-only-unvalidated","0","","","","","","",""
"VN","VNM","Vietnam","State Securities Commission","Securities","identity-confirmed","","no-public-website","","","","","","unknown","IOSCO","https://www.iosco.org/v2/about/?subsection=membership&memid=1&page=7","2026-08-20T12:09:41.497Z","2026-08-20T12:10:41.904Z","2026-08-20T12:10:41.904Z","unknown","provisional-first-page-scan","automated-first-page-date-scan","2024-01","2026-08","2026-08-20","month","first-page-only-unvalidated","0","","","","","","",""
"HK","HKG","Hong Kong","Hong Kong Monetary Authority","Central bank; Prudential supervision","enforcement-visible","https://www.hkma.gov.hk/eng","reachable","https://www.hkma.gov.hk/eng/key-functions/banking/banking-conduct-supervision/","Banking Conduct and Enforcement|https://www.hkma.gov.hk/eng/key-functions/banking/banking-conduct-supervision/|authority-owned-qualified-route|approved-for-human-contract; Opening Remarks at FiNETech8 on “Navigating Quantum Duality”by Carmen Chu|https://www.hkma.gov.hk/eng/news-and-media/speeches/2026/07/20260727-1/|unqualified-candidate|unqualified","","Banking Conduct and Enforcement|https://www.hkma.gov.hk/eng/key-functions/banking/banking-conduct-supervision/","","enforcement","BIS","https://www.bis.org/cbanks.htm; https://www.bis.org/regauth.htm","2026-08-20T12:09:41.497Z","2026-08-20T12:10:41.904Z","2026-08-20T12:11:07.553Z","low-frequency","provisional-first-page-scan","automated-first-page-date-scan","2024-01","2026-08","2026-08-20","month","first-page-only-unvalidated","1","2024-10","2024-10","month","strong-official-publication-candidate","enforcement_archive","authority-owned",""
"HK","HKG","Hong Kong","Insurance Authority (IA)","Insurance","identity-confirmed","https://www.ia.org.hk/en/index.html","challenge-protected","","","","","","unknown","IAIS","https://www.iais.org/about-the-iais/iais-members/","2026-08-20T12:09:41.497Z","2026-08-20T12:10:41.904Z","2026-08-20T12:10:41.904Z","unknown","provisional-first-page-scan","automated-first-page-date-scan","2024-01","2026-08","2026-08-20","month","first-page-only-unvalidated","0","","","","","","",""
"HK","HKG","Hong Kong","Joint  Financial Intelligence Unit (JFIU)","Financial intelligence","identity-confirmed","http://www.jfiu.gov.hk/en/","reachable","","","","","","unknown","EGMONT","https://egmontgroup.org/members-by-region/","2026-08-20T12:09:41.497Z","2026-08-20T12:10:41.904Z","2026-08-20T12:10:41.904Z","unknown","provisional-first-page-scan","automated-first-page-date-scan","2024-01","2026-08","2026-08-20","month","first-page-only-unvalidated","0","","","","","","",""
"HK","HKG","Hong Kong","Mandatory Provident Fund Schemes Authority","Pensions","identity-confirmed","https://www.mpfa.org.hk/","reachable","https://www.mpfa.org.hk/enforcement/overview","工作概覽|https://www.mpfa.org.hk/enforcement/overview|unqualified-candidate|manual-review-required; 僱主|https://www.mpfa.org.hk/enforcement/enforcement-against-employers|unqualified-candidate|unqualified; 計劃成員|https://www.mpfa.org.hk/enforcement/plan-members|unqualified-candidate|unqualified; 自僱人士|https://www.mpfa.org.hk/enforcement/self-employed|unqualified-candidate|unqualified; 強積金中介人|https://www.mpfa.org.hk/enforcement/mpf-intermediary|unqualified-candidate|unqualified; 強積金受託人|https://www.mpfa.org.hk/enforcement/mpf-trustees|unqualified-candidate|unqualified; 職業退休計劃僱主及管理人|https://www.mpfa.org.hk/enforcement/orso-employers-and-administrators|unqualified-candidate|unqualified; 執法統計數據|https://www.mpfa.org.hk/enforcement/enforcement-statistics|unqualified-candidate|unqualified; 提防詐騙|https://www.mpfa.org.hk/enforcement/beware-of-scams|unqualified-candidate|unqualified; 執法提示|https://www.mpfa.org.hk/enforcement/enforcement-alerts|unqualified-candidate|unqualified; 版權公告|https://www.mpfa.org.hk/copyright-notice|unqualified-candidate|unqualified","","","","enforcement","IOPS","https://www.iopsweb.org/en/membership/iops-members-and-observers.html","2026-08-20T12:09:41.497Z","2026-08-20T12:10:41.904Z","2026-08-20T12:11:07.553Z","unknown","provisional-first-page-scan","automated-first-page-date-scan","2024-01","2026-08","2026-08-20","month","first-page-only-unvalidated","0","","","","generic-or-ambiguous-link","enforcement_archive","authority-owned",""
"HK","HKG","Hong Kong","Securities and Futures Commission*","Securities","identity-confirmed","https://www.sfc.hk/web/EN/index.html","reachable","","","","","","unknown","IOSCO","https://www.iosco.org/v2/about/?subsection=membership&memid=1&page=3","2026-08-20T12:09:41.497Z","2026-08-20T12:10:41.904Z","2026-08-20T12:10:41.904Z","unknown","provisional-first-page-scan","automated-first-page-date-scan","2024-01","2026-08","2026-08-20","month","first-page-only-unvalidated","0","","","","","","",""
"MO","MAC","Macau","Financial Intelligence Office (GIF)","Financial intelligence","identity-confirmed","http://www.gif.gov.mo/web1/en_about.html","network-error","","","","","","unknown","EGMONT","https://egmontgroup.org/members-by-region/","2026-08-20T12:09:41.497Z","2026-08-20T12:10:41.904Z","2026-08-20T12:10:41.904Z","unknown","provisional-first-page-scan","automated-first-page-date-scan","2024-01","2026-08","2026-08-20","month","first-page-only-unvalidated","0","","","","","","",""
"MO","MAC","Macau","Monetary Authority of Macao","Central bank; Prudential supervision; Insurance; Pensions","identity-confirmed","https://www.amcm.gov.mo/en/","reachable","","","","","","unknown","BIS; IAIS; IOPS","https://www.bis.org/cbanks.htm; https://www.bis.org/regauth.htm; https://www.iais.org/about-the-iais/iais-members/; https://www.iopsweb.org/en/membership/iops-members-and-observers.html","2026-08-20T12:09:41.497Z","2026-08-20T12:10:41.904Z","2026-08-20T12:10:41.904Z","unknown","provisional-first-page-scan","automated-first-page-date-scan","2024-01","2026-08","2026-08-20","month","first-page-only-unvalidated","0","","","","","","",""
"AL","ALB","Albania","Albanian Financial Intelligence Agency (FIA)","Financial intelligence","identity-confirmed","http://www.fiu.gov.al/en/","reachable","https://fiu.gov.al/wp-content/uploads/2026/05/20260508-FULL.pdf","Decisions of the Council of Ministers|https://fiu.gov.al/en/legislation/decisions-of-the-council-of-ministers/|unqualified-candidate|unqualified; Read more >|https://fiu.gov.al/en/notice-on-the-updates-made-to-the-list-of-designated-persons-on-14-august-2026/|unqualified-candidate|unqualified; UN Sanctions List|https://fiu.gov.al/wp-content/uploads/2026/08/UN-Consolidatedlist-14.08.2026.pdf|unqualified-candidate|unqualified; EU Sanctions List|https://fiu.gov.al/wp-content/uploads/2026/05/20260508-FULL.pdf|authority-owned-qualified-route|approved-for-human-contract; UN Press Releases|http://www.un.org/securitycouncil/sanctions/2653/press-releases|unqualified-candidate|unqualified; Notice|https://fiu.gov.al/en/notice/|unqualified-candidate|unqualified","","EU Sanctions List|https://fiu.gov.al/wp-content/uploads/2026/05/20260508-FULL.pdf","","enforcement","EGMONT","https://egmontgroup.org/members-by-region/","2026-08-20T12:09:41.497Z","2026-08-20T12:10:41.904Z","2026-08-20T12:11:07.553Z","unknown","provisional-first-page-scan","automated-first-page-date-scan","2024-01","2026-08","2026-08-20","month","first-page-only-unvalidated","0","","","","strong-official-publication-candidate","sanctions_or_penalty_list","authority-owned",""
"AL","ALB","Albania","Albanian Financial Supervisory Authority","Securities; Insurance; Pensions","identity-confirmed","http://www.amf.gov.al/","challenge-protected","https://amf.gov.al/","//<![CDATA[ (function(){for(var g=""function""==typeof Object.defineProperties?Object.defineProperty:function(b,c,a){if(a.get||a.set)throw new TypeError(""ES3 does not support getters and setters."");b!=Array.prototype&&b!=Object.prototype&&(b[c]=a.value)},h=""undefined""!=typeof window&&window===this?this:""undefined""!=typeof global&&null!=global?global:this,k=[""String"",""prototype"",""repeat""],l=0;l<k.length-1;l++){var m=k[l];m in h||(h[m]={});h=h[m]}var n=k[k.length-1],p=h[n],q=p?p:function(b){var c;if(null==this)throw new TypeError(""The 'this' value for String.prototype.repeat must not be null or undefined"");c=this+"""";if(0>b||1342177279<b)throw new RangeError(""Invalid count value"");b|=0;for(var a="""";b;)if(b&1&&(a+=c),b>>>=1)c+=c;return a};q!=p&&null!=q&&g(h,n,{configurable:!0,writable:!0,value:q});var t=this;function u(b,c){var a=b.split("".""),d=t;a[0]in d||!d.execScript||d.execScript(""var ""+a[0]);for(var e;a.length&&(e=a.shift());)a.length||void 0===c?d[e]?d=d[e]:d=d[e]={}:d[e]=c};function v(b){var c=b.length;if(0<c){for(var a=Array(c),d=0;d<c;d++)a[d]=b[d];return a}return[]};function w(b){var c=window;if(c.addEventListener)c.addEventListener(""load"",b,!1);else if(c.attachEvent)c.attachEvent(""onload"",b);else{var a=c.onload;c.onload=function(){b.call(this);a&&a.call(this)}}};var x;function y(b,c,a,d,e){this.h=b;this.j=c;this.l=a;this.f=e;this.g={height:window.innerHeight||document.documentElement.clientHeight||document.body.clientHeight,width:window.innerWidth||document.documentElement.clientWidth||document.body.clientWidth};this.i=d;this.b={};this.a=[];this.c={}}function z(b,c){var a,d,e=c.getAttribute(""data-pagespeed-url-hash"");if(a=e&&!(e in b.c))if(0>=c.offsetWidth&&0>=c.offsetHeight)a=!1;else{d=c.getBoundingClientRect();var f=document.body;a=d.top+(""pageYOffset""in window?window.pageYOffset:(document.documentElement||f.parentNode||f).scrollTop);d=d.left+(""pageXOffset""in window?window.pageXOffset:(document.documentElement||f.parentNode||f).scrollLeft);f=a.toString()+"",""+d;b.b.hasOwnProperty(f)?a=!1:(b.b[f]=!0,a=a<=b.g.height&&d<=b.g.width)}a&&(b.a.push(e),b.c[e]=!0)}y.prototype.checkImageForCriticality=function(b){b.getBoundingClientRect&&z(this,b)};u(""pagespeed.CriticalImages.checkImageForCriticality"",function(b){x.checkImageForCriticality(b)});u(""pagespeed.CriticalImages.checkCriticalImages"",function(){A(x)});function A(b){b.b={};for(var c=[""IMG"",""INPUT""],a=[],d=0;d<c.length;++d)a=a.concat(v(document.getElementsByTagName(c[d])));if(a.length&&a[0].getBoundingClientRect){for(d=0;c=a[d];++d)z(b,c);a=""oh=""+b.l;b.f&&(a+=""&n=""+b.f);if(c=!!b.a.length)for(a+=""&ci=""+encodeURIComponent(b.a[0]),d=1;d<b.a.length;++d){var e="",""+encodeURIComponent(b.a[d]);131072>=a.length+e.length&&(a+=e)}b.i&&(e=""&rd=""+encodeURIComponent(JSON.stringify(B())),131072>=a.length+e.length&&(a+=e),c=!0);C=a;if(c){d=b.h;b=b.j;var f;if(window.XMLHttpRequest)f=new XMLHttpRequest;else if(window.ActiveXObject)try{f=new ActiveXObject(""Msxml2.XMLHTTP"")}catch(r){try{f=new ActiveXObject(""Microsoft.XMLHTTP"")}catch(D){}}f&&(f.open(""POST"",d+(-1==d.indexOf(""?"")?""?"":""&"")+""url=""+encodeURIComponent(b)),f.setRequestHeader(""Content-Type"",""application/x-www-form-urlencoded""),f.send(a))}}}function B(){var b={},c;c=document.getElementsByTagName(""IMG"");if(!c.length)return{};var a=c[0];if(!(""naturalWidth""in a&&""naturalHeight""in a))return{};for(var d=0;a=c[d];++d){var e=a.getAttribute(""data-pagespeed-url-hash"");e&&(!(e in b)&&0<a.width&&0<a.height&&0<a.naturalWidth&&0<a.naturalHeight||e in b&&a.width>=b[e].o&&a.height>=b[e].m)&&(b[e]={rw:a.width,rh:a.height,ow:a.naturalWidth,oh:a.naturalHeight})}return b}var C="""";u(""pagespeed.CriticalImages.getBeaconData"",function(){return C});u(""pagespeed.CriticalImages.Run"",function(b,c,a,d,e,f){var r=new y(b,c,a,e,f);x=r;d&&w(function(){window.setTimeout(function(){A(r)},0)})});})();pagespeed.CriticalImages.Run('/mod_pagespeed_beacon','https://crm.amf.gov.al/error','82dtZm2p5Q',true,false,'iA0tmrKLtsY'); //]]>!function(){""use strict"";function t(){return""cf-marker-""+Math.random().toString().slice(2)}function e(){for(var t=[],e=0;e<arguments.length;e++)t[e]=arguments[e];(n=console.warn||console.log).call.apply(n,[console,""[ROCKET LOADER] ""].concat(t));var n}function n(t,e){var n=e.parentNode;n&&h(t,n,e)}function r(t,e){h(t,e,e.childNodes[0])}function o(t){var e=t.parentNode;e&&e.removeChild(t)}function i(t){var e=t.namespaceURI===A?""xlink:href"":""src"";return t.getAttribute(e)}function a(t,e){var n=t.type.substr(e.length);return!(n&&!E[n.trim()])&&((!k||!t.hasAttribute(""nomodule""))&&!(!k&&""module""===n))}function c(t){return a(t,"""")}function s(t,e){return function(n){if(e(),t)return t.call(this,n)}}function u(t,e){t.onload=s(t.onload,e),t.onerror=s(t.onerror,e)}function p(t){var e=document.createElementNS(t.namespaceURI,""script"");e.async=t.hasAttribute(""async""),e.textContent=t.textContent;for(var n=0;n<t.attributes.length;n++){var r=t.attributes[n];try{r.namespaceURI?e.setAttributeNS(r.namespaceURI,r.name,r.value):e.setAttribute(r.name,r.value)}catch(o){}}return e}function l(t,e){var n=new I(e);t.dispatchEvent(n)}function d(e){var n=e.namespaceURI===A,r=t();e.setAttribute(r,"""");var i=n?""<svg>""+e.outerHTML+""</svg>"":e.outerHTML;L.call(document,i);var a=document.querySelector(""[""+r+""]"");if(a){a.removeAttribute(r);var c=n&&a.parentNode;c&&o(c)}return a}function f(t){if(t&&""handleEvent""in t){var e=t.handleEvent;return""function""==typeof e?e.bind(t):e}return t}function h(t,e,n){var r=n?function(t){return e.insertBefore(t,n)}:function(t){return e.appendChild(t)};Array.prototype.slice.call(t).forEach(r)}function v(){return/chrome/i.test(navigator.userAgent)&&/google/i.test(navigator.vendor)}function y(t,e){function n(){this.constructor=t}H(t,e),t.prototype=null===e?Object.create(e):(n.prototype=e.prototype,new n)}function m(t){return t instanceof Window?[""load""]:t instanceof Document?[""DOMContentLoaded"",""readystatechange""]:[]}function b(t){var e=t.getAttribute(R);if(!e)return null;var n=e.split(T);return{nonce:n[0],handlerPrefixLength:+n[1],bailout:!t.hasAttribute(""defer"")}}function g(t){var e=B+t.nonce;Array.prototype.forEach.call(document.querySelectorAll(""[""+e+""]""),function(n){n.removeAttribute(e),Array.prototype.forEach.call(n.attributes,function(e){/^on/.test(e.name)&&""function""!=typeof n[e.name]&&n.setAttribute(e.name,e.value.substring(t.handlerPrefixLength))})})}function S(){var t=window;""undefined""!=typeof Promise&&(t.__cfQR={done:new Promise(function(t){return U=t})})}function w(t){var e=new N(t),n=new C(e);e.harvestScriptsInDocument(),new W(e,{nonce:t,blocking:!0,docWriteSimulator:n,callback:function(){}}).run()}function x(t){var e=new N(t),n=new C(e);e.harvestScriptsInDocument();var r=new W(e,{nonce:t,blocking:!1,docWriteSimulator:n,callback:function(){window.__cfRLUnblockHandlers=!0,r.removePreloadHints(),P(t)}});r.insertPreloadHints(),M.runOnLoad(function(){r.run()})}function P(t){var e=new O(t);M.simulateStateBeforeDeferScriptsActivation(),e.harvestDeferScriptsInDocument(),new W(e,{nonce:t,blocking:!1,callback:function(){M.simulateStateAfterDeferScriptsActivation(),U&&U()}}).run()}var A=""http://www.w3.org/2000/svg"",E={""application/ecmascript"":!0,""application/javascript"":!0,""application/x-ecmascript"":!0,""application/x-javascript"":!0,""text/ecmascript"":!0,""text/javascript"":!0,""text/javascript1.0"":!0,""text/javascript1.1"":!0,""text/javascript1.2"":!0,""text/javascript1.3"":!0,""text/javascript1.4"":!0,""text/javascript1.5"":!0,""text/jscript"":!0,""text/livescript"":!0,""text/x-ecmascript"":!0,""text/x-javascript"":!0,module:!0},k=void 0!==document.createElement(""script"").noModule,I=function(){var t=window;return t.__rocketLoaderEventCtor||Object.defineProperty(t,""__rocketLoaderEventCtor"",{value:Event}),t.__rocketLoaderEventCtor}(),L=document.write,_=document.writeln,H=Object.setPrototypeOf||{__proto__:[]}instanceof Array&&function(t,e){t.__proto__=e}||function(t,e){for(var n in e)e.hasOwnProperty(n)&&(t[n]=e[n])},D=function(){function t(t){this.nonce=t,this.items=[]}return Object.defineProperty(t.prototype,""hasItems"",{get:function(){return this.items.length>0},enumerable:!0,configurable:!0}),t.prototype.pop=function(){return this.items.pop()},t.prototype.forEach=function(t){this.items.forEach(function(e){var n=e.script;return t(n)})},t.prototype.harvestScripts=function(t,e){var n=this,r=e.filter,o=e.mutate;Array.prototype.slice.call(t.querySelectorAll(""script"")).filter(r).reverse().forEach(function(t){o(t),n.pushScriptOnStack(t)})},t.prototype.pushScriptOnStack=function(t){var e=t.parentNode,n=this.createPlaceholder(t),r=!!i(t);e.replaceChild(n,t),this.items.push({script:t,placeholder:n,external:r,async:r&&t.hasAttribute(""async""),executable:c(t)})},t.prototype.hasNonce=function(t){return 0===(t.getAttribute(""type"")||"""").indexOf(this.nonce)},t.prototype.removeNonce=function(t){t.type=t.type.substr(this.nonce.length)},t.prototype.makeNonExecutable=function(t){t.type=this.nonce+t.type},t.prototype.isPendingDeferScript=function(t){return t.hasAttribute(""defer"")||t.type===this.nonce+""module""&&!t.hasAttribute(""async"")},t}(),N=function(t){function e(){return null!==t&&t.apply(this,arguments)||this}return y(e,t),e.prototype.harvestScriptsInDocument=function(){var t=this;this.harvestScripts(document,{filter:function(e){return t.hasNonce(e)},mutate:function(e){t.isPendingDeferScript(e)||t.removeNonce(e)}})},e.prototype.harvestScriptsAfterDocWrite=function(t){var e=this;this.harvestScripts(t,{filter:c,mutate:function(t){e.isPendingDeferScript(t)&&e.makeNonExecutable(t)}})},e.prototype.createPlaceholder=function(t){return document.createComment(t.outerHTML)},e}(D),O=function(t){function e(){return null!==t&&t.apply(this,arguments)||this}return y(e,t),e.prototype.harvestDeferScriptsInDocument=function(){var t=this;this.harvestScripts(document,{filter:function(e){return t.hasNonce(e)&&t.isPendingDeferScript(e)},mutate:function(e){return t.removeNonce(e)}})},e.prototype.createPlaceholder=function(t){var e=p(t);return this.makeNonExecutable(e),e},e}(D),C=function(){function t(t){this.scriptStack=t}return t.prototype.enable=function(t){var e=this;this.insertionPointMarker=t,this.buffer="""",document.write=function(){for(var t=[],n=0;n<arguments.length;n++)t[n]=arguments[n];return e.write(t,!1)},document.writeln=function(){for(var t=[],n=0;n<arguments.length;n++)t[n]=arguments[n];return e.write(t,!0)}},t.prototype.flushWrittenContentAndDisable=function(){document.write=L,document.writeln=_,this.buffer.length&&(document.contains(this.insertionPointMarker)?this.insertionPointMarker.parentNode===document.head?this.insertContentInHead():this.insertContentInBody():e(""Insertion point marker for document.write was detached from document:"",""Markup will not be inserted""))},t.prototype.insertContentInHead=function(){var t=new DOMParser,e=""<!DOCTYPE html><head>""+this.buffer+""</head>"",o=t.parseFromString(e,""text/html"");if(this.scriptStack.harvestScriptsAfterDocWrite(o),n(o.head.childNodes,this.insertionPointMarker),o.body.childNodes.length){for(var i=Array.prototype.slice.call(o.body.childNodes),a=this.insertionPointMarker.nextSibling;a;)i.push(a),a=a.nextSibling;document.body||L.call(document,""<body>""),r(i,document.body)}},t.prototype.insertContentInBody=function(){var t=this.insertionPointMarker.parentElement,e=document.createElement(t.tagName);e.innerHTML=this.buffer,this.scriptStack.harvestScriptsAfterDocWrite(e),n(e.childNodes,this.insertionPointMarker)},t.prototype.write=function(t,e){var n=document.currentScript;n&&i(n)&&n.hasAttribute(""async"")?(r=e?_:L).call.apply(r,[document].concat(t)):this.buffer+=t.map(String).join(e?""\n"":"""");var r},t}(),j=function(){function t(){var t=this;this.simulatedReadyState=""loading"",this.bypassEventsInProxies=!1,this.nativeWindowAddEventListener=window.addEventListener;try{Object.defineProperty(document,""readyState"",{get:function(){return t.simulatedReadyState}})}catch(e){}this.setupEventListenerProxy(),this.updateInlineHandlers()}return t.prototype.runOnLoad=function(t){var e=this;this.nativeWindowAddEventListener.call(window,""load"",function(n){if(!e.bypassEventsInProxies)return t(n)})},t.prototype.updateInlineHandlers=function(){this.proxyInlineHandler(document,""onreadystatechange""),this.proxyInlineHandler(window,""onload""),document.body&&this.proxyInlineHandler(document.body,""onload"")},t.prototype.simulateStateBeforeDeferScriptsActivation=function(){this.bypassEventsInProxies=!0,this.simulatedReadyState=""interactive"",l(document,""readystatechange""),this.bypassEventsInProxies=!1},t.prototype.simulateStateAfterDeferScriptsActivation=function(){var t=this;this.bypassEventsInProxies=!0,l(document,""DOMContentLoaded""),this.simulatedReadyState=""complete"",l(document,""readystatechange""),l(window,""load""),this.bypassEventsInProxies=!1,window.setTimeout(function(){return t.bypassEventsInProxies=!0},0)},t.prototype.setupEventListenerProxy=function(){var t=this;(""undefined""!=typeof EventTarget?[EventTarget.prototype]:[Node.prototype,Window.prototype]).forEach(function(e){return t.patchEventTargetMethods(e)})},t.prototype.patchEventTargetMethods=function(t){var e=this,n=t.addEventListener,r=t.removeEventListener;t.addEventListener=function(t,r){for(var o=[],i=2;i<arguments.length;i++)o[i-2]=arguments[i];var a=m(this),c=r&&r.__rocketLoaderProxiedHandler;if(!c){var s=f(r);""function""==typeof s?(c=function(n){if(e.bypassEventsInProxies||a.indexOf(t)<0)return s.call(this,n)},Object.defineProperty(r,""__rocketLoaderProxiedHandler"",{value:c})):c=r}n.call.apply(n,[this,t,c].concat(o))},t.removeEventListener=function(t,e){for(var n=[],o=2;o<arguments.length;o++)n[o-2]=arguments[o];var i=e&&e.__rocketLoaderProxiedHandler||e;r.call.apply(r,[this,t,i].concat(n))}},t.prototype.proxyInlineHandler=function(t,e){try{var n=t[e];if(n&&!n.__rocketLoaderInlineHandlerProxy){var r=this;t[e]=function(t){if(r.bypassEventsInProxies)return n.call(this,t)},Object.defineProperty(t[e],""__rocketLoaderInlineHandlerProxy"",{value:!0})}}catch(o){return void console.warn(""encountered an error when accessing ""+e+"" handler:"",o.message)}},t}(),M=function(){var t=window;return t.__rocketLoaderLoadProgressSimulator||Object.defineProperty(t,""__rocketLoaderLoadProgressSimulator"",{value:new j}),t.__rocketLoaderLoadProgressSimulator}(),W=function(){function t(t,e){this.scriptStack=t,this.settings=e,this.preloadHints=[]}return t.prototype.insertPreloadHints=function(){var t=this;this.scriptStack.forEach(function(e){if(a(e,t.settings.nonce)){var n=i(e),r=v()&&e.hasAttribute(""integrity"");if(n&&!r){var o=document.createElement(""link"");o.setAttribute(""rel"",""preload""),o.setAttribute(""as"",""script""),o.setAttribute(""href"",n),e.crossOrigin&&o.setAttribute(""crossorigin"",e.crossOrigin),document.head.appendChild(o),t.preloadHints.push(o)}}})},t.prototype.removePreloadHints=function(){this.preloadHints.forEach(function(t){return o(t)})},t.prototype.run=function(){for(var t=this,e=this;this.scriptStack.hasItems;){var n=function(){var n=e.settings.docWriteSimulator,r=e.scriptStack.pop();n&&!r.async&&n.enable(r.placeholder);var o=e.activateScript(r);return o?r.external&&r.executable&&!r.async?(u(o,function(){t.finalizeActivation(r),t.run()}),{value:void 0}):void e.finalizeActivation(r):(n&&n.flushWrittenContentAndDisable(),""continue"")}();if(""object""==typeof n)return n.value}this.scriptStack.hasItems||this.settings.callback()},t.prototype.finalizeActivation=function(t){this.settings.docWriteSimulator&&!t.async&&this.settings.docWriteSimulator.flushWrittenContentAndDisable(),M.updateInlineHandlers(),o(t.placeholder)},t.prototype.activateScript=function(t){var n=t.script,r=t.placeholder,o=t.external,i=t.async,a=r.parentNode;if(!document.contains(r))return e(""Placeholder for script \n""+n.outerHTML+""\n was detached from document."",""Script will not be executed.""),null;var c=this.settings.blocking&&o&&!i?d(n):p(n);return c?(a.insertBefore(c,r),c):(e(""Failed to create activatable copy of script \n""+n.outerHTML+""\n"",""Script will not be executed.""),null)},t}(),R=""data-cf-settings"",T=""|"",B=""data-cf-modified-"",U=void 0;!function(){var t=document.currentScript;if(t){var n=b(t);n?(o(t),g(n),M.updateInlineHandlers(),n.bailout?w(n.nonce):(S(),x(n.nonce))):e(""Activator script doesn't have settings. No scripts will be executed."")}else e(""Can't obtain activator script. No scripts will be executed."")}()}();|https://amf.gov.al/|unqualified-candidate|browser-review-required","","","","unknown","IOSCO; IAIS; IOPS","https://www.iosco.org/v2/about/?subsection=membership&memid=1&page=1; https://www.iosco.org/v2/about/?subsection=membership&memid=1&page=8; https://www.iosco.org/v2/about/?subsection=membership&memid=1&page=9; https://www.iosco.org/v2/about/?subsection=membership&memid=1&page=10; https://www.iosco.org/v2/about/?subsection=membership&memid=1&page=11; https://www.iosco.org/v2/about/?subsection=membership&memid=1&page=12; https://www.iais.org/about-the-iais/iais-members/; https://www.iopsweb.org/en/membership/iops-members-and-observers.html","2026-08-20T12:09:41.497Z","2026-08-20T12:10:41.904Z","2026-08-20T12:11:07.553Z","unknown","provisional-first-page-scan","automated-first-page-date-scan","2024-01","2026-08","2026-08-20","month","first-page-only-unvalidated","0","","","","not-observable","not-observable","not-observable",""
"AL","ALB","Albania","Bank of Albania","Central bank; Prudential supervision","identity-confirmed","https://www.bankofalbania.org/home/","reachable","https://youtu.be/jytYfn8tgOM","Latest monetary policy decision and calendar|https://www.bankofalbania.org/Monetary_Policy/Latest_monetary_policy_decision_and_calendar/|unqualified-candidate|unqualified; Read more...|https://www.bankofalbania.org/Press/Press_Releases/Governor_Sejko_Statement_to_the_Press_Conference_on_Monetary_Policy_Decision_1_July_2026.html|unqualified-candidate|unqualified; Read more...|https://www.bankofalbania.org/Press/Press_Releases/Governor_Sejko_Statement_on_the_Monetary_Policy_Decision_of_the_Supervisory_Council_of_the_Bank_of_Albania.html|unqualified-candidate|unqualified; Governor Sejko: Statement to the Press Conference on the Monetary Policy Decision, 1 October 2025|https://www.youtube.com/watch?v=l2v9QeTGGoA|unqualified-candidate|unqualified; Governor Sejko: Statement to the Press Conference on the Monetary Policy Decision, 6 August 2025|https://www.youtube.com/watch?v=JKmadXzLg90|unqualified-candidate|unqualified; Governor Sejko: Statement to the Press Conference on Monetary Policy Decision, 02 July 2025|https://www.youtube.com/watch?v=rUM4R1BJcAc|unqualified-candidate|unqualified; Governor Sejko: Statement to the Press Conference on Monetary Policy Decision, 03 July 2024|https://youtu.be/XDxIQbx3Zok?si=hPohkkI_1fkOymGt|unqualified-candidate|unqualified; Governor Sejko: Statement to the Press Conference on Monetary Policy Decision, 8 May 2024|https://www.youtube.com/watch?v=TVUBXQmhzJ0|unqualified-candidate|unqualified; Governor Sejko: Statement to the Press Conference on the Monetary Policy Decision, 7 February 2024|https://youtu.be/WrQdqzajOUE?si=9M2n5cqftsyFkimt|unqualified-candidate|unqualified; Governor Sejko: Statement to the Press Conference on Monetary Policy Decision, 1 November 2023|https://youtu.be/Lah39b3AARw?si=ioUqGTSOEOCZBL-b|unqualified-candidate|unqualified; Governor Sejko: Statement to the Press Conference on Monetary Policy Decision, 4.10.2023|https://youtu.be/tq4uSt8Ae2o?si=n9oJZe9jdmu3Ss0d|unqualified-candidate|unqualified; Governor Sejko: Statement to the Press Conference on Monetary Policy Decision, 5 July 2023|https://youtu.be/kTIerTt8DZI?si=uJq-ZilmXAy-SJwR|unqualified-candidate|unqualified; Governor Sejko at the Press Conference on MP decision, 3 May 2023|https://youtu.be/jytYfn8tgOM|unqualified-candidate|manual-review-required; Governor Sejko at the Press Conference on MP decision, 23 March 2023|https://youtu.be/d03dS4BAaX0|unqualified-candidate|unqualified; Governor Sejko: Statement to the Press Conference on Monetary Policy Decision, 4 May 2022|https://www.youtube.com/watch?v=TpJDXcnVDi4|unqualified-candidate|unqualified; Governor Sejko: Statement to the Press Conference on Monetary Policy Decision, 23 March 2022|https://www.youtube.com/watch?v=O2GUskvMLKE|unqualified-candidate|unqualified; Governor Sejko at the Press Conference on MP decision, 2 February 2022|https://www.youtube.com/watch?v=X7EuejdKgSs|unqualified-candidate|unqualified; Governor Sejko at the Press Conference on MP decision, 3 November 2021|https://www.youtube.com/watch?v=aDLoLTS80tE&t=1s|unqualified-candidate|unqualified; Governor Sejko at the Press Conference on MP decision, 6 October 2021|https://www.youtube.com/watch?v=RAq2nohp--0|unqualified-candidate|unqualified; Governor Sejko: Statement to the Press Conference on Monetary Policy Decision, 4 August 2021|https://www.youtube.com/watch?v=7-zfn27izgs|unqualified-candidate|unqualified","","","","enforcement","BIS","https://www.bis.org/cbanks.htm; https://www.bis.org/regauth.htm","2026-08-20T12:09:41.497Z","2026-08-20T12:10:41.904Z","2026-08-20T12:11:07.553Z","unknown","provisional-first-page-scan","automated-first-page-date-scan","2024-01","2026-08","2026-08-20","month","first-page-only-unvalidated","0","","","","generic-or-ambiguous-link","decision_register","external-unqualified",""
"AD","AND","Andorra","Autoritat Financera Andorrana","Securities; Insurance","identity-confirmed","http://www.afa.ad/","timeout","","","","","","unknown","IOSCO; IAIS","https://www.iosco.org/v2/about/?subsection=membership&memid=1&page=1; https://www.iosco.org/v2/about/?subsection=membership&memid=1&page=8; https://www.iosco.org/v2/about/?subsection=membership&memid=1&page=9; https://www.iosco.org/v2/about/?subsection=membership&memid=1&page=10; https://www.iosco.org/v2/about/?subsection=membership&memid=1&page=11; https://www.iosco.org/v2/about/?subsection=membership&memid=1&page=12; https://www.iais.org/about-the-iais/iais-members/","2026-08-20T12:09:41.497Z","2026-08-20T12:10:41.904Z","2026-08-20T12:10:41.904Z","unknown","provisional-first-page-scan","automated-first-page-date-scan","2024-01","2026-08","2026-08-20","month","first-page-only-unvalidated","0","","","","","","",""
"AD","AND","Andorra","Financial Intelligence Unit-Andorra (FIUAND)","Financial intelligence","identity-confirmed","http://www.uifand.ad/","reachable","","","","","","unknown","EGMONT","https://egmontgroup.org/members-by-region/","2026-08-20T12:09:41.497Z","2026-08-20T12:10:41.904Z","2026-08-20T12:10:41.904Z","unknown","provisional-first-page-scan","automated-first-page-date-scan","2024-01","2026-08","2026-08-20","month","first-page-only-unvalidated","0","","","","","","",""
"AM","ARM","Armenia","Central Bank of Armenia","Central bank; Prudential supervision; Securities; Insurance; Pensions; Financial intelligence","identity-confirmed","http://www.cba.am/","reachable","https://www.cba.am/hy/Board-decisions/","Խորհրդի փաստաթղթեր|https://www.cba.am/hy/Board-decisions/|unqualified-candidate|manual-review-required; ԿԲ նախագահի որոշումներ|https://www.cba.am/hy/Chairman's-decisions/|unqualified-candidate|unqualified; Այլ|https://www.cba.am/hy/circulars-notices/|unqualified-candidate|unqualified","","","","enforcement","BIS; IOSCO; IAIS; IOPS; EGMONT","https://www.bis.org/cbanks.htm; https://www.bis.org/regauth.htm; https://www.iosco.org/v2/about/?subsection=membership&memid=1&page=1; https://www.iosco.org/v2/about/?subsection=membership&memid=1&page=8; https://www.iosco.org/v2/about/?subsection=membership&memid=1&page=9; https://www.iosco.org/v2/about/?subsection=membership&memid=1&page=10; https://www.iosco.org/v2/about/?subsection=membership&memid=1&page=11; https://www.iosco.org/v2/about/?subsection=membership&memid=1&page=12; https://www.iais.org/about-the-iais/iais-members/; https://www.iopsweb.org/en/membership/iops-members-and-observers.html; https://egmontgroup.org/members-by-region/","2026-08-20T12:09:41.497Z","2026-08-20T12:10:41.904Z","2026-08-20T12:11:07.553Z","unknown","provisional-first-page-scan","automated-first-page-date-scan","2024-01","2026-08","2026-08-20","month","first-page-only-unvalidated","0","","","","generic-or-ambiguous-link","decision_register","authority-owned",""
"AT","AUT","Austria","Austrian Financial Intelligence Unit (A-FIU)","Financial intelligence","identity-confirmed","","no-public-website","","","","","","unknown","EGMONT","https://egmontgroup.org/members-by-region/","2026-08-20T12:09:41.497Z","2026-08-20T12:10:41.904Z","2026-08-20T12:10:41.904Z","unknown","provisional-first-page-scan","automated-first-page-date-scan","2024-01","2026-08","2026-08-20","month","first-page-only-unvalidated","0","","","","","","",""
"AT","AUT","Austria","Austrian Financial Market Authority","Prudential supervision; Securities; Insurance; Pensions","identity-confirmed","http://www.fma.gv.at/","challenge-protected","","","","","","unknown","BIS; IOSCO; IAIS; IOPS","https://www.bis.org/regauth.htm; https://www.iosco.org/v2/about/?subsection=membership&memid=1&page=1; https://www.iosco.org/v2/about/?subsection=membership&memid=1&page=8; https://www.iosco.org/v2/about/?subsection=membership&memid=1&page=9; https://www.iosco.org/v2/about/?subsection=membership&memid=1&page=10; https://www.iosco.org/v2/about/?subsection=membership&memid=1&page=11; https://www.iosco.org/v2/about/?subsection=membership&memid=1&page=12; https://www.iais.org/about-the-iais/iais-members/; https://www.iopsweb.org/en/membership/iops-members-and-observers.html","2026-08-20T12:09:41.497Z","2026-08-20T12:10:41.904Z","2026-08-20T12:10:41.904Z","unknown","provisional-first-page-scan","automated-first-page-date-scan","2024-01","2026-08","2026-08-20","month","first-page-only-unvalidated","0","","","","","","",""
"AT","AUT","Austria","Central Bank of the Republic of Austria","Central bank; Prudential supervision","identity-confirmed","https://www.oenb.at/en/","reachable","https://www.oenb.at/en/Services/copyright-notice-and-disclaimer.html","Imprint and Disclaimer|https://www.oenb.at/en/Services/copyright-notice-and-disclaimer.html|unqualified-candidate|manual-review-required","","","","regulatory-update","BIS","https://www.bis.org/cbanks.htm; https://www.bis.org/regauth.htm","2026-08-20T12:09:41.497Z","2026-08-20T12:10:41.904Z","2026-08-20T12:11:07.553Z","unknown","provisional-first-page-scan","automated-first-page-date-scan","2024-01","2026-08","2026-08-20","month","first-page-only-unvalidated","0","","","","generic-or-ambiguous-link","news_or_notice","authority-owned",""
"AZ","AZE","Azerbaijan","Central Bank of the Republic of Azerbaijan","Central bank; Prudential supervision; Insurance","identity-confirmed","https://www.cbar.az/home?language=en","reachable","https://www.cbar.az/press-releases/2","Monetary policy decisions|https://www.cbar.az/page-134/monetary-policy-decisions|unqualified-candidate|unqualified; Announcements and notices|https://www.cbar.az/press-releases/2|unqualified-candidate|manual-review-required","","","","regulatory-update","BIS; IAIS","https://www.bis.org/cbanks.htm; https://www.bis.org/regauth.htm; https://www.iais.org/about-the-iais/iais-members/","2026-08-20T12:09:41.497Z","2026-08-20T12:10:41.904Z","2026-08-20T12:11:07.553Z","unknown","provisional-first-page-scan","automated-first-page-date-scan","2024-01","2026-08","2026-08-20","month","first-page-only-unvalidated","0","","","","generic-or-ambiguous-link","news_or_notice","authority-owned",""
"AZ","AZE","Azerbaijan","Financial Monitoring Service (FMS)","Financial intelligence","identity-confirmed","http://www.fiu.az/eng/","timeout","","","","","","unknown","EGMONT","https://egmontgroup.org/members-by-region/","2026-08-20T12:09:41.497Z","2026-08-20T12:10:41.904Z","2026-08-20T12:10:41.904Z","unknown","provisional-first-page-scan","automated-first-page-date-scan","2024-01","2026-08","2026-08-20","month","first-page-only-unvalidated","0","","","","","","",""
"BY","BLR","Belarus","National Bank of the Republic of Belarus","Central bank; Prudential supervision","identity-confirmed","http://www.nbrb.by/engl/","timeout","","","","","","unknown","BIS","https://www.bis.org/cbanks.htm; https://www.bis.org/regauth.htm","2026-08-20T12:09:41.497Z","2026-08-20T12:10:41.904Z","2026-08-20T12:10:41.904Z","unknown","provisional-first-page-scan","automated-first-page-date-scan","2024-01","2026-08","2026-08-20","month","first-page-only-unvalidated","0","","","","","","",""
"BY","BLR","Belarus","The Department of Financial Monitoring of the State Control Committee of the Republic of Belarus (DFM)","Financial intelligence","identity-confirmed","http://www.kgk.gov.by/en/contact_information_fmd-en/","timeout","","","","","","unknown","EGMONT","https://egmontgroup.org/members-by-region/","2026-08-20T12:09:41.497Z","2026-08-20T12:10:41.904Z","2026-08-20T12:10:41.904Z","unknown","provisional-first-page-scan","automated-first-page-date-scan","2024-01","2026-08","2026-08-20","month","first-page-only-unvalidated","0","","","","","","",""
"BE","BEL","Belgium","Belgian Financial Intelligence Processing Unit (CTIF-CFI)","Financial intelligence","identity-confirmed","http://www.ctif-cfi.be/website/index.php?lang=en","reachable","","","","","","unknown","EGMONT","https://egmontgroup.org/members-by-region/","2026-08-20T12:09:41.497Z","2026-08-20T12:10:41.904Z","2026-08-20T12:10:41.904Z","unknown","provisional-first-page-scan","automated-first-page-date-scan","2024-01","2026-08","2026-08-20","month","first-page-only-unvalidated","0","","","","","","",""
"BE","BEL","Belgium","Financial Services and Markets Authority*","Securities; Insurance; Pensions","identity-confirmed","http://www.fsma.be/","reachable","https://www.fsma.be/en/warnings-sanctions","Warnings & sanctions|https://www.fsma.be/en/warnings-sanctions|authority-owned-qualified-route|approved-for-human-contract; Administrative sanctions|https://www.fsma.be/en/administrative-sanctions|unqualified-candidate|unqualified","","Warnings & sanctions|https://www.fsma.be/en/warnings-sanctions","","enforcement","IOSCO; IAIS; IOPS","https://www.iosco.org/v2/about/?subsection=membership&memid=1&page=1; https://www.iosco.org/v2/about/?subsection=membership&memid=1&page=8; https://www.iosco.org/v2/about/?subsection=membership&memid=1&page=9; https://www.iosco.org/v2/about/?subsection=membership&memid=1&page=10; https://www.iosco.org/v2/about/?subsection=membership&memid=1&page=11; https://www.iosco.org/v2/about/?subsection=membership&memid=1&page=12; https://www.iais.org/about-the-iais/iais-members/; https://www.iopsweb.org/en/membership/iops-members-and-observers.html","2026-08-20T12:09:41.497Z","2026-08-20T12:10:41.904Z","2026-08-20T12:11:07.553Z","unknown","provisional-first-page-scan","automated-first-page-date-scan","2024-01","2026-08","2026-08-20","month","first-page-only-unvalidated","0","","","","strong-official-publication-candidate","sanctions_or_penalty_list","authority-owned",""
"BE","BEL","Belgium","National Bank of Belgium","Central bank; Prudential supervision; Insurance","identity-confirmed","https://www.nbb.be/en","reachable","https://www.nbb.be/en/news-events/events/advance-notice-events","Advance notice of events|https://www.nbb.be/en/news-events/events/advance-notice-events|unqualified-candidate|browser-review-required","","","","unknown","BIS; IAIS","https://www.bis.org/cbanks.htm; https://www.bis.org/regauth.htm; https://www.iais.org/about-the-iais/iais-members/","2026-08-20T12:09:41.497Z","2026-08-20T12:10:41.904Z","2026-08-20T12:11:07.553Z","unknown","provisional-first-page-scan","automated-first-page-date-scan","2024-01","2026-08","2026-08-20","month","first-page-only-unvalidated","0","","","","not-observable","not-observable","not-observable",""
"BA","BIH","Bosnia and Herzegovina","Banking Agency of Republika Srpska","Prudential supervision","identity-confirmed","https://www.abrs.ba/?lang=en","reachable","","","","","","unknown","BIS","https://www.bis.org/regauth.htm","2026-08-20T12:09:41.497Z","2026-08-20T12:10:41.904Z","2026-08-20T12:10:41.904Z","unknown","provisional-first-page-scan","automated-first-page-date-scan","2024-01","2026-08","2026-08-20","month","first-page-only-unvalidated","0","","","","","","",""
"BA","BIH","Bosnia and Herzegovina","Banking Agency of the Federation of Bosnia and Herzegovina","Prudential supervision","identity-confirmed","http://www.fba.ba/?lang=en","network-error","","","","","","unknown","BIS","https://www.bis.org/regauth.htm","2026-08-20T12:09:41.497Z","2026-08-20T12:10:41.904Z","2026-08-20T12:10:41.904Z","unknown","provisional-first-page-scan","automated-first-page-date-scan","2024-01","2026-08","2026-08-20","month","first-page-only-unvalidated","0","","","","","","",""
"BA","BIH","Bosnia and Herzegovina","Central Bank of Bosnia and Herzegovina","Central bank","identity-confirmed","http://www.cbbh.ba/?lang=en","challenge-protected","http://fined.cbbh.ba/","Education component|http://fined.cbbh.ba/|unqualified-candidate|manual-review-required; Notice 7/13/2026|https://www.cbbh.ba/press/ShowNews/1797|unqualified-candidate|unqualified; Decision on Amendments to the Decision on the Central Register of Credits of Legal and Physical Entities in Bosnia and Herzegovina (available in local languages) 5/21/2026|https://www.cbbh.ba/Home/GetTableAttachment?contentId=24076a97-9d4f-41fc-b3a7-466110bbd695&lang=en|unqualified-candidate|unqualified","","","","unknown","BIS","https://www.bis.org/cbanks.htm","2026-08-20T12:09:41.497Z","2026-08-20T12:10:41.904Z","2026-08-20T12:11:07.553Z","unknown","provisional-first-page-scan","automated-first-page-date-scan","2024-01","2026-08","2026-08-20","month","first-page-only-unvalidated","0","","","","generic-or-ambiguous-link","generic_or_ambiguous","authority-owned",""
"BA","BIH","Bosnia and Herzegovina","Financial Intelligence Department (FID)","Financial intelligence","identity-confirmed","http://www.sipa.gov.ba/en/about-us/structure/organisational-structure/financial-intelligence-department","reachable","","","","","","unknown","EGMONT","https://egmontgroup.org/members-by-region/","2026-08-20T12:09:41.497Z","2026-08-20T12:10:41.904Z","2026-08-20T12:10:41.904Z","unknown","provisional-first-page-scan","automated-first-page-date-scan","2024-01","2026-08","2026-08-20","month","first-page-only-unvalidated","0","","","","","","",""
"BA","BIH","Bosnia and Herzegovina","Insurance Agency of Bosnia and Herzegovina","Insurance","identity-confirmed","https://www.azobih.gov.ba/Default.aspx?langTag=en-US&template_id=206&pageIndex=1","network-error","","","","","","unknown","IAIS","https://www.iais.org/about-the-iais/iais-members/","2026-08-20T12:09:41.497Z","2026-08-20T12:10:41.904Z","2026-08-20T12:10:41.904Z","unknown","provisional-first-page-scan","automated-first-page-date-scan","2024-01","2026-08","2026-08-20","month","first-page-only-unvalidated","0","","","","","","",""
"BA","BIH","Bosnia and Herzegovina","Insurance Agency of Republic of Srpska","Insurance","identity-confirmed","https://www.azors.rs.ba/","reachable","","","","","","unknown","IAIS","https://www.iais.org/about-the-iais/iais-members/","2026-08-20T12:09:41.497Z","2026-08-20T12:10:41.904Z","2026-08-20T12:10:41.904Z","unknown","provisional-first-page-scan","automated-first-page-date-scan","2024-01","2026-08","2026-08-20","month","first-page-only-unvalidated","0","","","","","","",""
"BA","BIH","Bosnia and Herzegovina","Insurance Supervision Agency of Federation of Bosnia and Herzegovina","Insurance","identity-confirmed","","no-public-website","","","","","","unknown","IAIS","https://www.iais.org/about-the-iais/iais-members/","2026-08-20T12:09:41.497Z","2026-08-20T12:10:41.904Z","2026-08-20T12:10:41.904Z","unknown","provisional-first-page-scan","automated-first-page-date-scan","2024-01","2026-08","2026-08-20","month","first-page-only-unvalidated","0","","","","","","",""
"BA","BIH","Bosnia and Herzegovina","Securities Commission of the Federation of Bosnia and Herzegovina","Securities","identity-confirmed","http://www.komvp.gov.ba/","reachable","","","","","","unknown","IOSCO","https://www.iosco.org/v2/about/?subsection=membership&memid=1&page=1; https://www.iosco.org/v2/about/?subsection=membership&memid=1&page=8; https://www.iosco.org/v2/about/?subsection=membership&memid=1&page=9; https://www.iosco.org/v2/about/?subsection=membership&memid=1&page=10; https://www.iosco.org/v2/about/?subsection=membership&memid=1&page=11; https://www.iosco.org/v2/about/?subsection=membership&memid=1&page=12","2026-08-20T12:09:41.497Z","2026-08-20T12:10:41.904Z","2026-08-20T12:10:41.904Z","unknown","provisional-first-page-scan","automated-first-page-date-scan","2024-01","2026-08","2026-08-20","month","first-page-only-unvalidated","0","","","","","","",""
"BA","BIH","Bosnia and Herzegovina","Securities Commission of the Republic Srpska","Securities","identity-confirmed","http://www.secrs.gov.ba/","reachable","","","","","","unknown","IOSCO","https://www.iosco.org/v2/about/?subsection=membership&memid=1&page=6","2026-08-20T12:09:41.497Z","2026-08-20T12:10:41.904Z","2026-08-20T12:10:41.904Z","unknown","provisional-first-page-scan","automated-first-page-date-scan","2024-01","2026-08","2026-08-20","month","first-page-only-unvalidated","0","","","","","","",""
"BG","BGR","Bulgaria","Bulgarian National Bank","Central bank; Prudential supervision","identity-confirmed","http://www.bnb.bg/","timeout","","","","","","unknown","BIS","https://www.bis.org/cbanks.htm; https://www.bis.org/regauth.htm","2026-08-20T12:09:41.497Z","2026-08-20T12:10:41.904Z","2026-08-20T12:10:41.904Z","unknown","provisional-first-page-scan","automated-first-page-date-scan","2024-01","2026-08","2026-08-20","month","first-page-only-unvalidated","0","","","","","","",""
"BG","BGR","Bulgaria","Financial Intelligence Directorate – State Agency for National Security (FID-SANS)","Financial intelligence","identity-confirmed","http://www.dans.bg/en/msip-091209-menu-en","challenge-protected","","","","","","unknown","EGMONT","https://egmontgroup.org/members-by-region/","2026-08-20T12:09:41.497Z","2026-08-20T12:10:41.904Z","2026-08-20T12:10:41.904Z","unknown","provisional-first-page-scan","automated-first-page-date-scan","2024-01","2026-08","2026-08-20","month","first-page-only-unvalidated","0","","","","","","",""
"BG","BGR","Bulgaria","Financial Supervision Commission","Securities; Insurance; Pensions","identity-confirmed","http://www.fsc.bg/","network-error","","","","","","unknown","IOSCO; IAIS; IOPS","https://www.iosco.org/v2/about/?subsection=membership&memid=1&page=2; https://www.iais.org/about-the-iais/iais-members/; https://www.iopsweb.org/en/membership/iops-members-and-observers.html","2026-08-20T12:09:41.497Z","2026-08-20T12:10:41.904Z","2026-08-20T12:10:41.904Z","unknown","provisional-first-page-scan","automated-first-page-date-scan","2024-01","2026-08","2026-08-20","month","first-page-only-unvalidated","0","","","","","","",""
"HR","HRV","Croatia","Anti-Money Laundering Office – FIU Croatia (AMLO)","Financial intelligence","identity-confirmed","http://www.mfin.hr/en/anti-money-laundering-office","timeout","","","","","","unknown","EGMONT","https://egmontgroup.org/members-by-region/","2026-08-20T12:09:41.497Z","2026-08-20T12:10:41.904Z","2026-08-20T12:10:41.904Z","unknown","provisional-first-page-scan","automated-first-page-date-scan","2024-01","2026-08","2026-08-20","month","first-page-only-unvalidated","0","","","","","","",""
"HR","HRV","Croatia","Croatian Financial Services Supervisory Agency","Securities; Insurance; Pensions","identity-confirmed","http://www.hanfa.hr/","reachable","https://www.hanfa.hr/vijesti/pruzanje-kriptousluga-od-1-srpnja-2026-za-drustva-obvezna-kriptolicenca-i-upis-u-hanfine-registre-a-korisnike-se-poziva-na-oprez/","Više|https://www.hanfa.hr/vijesti/pruzanje-kriptousluga-od-1-srpnja-2026-za-drustva-obvezna-kriptolicenca-i-upis-u-hanfine-registre-a-korisnike-se-poziva-na-oprez/|unqualified-candidate|manual-review-required","","","","unknown","IOSCO; IAIS; IOPS","https://www.iosco.org/v2/about/?subsection=membership&memid=1&page=2; https://www.iais.org/about-the-iais/iais-members/; https://www.iopsweb.org/en/membership/iops-members-and-observers.html","2026-08-20T12:09:41.497Z","2026-08-20T12:10:41.904Z","2026-08-20T12:11:07.553Z","unknown","provisional-first-page-scan","automated-first-page-date-scan","2024-01","2026-08","2026-08-20","month","first-page-only-unvalidated","0","","","","generic-or-ambiguous-link","generic_or_ambiguous","authority-owned",""
"HR","HRV","Croatia","Croatian National Bank","Central bank; Prudential supervision","identity-confirmed","http://www.hnb.hr/home","reachable","","","","","","unknown","BIS","https://www.bis.org/cbanks.htm; https://www.bis.org/regauth.htm","2026-08-20T12:09:41.497Z","2026-08-20T12:10:41.904Z","2026-08-20T12:10:41.904Z","unknown","provisional-first-page-scan","automated-first-page-date-scan","2024-01","2026-08","2026-08-20","month","first-page-only-unvalidated","0","","","","","","",""
"CY","CYP","Cyprus","Central Bank of Cyprus","Central bank; Prudential supervision","identity-confirmed","https://www.centralbank.cy/en//home","challenge-protected","https://www.centralbank.cy/en/administrative-sanctions-and-measures","Administrative Sanctions & Measures|https://www.centralbank.cy/en/administrative-sanctions-and-measures|unqualified-candidate|browser-review-required","","","","unknown","BIS","https://www.bis.org/cbanks.htm; https://www.bis.org/regauth.htm","2026-08-20T12:09:41.497Z","2026-08-20T12:10:41.904Z","2026-08-20T12:11:07.553Z","unknown","provisional-first-page-scan","automated-first-page-date-scan","2024-01","2026-08","2026-08-20","month","first-page-only-unvalidated","0","","","","not-observable","not-observable","not-observable",""
"CY","CYP","Cyprus","Cyprus Securities and Exchange Commission","Securities","identity-confirmed","http://www.cysec.gov.cy/","challenge-protected","https://www.cysec.gov.cy/el-GR/legislation/sanctions/","Γενική Πολιτική Απορρήτου|https://www.cysec.gov.cy/el-GR/cysec/privacy-notice/|unqualified-candidate|unqualified; Αποφάσεις|https://www.cysec.gov.cy/el-GR/public-info/decisions/|unqualified-candidate|unqualified; Αποφάσεις Δικαστηρίου|https://www.cysec.gov.cy/el-GR/public-info/court-decisions/|unqualified-candidate|unqualified; Διοικητικές Κυρώσεις|https://www.cysec.gov.cy/el-GR/public-info/administrative-sanctions/|unqualified-candidate|unqualified; Κυρώσεις/Περιοριστικά Μέτρα|https://www.cysec.gov.cy/el-GR/legislation/sanctions/|unqualified-candidate|browser-review-required; /public-info/administrative-sanctions/|https://www.cysec.gov.cy/public-info/administrative-sanctions/|unqualified-candidate|unqualified; ΠΕΡΙΣΣΟΤΕΡΑ|https://www.cysec.gov.cy/el-GR/legislation/sanctions/notifications/104219/|unqualified-candidate|unqualified; ΠΕΡΙΣΣΟΤΕΡΑ|https://www.cysec.gov.cy/el-GR/legislation/sanctions/notifications/104218/|unqualified-candidate|unqualified; ΠΕΡΙΣΣΟΤΕΡΑ|https://www.cysec.gov.cy/el-GR/legislation/sanctions/notifications/104204/|unqualified-candidate|unqualified; Περισσότερα|https://www.cysec.gov.cy/home/decisions/|unqualified-candidate|unqualified","","","","unknown","IOSCO","https://www.iosco.org/v2/about/?subsection=membership&memid=1&page=2","2026-08-20T12:09:41.497Z","2026-08-20T12:10:41.904Z","2026-08-20T12:11:07.553Z","unknown","provisional-first-page-scan","automated-first-page-date-scan","2024-01","2026-08","2026-08-20","month","first-page-only-unvalidated","0","","","","not-observable","not-observable","not-observable",""
"CY","CYP","Cyprus","Unit for Combating Money Laundering (MOKAS)","Financial intelligence","identity-confirmed","http://www.law.gov.cy/law/mokas/mokas.nsf/index_en/index_en?OpenDocument","reachable","","","","","","unknown","EGMONT","https://egmontgroup.org/members-by-region/","2026-08-20T12:09:41.497Z","2026-08-20T12:10:41.904Z","2026-08-20T12:10:41.904Z","unknown","provisional-first-page-scan","automated-first-page-date-scan","2024-01","2026-08","2026-08-20","month","first-page-only-unvalidated","0","","","","","","",""
"CZ","CZE","Czechia","Czech National Bank","Central bank; Prudential supervision; Securities; Insurance; Pensions","identity-confirmed","http://www.cnb.cz/en/index.html","reachable","https://www.cnb.cz/en/monetary-policy/bank-board-decisions/","Bank Board decisions|https://www.cnb.cz/en/monetary-policy/bank-board-decisions/|unqualified-candidate|manual-review-required; CNB Board decisions|https://www.cnb.cz/en/financial-stability/cnb-board-decision/|unqualified-candidate|unqualified; Public notices|https://www.cnb.cz/en/supervision-financial-market/conduct-of-supervision/public-notices/|unqualified-candidate|unqualified; Final administrative decisions of the Czech National Bank|https://www.cnb.cz/en/supervision-financial-market/conduct-of-supervision/final-administrative-decisions-of-the-czech-national-bank/|unqualified-candidate|unqualified; Minutes of the Bank Board meeting on 6 August 2026|https://www.cnb.cz/en/monetary-policy/bank-board-decisions/CNB-Board-decisions-1785999600000/?tab=record|unqualified-candidate|unqualified; CNB Board decisions|https://www.cnb.cz/en/monetary-policy/bank-board-decisions/CNB-Board-decisions-1785999600000/?tab=transcript|unqualified-candidate|unqualified","","","","enforcement","BIS; IOSCO; IAIS; IOPS","https://www.bis.org/cbanks.htm; https://www.bis.org/regauth.htm; https://www.iosco.org/v2/about/?subsection=membership&memid=1&page=2; https://www.iais.org/about-the-iais/iais-members/; https://www.iopsweb.org/en/membership/iops-members-and-observers.html","2026-08-20T12:09:41.497Z","2026-08-20T12:10:41.904Z","2026-08-20T12:11:07.553Z","unknown","provisional-first-page-scan","automated-first-page-date-scan","2024-01","2026-08","2026-08-20","month","first-page-only-unvalidated","0","","","","generic-or-ambiguous-link","decision_register","authority-owned",""
"CZ","CZE","Czechia","Financial Analytical Unit (FAU-CR)","Financial intelligence","identity-confirmed","http://www.financnianalytickyurad.cz/","challenge-protected","https://www.fau.gov.cz/cs/rozcestnik/reseni-nekterych-zivotnich-situaci/informaciya-dlya-arendatorov-nedvizhimosti-nahodya-196","Информация для арендаторов недвижимости, находящейся под санкциями|https://www.fau.gov.cz/cs/rozcestnik/reseni-nekterych-zivotnich-situaci/informaciya-dlya-arendatorov-nedvizhimosti-nahodya-196|unqualified-candidate|browser-review-required","","","","unknown","EGMONT","https://egmontgroup.org/members-by-region/","2026-08-20T12:09:41.497Z","2026-08-20T12:10:41.904Z","2026-08-20T12:11:07.553Z","unknown","provisional-first-page-scan","automated-first-page-date-scan","2024-01","2026-08","2026-08-20","month","first-page-only-unvalidated","0","","","","not-observable","not-observable","not-observable",""
"DK","DNK","Denmark","Danish Financial Supervisory Authority","Prudential supervision; Securities; Insurance","identity-confirmed","http://www.finanstilsynet.dk/en.aspx","http-error","","","","","","unknown","BIS; IOSCO; IAIS","https://www.bis.org/regauth.htm; https://www.iosco.org/v2/about/?subsection=membership&memid=1&page=2; https://www.iais.org/about-the-iais/iais-members/","2026-08-20T12:09:41.497Z","2026-08-20T12:10:41.904Z","2026-08-20T12:10:41.904Z","unknown","provisional-first-page-scan","automated-first-page-date-scan","2024-01","2026-08","2026-08-20","month","first-page-only-unvalidated","0","","","","","","",""
"DK","DNK","Denmark","Danmarks Nationalbank","Central bank; Prudential supervision","identity-confirmed","http://www.nationalbanken.dk/","reachable","","","","","","unknown","BIS","https://www.bis.org/cbanks.htm; https://www.bis.org/regauth.htm","2026-08-20T12:09:41.497Z","2026-08-20T12:10:41.904Z","2026-08-20T12:10:41.904Z","unknown","provisional-first-page-scan","automated-first-page-date-scan","2024-01","2026-08","2026-08-20","month","first-page-only-unvalidated","0","","","","","","",""
"DK","DNK","Denmark","The Money Laundering Secretariat (FIU Denmark)","Financial intelligence","identity-confirmed","https://www.hvidvask.dk/","reachable","","","","","","unknown","EGMONT","https://egmontgroup.org/members-by-region/","2026-08-20T12:09:41.497Z","2026-08-20T12:10:41.904Z","2026-08-20T12:10:41.904Z","unknown","provisional-first-page-scan","automated-first-page-date-scan","2024-01","2026-08","2026-08-20","month","first-page-only-unvalidated","0","","","","","","",""
"EE","EST","Estonia","Bank of Estonia","Central bank; Prudential supervision","identity-confirmed","http://www.eestipank.ee/en","reachable","","","","","","unknown","BIS","https://www.bis.org/cbanks.htm; https://www.bis.org/regauth.htm","2026-08-20T12:09:41.497Z","2026-08-20T12:10:41.904Z","2026-08-20T12:10:41.904Z","unknown","provisional-first-page-scan","automated-first-page-date-scan","2024-01","2026-08","2026-08-20","month","first-page-only-unvalidated","0","","","","","","",""
"EE","EST","Estonia","Estonian Financial Intelligence Unit (Estonian FIU)","Financial intelligence","identity-confirmed","https://www.fiu.ee/","reachable","https://facebook.com/102210322426157_1025691216755449","23. juulil võttis Euroopa Liit (EL)🇪🇺 vastu 21. sanktsioonipaketi seoses Venemaa agressiooniga ja Valgevene režiimi tegevusega Ukraina vastu. Kokku lisati sanktsiooninimekirja 🚫218 inimest ja organisatsiooni. ⚠️Finantssanktsioon 📌Tehingukeeldu laiendati 33 Venemaa krediidi- ja finantsasutusele, ühele Kõrgõzstani pangale ning kolmele teisele väljaspool Venemaad tegutsevale pangale. Nüüdsest on pea kõik suuremad Venemaa pangad sanktsioonide all. Täiendavalt eemaldati 33 Venemaa panka rahvusvahelisest SWIFT-maksesüsteemist. Varade täielik külmutamine puudutab 94 Venemaa panka ja finantsasutust, sh Moskva börsi. 📌Tehingukeelu alla lisati 14 krüptoplatvormi. Uus õiguslik alus võimaldab ELil keelata tehingud krüptovarateenuse pakkujatega, kes võimaldavad Venemaal sanktsioonidest kõrvale hiilida. ⚠️Teised valdkondlikud piiravad meetmed 📌Sanktsiooninimekirja lisati 41 laeva, peamiselt varilaevastiku tankerid. Sellega kasvas sanktsioonide alla pandud aluste koguarv 673-ni. 📌Tehingukeelu nimekirja lisati kaks Venemaa sadamat, aga ka neli lennujaama. 📌Ühtlasi laiendas EL piiranguid laevadele, mis punkerdavad, tangivad või teenindavad muul viisil juba sanktsioneeritud aluseid. 📌Lepiti kokku sammudes, mille alusel keelata lühiajalised ELi viisad Venemaa relvajõududes või seotud rühmitustes Ukraina‑vastases sõjategevuses osalenud isikutele. 📌Lisandus alus ELi kohtutele ja liikmesriikidele mitte tunnustada ega täita Venemaa kohtuotsuseid ELi sanktsioone puudutavates menetlustes. ℹRahapesu Andmebüroo on pädev asutus finantssanktsiooni korral. Sanktsiooni subjektide ELis olevad varad tuleb külmutada ning neile ei tohi majandusressursse kättesaadavaks teha. Sanktsiooni kohaldamisel lähtu õigusaktist, sh sätestatud üleminekuajast. ❗️Lisateavet vaata Välisministeeriumi kodulehelt https://vm.ee/tegevused/rahvusvahelised-sanktsioonid/muudatused-rahvusvahelistes-sanktsioonides?sort=decision_date&page=1 #sanktsioon #finantssanktsioon #SlavaUkraini🇺🇦 #StandwithUkraine Estonian Ministry of Foreign Affairs / Välisministeerium|https://facebook.com/102210322426157_1025691216755449|unqualified-candidate|manual-review-required","","","","enforcement","EGMONT","https://egmontgroup.org/members-by-region/","2026-08-20T12:09:41.497Z","2026-08-20T12:10:41.904Z","2026-08-20T12:11:07.553Z","unknown","provisional-first-page-scan","automated-first-page-date-scan","2024-01","2026-08","2026-08-20","month","first-page-only-unvalidated","0","","","","plausible-official-publication-candidate","decision_register","external-unqualified",""
"EE","EST","Estonia","Estonian Financial Supervision Authority","Prudential supervision; Securities; Insurance","identity-confirmed","http://www.fi.ee/","reachable","","","","","","unknown","BIS; IOSCO; IAIS","https://www.bis.org/regauth.htm; https://www.iosco.org/v2/about/?subsection=membership&memid=1&page=3; https://www.iais.org/about-the-iais/iais-members/","2026-08-20T12:09:41.497Z","2026-08-20T12:10:41.904Z","2026-08-20T12:10:41.904Z","unknown","provisional-first-page-scan","automated-first-page-date-scan","2024-01","2026-08","2026-08-20","month","first-page-only-unvalidated","0","","","","","","",""
"FI","FIN","Finland","Bank of Finland","Central bank; Prudential supervision","enforcement-visible","http://www.suomenpankki.fi/en/","reachable","https://www.suomenpankki.fi/en/news-and-topical/press-releases-and-news/releases/2026/reference-rate-and-penalty-interest-rates-for-1-july--31-december-2026/","Monetary policy decisions|https://www.suomenpankki.fi/en/Monetary-policy/monetary-policy-decisions/|unqualified-candidate|unqualified; Decisions by the ECB’s Governing Council|https://www.suomenpankki.fi/en/news-and-topical/decisions-by-the-ecbs-governing-council/|unqualified-candidate|unqualified; Decision-making|https://www.suomenpankki.fi/en/bank-of-finland/our-strategy/ECB-and-the-eurosystem/decision-making/|unqualified-candidate|unqualified; Press release | 30 Jun 2026 Reference rate and penalty interest rates for 1 July – 31 December 2026 The reference rate under section 12 of the Interest Act (633/1982) for the period 1 July – 31 December 2026 is 2.5 %.|https://www.suomenpankki.fi/en/news-and-topical/press-releases-and-news/releases/2026/reference-rate-and-penalty-interest-rates-for-1-july--31-december-2026/|authority-owned-qualified-route|approved-for-human-contract; Financial Literacy Centre We need financial skills for many everyday decisions. Everyone also needs support in handling financial matters at some point in their lives - whether it's everyday spending, purchases, borrowing, saving or, for example, investing. Welcome to learn more about the economy!|https://www.rahamuseo.fi/en/financial-literacy-centre/|unqualified-candidate|unqualified","","Press release | 30 Jun 2026 Reference rate and penalty interest rates for 1 July – 31 December 2026 The reference rate under section 12 of the Interest Act (633/1982) for the period 1 July – 31 December 2026 is 2.5 %.|https://www.suomenpankki.fi/en/news-and-topical/press-releases-and-news/releases/2026/reference-rate-and-penalty-interest-rates-for-1-july--31-december-2026/","","enforcement","BIS","https://www.bis.org/cbanks.htm; https://www.bis.org/regauth.htm","2026-08-20T12:09:41.497Z","2026-08-20T12:10:41.904Z","2026-08-20T12:11:07.553Z","low-frequency","provisional-first-page-scan","automated-first-page-date-scan","2024-01","2026-08","2026-08-20","month","first-page-only-unvalidated","1","2026-06","2026-06","month","strong-official-publication-candidate","enforcement_archive","authority-owned",""
"FI","FIN","Finland","Financial Intelligence Unit (RAP)","Financial intelligence","identity-confirmed","https://vm.fi/en/prevention-of-money-laundering","reachable","https://vm.fi/en/sanctions-in-the-financial-markets","Sanctions in the financial markets|https://vm.fi/en/sanctions-in-the-financial-markets|authority-owned-qualified-route|approved-for-human-contract; Decision-making|https://vm.fi/en/decision-making-in-wellbeing-services-counties|unqualified-candidate|unqualified","","Sanctions in the financial markets|https://vm.fi/en/sanctions-in-the-financial-markets","","enforcement","EGMONT","https://egmontgroup.org/members-by-region/","2026-08-20T12:09:41.497Z","2026-08-20T12:10:41.904Z","2026-08-20T12:11:07.553Z","unknown","provisional-first-page-scan","automated-first-page-date-scan","2024-01","2026-08","2026-08-20","month","first-page-only-unvalidated","0","","","","strong-official-publication-candidate","sanctions_or_penalty_list","authority-owned",""
"FI","FIN","Finland","Financial Supervision Authority","Securities; Insurance","identity-confirmed","http://www.finanssivalvonta.fi/","reachable","","","","","","unknown","IOSCO; IAIS","https://www.iosco.org/v2/about/?subsection=membership&memid=1&page=3; https://www.iais.org/about-the-iais/iais-members/","2026-08-20T12:09:41.497Z","2026-08-20T12:10:41.904Z","2026-08-20T12:10:41.904Z","unknown","provisional-first-page-scan","automated-first-page-date-scan","2024-01","2026-08","2026-08-20","month","first-page-only-unvalidated","0","","","","","","",""
"FI","FIN","Finland","Financial Supervisory Authority","Prudential supervision","identity-confirmed","http://www.fin-fsa.fi/en","reachable","https://www.finanssivalvonta.fi/en/financial-market-participants/capital-markets/issuers-and-investors/ifrs/","International economic sanctions and domestic freezing decisions|https://www.finanssivalvonta.fi/en/financial-market-participants/banks/prevention-of-money-laundering-and-terrorist-financing/international-economic-sanctions-and-domestic-freezing-decisions/|unqualified-candidate|unqualified; International economic sanctions and domestic freezing decisions|https://www.finanssivalvonta.fi/en/financial-market-participants/insurance/prevention-of-money-laundering-and-terrorist-financing/international-economic-sanctions-and-domestic-freezing-decisions/|unqualified-candidate|unqualified; IFRS and sustainability information enforcement|https://www.finanssivalvonta.fi/en/financial-market-participants/capital-markets/issuers-and-investors/ifrs/|unqualified-candidate|manual-review-required; International economic sanctions and domestic freezing decisions|https://www.finanssivalvonta.fi/en/financial-market-participants/capital-markets/prevention-of-money-laundering-and-terrorist-financing/international-economic-sanctions-and-domestic-freezing-decisions/|unqualified-candidate|unqualified; Macroprudential decisions and appendices|https://www.finanssivalvonta.fi/en/financial-market-stability/macroprudential/macroprudential-decisions-and-appendices/|unqualified-candidate|unqualified; Macroprudential decisions 2026|https://www.finanssivalvonta.fi/en/financial-market-stability/macroprudential/macroprudential-decisions-and-appendices/macroprudential-decisions-2026/|unqualified-candidate|unqualified; Macroprudential decision 29 June 2026|https://www.finanssivalvonta.fi/en/financial-market-stability/macroprudential/macroprudential-decisions-and-appendices/macroprudential-decisions-2026/macroprudential-decision-29-june-2026/|unqualified-candidate|unqualified; Macroprudential decision 25 March 2026|https://www.finanssivalvonta.fi/en/financial-market-stability/macroprudential/macroprudential-decisions-and-appendices/macroprudential-decisions-2026/macroprudential-decision-25-march-2026/|unqualified-candidate|unqualified; Macroprudential decisions 2025|https://www.finanssivalvonta.fi/en/financial-market-stability/macroprudential/macroprudential-decisions-and-appendices/macroprudential-decisions-2025/|unqualified-candidate|unqualified; Macroprudential decision 17 December 2025|https://www.finanssivalvonta.fi/en/financial-market-stability/macroprudential/macroprudential-decisions-and-appendices/macroprudential-decisions-2025/macroprudential-decision-17-december-2025/|unqualified-candidate|unqualified; Macroprudential decision 29 September 2025|https://www.finanssivalvonta.fi/en/financial-market-stability/macroprudential/macroprudential-decisions-and-appendices/macroprudential-decisions-2025/macroprudential-decision-29-September-2025/|unqualified-candidate|unqualified; Macroprudential decision 26 June 2025|https://www.finanssivalvonta.fi/en/financial-market-stability/macroprudential/macroprudential-decisions-and-appendices/macroprudential-decisions-2025/macroprudential-decision-26-june-2025/|unqualified-candidate|unqualified; Macroprudential decision 24 March 2025|https://www.finanssivalvonta.fi/en/financial-market-stability/macroprudential/macroprudential-decisions-and-appendices/macroprudential-decisions-2025/macroprudential-decision-25-march-2025/|unqualified-candidate|unqualified; Macroprudential decisions 2024|https://www.finanssivalvonta.fi/en/financial-market-stability/macroprudential/macroprudential-decisions-and-appendices/macroprudential-decisions-2024/|unqualified-candidate|unqualified; Macroprudential decision 17 December 2024|https://www.finanssivalvonta.fi/en/financial-market-stability/macroprudential/macroprudential-decisions-and-appendices/macroprudential-decisions-2024/macroprudential-decision-17-december-2024/|unqualified-candidate|unqualified; Macroprudential decision 30 September 2024|https://www.finanssivalvonta.fi/en/financial-market-stability/macroprudential/macroprudential-decisions-and-appendices/macroprudential-decisions-2024/macroprudential-decision-30-september-2024/|unqualified-candidate|unqualified; Macroprudential decision 26 June 2024|https://www.finanssivalvonta.fi/en/financial-market-stability/macroprudential/macroprudential-decisions-and-appendices/macroprudential-decisions-2024/macroprudential-decision-26-june-2024/|unqualified-candidate|unqualified; Macroprudential decision 27 March 2024|https://www.finanssivalvonta.fi/en/financial-market-stability/macroprudential/macroprudential-decisions-and-appendices/macroprudential-decisions-2024/macroprudential-decision-27-march-2024/|unqualified-candidate|unqualified; Macroprudential decisions 2023|https://www.finanssivalvonta.fi/en/financial-market-stability/macroprudential/macroprudential-decisions-and-appendices/macroprudential-decisions-2023/|unqualified-candidate|unqualified; Macroprudential decision 19 December 2023|https://www.finanssivalvonta.fi/en/financial-market-stability/macroprudential/macroprudential-decisions-and-appendices/macroprudential-decisions-2023/macroprudential-decision-19-december-2023/|unqualified-candidate|unqualified","","","","enforcement","BIS","https://www.bis.org/regauth.htm","2026-08-20T12:09:41.497Z","2026-08-20T12:10:41.904Z","2026-08-20T12:11:07.553Z","unknown","provisional-first-page-scan","automated-first-page-date-scan","2024-01","2026-08","2026-08-20","month","first-page-only-unvalidated","0","","","","strong-official-publication-candidate","enforcement_archive","external-unqualified",""
"FR","FRA","France","Autorité de Contrôle Prudentiel et de Résolution","Prudential supervision; Insurance; Pensions","enforcement-visible","https://acpr.banque-france.fr/","reachable","https://acpr.banque-france.fr/fr/reglementation/recueil-des-sanctions","Service de la Commission des sanctions|https://acpr.banque-france.fr/fr/lacpr/notre-organisation/nos-directions-et-services/service-de-la-commission-des-sanctions|unqualified-candidate|unqualified; Commission des sanctions|https://acpr.banque-france.fr/fr/lacpr/notre-organisation/colleges-et-commissions/commission-des-sanctions|unqualified-candidate|unqualified; Sanctionner les manquements|https://acpr.banque-france.fr/fr/nos-missions/sanctionner-les-manquements|unqualified-candidate|unqualified; Décisions|https://acpr.banque-france.fr/fr/reglementation/registre-officiel/decisions|unqualified-candidate|unqualified; Notices|https://acpr.banque-france.fr/fr/reglementation/registre-officiel/notices|unqualified-candidate|unqualified; En savoir plus|https://acpr.banque-france.fr/fr/reglementation/recueil-des-sanctions|authority-owned-qualified-route|approved-for-human-contract","","En savoir plus|https://acpr.banque-france.fr/fr/reglementation/recueil-des-sanctions","","enforcement","BIS; IAIS; IOPS","https://www.bis.org/regauth.htm; https://www.iais.org/about-the-iais/iais-members/; https://www.iopsweb.org/en/membership/iops-members-and-observers.html","2026-08-20T12:09:41.497Z","2026-08-20T12:10:41.904Z","2026-08-20T12:11:07.553Z","periodic","provisional-first-page-scan","automated-first-page-date-scan","2024-01","2026-08","2026-08-20","month","first-page-only-unvalidated","7","2024-06; 2024-10; 2025-01; 2025-06; 2025-11; 2026-03; 2026-05","2026-05","month","strong-official-publication-candidate","sanctions_or_penalty_list","authority-owned",""
"FR","FRA","France","Autorité des marchés financiers*","Securities","identity-confirmed","http://www.amf-france.org/","reachable","https://www.amf-france.org/fr/sanctions-transactions/faq","Sanctions & transactions Accéder aux dernières décisions de sanctions et aux dernières transactions homologuées|https://www.amf-france.org/fr/sanctions-transactions/sanctions-et-transactions-accueil|unqualified-candidate|unqualified; Communiqués de la Commission des sanctions|https://www.amf-france.org/fr/actualites-publications/communiques/communiques-de-la-commission-des-sanctions|unqualified-candidate|unqualified; Agenda des séances Accéder à l'agenda des séances de la Commission des sanctions|https://www.amf-france.org/fr/sanctions-transactions/seances-de-la-commission-des-sanctions|unqualified-candidate|unqualified; Décisions de la Commission des sanctions|https://www.amf-france.org/fr/sanction-transaction/Decisions-de-la-commission-des-sanctions|unqualified-candidate|unqualified; Recueil de jurisprudence|https://www.amf-france.org/fr/sanctions-transactions/recueil-de-jurisprudence|unqualified-candidate|unqualified; Transactions|https://www.amf-france.org/fr/sanction-transaction/transaction|unqualified-candidate|unqualified; FAQ|https://www.amf-france.org/fr/sanctions-transactions/faq|authority-owned-qualified-route|approved-for-human-contract","","FAQ|https://www.amf-france.org/fr/sanctions-transactions/faq","","enforcement","IOSCO","https://www.iosco.org/v2/about/?subsection=membership&memid=1&page=3","2026-08-20T12:09:41.497Z","2026-08-20T12:10:41.904Z","2026-08-20T12:11:07.553Z","unknown","provisional-first-page-scan","automated-first-page-date-scan","2024-01","2026-08","2026-08-20","month","first-page-only-unvalidated","0","","","","strong-official-publication-candidate","sanctions_or_penalty_list","authority-owned",""
"FR","FRA","France","Bank of France","Central bank","identity-confirmed","https://www.banque-france.fr/en","reachable","https://www.banque-france.fr/en/events/overdelivery-premium-when-monetary-policy-decisions-exceed-market-expectations","The Overdelivery Premium: When Monetary Policy Decisions Exceed Market Expectations|https://www.banque-france.fr/en/events/overdelivery-premium-when-monetary-policy-decisions-exceed-market-expectations|unqualified-candidate|manual-review-required","","","","enforcement","BIS","https://www.bis.org/cbanks.htm","2026-08-20T12:09:41.497Z","2026-08-20T12:10:41.904Z","2026-08-20T12:11:07.553Z","unknown","provisional-first-page-scan","automated-first-page-date-scan","2024-01","2026-08","2026-08-20","month","first-page-only-unvalidated","0","","","","generic-or-ambiguous-link","decision_register","authority-owned",""
"FR","FRA","France","Intelligence Processing and Action Against Illicit Financial networks Unit (TRACFIN)","Financial intelligence","identity-confirmed","http://www.economie.gouv.fr/tracfin/accueil-tracfin","challenge-protected","","","","","","unknown","EGMONT","https://egmontgroup.org/members-by-region/","2026-08-20T12:09:41.497Z","2026-08-20T12:10:41.904Z","2026-08-20T12:10:41.904Z","unknown","provisional-first-page-scan","automated-first-page-date-scan","2024-01","2026-08","2026-08-20","month","first-page-only-unvalidated","0","","","","","","",""
"DE","DEU","Germany","Deutsche Bundesbank","Central bank; Prudential supervision","identity-confirmed","http://www.bundesbank.de/","reachable","https://www.bundesbank.de/en/service/financial-sanctions","Monetary policy decisions|https://www.bundesbank.de/en/tasks/monetary-policy/monetary-policy-decisions|unqualified-candidate|unqualified; Regular refinancing and fine-tuning operations|https://www.bundesbank.de/en/tasks/monetary-policy/open-market-operations/regular-refinancing-and-fine-tuning-operations|unqualified-candidate|unqualified; Financial sanctions|https://www.bundesbank.de/en/service/financial-sanctions|authority-owned-qualified-route|approved-for-human-contract; FAQ and notices|https://www.bundesbank.de/en/service/reporting-systems/external-sector/faq-and-notices|unqualified-candidate|unqualified; The impact of trade sanctions on bilateral trade|https://publikationen.bundesbank.de/publikationen-en/research/research-brief/2026-84-trade-sanctions-950826|unqualified-candidate|unqualified; Frequently asked questions on financial sanctions ( 151 KB, PDF )|https://www.bundesbank.de/resource/blob/879838/95fecc6c538cd0cc25025968d7ad35e6/472B63F073F071307366337C94F8C870/faq-finanzsanktionen-data.pdf|unqualified-candidate|unqualified","","Financial sanctions|https://www.bundesbank.de/en/service/financial-sanctions","","enforcement","BIS","https://www.bis.org/cbanks.htm; https://www.bis.org/regauth.htm","2026-08-20T12:09:41.497Z","2026-08-20T12:10:41.904Z","2026-08-20T12:11:07.553Z","unknown","provisional-first-page-scan","automated-first-page-date-scan","2024-01","2026-08","2026-08-20","month","first-page-only-unvalidated","0","","","","strong-official-publication-candidate","sanctions_or_penalty_list","authority-owned",""
"DE","DEU","Germany","Federal Financial Supervisory Authority","Prudential supervision; Securities; Insurance; Pensions","identity-confirmed","http://www.bafin.de/","reachable","https://www.bafin.de/SharedDocs/Veroeffentlichungen/DE/Massnahmen/40c_neu_124_WpHG/meldung_2026_08_20_effecta_gmbh.html?nn=154268","Effecta GmbH: Bafin setzt Geldbuße fest|https://www.bafin.de/SharedDocs/Veroeffentlichungen/DE/Massnahmen/40c_neu_124_WpHG/meldung_2026_08_20_effecta_gmbh.html?nn=154268|unqualified-candidate|manual-review-required; Companisto Trust Service XXXV UG (haftungsbeschränkt): Bafin setzt Geldbuße fest|https://www.bafin.de/SharedDocs/Veroeffentlichungen/DE/Massnahmen/40c_neu_124_WpHG/meldung_2026_08_20_companisto_trust_service_xxxv_ug.html?nn=154268|unqualified-candidate|unqualified; Bafin verwarnt Geschäftsleiter|https://www.bafin.de/SharedDocs/Veroeffentlichungen/DE/Massnahmen/60b_KWG_84_WpIG_und_57_GwG_anonym/meldung_2026_08_17_verwarnung_gl.html?nn=154268|unqualified-candidate|unqualified; State Bank of India Zweigniederlassung Frankfurt am Main muss ordnungsgemäße Geschäftsorganisation sicherstellen|https://www.bafin.de/SharedDocs/Veroeffentlichungen/DE/Massnahmen/60b_KWG_84_WpIG_und_57_GwG/meldung_2026_08_13_state_bank_of_india_zweigniederlassung_frankfurt_am_main.html?nn=154268|unqualified-candidate|unqualified; Geschäftsleiter: Bafin verwarnt Geschäftsleiter|https://www.bafin.de/SharedDocs/Veroeffentlichungen/DE/Massnahmen/60b_KWG_84_WpIG_und_57_GwG_anonym/meldung_2026_08_10_verwarnung_gl.html?nn=154268|unqualified-candidate|unqualified; Norddeutsche Landesbank Girozentrale (Nord/LB): Bafin ordnet Mängelbeseitigung an|https://www.bafin.de/SharedDocs/Veroeffentlichungen/DE/Massnahmen/60b_KWG_84_WpIG_und_57_GwG/meldung_2026_08_03_norddeutschen_landesbank_girozentrale.html?nn=154268|unqualified-candidate|unqualified; Leo International Precision Health AG: Bafin setzt Geldbußen fest|https://www.bafin.de/SharedDocs/Veroeffentlichungen/DE/Massnahmen/40c_neu_124_WpHG/meldung_2026_07_30_leo_international_precision_health_ag.html?nn=154268|unqualified-candidate|unqualified; Crefo Factoring Westfalen GmbH muss ordnungsgemäße Geschäftsorganisation sicherstellen|https://www.bafin.de/SharedDocs/Veroeffentlichungen/DE/Massnahmen/60b_KWG_84_WpIG_und_57_GwG/meldung_2026_07_28_crefo_factoring_westfalen_gmbh.html?nn=154268|unqualified-candidate|unqualified; Alle News|https://www.bafin.de/SiteGlobals/Forms/Suche/Expertensuche/Servicesuche_Formular.html?pageLocale=de&templateQueryString=&submit=&cl2Categories_Format=meldung&cl2Categories_Format=massnahme&cl2Categories_Thema=-(%22unerlaubte%20gesch%C3%A4fte%22)&cl2Categories_Thema=-(%22verbraucherschutz%22)&sortOrder=searchDate_dt%20desc|unqualified-candidate|unqualified","","","","unknown","BIS; IOSCO; IAIS; IOPS","https://www.bis.org/regauth.htm; https://www.iosco.org/v2/about/?subsection=membership&memid=1&page=3; https://www.iais.org/about-the-iais/iais-members/; https://www.iopsweb.org/en/membership/iops-members-and-observers.html","2026-08-20T12:09:41.497Z","2026-08-20T12:10:41.904Z","2026-08-20T12:11:07.553Z","unknown","provisional-first-page-scan","automated-first-page-date-scan","2024-01","2026-08","2026-08-20","month","first-page-only-unvalidated","0","","","","generic-or-ambiguous-link","generic_or_ambiguous","authority-owned",""
"DE","DEU","Germany","Financial Intelligence Unit Germany (FIU)","Financial intelligence","identity-confirmed","http://www.fiu.bund.de/","reachable","https://www.zoll.de/DE/FIU/DE/Unternehmen/Zentralstelle-Sanktionsdurchsetzung/zentralstelle-sanktionsdurchsetzung_node.html","Zentralstelle für Sanktionsdurchsetzung|https://www.zoll.de/DE/FIU/DE/Privatpersonen/Zentralstelle-Sanktionsdurchsetzung/zentralstelle-sanktionsdurchsetzung_node.html|unqualified-candidate|unqualified; Zentralstelle für Sanktionsdurchsetzung|https://www.zoll.de/DE/FIU/DE/Unternehmen/Zentralstelle-Sanktionsdurchsetzung/zentralstelle-sanktionsdurchsetzung_node.html|unqualified-candidate|transport-follow-up-required; Prüfungen und Überwachungsmaßnahmen|https://www.zoll.de/DE/FIU/DE/Fachthemen/Pruefungen-und-Ueberwachungsmassnahmen/pruefungen-und-ueberwachungsmassnahmen_node.html|unqualified-candidate|unqualified; Embargomaßnahmen|https://www.zoll.de/DE/FIU/DE/Fachthemen/Aussenwirtschaft-Bargeldverkehr/Embargomassnahmen/embargomassnahmen_node.html|unqualified-candidate|unqualified; Allgemeines|https://www.zoll.de/DE/FIU/DE/Fachthemen/Pruefungen-und-Ueberwachungsmassnahmen/Allgemeines/allgemeines_node.html|unqualified-candidate|unqualified; Prüfungen|https://www.zoll.de/DE/FIU/DE/Fachthemen/Pruefungen-und-Ueberwachungsmassnahmen/Pruefungen/pruefungen_node.html|unqualified-candidate|unqualified; Überwachungsmaßnahmen|https://www.zoll.de/DE/FIU/DE/Fachthemen/Pruefungen-und-Ueberwachungsmassnahmen/%C3%9Cberwachungsmassnahmen/ueberwachungsmassnahmen_node.html|unqualified-candidate|unqualified; Verschlüsselte Kommunikation|https://www.zoll.de/DE/FIU/DE/Fachthemen/Pruefungen-und-Ueberwachungsmassnahmen/Verschluesselte-Kommunikation/verschluesselte-kommunikation_node.html|unqualified-candidate|unqualified","","","","unknown","EGMONT","https://egmontgroup.org/members-by-region/","2026-08-20T12:09:41.497Z","2026-08-20T12:10:41.904Z","2026-08-20T12:11:07.553Z","unknown","provisional-first-page-scan","automated-first-page-date-scan","2024-01","2026-08","2026-08-20","month","first-page-only-unvalidated","0","","","","not-observable","not-observable","not-observable",""
"GE","GEO","Georgia","Financial Monitoring Service of Georgia (FFMS)","Financial intelligence","identity-confirmed","https://egmontgroup.org/en/content/bosnia-and-herzegovina-financial-intelligence-department","http-error","","","","","","unknown","EGMONT","https://egmontgroup.org/members-by-region/","2026-08-20T12:09:41.497Z","2026-08-20T12:10:41.904Z","2026-08-20T12:10:41.904Z","unknown","provisional-first-page-scan","automated-first-page-date-scan","2024-01","2026-08","2026-08-20","month","first-page-only-unvalidated","0","","","","","","",""
"GE","GEO","Georgia","Insurance State Supervision Service of Georgia","Insurance; Pensions","identity-confirmed","http://www.insurance.gov.ge/","reachable","","","","","","unknown","IAIS; IOPS","https://www.iais.org/about-the-iais/iais-members/; https://www.iopsweb.org/en/membership/iops-members-and-observers.html","2026-08-20T12:09:41.497Z","2026-08-20T12:10:41.904Z","2026-08-20T12:10:41.904Z","unknown","provisional-first-page-scan","automated-first-page-date-scan","2024-01","2026-08","2026-08-20","month","first-page-only-unvalidated","0","","","","","","",""
"GE","GEO","Georgia","National Bank of Georgia","Central bank; Prudential supervision; Pensions","identity-confirmed","https://www.nbg.gov.ge/en","reachable","https://nbg.gov.ge/en/supervision/aml-cft","Committee Decisions|https://nbg.gov.ge/en/monetary-policy/committee-decisions|unqualified-candidate|unqualified; Sanctions|https://nbg.gov.ge/en/supervision/aml-cft|authority-owned-qualified-route|approved-for-human-contract; Decisions of the National Bank of Georgia|https://nbg.gov.ge/en/page/decisions-of-the-national-bank-of-georgia|unqualified-candidate|unqualified","","Sanctions|https://nbg.gov.ge/en/supervision/aml-cft","","enforcement","BIS; IOPS","https://www.bis.org/cbanks.htm; https://www.bis.org/regauth.htm; https://www.iopsweb.org/en/membership/iops-members-and-observers.html","2026-08-20T12:09:41.497Z","2026-08-20T12:10:41.904Z","2026-08-20T12:11:07.553Z","unknown","provisional-first-page-scan","automated-first-page-date-scan","2024-01","2026-08","2026-08-20","month","first-page-only-unvalidated","0","","","","strong-official-publication-candidate","sanctions_or_penalty_list","authority-owned",""
"GE","GEO","Georgia","National Bank Of Georgia","Securities","identity-confirmed","http://www.nbg.ge/","network-error","","","","","","unknown","IOSCO","https://www.iosco.org/v2/about/?subsection=membership&memid=1&page=3","2026-08-20T12:09:41.497Z","2026-08-20T12:10:41.904Z","2026-08-20T12:10:41.904Z","unknown","provisional-first-page-scan","automated-first-page-date-scan","2024-01","2026-08","2026-08-20","month","first-page-only-unvalidated","0","","","","","","",""
"GR","GRC","Greece","Bank of Greece","Central bank; Prudential supervision; Insurance","identity-confirmed","https://www.bankofgreece.gr/en","challenge-protected","","","","","","unknown","BIS; IAIS","https://www.bis.org/cbanks.htm; https://www.bis.org/regauth.htm; https://www.iais.org/about-the-iais/iais-members/","2026-08-20T12:09:41.497Z","2026-08-20T12:10:41.904Z","2026-08-20T12:10:41.904Z","unknown","provisional-first-page-scan","automated-first-page-date-scan","2024-01","2026-08","2026-08-20","month","first-page-only-unvalidated","0","","","","","","",""
"GR","GRC","Greece","Hellenic Capital Market Commission*","Securities","identity-confirmed","http://www.hcmc.gr/","reachable","http://www.hcmc.gr/el_GR/web/portal/sanctions","Αποφάσεις της Επιτροπής Κεφαλαιαγοράς|http://www.hcmc.gr/el_GR/web/portal/elib/decisions|unqualified-candidate|unqualified; Αποφάσεις Ευρωπαϊκής Ένωσης|http://www.hcmc.gr/el_GR/web/portal/elib/lawscecdecisions|unqualified-candidate|unqualified; Διαγραφές|http://www.hcmc.gr/el_GR/web/portal/diagrafinew|unqualified-candidate|unqualified; Κυρώσεις|http://www.hcmc.gr/el_GR/web/portal/sanctions|authority-owned-qualified-route|approved-for-human-contract; https://www.finedu.gr|https://www.finedu.gr/|unqualified-candidate|unqualified; 21 Οκτ 2025 ESMA PUBLIC STATEMENT - European common enforcement priorities for 2025 annual financial reports|http://www.hcmc.gr/vdrv/elib/a543c199c-0cad-453e-b539-85d558182f8f-246227520-0|unqualified-candidate|unqualified; 29 Οκτ 2024 ESMA PUBLIC STATEMENT - European common enforcement priorities for 2024 annual financial reports|http://www.hcmc.gr/vdrv/elib/aa26c6ffd-babb-4d46-ba2b-e281d06f0fc2-246227520-0|unqualified-candidate|unqualified; 11 Οκτ 2024 Έκθεση ΕΑΚΑΑ - Enforcement Snapshot 2023|http://www.hcmc.gr/vdrv/elib/ac3d77a2e-01f1-4dcd-ae91-2e4de38ce067-92668751-0|unqualified-candidate|unqualified; 11 Οκτ 2024 Έκθεση ΕΑΚΑΑ - First consolidated report on sanctions and measures by NCAs for 2023|http://www.hcmc.gr/vdrv/elib/ad0382f72-ea86-4b8c-8ec7-4dd4de08f147-92668751-0|unqualified-candidate|unqualified; 30 Οκτ 2023 ESMA PUBLIC STATEMENT - European common enforcement priorities for 2023 annual financial reports|http://www.hcmc.gr/vdrv/elib/a33662bf9-6458-4c38-846b-d1ad2ed86971-246227520-0|unqualified-candidate|unqualified; 15 Νοε 2022 ESMA PUBLIC STATEMENT - European common enforcement priorities for 2022 annual financial reports|http://www.hcmc.gr/vdrv/elib/a63465ff2-d221-4667-9506-56b4e5d64bfe-246227520-0|unqualified-candidate|unqualified; 3 Νοε 2021 ESMA PUBLIC STATEMENT - European common enforcement priorities for 2021 annual financial reports|http://www.hcmc.gr/vdrv/elib/a8eafd0b5-d758-4041-b3ff-6d7b1ad6d033-246227520-0|unqualified-candidate|unqualified; 6 Νοε 2020 ESMA PUBLIC STATEMENT - European common enforcement priorities for 2020 annual financial reports|http://www.hcmc.gr/vdrv/elib/a419ab28a-1c24-4877-a76f-08d8925e3f7b-246227520-0|unqualified-candidate|unqualified; 15 Απρ 2020 Qs&As related to HCMC's Decision of 17.3.2020 on short selling ban - Updated|http://www.hcmc.gr/vdrv/elib/ab6988892-5cff-4a85-98d8-51136837351f-92668751-0|unqualified-candidate|unqualified; 2 Απρ 2020 Press Release_ESMA publishes 2019 report on enforcement of corporate disclosure|http://www.hcmc.gr/vdrv/elib/ae85e81ab-1952-4d62-8a36-85c0133a96b4-695604395-0|unqualified-candidate|unqualified; 2 Απρ 2020 ESMA_Report on Enforcement and regulatory activities of European enforcers in 2019|http://www.hcmc.gr/vdrv/elib/abf280db8-334c-4170-85a6-9da11460b6ac-695604395-0|unqualified-candidate|unqualified; 19 Νοε 2019 ESMA PUBLIC STATEMENT - European common enforcement priorities for 2019 annual financial reports|http://www.hcmc.gr/vdrv/elib/a6821aec1-bf0c-4fcc-a995-6f97ad88a2ee-246227520-0|unqualified-candidate|unqualified; 2 Νοε 2018 ESMA PUBLIC STATEMENT European common enforcement priorities for 2018 annual financial reports|http://www.hcmc.gr/vdrv/elib/a26c5aeac-c919-44c1-a478-3dffb4e52bc8-246227520-0|unqualified-candidate|unqualified; 3 Νοε 2017 ESMA Public Statement on European Common Enforcement Priorities for 2017|http://www.hcmc.gr/vdrv/elib/a48e506b8-7cb5-478a-bf5d-08e4367dd2dc-92668751-0|unqualified-candidate|unqualified; 7 Νοε 2016 ESMA Public Statement – European Common Enforcement Priorities for 2016 financial statements|http://www.hcmc.gr/vdrv/elib/af8196246-6008-4972-bafc-cef6f25ff6d1-92668751-0|unqualified-candidate|unqualified","","Κυρώσεις|http://www.hcmc.gr/el_GR/web/portal/sanctions","","enforcement","IOSCO","https://www.iosco.org/v2/about/?subsection=membership&memid=1&page=3","2026-08-20T12:09:41.497Z","2026-08-20T12:10:41.904Z","2026-08-20T12:11:07.553Z","unknown","provisional-first-page-scan","automated-first-page-date-scan","2024-01","2026-08","2026-08-20","month","first-page-only-unvalidated","0","","","","strong-official-publication-candidate","sanctions_or_penalty_list","authority-owned",""
"GR","GRC","Greece","Unit A' of the Anti-Money Laundering Authority (Hellenic FIU)","Financial intelligence","identity-confirmed","http://www.hellenic-fiu.gr/","challenge-protected","","","","","","unknown","EGMONT","https://egmontgroup.org/members-by-region/","2026-08-20T12:09:41.497Z","2026-08-20T12:10:41.904Z","2026-08-20T12:10:41.904Z","unknown","provisional-first-page-scan","automated-first-page-date-scan","2024-01","2026-08","2026-08-20","month","first-page-only-unvalidated","0","","","","","","",""
"HU","HUN","Hungary","Central Bank of Hungary","Central bank","identity-confirmed","http://english.mnb.hu/","reachable","https://www.mnb.hu/en/reserve-management/decision-making-levels","Decision making levels|https://www.mnb.hu/en/reserve-management/decision-making-levels|unqualified-candidate|browser-review-required; Privacy Statement|https://www.mnb.hu/en/the-central-bank/practical-issues/data-protection-notice|unqualified-candidate|unqualified","","","","unknown","BIS","https://www.bis.org/cbanks.htm","2026-08-20T12:09:41.497Z","2026-08-20T12:10:41.904Z","2026-08-20T12:11:07.553Z","unknown","provisional-first-page-scan","automated-first-page-date-scan","2024-01","2026-08","2026-08-20","month","first-page-only-unvalidated","0","","","","not-observable","not-observable","not-observable",""
"HU","HUN","Hungary","Central Bank of Hungary","Prudential supervision","identity-confirmed","http://felugyelet.mnb.hu/en/","network-error","","","","","","unknown","BIS","https://www.bis.org/regauth.htm","2026-08-20T12:09:41.497Z","2026-08-20T12:10:41.904Z","2026-08-20T12:10:41.904Z","unknown","provisional-first-page-scan","automated-first-page-date-scan","2024-01","2026-08","2026-08-20","month","first-page-only-unvalidated","0","","","","","","",""
"HU","HUN","Hungary","Hungarian  Financial Intelligence Unit (HFIU)","Financial intelligence","identity-confirmed","https://pei.nav.gov.hu/","reachable","","","","","","unknown","EGMONT","https://egmontgroup.org/members-by-region/","2026-08-20T12:09:41.497Z","2026-08-20T12:10:41.904Z","2026-08-20T12:10:41.904Z","unknown","provisional-first-page-scan","automated-first-page-date-scan","2024-01","2026-08","2026-08-20","month","first-page-only-unvalidated","0","","","","","","",""
"HU","HUN","Hungary","Magyar Nemzeti Bank (The Central Bank of Hungary)","Securities; Insurance; Pensions","identity-confirmed","http://www.mnb.hu/","reachable","","","","","","unknown","IOSCO; IAIS; IOPS","https://www.iosco.org/v2/about/?subsection=membership&memid=1&page=3; https://www.iais.org/about-the-iais/iais-members/; https://www.iopsweb.org/en/membership/iops-members-and-observers.html","2026-08-20T12:09:41.497Z","2026-08-20T12:10:41.904Z","2026-08-20T12:10:41.904Z","unknown","provisional-first-page-scan","automated-first-page-date-scan","2024-01","2026-08","2026-08-20","month","first-page-only-unvalidated","0","","","","","","",""
"IS","ISL","Iceland","Central Bank of Iceland","Central bank; Prudential supervision; Securities","identity-confirmed","https://www.cb.is/","challenge-protected","https://cb.is/news-and-publications/events/?category=72f27799-bbe1-4a72-87a7-0164438ef63f&tags=monetary%20policy%20committee","Interest rate decision dates|https://cb.is/news-and-publications/events/?category=72f27799-bbe1-4a72-87a7-0164438ef63f&tags=monetary%20policy%20committee|unqualified-candidate|browser-review-required","","","","unknown","BIS; IOSCO","https://www.bis.org/cbanks.htm; https://www.bis.org/regauth.htm; https://www.iosco.org/v2/about/?subsection=membership&memid=1&page=3","2026-08-20T12:09:41.497Z","2026-08-20T12:10:41.904Z","2026-08-20T12:11:07.553Z","unknown","provisional-first-page-scan","automated-first-page-date-scan","2024-01","2026-08","2026-08-20","month","first-page-only-unvalidated","0","","","","not-observable","not-observable","not-observable",""
"IS","ISL","Iceland","Financial Intelligence Unit – Iceland (FIU-ICE)","Financial intelligence","identity-confirmed","https://www.government.is/topics/public-safety-and-security/aml-cft-policies/","challenge-protected","","","","","","unknown","EGMONT","https://egmontgroup.org/members-by-region/","2026-08-20T12:09:41.497Z","2026-08-20T12:10:41.904Z","2026-08-20T12:10:41.904Z","unknown","provisional-first-page-scan","automated-first-page-date-scan","2024-01","2026-08","2026-08-20","month","first-page-only-unvalidated","0","","","","","","",""
"IS","ISL","Iceland","Financial Supervisory Authority of Iceland","Prudential supervision","identity-confirmed","http://en.fme.is/","challenge-protected","https://cb.is/news-and-publications/events/?category=72f27799-bbe1-4a72-87a7-0164438ef63f&tags=monetary%20policy%20committee","Interest rate decision dates|https://cb.is/news-and-publications/events/?category=72f27799-bbe1-4a72-87a7-0164438ef63f&tags=monetary%20policy%20committee|unqualified-candidate|browser-review-required","","","","unknown","BIS","https://www.bis.org/regauth.htm","2026-08-20T12:09:41.497Z","2026-08-20T12:10:41.904Z","2026-08-20T12:11:07.553Z","unknown","provisional-first-page-scan","automated-first-page-date-scan","2024-01","2026-08","2026-08-20","month","first-page-only-unvalidated","0","","","","not-observable","not-observable","not-observable",""
"IE","IRL","Ireland","Central Bank of Ireland","Central bank; Prudential supervision; Securities; Insurance","identity-confirmed","http://www.centralbank.ie/","reachable","https://www.centralbank.ie/regulation/enforcement","ECB Governing Council and Monetary Policy Decisions|https://www.centralbank.ie/monetary-policy/policy-setting/ecb-governing-council-and-monetary-policy-decisions|unqualified-candidate|unqualified; Changes to the Russia/Ukraine Regulations|https://www.centralbank.ie/regulation/how-we-regulate/international-financial-sanctions/EU-restrictive-measures-relating-to-actions-in-Ukraine|unqualified-candidate|unqualified; Regulatory Decisions Unit|https://www.centralbank.ie/regulation/how-we-regulate/regulatory-decisions-unit|unqualified-candidate|unqualified; Enforcement|https://www.centralbank.ie/regulation/how-we-regulate/enforcement|unqualified-candidate|unqualified; International Financial Sanctions|https://www.centralbank.ie/regulation/how-we-regulate/international-financial-sanctions|unqualified-candidate|unqualified; Financial Sanctions and Terrorist Financing - additional obligations|https://www.centralbank.ie/regulation/anti-money-laundering-and-countering-the-financing-of-terrorism/countering-the-financing-of-terrorism|unqualified-candidate|unqualified; Enforcement|https://www.centralbank.ie/regulation/enforcement|authority-owned-qualified-route|approved-for-human-contract; Central Bank of Ireland publishes Supplemental Guidance on Prohibition Notices under the Fitness and Probity Regime|https://www.centralbank.ie/news/article/press-release-central-bank-of-ireland-publishes-supplemental-guidance-prohibition-notices-under-the-f-and-p-regime-30-july-2026|unqualified-candidate|unqualified; Central Bank appoints external reviewer for independent review of its enforcement activities|https://www.centralbank.ie/news/article/press-release-central-bank-appoints-external-reviewer-enforcement-activities-22-july-2026|unqualified-candidate|unqualified; Data Protection Privacy Notice|https://www.centralbank.ie/fns/privacy-statement|unqualified-candidate|unqualified","","Enforcement|https://www.centralbank.ie/regulation/enforcement","","enforcement","BIS; IOSCO; IAIS","https://www.bis.org/cbanks.htm; https://www.bis.org/regauth.htm; https://www.iosco.org/v2/about/?subsection=membership&memid=1&page=3; https://www.iais.org/about-the-iais/iais-members/","2026-08-20T12:09:41.497Z","2026-08-20T12:10:41.904Z","2026-08-20T12:11:07.553Z","unknown","provisional-first-page-scan","automated-first-page-date-scan","2024-01","2026-08","2026-08-20","month","first-page-only-unvalidated","0","","","","strong-official-publication-candidate","enforcement_archive","authority-owned",""
"IE","IRL","Ireland","Financial Intelligence Unit Ireland (FIU Ireland)","Financial intelligence","identity-confirmed","http://www.garda.ie/Controller.aspx?Page=29","reachable","https://www.garda.ie/en/roads-policing/fixed-charge-notices/","Fixed Charge Notices|https://www.garda.ie/en/roads-policing/fixed-charge-notices/|unqualified-candidate|manual-review-required; Public consultation Notice MSD 2026|https://www.garda.ie/en/about-us/our-departments/office-of-corporate-communications/news-media/public-consultation-notice-msd-2026.html|unqualified-candidate|unqualified; Fixed Charge Notices|https://www.garda.ie/en/Roads-Policing/Fixed-Charge-Notices/|unqualified-candidate|unqualified","","","","regulatory-update","EGMONT","https://egmontgroup.org/members-by-region/","2026-08-20T12:09:41.497Z","2026-08-20T12:10:41.904Z","2026-08-20T12:11:07.553Z","unknown","provisional-first-page-scan","automated-first-page-date-scan","2024-01","2026-08","2026-08-20","month","first-page-only-unvalidated","0","","","","plausible-official-publication-candidate","news_or_notice","authority-owned",""
"IE","IRL","Ireland","The Pensions Authority","Pensions","identity-confirmed","https://pensionsauthority.ie/","reachable","https://pensionsauthority.ie/enforcement/","DB financial risk measure|https://pensionsauthority.ie/trustee-hub/defined_benefit_financial_risk_measure/|unqualified-candidate|unqualified; Fines and penalties|https://pensionsauthority.ie/trustee-hub/fines_and_penalties/|unqualified-candidate|unqualified; Defined benefit schemes|https://pensionsauthority.ie/guidance/defined-benefit-schemes/|unqualified-candidate|unqualified; Enforcement Information about the Authority's enforcement powers and related actions|https://pensionsauthority.ie/enforcement/|authority-owned-qualified-route|approved-for-human-contract; Defined benefit statistics|https://pensionsauthority.ie/data/defined_benefit_statistics_reports/|unqualified-candidate|unqualified","","Enforcement Information about the Authority's enforcement powers and related actions|https://pensionsauthority.ie/enforcement/","","enforcement","IOPS","https://www.iopsweb.org/en/membership/iops-members-and-observers.html","2026-08-20T12:09:41.497Z","2026-08-20T12:10:41.904Z","2026-08-20T12:11:07.553Z","unknown","provisional-first-page-scan","automated-first-page-date-scan","2024-01","2026-08","2026-08-20","month","first-page-only-unvalidated","0","","","","strong-official-publication-candidate","enforcement_archive","authority-owned",""
"IT","ITA","Italy","Bank of Italy","Central bank; Prudential supervision; Financial intelligence","identity-confirmed","https://www.bancaditalia.it/homepage/index.html?com.dotmarketing.htmlpage.language=1","reachable","https://servizionline.bancaditalia.it/","Visits to Palazzo Koch (si apre in una nuova finestra)|https://www.bancaditalia.it/servizi-cittadino/musei-collezioni/prenotazioni-on-line/index.html|unqualified-candidate|unqualified; Administrative acts and agreements with other authorities|https://www.bancaditalia.it/chi-siamo/provvedimenti/index.html|unqualified-candidate|unqualified; Go to the podcast series 'Centrale' (si apre in una nuova finestra)|https://www.bancaditalia.it/media/podcast/centrale/|unqualified-candidate|unqualified; Foreign Exchange Rates Portal (si apre in una nuova finestra)|https://tassidicambio.bancaditalia.it/terzevalute-wf-ui-web/|unqualified-candidate|unqualified; Go to the Online service platform (si apre in una nuova finestra)|https://servizionline.bancaditalia.it/|unqualified-candidate|manual-review-required; Financial education portal (si apre in una nuova finestra)|https://economiapertutti.bancaditalia.it/|unqualified-candidate|unqualified; Go to video 'The Dissemination of Banca d'Italia's microdata' (si apre in una nuova finestra)|https://www.youtube.com/watch?v=00ynUpG3VBU|unqualified-candidate|unqualified; E-mail alert (si apre in una nuova finestra)|https://alert.bancaditalia.it/webApp/subscribe?LANGUAGE=en|unqualified-candidate|unqualified; Decision to reciprocate a macroprudential measure adopted by Austria|https://www.bancaditalia.it/media/comunicati/documenti/2026-01/cs-riconoscimento-AT-20260731-ENG.pdf?language_id=1|unqualified-candidate|unqualified","","","","unknown","BIS; EGMONT","https://www.bis.org/cbanks.htm; https://www.bis.org/regauth.htm; https://egmontgroup.org/members-by-region/","2026-08-20T12:09:41.497Z","2026-08-20T12:10:41.904Z","2026-08-20T12:11:07.553Z","unknown","provisional-first-page-scan","automated-first-page-date-scan","2024-01","2026-08","2026-08-20","month","first-page-only-unvalidated","0","","","","generic-or-ambiguous-link","generic_or_ambiguous","authority-owned",""
"IT","ITA","Italy","Commissione Nazionale per le Società e la Borsa*","Securities","identity-confirmed","http://www.consob.it/","reachable","https://www.consob.it/web/area-pubblica/sanzioni","Provvedimenti della Consob|https://www.consob.it/web/consob/pubblicazioni1|unqualified-candidate|unqualified; Accedi alle informazioni sui procedimenti sanzionatori|https://www.consob.it/web/area-pubblica/informazioni-sui-procedimenti-sanzionatori|unqualified-candidate|unqualified; Vai alla sezione|https://www.consob.it/web/area-pubblica/sanzioni|authority-owned-qualified-route|approved-for-human-contract","","Vai alla sezione|https://www.consob.it/web/area-pubblica/sanzioni","","enforcement","IOSCO","https://www.iosco.org/v2/about/?subsection=membership&memid=1&page=3","2026-08-20T12:09:41.497Z","2026-08-20T12:10:41.904Z","2026-08-20T12:11:07.553Z","unknown","provisional-first-page-scan","automated-first-page-date-scan","2024-01","2026-08","2026-08-20","month","first-page-only-unvalidated","0","","","","strong-official-publication-candidate","sanctions_or_penalty_list","authority-owned",""
"IT","ITA","Italy","Istituto per la Vigilanza sulle Assicurazioni (IVASS)","Insurance","identity-confirmed","https://www.ivass.it/","reachable","https://www.ivass.it/normativa/nazionale/secondaria-ivass/normativi-provv/2026/provv-171/Provvedimento_171_del_29_7_2026.pdf","L'IVASS pubblica il Provvedimento che modifica i termini di trasmissione di alcune informazioni anagrafiche per l'alimentazione di RIGA|https://www.ivass.it/normativa/nazionale/secondaria-ivass/normativi-provv/2026/provv-171/Provvedimento_171_del_29_7_2026.pdf|unqualified-candidate|manual-review-required; DallBogg: Life and Health - IVASS, su richiesta della Autorità bulgara, vieta di compiere atti di disposizione di un bene immobile dell'impresa situato in Italia|https://www.ivass.it/normativa/nazionale/secondaria-ivass/amministrativi-provv/2026/0169851/Provvedimento_0169851_27_07_2026.pdf|unqualified-candidate|unqualified","","","","unknown","IAIS","https://www.iais.org/about-the-iais/iais-members/","2026-08-20T12:09:41.497Z","2026-08-20T12:10:41.904Z","2026-08-20T12:11:07.553Z","unknown","provisional-first-page-scan","automated-first-page-date-scan","2024-01","2026-08","2026-08-20","month","first-page-only-unvalidated","0","","","","generic-or-ambiguous-link","detail_document","authority-owned",""
"IT","ITA","Italy","Pension Funds Supervision Commission","Pensions","identity-confirmed","https://www.covip.it/","access-blocked","","","","","","unknown","IOPS","https://www.iopsweb.org/en/membership/iops-members-and-observers.html","2026-08-20T12:09:41.497Z","2026-08-20T12:10:41.904Z","2026-08-20T12:10:41.904Z","unknown","provisional-first-page-scan","automated-first-page-date-scan","2024-01","2026-08","2026-08-20","month","first-page-only-unvalidated","0","","","","","","",""
"XK","XKX","Kosovo","Central Bank of the Republic of Kosovo","Central bank; Prudential supervision; Insurance; Pensions","identity-confirmed","https://bqk-kos.org/?lang=en","challenge-protected","","","","","","unknown","BIS; IAIS; IOPS","https://www.bis.org/cbanks.htm; https://www.bis.org/regauth.htm; https://www.iais.org/about-the-iais/iais-members/; https://www.iopsweb.org/en/membership/iops-members-and-observers.html","2026-08-20T12:09:41.497Z","2026-08-20T12:10:41.904Z","2026-08-20T12:10:41.904Z","unknown","provisional-first-page-scan","automated-first-page-date-scan","2024-01","2026-08","2026-08-20","month","first-page-only-unvalidated","0","","","","","","",""
"XK","XKX","Kosovo","Financial Intelligence Unit of Kosovo (NJIF-K)","Financial intelligence","identity-confirmed","","no-public-website","","","","","","unknown","EGMONT","https://egmontgroup.org/members-by-region/","2026-08-20T12:09:41.497Z","2026-08-20T12:10:41.904Z","2026-08-20T12:10:41.904Z","unknown","provisional-first-page-scan","automated-first-page-date-scan","2024-01","2026-08","2026-08-20","month","first-page-only-unvalidated","0","","","","","","",""
"LV","LVA","Latvia","Bank of Latvia","Central bank; Securities; Insurance; Pensions","identity-confirmed","https://www.bank.lv/en/","reachable","","","","","","unknown","BIS; IOSCO; IAIS; IOPS","https://www.bis.org/cbanks.htm; https://www.iosco.org/v2/about/?subsection=membership&memid=1&page=4; https://www.iais.org/about-the-iais/iais-members/; https://www.iopsweb.org/en/membership/iops-members-and-observers.html","2026-08-20T12:09:41.497Z","2026-08-20T12:10:41.904Z","2026-08-20T12:10:41.904Z","unknown","provisional-first-page-scan","automated-first-page-date-scan","2024-01","2026-08","2026-08-20","month","first-page-only-unvalidated","0","","","","","","",""
"LV","LVA","Latvia","Financial and Capital Market Commission","Prudential supervision","identity-confirmed","http://www.fktk.lv/","reachable","","","","","","unknown","BIS","https://www.bis.org/regauth.htm","2026-08-20T12:09:41.497Z","2026-08-20T12:10:41.904Z","2026-08-20T12:10:41.904Z","unknown","provisional-first-page-scan","automated-first-page-date-scan","2024-01","2026-08","2026-08-20","month","first-page-only-unvalidated","0","","","","","","",""
"LV","LVA","Latvia","Financial Intelligence Unit of Latvia (FID)","Financial intelligence","identity-confirmed","https://www.fid.gov.lv/en","reachable","https://www.fid.gov.lv/en/roles-and-responsibilities/sanctions","Sanctions|https://www.fid.gov.lv/en/roles-and-responsibilities/sanctions|authority-owned-qualified-route|approved-for-human-contract; 14.08.2026 Save the date: International sanctions conference in Riga to focus on measures degrading Russia’s war machine|https://www.fid.gov.lv/en/news/save-the-date-international-sanctions-conference-in-riga-to-focus-on-measures-degrading-russias-war-machine|unqualified-candidate|unqualified; 04.08.2026 Key Sanctions Highlights in Q2 2026|https://www.fid.gov.lv/en/news/key-sanctions-highlights-in-q2-2026|unqualified-candidate|unqualified; 24.07.2026 The EU's 21st sanctions package will significantly impact Russia's energy and financial sectors|https://www.fid.gov.lv/en/news/the-eus-21st-sanctions-package-will-significantly-impact-russias-energy-and-financial-sectors|unqualified-candidate|unqualified","","Sanctions|https://www.fid.gov.lv/en/roles-and-responsibilities/sanctions","","enforcement","EGMONT","https://egmontgroup.org/members-by-region/","2026-08-20T12:09:41.497Z","2026-08-20T12:10:41.904Z","2026-08-20T12:11:07.553Z","unknown","provisional-first-page-scan","automated-first-page-date-scan","2024-01","2026-08","2026-08-20","month","first-page-only-unvalidated","0","","","","strong-official-publication-candidate","sanctions_or_penalty_list","authority-owned",""
"LI","LIE","Liechtenstein","Financial Intelligence Unit Liechtenstein (EFFI)","Financial intelligence","identity-confirmed","http://www.fiu.li/index.php/en/","challenge-protected","","","","","","unknown","EGMONT","https://egmontgroup.org/members-by-region/","2026-08-20T12:09:41.497Z","2026-08-20T12:10:41.904Z","2026-08-20T12:10:41.904Z","unknown","provisional-first-page-scan","automated-first-page-date-scan","2024-01","2026-08","2026-08-20","month","first-page-only-unvalidated","0","","","","","","",""
"LI","LIE","Liechtenstein","Financial Market Authority","Prudential supervision; Securities; Insurance; Pensions","enforcement-visible","http://www.fma-li.li/","reachable","https://www.fma-li.li/de/aufsicht-regulierung/enforcement-und-sanktionen","Enforcement und Sanktionen|https://www.fma-li.li/de/aufsicht-regulierung/enforcement-und-sanktionen|authority-owned-qualified-route|approved-for-human-contract; 28.05.26 • Hinweis Bekanntmachung: FMA verhängt Massnahmen gegen die TGI AG wegen unerlaubten Betriebs des Einlagengeschäfts|https://www.fma-li.li/de/warning/bekanntmachung-fma-verhaengt-massnahmen-gegen-die-tgi-ag-wegen-unerlaubten-betriebs-des-einlagengeschaefts-1630|unqualified-candidate|unqualified","","Enforcement und Sanktionen|https://www.fma-li.li/de/aufsicht-regulierung/enforcement-und-sanktionen","","enforcement","BIS; IOSCO; IAIS; IOPS","https://www.bis.org/regauth.htm; https://www.iosco.org/v2/about/?subsection=membership&memid=1&page=4; https://www.iais.org/about-the-iais/iais-members/; https://www.iopsweb.org/en/membership/iops-members-and-observers.html","2026-08-20T12:09:41.497Z","2026-08-20T12:10:41.904Z","2026-08-20T12:11:07.553Z","recent","provisional-first-page-scan","automated-first-page-date-scan","2024-01","2026-08","2026-08-20","month","first-page-only-unvalidated","26","2024-01; 2024-02; 2024-03; 2024-04; 2024-05; 2024-06; 2024-07; 2024-09; 2024-10; 2024-12; 2025-01; 2025-02; 2025-03; 2025-04; 2025-05; 2025-06; 2025-08; 2025-09; 2025-11; 2025-12; 2026-01; 2026-02; 2026-03; 2026-04; 2026-05; 2026-06","2026-06","month","strong-official-publication-candidate","sanctions_or_penalty_list","authority-owned",""
"LT","LTU","Lithuania","Bank of Lithuania","Central bank; Prudential supervision; Securities; Insurance; Pensions","identity-confirmed","https://www.lb.lt/en/","challenge-protected","","","","","","unknown","BIS; IOSCO; IAIS; IOPS","https://www.bis.org/cbanks.htm; https://www.bis.org/regauth.htm; https://www.iosco.org/v2/about/?subsection=membership&memid=1&page=4; https://www.iais.org/about-the-iais/iais-members/; https://www.iopsweb.org/en/membership/iops-members-and-observers.html","2026-08-20T12:09:41.497Z","2026-08-20T12:10:41.904Z","2026-08-20T12:10:41.904Z","unknown","provisional-first-page-scan","automated-first-page-date-scan","2024-01","2026-08","2026-08-20","month","first-page-only-unvalidated","0","","","","","","",""
"LT","LTU","Lithuania","Financial Crime Investigation Service Under the Ministry of Interior (FCIS)","Financial intelligence","identity-confirmed","http://www.fntt.lt/en.php/138","challenge-protected","","","","","","unknown","EGMONT","https://egmontgroup.org/members-by-region/","2026-08-20T12:09:41.497Z","2026-08-20T12:10:41.904Z","2026-08-20T12:10:41.904Z","unknown","provisional-first-page-scan","automated-first-page-date-scan","2024-01","2026-08","2026-08-20","month","first-page-only-unvalidated","0","","","","","","",""
"LU","LUX","Luxembourg","Central Bank of Luxembourg","Central bank; Prudential supervision","identity-confirmed","https://www.bcl.lu/en/index.html","reachable","https://www.bcl.lu/en/support/cookies1/index.html","Monetary policy decisions|https://www.bcl.lu/en/Monetary-policy/decisions/index.html|unqualified-candidate|unqualified; 34/ The June 2026 Governing Council rate hike: A measured and robust decision - Blog du Gouverneur - 14.07.2026|https://www.bcl.lu/fr/publications/Blog/blog-34/index.html|unqualified-candidate|unqualified; Privacy notice and cookies|https://www.bcl.lu/en/support/cookies1/index.html|unqualified-candidate|manual-review-required","","","","regulatory-update","BIS","https://www.bis.org/cbanks.htm; https://www.bis.org/regauth.htm","2026-08-20T12:09:41.497Z","2026-08-20T12:10:41.904Z","2026-08-20T12:11:07.553Z","unknown","provisional-first-page-scan","automated-first-page-date-scan","2024-01","2026-08","2026-08-20","month","first-page-only-unvalidated","0","","","","generic-or-ambiguous-link","news_or_notice","authority-owned",""
"LU","LUX","Luxembourg","Commissariat aux Assurances","Insurance","enforcement-visible","http://www.caa.lu/","reachable","https://www.caa.lu/fr/informations/sanctions-fin-int-contre-russie","Sanctions et autres mesures administratives|https://www.caa.lu/fr/consommateurs/sanctions-et-autres-mesures-administratives|unqualified-candidate|unqualified; Informations dans le contexte de l’agression militaire de la Russie contre l’Ukraine|https://www.caa.lu/fr/informations/sanctions-fin-int-contre-russie|authority-owned-qualified-route|approved-for-human-contract; Sanctions financières internationales|https://www.caa.lu/fr/surveillance/sanctions-financieres-internationales|unqualified-candidate|unqualified","","Informations dans le contexte de l’agression militaire de la Russie contre l’Ukraine|https://www.caa.lu/fr/informations/sanctions-fin-int-contre-russie","","enforcement","IAIS","https://www.iais.org/about-the-iais/iais-members/","2026-08-20T12:09:41.497Z","2026-08-20T12:10:41.904Z","2026-08-20T12:11:07.553Z","recent","provisional-first-page-scan","automated-first-page-date-scan","2024-01","2026-08","2026-08-20","month","first-page-only-unvalidated","24","2024-01; 2024-03; 2024-04; 2024-05; 2024-06; 2024-07; 2024-09; 2024-10; 2024-12; 2025-03; 2025-04; 2025-05; 2025-06; 2025-07; 2025-09; 2025-10; 2025-12; 2026-01; 2026-03; 2026-04; 2026-05; 2026-06; 2026-07; 2026-08","2026-08","month","strong-official-publication-candidate","sanctions_or_penalty_list","authority-owned",""
"LU","LUX","Luxembourg","Commission de Surveillance du Secteur Financier","Prudential supervision; Securities; Pensions","enforcement-visible","http://www.cssf.lu/en/","reachable","https://www.cssf.lu/en/enforcement-of-financial-information/","Enforcement of Issuer Disclosure|https://www.cssf.lu/en/enforcement-of-financial-information/|authority-owned-qualified-route|approved-for-human-contract","","Enforcement of Issuer Disclosure|https://www.cssf.lu/en/enforcement-of-financial-information/","","enforcement","BIS; IOSCO; IOPS","https://www.bis.org/regauth.htm; https://www.iosco.org/v2/about/?subsection=membership&memid=1&page=4; https://www.iopsweb.org/en/membership/iops-members-and-observers.html","2026-08-20T12:09:41.497Z","2026-08-20T12:10:41.904Z","2026-08-20T12:11:07.553Z","recent","provisional-first-page-scan","automated-first-page-date-scan","2024-01","2026-08","2026-08-20","month","first-page-only-unvalidated","16","2024-01; 2024-02; 2024-04; 2024-05; 2024-07; 2024-10; 2024-12; 2025-02; 2025-04; 2025-06; 2025-07; 2025-08; 2025-10; 2025-12; 2026-01; 2026-02","2026-02","month","strong-official-publication-candidate","enforcement_archive","authority-owned",""
"LU","LUX","Luxembourg","Financial Intelligence Unit (FIU-LUX)","Financial intelligence","identity-confirmed","http://www.crf.lu/","reachable","","","","","","unknown","EGMONT","https://egmontgroup.org/members-by-region/","2026-08-20T12:09:41.497Z","2026-08-20T12:10:41.904Z","2026-08-20T12:10:41.904Z","unknown","provisional-first-page-scan","automated-first-page-date-scan","2024-01","2026-08","2026-08-20","month","first-page-only-unvalidated","0","","","","","","",""
"MT","MLT","Malta","Central Bank of Malta","Central bank; Prudential supervision","identity-confirmed","http://www.centralbankmalta.org/","reachable","","","","","","unknown","BIS","https://www.bis.org/cbanks.htm; https://www.bis.org/regauth.htm","2026-08-20T12:09:41.497Z","2026-08-20T12:10:41.904Z","2026-08-20T12:10:41.904Z","unknown","provisional-first-page-scan","automated-first-page-date-scan","2024-01","2026-08","2026-08-20","month","first-page-only-unvalidated","0","","","","","","",""
"MT","MLT","Malta","Financial Intelligence Analysis Unit (FIAU)","Financial intelligence","identity-confirmed","https://fiaumalta.org/","reachable","https://fiaumalta.org/what-we-do/enforcement/","Enforcement|https://fiaumalta.org/what-we-do/enforcement/|authority-owned-qualified-route|approved-for-human-contract; privacy notice|https://fiaumalta.org/privacy-policy/|unqualified-candidate|unqualified","","Enforcement|https://fiaumalta.org/what-we-do/enforcement/","","enforcement","EGMONT","https://egmontgroup.org/members-by-region/","2026-08-20T12:09:41.497Z","2026-08-20T12:10:41.904Z","2026-08-20T12:11:07.553Z","unknown","provisional-first-page-scan","automated-first-page-date-scan","2024-01","2026-08","2026-08-20","month","first-page-only-unvalidated","0","","","","strong-official-publication-candidate","enforcement_archive","authority-owned",""
"MT","MLT","Malta","Malta Financial Services Authority","Prudential supervision; Insurance","identity-confirmed","http://www.mfsa.com.mt/","challenge-protected","","","","","","unknown","BIS; IAIS","https://www.bis.org/regauth.htm; https://www.iais.org/about-the-iais/iais-members/","2026-08-20T12:09:41.497Z","2026-08-20T12:10:41.904Z","2026-08-20T12:10:41.904Z","unknown","provisional-first-page-scan","automated-first-page-date-scan","2024-01","2026-08","2026-08-20","month","first-page-only-unvalidated","0","","","","","","",""
"MT","MLT","Malta","Malta Financial Services Authority","Securities; Pensions","identity-confirmed","https://www.mfsa.mt/","challenge-protected","","","","","","unknown","IOSCO; IOPS","https://www.iosco.org/v2/about/?subsection=membership&memid=1&page=4; https://www.iopsweb.org/en/membership/iops-members-and-observers.html","2026-08-20T12:09:41.497Z","2026-08-20T12:10:41.904Z","2026-08-20T12:10:41.904Z","unknown","provisional-first-page-scan","automated-first-page-date-scan","2024-01","2026-08","2026-08-20","month","first-page-only-unvalidated","0","","","","","","",""
"MD","MDA","Moldova","National Bank of Moldova","Central bank; Prudential supervision; Insurance","identity-confirmed","http://www.bnm.md/en","challenge-protected","https://www.bnm.md/en/content/applied-sanctions-foreign-exchange-entities","Monetary Policy Decision, 06.08.2026|https://www.bnm.md/en/content/monetary-policy-decision-06082026|unqualified-candidate|unqualified; Monetary policy decisions|https://www.bnm.md/en/search?partitions[0]=677&post_types[677][0]=834|unqualified-candidate|unqualified; Sanctions applied to non-bank credit organizations, published in accordance with the provisions of art. 75(3) of Law No. 548/1995 on the National Bank of Moldova|https://www.bnm.md/en/content/sanctions-applied-non-bank-credit-organizations-published-accordance-provisions-art-753-0|unqualified-candidate|unqualified; Sanctions applied to savings and loan association, published in accordance with the provisions of art. 75/3 of Law No. 548/1995 on the National Bank of Moldova|https://www.bnm.md/en/content/sanctions-applied-savings-and-loan-association-published-accordance-provisions-art-753-law|unqualified-candidate|unqualified; Applied sanctions to foreign exchange entities|https://www.bnm.md/en/content/applied-sanctions-foreign-exchange-entities|unqualified-candidate|browser-review-required; Applied sanctions to the foreign exchange entities and published according to the provisions of the article 75/3 of Law no. 548/1995|https://www.bnm.md/en/content/applied-sanctions-foreign-exchange-entities-and-published-according-provisions-article-753|unqualified-candidate|unqualified; Sanctions Applied to Payment Service Providers/Postal Service Providers/Electronic Money, published in accordance with the Provisions of Article 75(3) of Law No. 548/1995 on the National Bank of Moldova|https://www.bnm.md/en/content/sanctions-applied-payment-service-providerspostal-service-providerselectronic-money|unqualified-candidate|unqualified; Decisions|https://www.bnm.md/en/content/decisions-list|unqualified-candidate|unqualified","","","","unknown","BIS; IAIS","https://www.bis.org/cbanks.htm; https://www.bis.org/regauth.htm; https://www.iais.org/about-the-iais/iais-members/","2026-08-20T12:09:41.497Z","2026-08-20T12:10:41.904Z","2026-08-20T12:11:07.553Z","unknown","provisional-first-page-scan","automated-first-page-date-scan","2024-01","2026-08","2026-08-20","month","first-page-only-unvalidated","0","","","","not-observable","not-observable","not-observable",""
"MD","MDA","Moldova","Office for Prevention and Fight Against Money Laundering (SPCSB)","Financial intelligence","identity-confirmed","http://spcsb.cna.md/about-us","http-error","","","","","","unknown","EGMONT","https://egmontgroup.org/members-by-region/","2026-08-20T12:09:41.497Z","2026-08-20T12:10:41.904Z","2026-08-20T12:10:41.904Z","unknown","provisional-first-page-scan","automated-first-page-date-scan","2024-01","2026-08","2026-08-20","month","first-page-only-unvalidated","0","","","","","","",""
"MC","MCO","Monaco","Autorité Monégasque de Sécurité Financière (AMSF)","Financial intelligence","identity-confirmed","https://www.siccfin.mc/","network-error","","","","","","unknown","EGMONT","https://egmontgroup.org/members-by-region/","2026-08-20T12:09:41.497Z","2026-08-20T12:10:41.904Z","2026-08-20T12:10:41.904Z","unknown","provisional-first-page-scan","automated-first-page-date-scan","2024-01","2026-08","2026-08-20","month","first-page-only-unvalidated","0","","","","","","",""
"MC","MCO","Monaco","Commission de Contrôle des Activités Financières","Securities","identity-confirmed","http://www.ccaf.mc/","challenge-protected","https://ccaf.mc/ccaf/les-sanctions-prononcees/","Les sanctions prononcées|https://ccaf.mc/ccaf/les-sanctions-prononcees/|unqualified-candidate|browser-review-required; Décision de sanction Tavira Monaco SAM|https://ccaf.mc/wp-content/uploads/2026/03/Decision-de-sanction-TAVIRA-MONACO.pdf|unqualified-candidate|unqualified; https://ccaf.mc/decision-de-sanction-a-lencontre-de-tavira-monaco-sam/|https://ccaf.mc/decision-de-sanction-a-lencontre-de-tavira-monaco-sam/|unqualified-candidate|unqualified","","","","unknown","IOSCO","https://www.iosco.org/v2/about/?subsection=membership&memid=1&page=5","2026-08-20T12:09:41.497Z","2026-08-20T12:10:41.904Z","2026-08-20T12:11:07.553Z","unknown","provisional-first-page-scan","automated-first-page-date-scan","2024-01","2026-08","2026-08-20","month","first-page-only-unvalidated","0","","","","not-observable","not-observable","not-observable",""
"ME","MNE","Montenegro","Capital Market Authority of Montenegro","Securities","identity-confirmed","http://www.scmn.me/","access-blocked","","","","","","unknown","IOSCO","https://www.iosco.org/v2/about/?subsection=membership&memid=1&page=5","2026-08-20T12:09:41.497Z","2026-08-20T12:10:41.904Z","2026-08-20T12:10:41.904Z","unknown","provisional-first-page-scan","automated-first-page-date-scan","2024-01","2026-08","2026-08-20","month","first-page-only-unvalidated","0","","","","","","",""
"ME","MNE","Montenegro","Central Bank of Montenegro","Central bank","identity-confirmed","https://www.cbcg.me/en","reachable","https://www.cbcg.me/en/public-relations/information/faq?accordion-open=1730","Questions and answers regarding the manner of application of the Decision on interim measures to reduce the adverse effects of the impact of the new coronavirus outbreak on the financial system after the mitigating measures to protect the population against communicable diseases|https://www.cbcg.me/en/public-relations/information/faq?accordion-open=1730|unqualified-candidate|manual-review-required","","","","enforcement","BIS","https://www.bis.org/cbanks.htm","2026-08-20T12:09:41.497Z","2026-08-20T12:10:41.904Z","2026-08-20T12:11:07.553Z","unknown","provisional-first-page-scan","automated-first-page-date-scan","2024-01","2026-08","2026-08-20","month","first-page-only-unvalidated","0","","","","plausible-official-publication-candidate","decision_register","authority-owned",""
"ME","MNE","Montenegro","Department for the Prevention of Money Laundering and Terrorist Financing (DPMLTF)","Financial intelligence","identity-confirmed","http://www.foj.gov.me/","network-error","","","","","","unknown","EGMONT","https://egmontgroup.org/members-by-region/","2026-08-20T12:09:41.497Z","2026-08-20T12:10:41.904Z","2026-08-20T12:10:41.904Z","unknown","provisional-first-page-scan","automated-first-page-date-scan","2024-01","2026-08","2026-08-20","month","first-page-only-unvalidated","0","","","","","","",""
"ME","MNE","Montenegro","Insurance Supervision Agency","Insurance","identity-confirmed","http://www.ano.me/","reachable","","","","","","unknown","IAIS","https://www.iais.org/about-the-iais/iais-members/","2026-08-20T12:09:41.497Z","2026-08-20T12:10:41.904Z","2026-08-20T12:10:41.904Z","unknown","provisional-first-page-scan","automated-first-page-date-scan","2024-01","2026-08","2026-08-20","month","first-page-only-unvalidated","0","","","","","","",""
"NL","NLD","Netherlands","De Nederlandsche Bank","Central bank; Prudential supervision; Insurance; Pensions","enforcement-visible","https://www.dnb.nl/en","reachable","https://www.dnb.nl/en/reliable-financial-sector/financial-sanctions/","Financial sanctions|https://www.dnb.nl/en/reliable-financial-sector/financial-sanctions/|authority-owned-qualified-route|approved-for-human-contract; Enforcement|https://www.dnb.nl/en/sector-information/open-book-supervision/laws-and-eu-regulations/enforcement/|unqualified-candidate|unqualified; Sanctions Act 1977|https://www.dnb.nl/en/sector-information/open-book-supervision/laws-and-eu-regulations/sanctions-act-1977/|unqualified-candidate|unqualified; cookie notice|https://www.dnb.nl/en/privacy-and-security/cookie-notice/|unqualified-candidate|unqualified","","Financial sanctions|https://www.dnb.nl/en/reliable-financial-sector/financial-sanctions/","","enforcement","BIS; IAIS; IOPS","https://www.bis.org/cbanks.htm; https://www.bis.org/regauth.htm; https://www.iais.org/about-the-iais/iais-members/; https://www.iopsweb.org/en/membership/iops-members-and-observers.html","2026-08-20T12:09:41.497Z","2026-08-20T12:10:41.904Z","2026-08-20T12:11:07.553Z","periodic","provisional-first-page-scan","automated-first-page-date-scan","2024-01","2026-08","2026-08-20","month","first-page-only-unvalidated","3","2026-04; 2026-06; 2026-07","2026-07","month","strong-official-publication-candidate","sanctions_or_penalty_list","authority-owned",""
"NL","NLD","Netherlands","Financial Intelligence Unit – Netherlands (FIU-NL)","Financial intelligence","identity-confirmed","http://www.fiu-nederland.nl/en","reachable","https://www.fiu-nederland.nl/en/knowledge_base/luxury-designer-goods-despite-sanctions/","Third-Party Payments: A Method Used to Conceal Money Laundering, Terrorist Financing, and Sanctions Evasion|https://www.fiu-nederland.nl/en/knowledge_base/third-party-payments-a-method-used-to-conceal-money-laundering-terrorist-financing-and-sanctions-evasion/|unqualified-candidate|unqualified; Luxury designer goods despite sanctions|https://www.fiu-nederland.nl/en/knowledge_base/luxury-designer-goods-despite-sanctions/|authority-owned-qualified-route|approved-for-human-contract","","Luxury designer goods despite sanctions|https://www.fiu-nederland.nl/en/knowledge_base/luxury-designer-goods-despite-sanctions/","","enforcement","EGMONT","https://egmontgroup.org/members-by-region/","2026-08-20T12:09:41.497Z","2026-08-20T12:10:41.904Z","2026-08-20T12:11:07.553Z","unknown","provisional-first-page-scan","automated-first-page-date-scan","2024-01","2026-08","2026-08-20","month","first-page-only-unvalidated","0","","","","strong-official-publication-candidate","sanctions_or_penalty_list","authority-owned",""
"NL","NLD","Netherlands","The Dutch Authority for the Financial Markets*","Securities; Insurance","identity-confirmed","http://www.afm.nl/","reachable","https://www.afm.nl/nl-nl/sector/actueel/2026/aug/pb-boete-vfs","Lees meer|https://www.afm.nl/nl-nl/sector/actueel/2026/aug/pb-boete-vfs|unqualified-candidate|manual-review-required","","","","unknown","IOSCO; IAIS","https://www.iosco.org/v2/about/?subsection=membership&memid=1&page=5; https://www.iais.org/about-the-iais/iais-members/","2026-08-20T12:09:41.497Z","2026-08-20T12:10:41.904Z","2026-08-20T12:11:07.553Z","unknown","provisional-first-page-scan","automated-first-page-date-scan","2024-01","2026-08","2026-08-20","month","first-page-only-unvalidated","0","","","","generic-or-ambiguous-link","generic_or_ambiguous","authority-owned",""
"MK","MKD","North Macedonia","Agency for Supervision of Fully Funded Pension Insurance","Pensions","identity-confirmed","https://mapas.mk/","challenge-protected","","","","","","unknown","IOPS","https://www.iopsweb.org/en/membership/iops-members-and-observers.html","2026-08-20T12:09:41.497Z","2026-08-20T12:10:41.904Z","2026-08-20T12:10:41.904Z","unknown","provisional-first-page-scan","automated-first-page-date-scan","2024-01","2026-08","2026-08-20","month","first-page-only-unvalidated","0","","","","","","",""
"MK","MKD","North Macedonia","Financial Intelligence Office (FIO)","Financial intelligence","identity-confirmed","","no-public-website","","","","","","unknown","EGMONT","https://egmontgroup.org/members-by-region/","2026-08-20T12:09:41.497Z","2026-08-20T12:10:41.904Z","2026-08-20T12:10:41.904Z","unknown","provisional-first-page-scan","automated-first-page-date-scan","2024-01","2026-08","2026-08-20","month","first-page-only-unvalidated","0","","","","","","",""
"MK","MKD","North Macedonia","Insurance Supervision Agency (ISA)","Insurance","identity-confirmed","http://www.aso.mk/","reachable","","","","","","unknown","IAIS","https://www.iais.org/about-the-iais/iais-members/","2026-08-20T12:09:41.497Z","2026-08-20T12:10:41.904Z","2026-08-20T12:10:41.904Z","unknown","provisional-first-page-scan","automated-first-page-date-scan","2024-01","2026-08","2026-08-20","month","first-page-only-unvalidated","0","","","","","","",""
"MK","MKD","North Macedonia","National Bank of the Republic of North Macedonia","Central bank; Prudential supervision","identity-confirmed","https://www.nbrm.mk/pocetna-en.nspx","challenge-protected","","","","","","unknown","BIS","https://www.bis.org/cbanks.htm; https://www.bis.org/regauth.htm","2026-08-20T12:09:41.497Z","2026-08-20T12:10:41.904Z","2026-08-20T12:10:41.904Z","unknown","provisional-first-page-scan","automated-first-page-date-scan","2024-01","2026-08","2026-08-20","month","first-page-only-unvalidated","0","","","","","","",""
"MK","MKD","North Macedonia","Securities and Exchange Commission of the Republic of North Macedonia","Securities","identity-confirmed","http://www.sec.gov.mk/","reachable","","","","","","unknown","IOSCO","https://www.iosco.org/v2/about/?subsection=membership&memid=1&page=5","2026-08-20T12:09:41.497Z","2026-08-20T12:10:41.904Z","2026-08-20T12:10:41.904Z","unknown","provisional-first-page-scan","automated-first-page-date-scan","2024-01","2026-08","2026-08-20","month","first-page-only-unvalidated","0","","","","","","",""
"NO","NOR","Norway","Central Bank of Norway","Central bank; Prudential supervision","identity-confirmed","https://www.norges-bank.no/en/","reachable","https://www.norges-bank.no/en/topics/monetary-policy/Monetary-policy-meetings/2026/august-2026/","Rate decision August 2026|https://www.norges-bank.no/en/topics/monetary-policy/Monetary-policy-meetings/2026/august-2026/|unqualified-candidate|manual-review-required","","","","enforcement","BIS","https://www.bis.org/cbanks.htm; https://www.bis.org/regauth.htm","2026-08-20T12:09:41.497Z","2026-08-20T12:10:41.904Z","2026-08-20T12:11:07.553Z","unknown","provisional-first-page-scan","automated-first-page-date-scan","2024-01","2026-08","2026-08-20","month","first-page-only-unvalidated","0","","","","generic-or-ambiguous-link","decision_register","authority-owned",""
"NO","NOR","Norway","Financial Intelligence Unit Norway (EFE)","Financial intelligence","identity-confirmed","http://www.okokrim.no/in-english","reachable","","","","","","unknown","EGMONT","https://egmontgroup.org/members-by-region/","2026-08-20T12:09:41.497Z","2026-08-20T12:10:41.904Z","2026-08-20T12:10:41.904Z","unknown","provisional-first-page-scan","automated-first-page-date-scan","2024-01","2026-08","2026-08-20","month","first-page-only-unvalidated","0","","","","","","",""
"NO","NOR","Norway","Finanstilsynet (The Financial Supervisory Authority of Norway)","Prudential supervision; Securities; Insurance","identity-confirmed","http://www.finanstilsynet.no/","reachable","","","","","","unknown","BIS; IOSCO; IAIS","https://www.bis.org/regauth.htm; https://www.iosco.org/v2/about/?subsection=membership&memid=1&page=5; https://www.iais.org/about-the-iais/iais-members/","2026-08-20T12:09:41.497Z","2026-08-20T12:10:41.904Z","2026-08-20T12:10:41.904Z","unknown","provisional-first-page-scan","automated-first-page-date-scan","2024-01","2026-08","2026-08-20","month","first-page-only-unvalidated","0","","","","","","",""
"PL","POL","Poland","General Inspector of Financial Information (GIFI)","Financial intelligence","identity-confirmed","http://www.mf.gov.pl/en/ministry-of-finance/aml-ctf/contact","reachable","https://www.gov.pl/web/finance/klauzula-przetwarzania-danych-osobowych-udostepnionych-droga-elektroniczna","Head of the National Revenue Administration’s Data Processing Notice|https://www.gov.pl/web/national-revenue-administration/klauzula-przetwarzania-danych-osobowych-udostepnionych-droga-elektroniczna|unqualified-candidate|unqualified; Minister of Finance Data Processing Notice|https://www.gov.pl/web/finance/klauzula-przetwarzania-danych-osobowych-udostepnionych-droga-elektroniczna|unqualified-candidate|manual-review-required","","","","regulatory-update","EGMONT","https://egmontgroup.org/members-by-region/","2026-08-20T12:09:41.497Z","2026-08-20T12:10:41.904Z","2026-08-20T12:11:07.553Z","unknown","provisional-first-page-scan","automated-first-page-date-scan","2024-01","2026-08","2026-08-20","month","first-page-only-unvalidated","0","","","","generic-or-ambiguous-link","news_or_notice","authority-owned",""
"PL","POL","Poland","Narodowy Bank Polski","Central bank; Prudential supervision","identity-confirmed","https://nbp.pl/en/","challenge-protected","","","","","","unknown","BIS","https://www.bis.org/cbanks.htm; https://www.bis.org/regauth.htm","2026-08-20T12:09:41.497Z","2026-08-20T12:10:41.904Z","2026-08-20T12:10:41.904Z","unknown","provisional-first-page-scan","automated-first-page-date-scan","2024-01","2026-08","2026-08-20","month","first-page-only-unvalidated","0","","","","","","",""
"PL","POL","Poland","Polish Financial Supervision Authority","Prudential supervision; Securities; Insurance; Pensions","identity-confirmed","http://www.knf.gov.pl/en/","reachable","","","","","","unknown","BIS; IOSCO; IAIS; IOPS","https://www.bis.org/regauth.htm; https://www.iosco.org/v2/about/?subsection=membership&memid=1&page=5; https://www.iais.org/about-the-iais/iais-members/; https://www.iopsweb.org/en/membership/iops-members-and-observers.html","2026-08-20T12:09:41.497Z","2026-08-20T12:10:41.904Z","2026-08-20T12:10:41.904Z","unknown","provisional-first-page-scan","automated-first-page-date-scan","2024-01","2026-08","2026-08-20","month","first-page-only-unvalidated","0","","","","","","",""
"PT","PRT","Portugal","Autoridade de Supervisão de Seguros e Fundos de Pensões (ASF)","Insurance; Pensions","identity-confirmed","http://www.asf.com.pt/","reachable","https://www.asf.com.pt/infra%C3%A7%C3%B5es-e-san%C3%A7%C3%B5es","Infrações, Sanções e Medidas Cautelares|https://www.asf.com.pt/infra%C3%A7%C3%B5es-e-san%C3%A7%C3%B5es|authority-owned-qualified-route|approved-for-human-contract","","Infrações, Sanções e Medidas Cautelares|https://www.asf.com.pt/infra%C3%A7%C3%B5es-e-san%C3%A7%C3%B5es","","enforcement","IAIS; IOPS","https://www.iais.org/about-the-iais/iais-members/; https://www.iopsweb.org/en/membership/iops-members-and-observers.html","2026-08-20T12:09:41.497Z","2026-08-20T12:10:41.904Z","2026-08-20T12:11:07.553Z","unknown","provisional-first-page-scan","automated-first-page-date-scan","2024-01","2026-08","2026-08-20","month","first-page-only-unvalidated","0","","","","strong-official-publication-candidate","enforcement_archive","authority-owned",""
"PT","PRT","Portugal","Banco de Portugal","Central bank; Prudential supervision","identity-confirmed","https://www.bportugal.pt/en","access-blocked","","","","","","unknown","BIS","https://www.bis.org/cbanks.htm; https://www.bis.org/regauth.htm","2026-08-20T12:09:41.497Z","2026-08-20T12:10:41.904Z","2026-08-20T12:10:41.904Z","unknown","provisional-first-page-scan","automated-first-page-date-scan","2024-01","2026-08","2026-08-20","month","first-page-only-unvalidated","0","","","","","","",""
"PT","PRT","Portugal","Comissão do Mercado de Valores Mobiliários","Securities","identity-confirmed","http://www.cmvm.pt/","reachable","","","","","","unknown","IOSCO","https://www.iosco.org/v2/about/?subsection=membership&memid=1&page=5","2026-08-20T12:09:41.497Z","2026-08-20T12:10:41.904Z","2026-08-20T12:10:41.904Z","unknown","provisional-first-page-scan","automated-first-page-date-scan","2024-01","2026-08","2026-08-20","month","first-page-only-unvalidated","0","","","","","","",""
"PT","PRT","Portugal","Financial Intelligence Unit Portugal (UIF-Portugal)","Financial intelligence","identity-confirmed","https://www.policiajudiciaria.pt/PortalWeb/page/%7BE6E29429-8228-44A5-8338-9A3F3BCC3986%7D","http-error","https://www.policiajudiciaria.pt/dsdi/","Direção de Serviços de Disciplina e Inspeção (DS-DI)|https://www.policiajudiciaria.pt/dsdi/|authority-owned-qualified-route|approved-for-human-contract; Metadata Law Enforcement Conference photos|https://www.policiajudiciaria.pt/metadata-law-enforcement-conference-photos/|unqualified-candidate|unqualified; AIDA – Artificial Intelligence and advanced Data Analyitics for Law Enforcement Agencies|https://www.policiajudiciaria.pt/projetos-financiados__trashed/aida-artificial-intelligence-and-advanced-data-analyitics-for-law-enforcement-agencies/|unqualified-candidate|unqualified; i-LEAD – Innovation – Law Enforcement Agency´s Dialogue|https://www.policiajudiciaria.pt/projetos-financiados__trashed/i-lead-innovation-law-enforcement-agencys-dialogue/|unqualified-candidate|unqualified","","Direção de Serviços de Disciplina e Inspeção (DS-DI)|https://www.policiajudiciaria.pt/dsdi/","","enforcement","EGMONT","https://egmontgroup.org/members-by-region/","2026-08-20T12:09:41.497Z","2026-08-20T12:10:41.904Z","2026-08-20T12:11:07.553Z","unknown","provisional-first-page-scan","automated-first-page-date-scan","2024-01","2026-08","2026-08-20","month","first-page-only-unvalidated","0","","","","strong-official-publication-candidate","disciplinary_notice","authority-owned",""
"RO","ROU","Romania","Financial Supervisory Authority","Securities; Insurance; Pensions","identity-confirmed","http://www.asfromania.ro/","network-error","","","","","","unknown","IOSCO; IAIS; IOPS","https://www.iosco.org/v2/about/?subsection=membership&memid=1&page=6; https://www.iais.org/about-the-iais/iais-members/; https://www.iopsweb.org/en/membership/iops-members-and-observers.html","2026-08-20T12:09:41.497Z","2026-08-20T12:10:41.904Z","2026-08-20T12:10:41.904Z","unknown","provisional-first-page-scan","automated-first-page-date-scan","2024-01","2026-08","2026-08-20","month","first-page-only-unvalidated","0","","","","","","",""
"RO","ROU","Romania","National Bank of Romania","Central bank; Prudential supervision","identity-confirmed","https://www.bnro.ro/","reachable","","","","","","unknown","BIS","https://www.bis.org/cbanks.htm; https://www.bis.org/regauth.htm","2026-08-20T12:09:41.497Z","2026-08-20T12:10:41.904Z","2026-08-20T12:10:41.904Z","unknown","provisional-first-page-scan","automated-first-page-date-scan","2024-01","2026-08","2026-08-20","month","first-page-only-unvalidated","0","","","","","","",""
"RO","ROU","Romania","National Office for Prevention and Control of Money Laundering (ONPCSB)","Financial intelligence","identity-confirmed","http://www.onpcsb.ro/html/english.php","http-error","","","","","","unknown","EGMONT","https://egmontgroup.org/members-by-region/","2026-08-20T12:09:41.497Z","2026-08-20T12:10:41.904Z","2026-08-20T12:10:41.904Z","unknown","provisional-first-page-scan","automated-first-page-date-scan","2024-01","2026-08","2026-08-20","month","first-page-only-unvalidated","0","","","","","","",""
"RU","RUS","Russia","Central Bank of the Russian Federation","Central bank; Prudential supervision; Securities","identity-confirmed","http://www.cbr.ru/eng/","reachable","","","","","","unknown","BIS; IOSCO","https://www.bis.org/cbanks.htm; https://www.bis.org/regauth.htm; https://www.iosco.org/v2/about/?subsection=membership&memid=1&page=6","2026-08-20T12:09:41.497Z","2026-08-20T12:10:41.904Z","2026-08-20T12:10:41.904Z","unknown","provisional-first-page-scan","automated-first-page-date-scan","2024-01","2026-08","2026-08-20","month","first-page-only-unvalidated","0","","","","","","",""
"RU","RUS","Russia","Federal Financial Monitoring Service (Rosfinmonitoring)","Financial intelligence","identity-confirmed","http://www.fedsfm.ru/en","timeout","","","","","","unknown","EGMONT","https://egmontgroup.org/members-by-region/","2026-08-20T12:09:41.497Z","2026-08-20T12:10:41.904Z","2026-08-20T12:10:41.904Z","unknown","provisional-first-page-scan","automated-first-page-date-scan","2024-01","2026-08","2026-08-20","month","first-page-only-unvalidated","0","","","","","","",""
"SM","SMR","San Marino","Central Bank of the Republic of San Marino","Central bank; Prudential supervision","identity-confirmed","https://www.bcsm.sm/","reachable","https://www.bcsm.sm/funzioni/sanzioni","Sanzioni|https://www.bcsm.sm/funzioni/sanzioni|authority-owned-qualified-route|approved-for-human-contract; Regolamenti|https://www.bcsm.sm/normativa/provvedimenti-di-banca-centrale/regolamenti|unqualified-candidate|unqualified; Circolari|https://www.bcsm.sm/normativa/provvedimenti-di-banca-centrale/circolari|unqualified-candidate|unqualified; Circolari tassi soglia|https://www.bcsm.sm/normativa/provvedimenti-di-banca-centrale/circolari-tassi-soglia|unqualified-candidate|unqualified; Consultazioni|https://www.bcsm.sm/normativa/provvedimenti-di-banca-centrale/consultazioni-pubbliche|unqualified-candidate|unqualified; Consultazioni|https://www.bcsm.sm/normativa/provvedimenti-di-banca-centrale/consultazioni-pubbliche?hsLang=it|unqualified-candidate|unqualified","","Sanzioni|https://www.bcsm.sm/funzioni/sanzioni","","enforcement","BIS","https://www.bis.org/cbanks.htm; https://www.bis.org/regauth.htm","2026-08-20T12:09:41.497Z","2026-08-20T12:10:41.904Z","2026-08-20T12:11:07.553Z","unknown","provisional-first-page-scan","automated-first-page-date-scan","2024-01","2026-08","2026-08-20","month","first-page-only-unvalidated","0","","","","strong-official-publication-candidate","sanctions_or_penalty_list","authority-owned",""
"SM","SMR","San Marino","Financial Intelligence Agency (FIA San Marino)","Financial intelligence","identity-confirmed","http://www.aif.sm/site/en/home.html","network-error","","","","","","unknown","EGMONT","https://egmontgroup.org/members-by-region/","2026-08-20T12:09:41.497Z","2026-08-20T12:10:41.904Z","2026-08-20T12:10:41.904Z","unknown","provisional-first-page-scan","automated-first-page-date-scan","2024-01","2026-08","2026-08-20","month","first-page-only-unvalidated","0","","","","","","",""
"RS","SRB","Serbia","Administration for the Prevention of Money Laundering (APML)","Financial intelligence","identity-confirmed","http://www.apml.gov.rs/eng/","reachable","","","","","","unknown","EGMONT","https://egmontgroup.org/members-by-region/","2026-08-20T12:09:41.497Z","2026-08-20T12:10:41.904Z","2026-08-20T12:10:41.904Z","unknown","provisional-first-page-scan","automated-first-page-date-scan","2024-01","2026-08","2026-08-20","month","first-page-only-unvalidated","0","","","","","","",""
"RS","SRB","Serbia","National Bank of Serbia","Central bank; Prudential supervision; Insurance; Pensions","identity-confirmed","https://nbs.rs/en/indeks/index.html","challenge-protected","https://nbs.rs/en/drugi-nivo-navigacije/servisi/reg_resenja","Decision making process in the National Bank of Serbia|https://nbs.rs/en/ciljevi-i-funkcije/monetarna-politika/proces-odlucivanja/|unqualified-candidate|unqualified; Register of Received Decisions|https://nbs.rs/en/drugi-nivo-navigacije/servisi/reg_resenja|unqualified-candidate|manual-review-required","","","","enforcement","BIS; IAIS; IOPS","https://www.bis.org/cbanks.htm; https://www.bis.org/regauth.htm; https://www.iais.org/about-the-iais/iais-members/; https://www.iopsweb.org/en/membership/iops-members-and-observers.html","2026-08-20T12:09:41.497Z","2026-08-20T12:10:41.904Z","2026-08-20T12:11:07.553Z","unknown","provisional-first-page-scan","automated-first-page-date-scan","2024-01","2026-08","2026-08-20","month","first-page-only-unvalidated","0","","","","generic-or-ambiguous-link","decision_register","authority-owned",""
"RS","SRB","Serbia","Securities Commission","Securities","identity-confirmed","http://www.sec.gov.rs/","reachable","","","","","","unknown","IOSCO","https://www.iosco.org/v2/about/?subsection=membership&memid=1&page=6","2026-08-20T12:09:41.497Z","2026-08-20T12:10:41.904Z","2026-08-20T12:10:41.904Z","unknown","provisional-first-page-scan","automated-first-page-date-scan","2024-01","2026-08","2026-08-20","month","first-page-only-unvalidated","0","","","","","","",""
"SK","SVK","Slovakia","Financial Intelligence Unit of the National Criminal Agency (FSJ)","Financial intelligence","identity-confirmed","http://www.minv.sk/?financna-policia","reachable","","","","","","unknown","EGMONT","https://egmontgroup.org/members-by-region/","2026-08-20T12:09:41.497Z","2026-08-20T12:10:41.904Z","2026-08-20T12:10:41.904Z","unknown","provisional-first-page-scan","automated-first-page-date-scan","2024-01","2026-08","2026-08-20","month","first-page-only-unvalidated","0","","","","","","",""
"SK","SVK","Slovakia","National Bank of Slovakia","Central bank; Prudential supervision; Securities; Insurance; Pensions","identity-confirmed","http://www.nbs.sk/en/home","reachable","https://www.nbs.sk/en","Monetary policy decisions|https://nbs.sk/en/monetary-policy/monetary-policy-decisions/|unqualified-candidate|unqualified; Governing Council decisions|https://nbs.sk/en/press/governing-council-decisions/|unqualified-candidate|unqualified; Monetary policy decisions|https://www.ecb.europa.eu/press/pr/date/2026/html/ecb.mp260723~29f24d99bc.en.html|unqualified-candidate|unqualified; Monetary policy decisions|https://www.nbs.sk/en|unqualified-candidate|manual-review-required","","","","enforcement","BIS; IOSCO; IAIS; IOPS","https://www.bis.org/cbanks.htm; https://www.bis.org/regauth.htm; https://www.iosco.org/v2/about/?subsection=membership&memid=1&page=6; https://www.iais.org/about-the-iais/iais-members/; https://www.iopsweb.org/en/membership/iops-members-and-observers.html","2026-08-20T12:09:41.497Z","2026-08-20T12:10:41.904Z","2026-08-20T12:11:07.553Z","unknown","provisional-first-page-scan","automated-first-page-date-scan","2024-01","2026-08","2026-08-20","month","first-page-only-unvalidated","0","","","","generic-or-ambiguous-link","decision_register","authority-owned",""
"SI","SVN","Slovenia","Banka Slovenije","Central bank; Prudential supervision","identity-confirmed","http://www.bsi.si/en/","reachable","https://www.bsi.si/en/monetary-policy-2","Monetary Policy Decisions by the Governing Council of the ECB where the objective is ensuring price stability. The decisions are made on the basis of current economic indicators, projections for the euro area, and the situation on the financial markets.|https://www.bsi.si/en/monetary-policy-2|unqualified-candidate|manual-review-required; Situation in the Slovenian banking system Current data in relation to the Slovenian banking system, and decisions and measures taken by Banka Slovenije in the area of microprudential supervision and macroprudential policy.|https://www.bsi.si/en/situation-in-the-slovenian-banking-system|unqualified-candidate|unqualified; Macroeconomic environment Analysis of the international and domestic economic situation, and financial markets, and economic projections. The analysis forms the basis for making decisions in the area of monetary policy and the banking system.|https://www.bsi.si/en/macroeconomic-environment|unqualified-candidate|unqualified; August 24, 2026 BS|EF seminar ""FOMC In Silico: A Multi-Agent System for Monetary Policy Decision Modeling""|https://www.bsi.si/en/upcoming-events/bs-ef-seminar-fomc-in-silico-a-multi-agent-system-for-monetary-policy-decision-modeling|unqualified-candidate|unqualified","","","","enforcement","BIS","https://www.bis.org/cbanks.htm; https://www.bis.org/regauth.htm","2026-08-20T12:09:41.497Z","2026-08-20T12:10:41.904Z","2026-08-20T12:11:07.553Z","unknown","provisional-first-page-scan","automated-first-page-date-scan","2024-01","2026-08","2026-08-20","month","first-page-only-unvalidated","0","","","","generic-or-ambiguous-link","decision_register","authority-owned",""
"SI","SVN","Slovenia","Insurance Supervision Agency","Insurance","identity-confirmed","https://www.a-zn.si/","access-blocked","","","","","","unknown","IAIS","https://www.iais.org/about-the-iais/iais-members/","2026-08-20T12:09:41.497Z","2026-08-20T12:10:41.904Z","2026-08-20T12:10:41.904Z","unknown","provisional-first-page-scan","automated-first-page-date-scan","2024-01","2026-08","2026-08-20","month","first-page-only-unvalidated","0","","","","","","",""
"SI","SVN","Slovenia","Office for Money Laundering Prevention (OMLP)","Financial intelligence","identity-confirmed","http://www.uppd.gov.si/en/","reachable","","","","","","unknown","EGMONT","https://egmontgroup.org/members-by-region/","2026-08-20T12:09:41.497Z","2026-08-20T12:10:41.904Z","2026-08-20T12:10:41.904Z","unknown","provisional-first-page-scan","automated-first-page-date-scan","2024-01","2026-08","2026-08-20","month","first-page-only-unvalidated","0","","","","","","",""
"SI","SVN","Slovenia","Securities Market Agency/Agencija Za Trg Vrednostnih Papirjev","Securities","identity-confirmed","http://www.atvp.si/","challenge-protected","","","","","","unknown","IOSCO","https://www.iosco.org/v2/about/?subsection=membership&memid=1&page=6","2026-08-20T12:09:41.497Z","2026-08-20T12:10:41.904Z","2026-08-20T12:10:41.904Z","unknown","provisional-first-page-scan","automated-first-page-date-scan","2024-01","2026-08","2026-08-20","month","first-page-only-unvalidated","0","","","","","","",""
"ES","ESP","Spain","Bank of Spain","Central bank; Prudential supervision","identity-confirmed","http://www.bde.es/homee.htm","reachable","https://www.bde.es/wbe/en/punto-informacion/contenidos/sanciones-impuestas-banco-espana/","Refused access|https://www.bde.es/wbe/en/sobre-banco/transparencia/derecho-acceso/resoluciones-denegatorias/|unqualified-candidate|unqualified; Resolution|https://www.bde.es/wbe/en/areas-actuacion/resolucion/|unqualified-candidate|unqualified; International context|https://www.bde.es/wbe/en/areas-actuacion/resolucion/contexto-internacional/|unqualified-candidate|unqualified; Resolution authorities|https://www.bde.es/wbe/en/areas-actuacion/resolucion/que-autoridades-son-competentes/|unqualified-candidate|unqualified; Resolution planning|https://www.bde.es/wbe/en/areas-actuacion/resolucion/planificacion-resolucion/|unqualified-candidate|unqualified; Resolution tools|https://www.bde.es/wbe/en/areas-actuacion/resolucion/herramientas-resolucion/|unqualified-candidate|unqualified; Resolvability assessment|https://www.bde.es/wbe/en/areas-actuacion/resolucion/analisis-de-resolubilidad/|unqualified-candidate|unqualified; MREL and TLAC|https://www.bde.es/wbe/en/areas-actuacion/resolucion/mrel-y-tlac/|unqualified-candidate|unqualified; The Banco de España and its international role|https://www.bde.es/wbe/en/areas-actuacion/resolucion/el-banco-de-espana-y-su-rol-internacional/|unqualified-candidate|unqualified; Next steps|https://www.bde.es/wbe/en/areas-actuacion/resolucion/proximos-pasos/|unqualified-candidate|unqualified; Monetary policy decisions|https://www.bde.es/wbe/en/noticias-eventos/actualidad-bce/decisiones-politica-monetaria/|unqualified-candidate|unqualified; Other Governing Council decisions|https://www.bde.es/wbe/en/noticias-eventos/actualidad-bce/otras-decisiones-consejo-gobierno/|unqualified-candidate|unqualified; Single Resolution Mechanism (SRM)|https://www.bde.es/wbe/en/noticias-eventos/otras-instituciones/mecanismo-unico-resolucion-mur/|unqualified-candidate|unqualified; Sanctions|https://www.bde.es/wbe/en/punto-informacion/contenidos/sanciones-impuestas-banco-espana/|authority-owned-qualified-route|approved-for-human-contract; http://www.facebook.com/sharer.php?u=https://www.bde.es/wbe/en/punto-informacion/contenidos/sanciones-impuestas-banco-espana/|http://www.facebook.com/sharer.php?u=https://www.bde.es/wbe/en/punto-informacion/contenidos/sanciones-impuestas-banco-espana/|unqualified-candidate|unqualified; https://twitter.com/share?text=The Banco de España fines on Duncan Macinnes&via=BancoDeEspana&url=https://www.bde.es/wbe/en/punto-informacion/contenidos/sanciones-impuestas-banco-espana/|https://twitter.com/share?text=The%20Banco%20de%20Espa%C3%B1a%20fines%20on%20Duncan%20Macinnes&via=BancoDeEspana&url=https://www.bde.es/wbe/en/punto-informacion/contenidos/sanciones-impuestas-banco-espana/|unqualified-candidate|unqualified; https://www.linkedin.com/cws/share?url=https://www.bde.es/wbe/en/punto-informacion/contenidos/sanciones-impuestas-banco-espana/|https://www.linkedin.com/cws/share?url=https://www.bde.es/wbe/en/punto-informacion/contenidos/sanciones-impuestas-banco-espana/|unqualified-candidate|unqualified","","Sanctions|https://www.bde.es/wbe/en/punto-informacion/contenidos/sanciones-impuestas-banco-espana/","","enforcement","BIS","https://www.bis.org/cbanks.htm; https://www.bis.org/regauth.htm","2026-08-20T12:09:41.497Z","2026-08-20T12:10:41.904Z","2026-08-20T12:11:07.553Z","unknown","provisional-first-page-scan","automated-first-page-date-scan","2024-01","2026-08","2026-08-20","month","first-page-only-unvalidated","0","","","","strong-official-publication-candidate","sanctions_or_penalty_list","authority-owned",""
"ES","ESP","Spain","Comisión Nacional del Mercado de Valores*","Securities","identity-confirmed","http://www.cnmv.es/","http-error","","","","","","unknown","IOSCO","https://www.iosco.org/v2/about/?subsection=membership&memid=1&page=6","2026-08-20T12:09:41.497Z","2026-08-20T12:10:41.904Z","2026-08-20T12:10:41.904Z","unknown","provisional-first-page-scan","automated-first-page-date-scan","2024-01","2026-08","2026-08-20","month","first-page-only-unvalidated","0","","","","","","",""
"ES","ESP","Spain","Dirección General de Seguros y Fondos de Pensiones","Insurance","identity-confirmed","http://www.dgsfp.mineco.es/","network-error","","","","","","unknown","IAIS","https://www.iais.org/about-the-iais/iais-members/","2026-08-20T12:09:41.497Z","2026-08-20T12:10:41.904Z","2026-08-20T12:10:41.904Z","unknown","provisional-first-page-scan","automated-first-page-date-scan","2024-01","2026-08","2026-08-20","month","first-page-only-unvalidated","0","","","","","","",""
"ES","ESP","Spain","Directorate General for Insurance and Pension Funds","Pensions","identity-confirmed","https://dgsfp.mineco.gob.es/","reachable","","","","","","unknown","IOPS","https://www.iopsweb.org/en/membership/iops-members-and-observers.html","2026-08-20T12:09:41.497Z","2026-08-20T12:10:41.904Z","2026-08-20T12:10:41.904Z","unknown","provisional-first-page-scan","automated-first-page-date-scan","2024-01","2026-08","2026-08-20","month","first-page-only-unvalidated","0","","","","","","",""
"ES","ESP","Spain","Executive Service of the Commission for the Prevention of Money Laundering and Monetary Offences (SEPBLAC)","Financial intelligence","identity-confirmed","http://www.sepblac.es/ingles/acerca_sepblac/acercade.htm","reachable","","","","","","unknown","EGMONT","https://egmontgroup.org/members-by-region/","2026-08-20T12:09:41.497Z","2026-08-20T12:10:41.904Z","2026-08-20T12:10:41.904Z","unknown","provisional-first-page-scan","automated-first-page-date-scan","2024-01","2026-08","2026-08-20","month","first-page-only-unvalidated","0","","","","","","",""
"SE","SWE","Sweden","Finansinspektionen","Prudential supervision; Securities; Financial intelligence","identity-confirmed","http://www.fi.se/","reachable","https://www.fi.se/sv/publicerat/granskningar/undersokningar/undersokningar-lista/2023/fi-undersoker-alecta2/","FI ger Norion Bank en anmärkning och en sanktionsavgift|https://www.fi.se/sv/publicerat/granskningar/undersokningar/undersokningar-lista/2026/fi-ger-norion-bank-en-anmarkning-och-en-sanktionsavgift/|unqualified-candidate|unqualified; FI ger Alecta en varning med sanktionsavgift|https://www.fi.se/sv/publicerat/granskningar/undersokningar/undersokningar-lista/2023/fi-undersoker-alecta2/|authority-owned-qualified-route|approved-for-human-contract; Besluten att frysa tillgångar för två personer och en grupp|https://www.fi.se/sv/bank/internationella-sanktioner/frysning-av-tillgangar/2026/beslut-att-frysa-tillgangar-for-tva-personer-och-en-grupp/|unqualified-candidate|unqualified","","FI ger Alecta en varning med sanktionsavgift|https://www.fi.se/sv/publicerat/granskningar/undersokningar/undersokningar-lista/2023/fi-undersoker-alecta2/","","enforcement","BIS; IOSCO; EGMONT","https://www.bis.org/regauth.htm; https://www.iosco.org/v2/about/?subsection=membership&memid=1&page=6; https://egmontgroup.org/members-by-region/","2026-08-20T12:09:41.497Z","2026-08-20T12:10:41.904Z","2026-08-20T12:11:07.553Z","unknown","provisional-first-page-scan","automated-first-page-date-scan","2024-01","2026-08","2026-08-20","month","first-page-only-unvalidated","0","","","","strong-official-publication-candidate","sanctions_or_penalty_list","authority-owned",""
"SE","SWE","Sweden","Sveriges Riksbank","Central bank; Prudential supervision","identity-confirmed","https://www.riksbank.se/en-gb/","reachable","https://www.riksbank.se/en-gb/about-the-riksbank/how-the-riksbank-is-governed/internal-regulatory-framework/policies/policy-for-the-riksbanks-work-to-prevent-money-laundering/","Monetary policy decisions|https://www.riksbank.se/en-gb/monetary-policy/monetary-policy-report/|unqualified-candidate|unqualified; Monetary policy decision documents|https://www.riksbank.se/en-gb/monetary-policy/monetary-policy-report/monetary-policy-decision-documents/|unqualified-candidate|unqualified; The path to a monetary policy decision|https://www.riksbank.se/en-gb/monetary-policy/the-path-to-a-monetary-policy-decision/|unqualified-candidate|unqualified; Voting by the Executive Board|https://www.riksbank.se/en-gb/monetary-policy/the-path-to-a-monetary-policy-decision/voting-by-the-executive-board/|unqualified-candidate|unqualified; The Riksbank makes forecasts|https://www.riksbank.se/en-gb/monetary-policy/the-path-to-a-monetary-policy-decision/the-riksbank-makes-forecasts/|unqualified-candidate|unqualified; How a monetary policy decision is implemented|https://www.riksbank.se/en-gb/monetary-policy/how-a-monetary-policy-decision-is-implemented/|unqualified-candidate|unqualified; Notices and Press releases|https://www.riksbank.se/en-gb/press-and-published/notices-and-press-releases/|unqualified-candidate|unqualified; Debate articles|https://www.riksbank.se/en-gb/press-and-published/notices-and-press-releases/debate-articles/|unqualified-candidate|unqualified; News about financial stability|https://www.riksbank.se/en-gb/press-and-published/notices-and-press-releases/news-about-financial-stability/|unqualified-candidate|unqualified; News about monetary policy|https://www.riksbank.se/en-gb/press-and-published/notices-and-press-releases/news-about-monetary-policy/|unqualified-candidate|unqualified; News about payments and cash|https://www.riksbank.se/en-gb/press-and-published/notices-and-press-releases/news-about-payments-and-cash/|unqualified-candidate|unqualified; News about the Riksbank|https://www.riksbank.se/en-gb/press-and-published/notices-and-press-releases/news-about-the-riksbank/|unqualified-candidate|unqualified; News about markets|https://www.riksbank.se/en-gb/press-and-published/notices-and-press-releases/news-about-markets/|unqualified-candidate|unqualified; Policy for counteracting money laundering, terrorist financing and violations of international Sanctions|https://www.riksbank.se/en-gb/about-the-riksbank/how-the-riksbank-is-governed/internal-regulatory-framework/policies/policy-for-the-riksbanks-work-to-prevent-money-laundering/|authority-owned-qualified-route|approved-for-human-contract; Monetary policy decision August 2026: Policy rate unchanged at 1.75 per cent|https://www.riksbank.se/en-gb/monetary-policy/monetary-policy-report/2026/monetary-policy-decision-august-2026/|unqualified-candidate|unqualified; 20/08/2026 Press release Policy rate unchanged at 1.75 per cent|https://www.riksbank.se/en-gb/press-and-published/notices-and-press-releases/press-releases/2026/policy-rate-unchanged-at-15.75-per-cent|unqualified-candidate|unqualified; 21/07/2026 News The IMF’s report on Sweden’s economy|https://www.riksbank.se/en-gb/press-and-published/notices-and-press-releases/notices/2026/the-imfs-report-on-swedens-economy/|unqualified-candidate|unqualified; 07/07/2026 Press release ESRB warns of vulnerabilities in the financial system linked to frontier AI models|https://www.riksbank.se/en-gb/press-and-published/notices-and-press-releases/press-releases/2026/esrb-warns-of-vulnerabilities-in-the-financial-system-linked-to-frontier-ai-models/|unqualified-candidate|unqualified; 02/07/2026 News, Economic Commentaries Same objectives but different trade-offs? Norges Bank and the Riksbank after the post-pandemic inflation surge|https://www.riksbank.se/en-gb/press-and-published/notices-and-press-releases/notices/2026/same-objectives-but-different-trade-offs-norges-bank-and-the-riksbank-after-the-post-pandemic-inflation-surge/|unqualified-candidate|unqualified; 01/07/2026 News The financial sector is urged to take note of the National Cyber Security Centre’s advice and recommendations regarding cybersecurity and AI|https://www.riksbank.se/en-gb/press-and-published/notices-and-press-releases/notices/2026/the-financial-sector-is-urged-to-take-note-of-the-national-cyber-security-centres-advice-and-recommendations-regarding-cybersecurity-and-ai/|unqualified-candidate|unqualified","","Policy for counteracting money laundering, terrorist financing and violations of international Sanctions|https://www.riksbank.se/en-gb/about-the-riksbank/how-the-riksbank-is-governed/internal-regulatory-framework/policies/policy-for-the-riksbanks-work-to-prevent-money-laundering/","","enforcement","BIS","https://www.bis.org/cbanks.htm; https://www.bis.org/regauth.htm","2026-08-20T12:09:41.497Z","2026-08-20T12:10:41.904Z","2026-08-20T12:11:07.553Z","unknown","provisional-first-page-scan","automated-first-page-date-scan","2024-01","2026-08","2026-08-20","month","first-page-only-unvalidated","0","","","","strong-official-publication-candidate","sanctions_or_penalty_list","authority-owned",""
"CH","CHE","Switzerland","Money Laundering Reporting Office Switzerland (MROS)","Financial intelligence","identity-confirmed","https://www.fedpol.admin.ch/fedpol/en/home/kriminalitaet/geldwaescherei.html","http-error","","","","","","unknown","EGMONT","https://egmontgroup.org/members-by-region/","2026-08-20T12:09:41.497Z","2026-08-20T12:10:41.904Z","2026-08-20T12:10:41.904Z","unknown","provisional-first-page-scan","automated-first-page-date-scan","2024-01","2026-08","2026-08-20","month","first-page-only-unvalidated","0","","","","","","",""
"CH","CHE","Switzerland","Swiss Financial Market Supervisory Authority (FINMA)","Prudential supervision; Securities; Insurance","identity-confirmed","http://www.finma.ch/","reachable","https://report.finma.ch/2025/de/","Enforcementinstrumente|https://www.finma.ch/de/durchsetzung/enforcementinstrumente/|unqualified-candidate|unqualified; Enforcementbericht|https://www.finma.ch/de/dokumentation/finma-publikationen/kennzahlen-und-statistiken/statistiken/enforcement/|unqualified-candidate|unqualified; Enforcementberichterstattung|https://www.finma.ch/de/dokumentation/enforcementberichterstattung/|unqualified-candidate|unqualified; Sanktionen und FATF-Statements|https://www.finma.ch/de/dokumentation/internationale-sanktionen-und-terrorismusbekaempfung/|unqualified-candidate|unqualified; FINMA-Jahresbericht 2025 Der Jahresbericht beleuchtet die Schwerpunkte der Aufsichtstätigkeit 2025. Weiter stellt die FINMA Angaben zu den Enforcementfällen in einer Datenbank sowie Statistiken auf ihrer Webseite zur Verfügung. Zum Jahresbericht|https://report.finma.ch/2025/de/|authority-owned-qualified-route|approved-for-human-contract","","FINMA-Jahresbericht 2025 Der Jahresbericht beleuchtet die Schwerpunkte der Aufsichtstätigkeit 2025. Weiter stellt die FINMA Angaben zu den Enforcementfällen in einer Datenbank sowie Statistiken auf ihrer Webseite zur Verfügung. Zum Jahresbericht|https://report.finma.ch/2025/de/","","enforcement","BIS; IOSCO; IAIS","https://www.bis.org/regauth.htm; https://www.iosco.org/v2/about/?subsection=membership&memid=1&page=6; https://www.iais.org/about-the-iais/iais-members/","2026-08-20T12:09:41.497Z","2026-08-20T12:10:41.904Z","2026-08-20T12:11:07.553Z","unknown","provisional-first-page-scan","automated-first-page-date-scan","2024-01","2026-08","2026-08-20","month","first-page-only-unvalidated","0","","","","strong-official-publication-candidate","enforcement_archive","authority-owned",""
"CH","CHE","Switzerland","Swiss National Bank","Central bank; Prudential supervision","identity-confirmed","http://www.snb.ch/","reachable","https://www.snb.ch/en/the-snb/mandates-goals/monetary-policy/decisions","Financial market participants|https://www.snb.ch/en/the-snb/mandates-goals/monetary-policy/decisions|unqualified-candidate|manual-review-required","","","","enforcement","BIS","https://www.bis.org/cbanks.htm; https://www.bis.org/regauth.htm","2026-08-20T12:09:41.497Z","2026-08-20T12:10:41.904Z","2026-08-20T12:11:07.553Z","unknown","provisional-first-page-scan","automated-first-page-date-scan","2024-01","2026-08","2026-08-20","month","first-page-only-unvalidated","0","","","","generic-or-ambiguous-link","decision_register","authority-owned",""
"CH","CHE","Switzerland","Swiss Occupational Pension Supervisory Commission","Pensions","identity-confirmed","https://www.oak-bv.admin.ch/","reachable","","","","","","unknown","IOPS","https://www.iopsweb.org/en/membership/iops-members-and-observers.html","2026-08-20T12:09:41.497Z","2026-08-20T12:10:41.904Z","2026-08-20T12:10:41.904Z","unknown","provisional-first-page-scan","automated-first-page-date-scan","2024-01","2026-08","2026-08-20","month","first-page-only-unvalidated","0","","","","","","",""
"UA","UKR","Ukraine","National Bank of Ukraine","Central bank; Prudential supervision; Insurance","identity-confirmed","https://bank.gov.ua/en/","reachable","https://bank.gov.ua/en/news/press","Notice|https://bank.gov.ua/en/news/press|unqualified-candidate|manual-review-required; Monetary Policy Decisions|https://bank.gov.ua/en/monetary/stages|unqualified-candidate|unqualified","","","","regulatory-update","BIS; IAIS","https://www.bis.org/cbanks.htm; https://www.bis.org/regauth.htm; https://www.iais.org/about-the-iais/iais-members/","2026-08-20T12:09:41.497Z","2026-08-20T12:10:41.904Z","2026-08-20T12:11:07.553Z","unknown","provisional-first-page-scan","automated-first-page-date-scan","2024-01","2026-08","2026-08-20","month","first-page-only-unvalidated","0","","","","generic-or-ambiguous-link","news_or_notice","authority-owned",""
"UA","UKR","Ukraine","National Securities and Stock Market Commission","Securities; Pensions","identity-confirmed","http://www.nssmc.gov.ua/","reachable","","","","","","unknown","IOSCO; IOPS","https://www.iosco.org/v2/about/?subsection=membership&memid=1&page=7; https://www.iopsweb.org/en/membership/iops-members-and-observers.html","2026-08-20T12:09:41.497Z","2026-08-20T12:10:41.904Z","2026-08-20T12:10:41.904Z","unknown","provisional-first-page-scan","automated-first-page-date-scan","2024-01","2026-08","2026-08-20","month","first-page-only-unvalidated","0","","","","","","",""
"UA","UKR","Ukraine","The State Financial Monitoring Service of Ukraine (SFMS)","Financial intelligence","identity-confirmed","https://fiu.gov.ua/en/","challenge-protected","","","","","","unknown","EGMONT","https://egmontgroup.org/members-by-region/","2026-08-20T12:09:41.497Z","2026-08-20T12:10:41.904Z","2026-08-20T12:10:41.904Z","unknown","provisional-first-page-scan","automated-first-page-date-scan","2024-01","2026-08","2026-08-20","month","first-page-only-unvalidated","0","","","","","","",""
"GB","GBR","United Kingdom","Bank of England","Central bank; Prudential supervision; Insurance","enforcement-visible","http://www.bankofengland.co.uk/","reachable","https://www.bankofengland.co.uk/prudential-regulation/the-bank-of-england-enforcement","The Bank of England’s approach to enforcement|https://www.bankofengland.co.uk/prudential-regulation/the-bank-of-england-enforcement|authority-owned-qualified-route|approved-for-human-contract; Monetary Policy Report - July 2026 Our quarterly Monetary Policy Report sets out the economic analysis and inflation projections that the Monetary Policy Committee uses to make its interest rate decisions. Read more about Monetary Policy Report - July 2026|https://www.bankofengland.co.uk/monetary-policy-report/2026/july-2026|unqualified-candidate|unqualified; Bank Rate maintained at 3.75% - July 2026 Monetary Policy Summary and Minutes The Bank of England’s Monetary Policy Committee is responsible for making decisions about Bank Rate. Read more about Bank Rate maintained at 3.75% - July 2026 Monetary Policy Summary and Minutes|https://www.bankofengland.co.uk/monetary-policy-summary-and-minutes/2026/july-2026|unqualified-candidate|unqualified","","The Bank of England’s approach to enforcement|https://www.bankofengland.co.uk/prudential-regulation/the-bank-of-england-enforcement","","enforcement","BIS; IAIS","https://www.bis.org/cbanks.htm; https://www.bis.org/regauth.htm; https://www.iais.org/about-the-iais/iais-members/","2026-08-20T12:09:41.497Z","2026-08-20T12:10:41.904Z","2026-08-20T12:11:07.553Z","periodic","provisional-first-page-scan","automated-first-page-date-scan","2024-01","2026-08","2026-08-20","month","first-page-only-unvalidated","10","2024-01; 2024-05; 2024-08; 2024-09; 2024-12; 2025-04; 2025-07; 2025-12; 2026-03; 2026-07","2026-07","month","strong-official-publication-candidate","enforcement_archive","authority-owned",""
"GB","GBR","United Kingdom","The Financial Conduct Authority","Prudential supervision; Securities; Insurance","enforcement-visible","http://www.fca.org.uk/","reachable","https://www.fca.org.uk/about/how-we-regulate/enforcement","Enforcement|https://www.fca.org.uk/about/how-we-regulate/enforcement|authority-owned-qualified-route|approved-for-human-contract; Considering a defined benefit pension transfer|https://www.fca.org.uk/consumers/pension-transfer-defined-benefit|unqualified-candidate|unqualified; Notices and decisions|https://www.fca.org.uk/publications/search-results?p_search_term&category=notices%20and%20decisions-decision%20notices%2Cnotices%20and%20decisions-libor%20notices%2Cnotices%20and%20decisions-final%20notices%2Cnotices%20and%20decisions-warning%20notices%2Cnotices%20and%20decisions-supervisory%20notices%2Cnotices%20and%20decisions-cancellation%20notices%2Cnotices%20and%20decisions-requirement%20notices%2Cnotices%20and%20decisions-temporary%20product%20interventions%2Cnotices%20and%20decisions-undertakings%2Cnotices%20and%20decisions-waivers%20and%20crr%20notices|unqualified-candidate|unqualified; FCA fines and bans former SVS Securities CEO|https://www.fca.org.uk/news/press-releases/fca-fines-bans-former-svs-securities-ceo|unqualified-candidate|unqualified; Copyright notice|https://www.fca.org.uk/legal|unqualified-candidate|unqualified","","Enforcement|https://www.fca.org.uk/about/how-we-regulate/enforcement","","enforcement","BIS; IOSCO; IAIS","https://www.bis.org/regauth.htm; https://www.iosco.org/v2/about/?subsection=membership&memid=1&page=7; https://www.iais.org/about-the-iais/iais-members/","2026-08-20T12:09:41.497Z","2026-08-20T12:10:41.904Z","2026-08-20T12:11:07.553Z","unknown","provisional-first-page-scan","automated-first-page-date-scan","2024-01","2026-08","2026-08-20","month","first-page-only-unvalidated","1","2024-04","2024-04","month","strong-official-publication-candidate","enforcement_archive","authority-owned",""
"GB","GBR","United Kingdom","The Pensions Regulator","Pensions","identity-confirmed","https://www.thepensionsregulator.gov.uk/","reachable","https://www.thepensionsregulator.gov.uk/trustees/penalty-notices","Warnings, notices and payment of fines|https://www.thepensionsregulator.gov.uk/employers/warnings-notices-and-payment-of-fines|unqualified-candidate|unqualified; DC or climate change penalty notices|https://www.thepensionsregulator.gov.uk/trustees/penalty-notices|authority-owned-qualified-route|approved-for-human-contract; Regulatory and enforcement policies|https://www.thepensionsregulator.gov.uk/document-library/regulatory-and-enforcement-policies|unqualified-candidate|unqualified; Enforcement activity|https://www.thepensionsregulator.gov.uk/document-library/enforcement-activity|unqualified-candidate|unqualified; New thinking for trustees considering endgame solutions for defined benefit schemes|https://www.thepensionsregulator.gov.uk/media-hub/blogs/2026-blogs/new-thinking-for-trustees-considering-endgame-solutions-for-db-schemes|unqualified-candidate|unqualified; privacy notice|https://www.thepensionsregulator.gov.uk/en/website-policies/privacy-notice|unqualified-candidate|unqualified; Privacy|https://www.thepensionsregulator.gov.uk/website-policies/privacy-notice|unqualified-candidate|unqualified","","DC or climate change penalty notices|https://www.thepensionsregulator.gov.uk/trustees/penalty-notices","","enforcement","IOPS","https://www.iopsweb.org/en/membership/iops-members-and-observers.html","2026-08-20T12:09:41.497Z","2026-08-20T12:10:41.904Z","2026-08-20T12:11:07.553Z","unknown","provisional-first-page-scan","automated-first-page-date-scan","2024-01","2026-08","2026-08-20","month","first-page-only-unvalidated","0","","","","strong-official-publication-candidate","enforcement_archive","authority-owned",""
"GB","GBR","United Kingdom","UK  Financial Intelligence Unit (UKFIU)","Financial intelligence","identity-confirmed","http://www.nationalcrimeagency.gov.uk/","reachable","https://www.nationalcrimeagency.gov.uk/what-we-do/crime-threats/bribery-corruption-and-sanctions-evasion","Bribery, corruption and sanctions evasion|https://www.nationalcrimeagency.gov.uk/what-we-do/crime-threats/bribery-corruption-and-sanctions-evasion|authority-owned-qualified-route|approved-for-human-contract; Providing specialist capabilities for law enforcement|https://www.nationalcrimeagency.gov.uk/what-we-do/how-we-work/providing-specialist-capabilities-for-law-enforcement|unqualified-candidate|unqualified","","Bribery, corruption and sanctions evasion|https://www.nationalcrimeagency.gov.uk/what-we-do/crime-threats/bribery-corruption-and-sanctions-evasion","","enforcement","EGMONT","https://egmontgroup.org/members-by-region/","2026-08-20T12:09:41.497Z","2026-08-20T12:10:41.904Z","2026-08-20T12:11:07.553Z","unknown","provisional-first-page-scan","automated-first-page-date-scan","2024-01","2026-08","2026-08-20","month","first-page-only-unvalidated","0","","","","strong-official-publication-candidate","sanctions_or_penalty_list","authority-owned",""
"VA","VAT","Vatican City","Financial Information Authority (AIF)","Financial intelligence","identity-confirmed","https://www.aif.va/ENG/Home.aspx","network-error","","","","","","unknown","EGMONT","https://egmontgroup.org/members-by-region/","2026-08-20T12:09:41.497Z","2026-08-20T12:10:41.904Z","2026-08-20T12:10:41.904Z","unknown","provisional-first-page-scan","automated-first-page-date-scan","2024-01","2026-08","2026-08-20","month","first-page-only-unvalidated","0","","","","","","",""
"BH","BHR","Bahrain","Central Bank of Bahrain","Central bank; Prudential supervision; Securities; Insurance","identity-confirmed","http://www.cbb.gov.bh/","challenge-protected","","","","","","unknown","BIS; IOSCO; IAIS","https://www.bis.org/cbanks.htm; https://www.bis.org/regauth.htm; https://www.iosco.org/v2/about/?subsection=membership&memid=1&page=1; https://www.iosco.org/v2/about/?subsection=membership&memid=1&page=8; https://www.iosco.org/v2/about/?subsection=membership&memid=1&page=9; https://www.iosco.org/v2/about/?subsection=membership&memid=1&page=10; https://www.iosco.org/v2/about/?subsection=membership&memid=1&page=11; https://www.iosco.org/v2/about/?subsection=membership&memid=1&page=12; https://www.iais.org/about-the-iais/iais-members/","2026-08-20T12:09:41.497Z","2026-08-20T12:10:41.904Z","2026-08-20T12:10:41.904Z","unknown","provisional-first-page-scan","automated-first-page-date-scan","2024-01","2026-08","2026-08-20","month","first-page-only-unvalidated","0","","","","","","",""
"BH","BHR","Bahrain","Financial Intelligence National Center (FINC)","Financial intelligence","identity-confirmed","http://www.bahrainfiu.gov.bh/","timeout","","","","","","unknown","EGMONT","https://egmontgroup.org/members-by-region/","2026-08-20T12:09:41.497Z","2026-08-20T12:10:41.904Z","2026-08-20T12:10:41.904Z","unknown","provisional-first-page-scan","automated-first-page-date-scan","2024-01","2026-08","2026-08-20","month","first-page-only-unvalidated","0","","","","","","",""
"IR","IRN","Iran","Securities and Exchange Organization","Securities","identity-confirmed","http://en.seo.ir/","timeout","","","","","","unknown","IOSCO","https://www.iosco.org/v2/about/?subsection=membership&memid=1&page=3","2026-08-20T12:09:41.497Z","2026-08-20T12:10:41.904Z","2026-08-20T12:10:41.904Z","unknown","provisional-first-page-scan","automated-first-page-date-scan","2024-01","2026-08","2026-08-20","month","first-page-only-unvalidated","0","","","","","","",""
"IR","IRN","Iran","The Central Bank of the Islamic Republic of Iran","Central bank; Prudential supervision","identity-confirmed","http://www.cbi.ir/default_en.aspx","network-error","","","","","","unknown","BIS","https://www.bis.org/cbanks.htm; https://www.bis.org/regauth.htm","2026-08-20T12:09:41.497Z","2026-08-20T12:10:41.904Z","2026-08-20T12:10:41.904Z","unknown","provisional-first-page-scan","automated-first-page-date-scan","2024-01","2026-08","2026-08-20","month","first-page-only-unvalidated","0","","","","","","",""
"IQ","IRQ","Iraq","Anti-Money Laundering and Countering Financing of Terrorism Office of Iraq","Financial intelligence","identity-confirmed","https://aml.iq/?lang=en","reachable","","","","","","unknown","EGMONT","https://egmontgroup.org/members-by-region/","2026-08-20T12:09:41.497Z","2026-08-20T12:10:41.904Z","2026-08-20T12:10:41.904Z","unknown","provisional-first-page-scan","automated-first-page-date-scan","2024-01","2026-08","2026-08-20","month","first-page-only-unvalidated","0","","","","","","",""
"IQ","IRQ","Iraq","Central Bank of Iraq","Central bank","enforcement-visible","https://cbi.iq/","reachable","https://cbi.iq/news/view/3262","مكتب مكافحة غسل الأموال وتمويل الإرهاب يناقش العقوبات المالية في خطة عمل (FATF)|https://cbi.iq/news/view/3262|authority-owned-qualified-route|approved-for-human-contract","","مكتب مكافحة غسل الأموال وتمويل الإرهاب يناقش العقوبات المالية في خطة عمل (FATF)|https://cbi.iq/news/view/3262","","enforcement","BIS","https://www.bis.org/cbanks.htm","2026-08-20T12:09:41.497Z","2026-08-20T12:10:41.904Z","2026-08-20T12:11:07.553Z","low-frequency","provisional-first-page-scan","automated-first-page-date-scan","2024-01","2026-08","2026-08-20","month","first-page-only-unvalidated","1","2026-07","2026-07","month","strong-official-publication-candidate","sanctions_or_penalty_list","authority-owned",""
"IL","ISR","Israel","Bank of Israel","Central bank; Prudential supervision","identity-confirmed","https://www.boi.org.il/en/","reachable","","","","","","unknown","BIS","https://www.bis.org/cbanks.htm; https://www.bis.org/regauth.htm","2026-08-20T12:09:41.497Z","2026-08-20T12:10:41.904Z","2026-08-20T12:10:41.904Z","unknown","provisional-first-page-scan","automated-first-page-date-scan","2024-01","2026-08","2026-08-20","month","first-page-only-unvalidated","0","","","","","","",""
"IL","ISR","Israel","Capital Market Insurance and Savings Authority","Pensions","identity-confirmed","https://www.gov.il/","challenge-protected","","","","","","unknown","IOPS","https://www.iopsweb.org/en/membership/iops-members-and-observers.html","2026-08-20T12:09:41.497Z","2026-08-20T12:10:41.904Z","2026-08-20T12:10:41.904Z","unknown","provisional-first-page-scan","automated-first-page-date-scan","2024-01","2026-08","2026-08-20","month","first-page-only-unvalidated","0","","","","","","",""
"IL","ISR","Israel","Capital Markets, Insurance and Savings Authority (CMISA)","Insurance","identity-confirmed","https://mof.gov.il/","challenge-protected","","","","","","unknown","IAIS","https://www.iais.org/about-the-iais/iais-members/","2026-08-20T12:09:41.497Z","2026-08-20T12:10:41.904Z","2026-08-20T12:10:41.904Z","unknown","provisional-first-page-scan","automated-first-page-date-scan","2024-01","2026-08","2026-08-20","month","first-page-only-unvalidated","0","","","","","","",""
"IL","ISR","Israel","Israel Money Laundering and Terror Financing Prohibition Authority (IMPA)","Financial intelligence","identity-confirmed","http://www.justice.gov.il/En/Units/IMPA/Pages/Default.aspx","challenge-protected","","","","","","unknown","EGMONT","https://egmontgroup.org/members-by-region/","2026-08-20T12:09:41.497Z","2026-08-20T12:10:41.904Z","2026-08-20T12:10:41.904Z","unknown","provisional-first-page-scan","automated-first-page-date-scan","2024-01","2026-08","2026-08-20","month","first-page-only-unvalidated","0","","","","","","",""
"IL","ISR","Israel","Israel Securities Authority","Securities","identity-confirmed","http://www.isa.gov.il/","reachable","","","","","","unknown","IOSCO","https://www.iosco.org/v2/about/?subsection=membership&memid=1&page=3","2026-08-20T12:09:41.497Z","2026-08-20T12:10:41.904Z","2026-08-20T12:10:41.904Z","unknown","provisional-first-page-scan","automated-first-page-date-scan","2024-01","2026-08","2026-08-20","month","first-page-only-unvalidated","0","","","","","","",""
"JO","JOR","Jordan","Anti-Money Laundering and Counter Terrorist Financing Unit (AMLU Jordan)","Financial intelligence","identity-confirmed","http://www.amlu.gov.jo/ar-jo/home.aspx","reachable","https://sanctions.amlu.gov.jo/AR/List/%D9%86%D8%A8%D8%B0%D8%A9_%D8%B9%D9%86_%D8%A7%D9%84%D9%84%D8%AC%D9%86%D8%A9_%D8%A7%D9%84%D9%81%D9%86%D9%8A%D8%A9","اللجنة الفنية|https://sanctions.amlu.gov.jo/AR/List/%D9%86%D8%A8%D8%B0%D8%A9_%D8%B9%D9%86_%D8%A7%D9%84%D9%84%D8%AC%D9%86%D8%A9_%D8%A7%D9%84%D9%81%D9%86%D9%8A%D8%A9|authority-owned-qualified-route|approved-for-human-contract","","اللجنة الفنية|https://sanctions.amlu.gov.jo/AR/List/%D9%86%D8%A8%D8%B0%D8%A9_%D8%B9%D9%86_%D8%A7%D9%84%D9%84%D8%AC%D9%86%D8%A9_%D8%A7%D9%84%D9%81%D9%86%D9%8A%D8%A9","","enforcement","EGMONT","https://egmontgroup.org/members-by-region/","2026-08-20T12:09:41.497Z","2026-08-20T12:10:41.904Z","2026-08-20T12:11:07.553Z","unknown","provisional-first-page-scan","automated-first-page-date-scan","2024-01","2026-08","2026-08-20","month","first-page-only-unvalidated","0","","","","strong-official-publication-candidate","sanctions_or_penalty_list","authority-owned",""
"JO","JOR","Jordan","Central Bank of Jordan","Central bank; Prudential supervision; Insurance","identity-confirmed","http://www.cbj.gov.jo/","reachable","https://www.cbj.gov.jo/AR/List/%D9%82%D8%B1%D8%A7%D8%B1%D8%A7%D8%AA_%D8%A7%D9%84%D8%B3%D9%8A%D8%A7%D8%B3%D8%A9_%D8%A7%D9%84%D9%86%D9%82%D8%AF%D9%8A%D8%A9","قرارات السياسة النقدية|https://www.cbj.gov.jo/AR/List/%D9%82%D8%B1%D8%A7%D8%B1%D8%A7%D8%AA_%D8%A7%D9%84%D8%B3%D9%8A%D8%A7%D8%B3%D8%A9_%D8%A7%D9%84%D9%86%D9%82%D8%AF%D9%8A%D8%A9|unqualified-candidate|browser-review-required","","","","unknown","BIS; IAIS","https://www.bis.org/cbanks.htm; https://www.bis.org/regauth.htm; https://www.iais.org/about-the-iais/iais-members/","2026-08-20T12:09:41.497Z","2026-08-20T12:10:41.904Z","2026-08-20T12:11:07.553Z","unknown","provisional-first-page-scan","automated-first-page-date-scan","2024-01","2026-08","2026-08-20","month","first-page-only-unvalidated","0","","","","not-observable","not-observable","not-observable",""
"JO","JOR","Jordan","Jordan Securities Commission","Securities","identity-confirmed","http://www.jsc.gov.jo/","network-error","","","","","","unknown","IOSCO","https://www.iosco.org/v2/about/?subsection=membership&memid=1&page=4","2026-08-20T12:09:41.497Z","2026-08-20T12:10:41.904Z","2026-08-20T12:10:41.904Z","unknown","provisional-first-page-scan","automated-first-page-date-scan","2024-01","2026-08","2026-08-20","month","first-page-only-unvalidated","0","","","","","","",""
"KW","KWT","Kuwait","Capital Markets Authority*","Securities","identity-confirmed","http://www.cma.gov.kw/","timeout","","","","","","unknown","IOSCO","https://www.iosco.org/v2/about/?subsection=membership&memid=1&page=4","2026-08-20T12:09:41.497Z","2026-08-20T12:10:41.904Z","2026-08-20T12:10:41.904Z","unknown","provisional-first-page-scan","automated-first-page-date-scan","2024-01","2026-08","2026-08-20","month","first-page-only-unvalidated","0","","","","","","",""
"KW","KWT","Kuwait","Central Bank of Kuwait","Central bank; Prudential supervision","identity-confirmed","http://www.cbk.gov.kw/","reachable","","","","","","unknown","BIS","https://www.bis.org/cbanks.htm; https://www.bis.org/regauth.htm","2026-08-20T12:09:41.497Z","2026-08-20T12:10:41.904Z","2026-08-20T12:10:41.904Z","unknown","provisional-first-page-scan","automated-first-page-date-scan","2024-01","2026-08","2026-08-20","month","first-page-only-unvalidated","0","","","","","","",""
"KW","KWT","Kuwait","Insurance Regulatory Unit (IRU)","Insurance","identity-confirmed","","no-public-website","","","","","","unknown","IAIS","https://www.iais.org/about-the-iais/iais-members/","2026-08-20T12:09:41.497Z","2026-08-20T12:10:41.904Z","2026-08-20T12:10:41.904Z","unknown","provisional-first-page-scan","automated-first-page-date-scan","2024-01","2026-08","2026-08-20","month","first-page-only-unvalidated","0","","","","","","",""
"KW","KWT","Kuwait","Kuwaiti Financial Intelligence Unit (KwFIU)","Financial intelligence","identity-confirmed","http://www.kwfiu.gov.kw/","network-error","","","","","","unknown","EGMONT","https://egmontgroup.org/members-by-region/","2026-08-20T12:09:41.497Z","2026-08-20T12:10:41.904Z","2026-08-20T12:10:41.904Z","unknown","provisional-first-page-scan","automated-first-page-date-scan","2024-01","2026-08","2026-08-20","month","first-page-only-unvalidated","0","","","","","","",""
"LB","LBN","Lebanon","Central Bank of Lebanon","Central bank; Prudential supervision","identity-confirmed","http://www.bdl.gov.lb/","challenge-protected","","","","","","unknown","BIS","https://www.bis.org/cbanks.htm; https://www.bis.org/regauth.htm","2026-08-20T12:09:41.497Z","2026-08-20T12:10:41.904Z","2026-08-20T12:10:41.904Z","unknown","provisional-first-page-scan","automated-first-page-date-scan","2024-01","2026-08","2026-08-20","month","first-page-only-unvalidated","0","","","","","","",""
"LB","LBN","Lebanon","Special Investigation Commission (SIC)","Financial intelligence","identity-confirmed","http://www.sic.gov.lb/","reachable","","","","","","unknown","EGMONT","https://egmontgroup.org/members-by-region/","2026-08-20T12:09:41.497Z","2026-08-20T12:10:41.904Z","2026-08-20T12:10:41.904Z","unknown","provisional-first-page-scan","automated-first-page-date-scan","2024-01","2026-08","2026-08-20","month","first-page-only-unvalidated","0","","","","","","",""
"OM","OMN","Oman","Central Bank of Oman","Central bank; Prudential supervision","identity-confirmed","http://www.cbo.gov.om/","timeout","","","","","","unknown","BIS","https://www.bis.org/cbanks.htm; https://www.bis.org/regauth.htm","2026-08-20T12:09:41.497Z","2026-08-20T12:10:41.904Z","2026-08-20T12:10:41.904Z","unknown","provisional-first-page-scan","automated-first-page-date-scan","2024-01","2026-08","2026-08-20","month","first-page-only-unvalidated","0","","","","","","",""
"OM","OMN","Oman","Financial Services Authority","Securities; Insurance","identity-confirmed","https://www.fsa.gov.om/","network-error","","","","","","unknown","IOSCO; IAIS","https://www.iosco.org/v2/about/?subsection=membership&memid=1&page=5; https://www.iais.org/about-the-iais/iais-members/","2026-08-20T12:09:41.497Z","2026-08-20T12:10:41.904Z","2026-08-20T12:10:41.904Z","unknown","provisional-first-page-scan","automated-first-page-date-scan","2024-01","2026-08","2026-08-20","month","first-page-only-unvalidated","0","","","","","","",""
"OM","OMN","Oman","National Centre for Financial Information","Financial intelligence","identity-confirmed","https://www.fiu.gov.om/index.html","network-error","","","","","","unknown","EGMONT","https://egmontgroup.org/members-by-region/","2026-08-20T12:09:41.497Z","2026-08-20T12:10:41.904Z","2026-08-20T12:10:41.904Z","unknown","provisional-first-page-scan","automated-first-page-date-scan","2024-01","2026-08","2026-08-20","month","first-page-only-unvalidated","0","","","","","","",""
"PS","PSE","Palestine","Financial Follow-up Unit (FFU)","Financial intelligence","identity-confirmed","http://www.ffu.ps/english.php","challenge-protected","","","","","","unknown","EGMONT","https://egmontgroup.org/members-by-region/","2026-08-20T12:09:41.497Z","2026-08-20T12:10:41.904Z","2026-08-20T12:10:41.904Z","unknown","provisional-first-page-scan","automated-first-page-date-scan","2024-01","2026-08","2026-08-20","month","first-page-only-unvalidated","0","","","","","","",""
"PS","PSE","Palestine","Palestine Capital Market Authority","Securities; Insurance","identity-confirmed","http://www.pcma.ps/","reachable","","","","","","unknown","IOSCO; IAIS","https://www.iosco.org/v2/about/?subsection=membership&memid=1&page=5; https://www.iais.org/about-the-iais/iais-members/","2026-08-20T12:09:41.497Z","2026-08-20T12:10:41.904Z","2026-08-20T12:10:41.904Z","unknown","provisional-first-page-scan","automated-first-page-date-scan","2024-01","2026-08","2026-08-20","month","first-page-only-unvalidated","0","","","","","","",""
"PS","PSE","Palestine","Palestine Monetary Authority","Central bank; Prudential supervision","identity-confirmed","https://www.pma.ps/en/","reachable","","","","","","unknown","BIS","https://www.bis.org/cbanks.htm; https://www.bis.org/regauth.htm","2026-08-20T12:09:41.497Z","2026-08-20T12:10:41.904Z","2026-08-20T12:10:41.904Z","unknown","provisional-first-page-scan","automated-first-page-date-scan","2024-01","2026-08","2026-08-20","month","first-page-only-unvalidated","0","","","","","","",""
"QA","QAT","Qatar","Qatar Central Bank","Central bank; Prudential supervision; Insurance","identity-confirmed","http://www.qcb.gov.qa/","network-error","","","","","","unknown","BIS; IAIS","https://www.bis.org/cbanks.htm; https://www.bis.org/regauth.htm; https://www.iais.org/about-the-iais/iais-members/","2026-08-20T12:09:41.497Z","2026-08-20T12:10:41.904Z","2026-08-20T12:10:41.904Z","unknown","provisional-first-page-scan","automated-first-page-date-scan","2024-01","2026-08","2026-08-20","month","first-page-only-unvalidated","0","","","","","","",""
"QA","QAT","Qatar","Qatar Financial Centre Regulatory Authority","Prudential supervision; Insurance","identity-confirmed","http://www.qfcra.com/","challenge-protected","https://www.qfcra.com/enforcement/","United Nations Security Council Matters|https://www.qfcra.com/united-nations-security-council-resolutions-sanctions-and-other-notices/|unqualified-candidate|unqualified; Enforcement|https://www.qfcra.com/enforcement/|unqualified-candidate|browser-review-required; ENFORCEMENT PRESS RELEASES AND NOTICES|https://www.qfcra.com/enforcement-press-news/|unqualified-candidate|unqualified; Privacy Notice|https://www.qfcra.com/privacy-notice/|unqualified-candidate|unqualified; Legal Notice|https://www.qfcra.com/legal-notice/|unqualified-candidate|unqualified; here|https://www.qfcra.com/cookies-notice/|unqualified-candidate|unqualified","","","","unknown","BIS; IAIS","https://www.bis.org/regauth.htm; https://www.iais.org/about-the-iais/iais-members/","2026-08-20T12:09:41.497Z","2026-08-20T12:10:41.904Z","2026-08-20T12:11:07.553Z","unknown","provisional-first-page-scan","automated-first-page-date-scan","2024-01","2026-08","2026-08-20","month","first-page-only-unvalidated","0","","","","not-observable","not-observable","not-observable",""
"QA","QAT","Qatar","Qatar Financial Information Unit (QFIU)","Financial intelligence","identity-confirmed","http://www.qfiu.gov.qa/index.php","network-error","","","","","","unknown","EGMONT","https://egmontgroup.org/members-by-region/","2026-08-20T12:09:41.497Z","2026-08-20T12:10:41.904Z","2026-08-20T12:10:41.904Z","unknown","provisional-first-page-scan","automated-first-page-date-scan","2024-01","2026-08","2026-08-20","month","first-page-only-unvalidated","0","","","","","","",""
"QA","QAT","Qatar","Qatar Financial Markets Authority","Securities","identity-confirmed","http://www.qfma.org.qa/","timeout","","","","","","unknown","IOSCO","https://www.iosco.org/v2/about/?subsection=membership&memid=1&page=6","2026-08-20T12:09:41.497Z","2026-08-20T12:10:41.904Z","2026-08-20T12:10:41.904Z","unknown","provisional-first-page-scan","automated-first-page-date-scan","2024-01","2026-08","2026-08-20","month","first-page-only-unvalidated","0","","","","","","",""
"SA","SAU","Saudi Arabia","Capital Market Authority*","Securities","identity-confirmed","http://www.cma.org.sa/","reachable","","","","","","unknown","IOSCO","https://www.iosco.org/v2/about/?subsection=membership&memid=1&page=6","2026-08-20T12:09:41.497Z","2026-08-20T12:10:41.904Z","2026-08-20T12:10:41.904Z","unknown","provisional-first-page-scan","automated-first-page-date-scan","2024-01","2026-08","2026-08-20","month","first-page-only-unvalidated","0","","","","","","",""
"SA","SAU","Saudi Arabia","Insurance Authority","Insurance","identity-confirmed","","no-public-website","","","","","","unknown","IAIS","https://www.iais.org/about-the-iais/iais-members/","2026-08-20T12:09:41.497Z","2026-08-20T12:10:41.904Z","2026-08-20T12:10:41.904Z","unknown","provisional-first-page-scan","automated-first-page-date-scan","2024-01","2026-08","2026-08-20","month","first-page-only-unvalidated","0","","","","","","",""
"SA","SAU","Saudi Arabia","Saudi Arabia Financial Investigation Unit (SAFIU)","Financial intelligence","identity-confirmed","https://www.moi.gov.sa/wps/portal/Home/sectors/safiu","timeout","","","","","","unknown","EGMONT","https://egmontgroup.org/members-by-region/","2026-08-20T12:09:41.497Z","2026-08-20T12:10:41.904Z","2026-08-20T12:10:41.904Z","unknown","provisional-first-page-scan","automated-first-page-date-scan","2024-01","2026-08","2026-08-20","month","first-page-only-unvalidated","0","","","","","","",""
"SA","SAU","Saudi Arabia","Saudi Central Bank","Central bank; Prudential supervision","identity-confirmed","https://www.sama.gov.sa/en-us","reachable","https://www.sama.gov.sa/en-US/Currency/FinExc/Pages/Currency.aspx","View all|https://www.sama.gov.sa/en-US/Currency/FinExc/Pages/Currency.aspx|unqualified-candidate|manual-review-required","","","","unknown","BIS","https://www.bis.org/cbanks.htm; https://www.bis.org/regauth.htm","2026-08-20T12:09:41.497Z","2026-08-20T12:10:41.904Z","2026-08-20T12:11:07.553Z","unknown","provisional-first-page-scan","automated-first-page-date-scan","2024-01","2026-08","2026-08-20","month","first-page-only-unvalidated","0","","","","generic-or-ambiguous-link","generic_or_ambiguous","authority-owned",""
"SY","SYR","Syria","Central Bank of Syria","Central bank; Prudential supervision","identity-confirmed","https://cb.gov.sy/","reachable","https://cb.gov.sy/index.php?page=list&ex=2&dir=laws&lang=1&lt=3&service=5&act=576","قرارات|https://cb.gov.sy/index.php?page=list&ex=2&dir=laws&lang=1&lt=3&service=5&act=576|unqualified-candidate|manual-review-required","","","","unknown","BIS","https://www.bis.org/cbanks.htm; https://www.bis.org/regauth.htm","2026-08-20T12:09:41.497Z","2026-08-20T12:10:41.904Z","2026-08-20T12:11:07.553Z","unknown","provisional-first-page-scan","automated-first-page-date-scan","2024-01","2026-08","2026-08-20","month","first-page-only-unvalidated","0","","","","generic-or-ambiguous-link","generic_or_ambiguous","authority-owned",""
"SY","SYR","Syria","Combating Money Laundering and Terrorism Financing Commission (CMLC)","Financial intelligence","identity-confirmed","","no-public-website","","","","","","unknown","EGMONT","https://egmontgroup.org/members-by-region/","2026-08-20T12:09:41.497Z","2026-08-20T12:10:41.904Z","2026-08-20T12:10:41.904Z","unknown","provisional-first-page-scan","automated-first-page-date-scan","2024-01","2026-08","2026-08-20","month","first-page-only-unvalidated","0","","","","","","",""
"SY","SYR","Syria","Syrian Commission on Financial Markets and Securities","Securities","identity-confirmed","http://www.scfms.sy/","network-error","","","","","","unknown","IOSCO","https://www.iosco.org/v2/about/?subsection=membership&memid=1&page=6","2026-08-20T12:09:41.497Z","2026-08-20T12:10:41.904Z","2026-08-20T12:10:41.904Z","unknown","provisional-first-page-scan","automated-first-page-date-scan","2024-01","2026-08","2026-08-20","month","first-page-only-unvalidated","0","","","","","","",""
"TR","TUR","Türkiye","Banking Regulation and Supervision Agency","Prudential supervision","identity-confirmed","http://www.bddk.org.tr/","timeout","","","","","","unknown","BIS","https://www.bis.org/regauth.htm","2026-08-20T12:09:41.497Z","2026-08-20T12:10:41.904Z","2026-08-20T12:10:41.904Z","unknown","provisional-first-page-scan","automated-first-page-date-scan","2024-01","2026-08","2026-08-20","month","first-page-only-unvalidated","0","","","","","","",""
"TR","TUR","Türkiye","Capital Markets Board*","Securities","identity-confirmed","http://www.cmb.gov.tr/","network-error","","","","","","unknown","IOSCO","https://www.iosco.org/v2/about/?subsection=membership&memid=1&page=7","2026-08-20T12:09:41.497Z","2026-08-20T12:10:41.904Z","2026-08-20T12:10:41.904Z","unknown","provisional-first-page-scan","automated-first-page-date-scan","2024-01","2026-08","2026-08-20","month","first-page-only-unvalidated","0","","","","","","",""
"TR","TUR","Türkiye","Central Bank of the Republic of Türkiye","Central bank; Prudential supervision","identity-confirmed","https://www.tcmb.gov.tr/","challenge-protected","","","","","","unknown","BIS","https://www.bis.org/cbanks.htm; https://www.bis.org/regauth.htm","2026-08-20T12:09:41.497Z","2026-08-20T12:10:41.904Z","2026-08-20T12:10:41.904Z","unknown","provisional-first-page-scan","automated-first-page-date-scan","2024-01","2026-08","2026-08-20","month","first-page-only-unvalidated","0","","","","","","",""
"TR","TUR","Türkiye","Financial Crimes Investigation Board (MASAK)","Financial intelligence","identity-confirmed","http://www.masak.gov.tr/en/default","reachable","","","","","","unknown","EGMONT","https://egmontgroup.org/members-by-region/","2026-08-20T12:09:41.497Z","2026-08-20T12:10:41.904Z","2026-08-20T12:10:41.904Z","unknown","provisional-first-page-scan","automated-first-page-date-scan","2024-01","2026-08","2026-08-20","month","first-page-only-unvalidated","0","","","","","","",""
"TR","TUR","Türkiye","Turkish Insurance and Private Pension Regulation and Supervision Authority","Insurance; Pensions","identity-confirmed","http://www.seddk.gov.tr/","reachable","","","","","","unknown","IAIS; IOPS","https://www.iais.org/about-the-iais/iais-members/; https://www.iopsweb.org/en/membership/iops-members-and-observers.html","2026-08-20T12:09:41.497Z","2026-08-20T12:10:41.904Z","2026-08-20T12:10:41.904Z","unknown","provisional-first-page-scan","automated-first-page-date-scan","2024-01","2026-08","2026-08-20","month","first-page-only-unvalidated","0","","","","","","",""
"AE","ARE","United Arab Emirates","Capital Market Authority*","Securities","identity-confirmed","http://www.sca.ae/","timeout","","","","","","unknown","IOSCO","https://www.iosco.org/v2/about/?subsection=membership&memid=1&page=7","2026-08-20T12:09:41.497Z","2026-08-20T12:10:41.904Z","2026-08-20T12:10:41.904Z","unknown","provisional-first-page-scan","automated-first-page-date-scan","2024-01","2026-08","2026-08-20","month","first-page-only-unvalidated","0","","","","","","",""
"AE","ARE","United Arab Emirates","Central Bank of the United Arab Emirates","Central bank; Prudential supervision","identity-confirmed","https://www.centralbank.ae/en","challenge-protected","","","","","","unknown","BIS","https://www.bis.org/cbanks.htm; https://www.bis.org/regauth.htm","2026-08-20T12:09:41.497Z","2026-08-20T12:10:41.904Z","2026-08-20T12:10:41.904Z","unknown","provisional-first-page-scan","automated-first-page-date-scan","2024-01","2026-08","2026-08-20","month","first-page-only-unvalidated","0","","","","","","",""
"AE","ARE","United Arab Emirates","Central Bank of the United Arab Emirates (CBUAE)","Insurance","identity-confirmed","","no-public-website","","","","","","unknown","IAIS","https://www.iais.org/about-the-iais/iais-members/","2026-08-20T12:09:41.497Z","2026-08-20T12:10:41.904Z","2026-08-20T12:10:41.904Z","unknown","provisional-first-page-scan","automated-first-page-date-scan","2024-01","2026-08","2026-08-20","month","first-page-only-unvalidated","0","","","","","","",""
"AE","ARE","United Arab Emirates","Dubai Financial Services Authority","Prudential supervision; Securities; Insurance","identity-confirmed","http://www.dfsa.ae/","challenge-protected","","","","","","unknown","BIS; IOSCO; IAIS","https://www.bis.org/regauth.htm; https://www.iosco.org/v2/about/?subsection=membership&memid=1&page=2; https://www.iais.org/about-the-iais/iais-members/","2026-08-20T12:09:41.497Z","2026-08-20T12:10:41.904Z","2026-08-20T12:10:41.904Z","unknown","provisional-first-page-scan","automated-first-page-date-scan","2024-01","2026-08","2026-08-20","month","first-page-only-unvalidated","0","","","","","","",""
"AE","ARE","United Arab Emirates","Financial Services Regulatory Authority","Securities; Insurance","identity-confirmed","http://www.adgm.com/","challenge-protected","","","","","","unknown","IOSCO; IAIS","https://www.iosco.org/v2/about/?subsection=membership&memid=1&page=1; https://www.iosco.org/v2/about/?subsection=membership&memid=1&page=8; https://www.iosco.org/v2/about/?subsection=membership&memid=1&page=9; https://www.iosco.org/v2/about/?subsection=membership&memid=1&page=10; https://www.iosco.org/v2/about/?subsection=membership&memid=1&page=11; https://www.iosco.org/v2/about/?subsection=membership&memid=1&page=12; https://www.iais.org/about-the-iais/iais-members/","2026-08-20T12:09:41.497Z","2026-08-20T12:10:41.904Z","2026-08-20T12:10:41.904Z","unknown","provisional-first-page-scan","automated-first-page-date-scan","2024-01","2026-08","2026-08-20","month","first-page-only-unvalidated","0","","","","","","",""
"AE","ARE","United Arab Emirates","United Arab Emirates Financial Intelligence Unit (UAEFIU)","Financial intelligence","identity-confirmed","https://www.uaefiu.gov.ae/en","reachable","https://uaefiu.gov.ae/en/about/our-mandate/","Our Mandate The legal powers and competencies that define the UAEFIU's role under UAE law.|https://uaefiu.gov.ae/en/about/our-mandate/|unqualified-candidate|manual-review-required","","","","unknown","EGMONT","https://egmontgroup.org/members-by-region/","2026-08-20T12:09:41.497Z","2026-08-20T12:10:41.904Z","2026-08-20T12:11:07.553Z","unknown","provisional-first-page-scan","automated-first-page-date-scan","2024-01","2026-08","2026-08-20","month","first-page-only-unvalidated","0","","","","plausible-official-publication-candidate","generic_or_ambiguous","authority-owned",""
"YE","YEM","Yemen","Central Bank of Yemen","Central bank","identity-confirmed","https://cby-ye.com/","reachable","","","","","","unknown","BIS","https://www.bis.org/cbanks.htm","2026-08-20T12:09:41.497Z","2026-08-20T12:10:41.904Z","2026-08-20T12:10:41.904Z","unknown","provisional-first-page-scan","automated-first-page-date-scan","2024-01","2026-08","2026-08-20","month","first-page-only-unvalidated","0","","","","","","",""
"JE","JEY","Jersey","Financial Intelligence Unit – Jersey","Financial intelligence","identity-confirmed","https://www.fiu.je/","challenge-protected","","","","","","unknown","EGMONT","https://egmontgroup.org/members-by-region/","2026-08-20T12:09:41.497Z","2026-08-20T12:10:41.904Z","2026-08-20T12:10:41.904Z","unknown","provisional-first-page-scan","automated-first-page-date-scan","2024-01","2026-08","2026-08-20","month","first-page-only-unvalidated","0","","","","","","",""
"JE","JEY","Jersey","Jersey Financial Services Commission","Prudential supervision; Securities; Insurance","identity-confirmed","http://www.jerseyfsc.org/","challenge-protected","","","","","","unknown","BIS; IOSCO; IAIS","https://www.bis.org/regauth.htm; https://www.iosco.org/v2/about/?subsection=membership&memid=1&page=4; https://www.iais.org/about-the-iais/iais-members/","2026-08-20T12:09:41.497Z","2026-08-20T12:10:41.904Z","2026-08-20T12:10:41.904Z","unknown","provisional-first-page-scan","automated-first-page-date-scan","2024-01","2026-08","2026-08-20","month","first-page-only-unvalidated","0","","","","","","",""
"GG","GGY","Guernsey","Financial Intelligence Service (FIS)","Financial intelligence","identity-confirmed","http://www.guernseyfiu.gov.gg/","reachable","https://guernseyfiu.gov.gg/article/175899/Sanctions","Sanctions|https://guernseyfiu.gov.gg/article/175899/Sanctions|authority-owned-qualified-route|approved-for-human-contract; Current Sanction Regimes|https://guernseyfiu.gov.gg/article/175927/Current-Sanction-Regimes|unqualified-candidate|unqualified","","Sanctions|https://guernseyfiu.gov.gg/article/175899/Sanctions","","enforcement","EGMONT","https://egmontgroup.org/members-by-region/","2026-08-20T12:09:41.497Z","2026-08-20T12:10:41.904Z","2026-08-20T12:11:07.553Z","unknown","provisional-first-page-scan","automated-first-page-date-scan","2024-01","2026-08","2026-08-20","month","first-page-only-unvalidated","0","","","","strong-official-publication-candidate","sanctions_or_penalty_list","authority-owned",""
"GG","GGY","Guernsey","Guernsey Financial Services Commission","Prudential supervision; Securities; Insurance; Pensions","enforcement-visible","http://www.gfsc.gg/","reachable","https://www.gfsc.gg/news/sanctions","Senior Decision Makers|https://www.gfsc.gg/commission/about-us/senior-decision-makers|unqualified-candidate|unqualified; Notices, Instructions & Warnings|https://www.gfsc.gg/commission/financial-crime/notices-instructions-warnings|unqualified-candidate|unqualified; Sanctions|https://www.gfsc.gg/commission/financial-crime/sanctions|unqualified-candidate|unqualified; Enforcement|https://www.gfsc.gg/commission/enforcement|unqualified-candidate|unqualified; Our People|https://www.gfsc.gg/commission/enforcement/our-people|unqualified-candidate|unqualified; Decision Making Process|https://www.gfsc.gg/commission/enforcement/decision-making-process|unqualified-candidate|unqualified; Enforcement Policy|https://www.gfsc.gg/commission/enforcement/enforcement-policy|unqualified-candidate|unqualified; Enforcement Powers|https://www.gfsc.gg/commission/enforcement/enforcement-powers|unqualified-candidate|unqualified; Judicial Decisions|https://www.gfsc.gg/commission/enforcement/judicial-decisions|unqualified-candidate|unqualified; Prohibitions|https://www.gfsc.gg/commission/enforcement/prohibitions|unqualified-candidate|unqualified; Public Statements|https://www.gfsc.gg/commission/enforcement/public-statements|unqualified-candidate|unqualified; Disqualified Directors|https://www.gfsc.gg/commission/enforcement/disqualified-directors|unqualified-candidate|unqualified; Decision of the European Court of Human Rights|https://www.gfsc.gg/news/decision-european-court-human-rights|unqualified-candidate|unqualified; Notice of application for administration management ord…|https://www.gfsc.gg/news/notice-application-administration-management-order|unqualified-candidate|unqualified; More Sanctions Notices|https://www.gfsc.gg/news/sanctions|authority-owned-qualified-route|approved-for-human-contract; Sanctions Notice - ISIL (Da'esh) and Al-Qaida|https://www.gfsc.gg/news/sanctions-notice-isil-daesh-and-al-qaida-38|unqualified-candidate|unqualified; Sanctions Notice - ISIL (Da'esh) and Al-Qaida|https://www.gfsc.gg/news/sanctions-notice-isil-daesh-and-al-qaida-37|unqualified-candidate|unqualified; Sanctions Notice - ISIL (Da'esh) and Al-Qaida|https://www.gfsc.gg/news/sanctions-notice-isil-daesh-and-al-qaida-36|unqualified-candidate|unqualified; Sanctions Notice - Russia (Ships)|https://www.gfsc.gg/news/sanctions-notice-russia-ships-1|unqualified-candidate|unqualified; Sanctions Notice - Russia|https://www.gfsc.gg/news/sanctions-notice-russia-200|unqualified-candidate|unqualified","","More Sanctions Notices|https://www.gfsc.gg/news/sanctions","","enforcement","BIS; IOSCO; IAIS; IOPS","https://www.bis.org/regauth.htm; https://www.iosco.org/v2/about/?subsection=membership&memid=1&page=3; https://www.iais.org/about-the-iais/iais-members/; https://www.iopsweb.org/en/membership/iops-members-and-observers.html","2026-08-20T12:09:41.497Z","2026-08-20T12:10:41.904Z","2026-08-20T12:11:07.553Z","low-frequency","provisional-first-page-scan","automated-first-page-date-scan","2024-01","2026-08","2026-08-20","month","first-page-only-unvalidated","2","2026-07; 2026-08","2026-08","month","strong-official-publication-candidate","sanctions_or_penalty_list","authority-owned",""
"IM","IMN","Isle of Man","Financial Supervision Commission","Prudential supervision","identity-confirmed","http://www.fsc.gov.im/","network-error","","","","","","unknown","BIS","https://www.bis.org/regauth.htm","2026-08-20T12:09:41.497Z","2026-08-20T12:10:41.904Z","2026-08-20T12:10:41.904Z","unknown","provisional-first-page-scan","automated-first-page-date-scan","2024-01","2026-08","2026-08-20","month","first-page-only-unvalidated","0","","","","","","",""
"IM","IMN","Isle of Man","Isle of Man  Financial Intelligence Unit (FIU-IOM)","Financial intelligence","identity-confirmed","http://www.fiu.im/","reachable","","","","","","unknown","EGMONT","https://egmontgroup.org/members-by-region/","2026-08-20T12:09:41.497Z","2026-08-20T12:10:41.904Z","2026-08-20T12:10:41.904Z","unknown","provisional-first-page-scan","automated-first-page-date-scan","2024-01","2026-08","2026-08-20","month","first-page-only-unvalidated","0","","","","","","",""
"IM","IMN","Isle of Man","Isle of Man Financial Services Authority","Securities","identity-confirmed","http://www.iomfsa.im/","reachable","","","","","","unknown","IOSCO","https://www.iosco.org/v2/about/?subsection=membership&memid=1&page=3","2026-08-20T12:09:41.497Z","2026-08-20T12:10:41.904Z","2026-08-20T12:10:41.904Z","unknown","provisional-first-page-scan","automated-first-page-date-scan","2024-01","2026-08","2026-08-20","month","first-page-only-unvalidated","0","","","","","","",""
"IM","IMN","Isle of Man","Isle of Man Financial Services Authority","Insurance","identity-confirmed","https://www.gov.im/","reachable","","","","","","unknown","IAIS","https://www.iais.org/about-the-iais/iais-members/","2026-08-20T12:09:41.497Z","2026-08-20T12:10:41.904Z","2026-08-20T12:10:41.904Z","unknown","provisional-first-page-scan","automated-first-page-date-scan","2024-01","2026-08","2026-08-20","month","first-page-only-unvalidated","0","","","","","","",""
"GI","GIB","Gibraltar","Financial Services Commission","Prudential supervision; Securities; Insurance","identity-confirmed","http://www.fsc.gi/","challenge-protected","","","","","","unknown","BIS; IOSCO; IAIS","https://www.bis.org/regauth.htm; https://www.iosco.org/v2/about/?subsection=membership&memid=1&page=3; https://www.iais.org/about-the-iais/iais-members/","2026-08-20T12:09:41.497Z","2026-08-20T12:10:41.904Z","2026-08-20T12:10:41.904Z","unknown","provisional-first-page-scan","automated-first-page-date-scan","2024-01","2026-08","2026-08-20","month","first-page-only-unvalidated","0","","","","","","",""
"GI","GIB","Gibraltar","Gibraltar Financial Intelligence Unit (GCID GFIU)","Financial intelligence","identity-confirmed","http://gfiu.gov.gi/","challenge-protected","http://gfiu.gov.gi/sanctions","Sanctions|http://gfiu.gov.gi/sanctions|unqualified-candidate|browser-review-required","","","","unknown","EGMONT","https://egmontgroup.org/members-by-region/","2026-08-20T12:09:41.497Z","2026-08-20T12:10:41.904Z","2026-08-20T12:11:07.553Z","unknown","provisional-first-page-scan","automated-first-page-date-scan","2024-01","2026-08","2026-08-20","month","first-page-only-unvalidated","0","","","","not-observable","not-observable","not-observable",""
"KY","CYM","Cayman Islands","Cayman Islands Monetary Authority","Central bank; Prudential supervision","identity-confirmed","http://www.cimoney.com.ky/","network-error","","","","","","unknown","BIS","https://www.bis.org/cbanks.htm; https://www.bis.org/regauth.htm","2026-08-20T12:09:41.497Z","2026-08-20T12:10:41.904Z","2026-08-20T12:10:41.904Z","unknown","provisional-first-page-scan","automated-first-page-date-scan","2024-01","2026-08","2026-08-20","month","first-page-only-unvalidated","0","","","","","","",""
"KY","CYM","Cayman Islands","Cayman Islands Monetary Authority","Securities; Insurance","identity-confirmed","http://www.cima.ky/","challenge-protected","https://www.cima.ky/enforcement-1","General Industry Notices|https://www.cima.ky/general-industry-notices|unqualified-candidate|unqualified; General Public Notices|https://www.cima.ky/general-public-notices|unqualified-candidate|unqualified; Warning Notices|https://www.cima.ky/warning-notices|unqualified-candidate|unqualified; Decision Notices|https://www.cima.ky/decision-notices|unqualified-candidate|unqualified; Administrative Fines|https://www.cima.ky/administrative-fines|unqualified-candidate|unqualified; General Notices|https://www.cima.ky/general-notices|unqualified-candidate|unqualified; Financial Sanctions Notices|https://www.cima.ky/financial-sanctions-notices|unqualified-candidate|unqualified; Enforcement|https://www.cima.ky/enforcement-1|unqualified-candidate|browser-review-required; Overview|https://www.cima.ky/sanctions-overview|unqualified-candidate|unqualified; Financial Sanctions Notices|https://www.cima.ky/un-and-uk-sanctions|unqualified-candidate|unqualified; privacy notice|https://www.cima.ky/privacy-policy|unqualified-candidate|unqualified","","","","unknown","IOSCO; IAIS","https://www.iosco.org/v2/about/?subsection=membership&memid=1&page=2; https://www.iais.org/about-the-iais/iais-members/","2026-08-20T12:09:41.497Z","2026-08-20T12:10:41.904Z","2026-08-20T12:11:07.553Z","unknown","provisional-first-page-scan","automated-first-page-date-scan","2024-01","2026-08","2026-08-20","month","first-page-only-unvalidated","0","","","","not-observable","not-observable","not-observable",""
"KY","CYM","Cayman Islands","Financial Reporting Authority (FRA)","Financial intelligence","identity-confirmed","http://www.fra.gov.ky/","access-blocked","","","","","","unknown","EGMONT","https://egmontgroup.org/members-by-region/","2026-08-20T12:09:41.497Z","2026-08-20T12:10:41.904Z","2026-08-20T12:10:41.904Z","unknown","provisional-first-page-scan","automated-first-page-date-scan","2024-01","2026-08","2026-08-20","month","first-page-only-unvalidated","0","","","","","","",""
"BM","BMU","Bermuda","Bermuda Monetary Authority","Central bank; Prudential supervision; Securities; Insurance","identity-confirmed","http://www.bma.bm/","timeout","","","","","","unknown","BIS; IOSCO; IAIS","https://www.bis.org/cbanks.htm; https://www.bis.org/regauth.htm; https://www.iosco.org/v2/about/?subsection=membership&memid=1&page=1; https://www.iosco.org/v2/about/?subsection=membership&memid=1&page=8; https://www.iosco.org/v2/about/?subsection=membership&memid=1&page=9; https://www.iosco.org/v2/about/?subsection=membership&memid=1&page=10; https://www.iosco.org/v2/about/?subsection=membership&memid=1&page=11; https://www.iosco.org/v2/about/?subsection=membership&memid=1&page=12; https://www.iais.org/about-the-iais/iais-members/","2026-08-20T12:09:41.497Z","2026-08-20T12:10:41.904Z","2026-08-20T12:10:41.904Z","unknown","provisional-first-page-scan","automated-first-page-date-scan","2024-01","2026-08","2026-08-20","month","first-page-only-unvalidated","0","","","","","","",""
"BM","BMU","Bermuda","Financial Intelligence Agency Bermuda (FIA)","Financial intelligence","identity-confirmed","https://www.fia.bm/","reachable","https://public.govdelivery.com/accounts/BERMFSIU/signup/46844?FIA","Sanction Notices|https://public.govdelivery.com/accounts/BERMFSIU/signup/46844?FIA|unqualified-candidate|manual-review-required","","","","enforcement","EGMONT","https://egmontgroup.org/members-by-region/","2026-08-20T12:09:41.497Z","2026-08-20T12:10:41.904Z","2026-08-20T12:11:07.553Z","unknown","provisional-first-page-scan","automated-first-page-date-scan","2024-01","2026-08","2026-08-20","month","first-page-only-unvalidated","0","","","","generic-or-ambiguous-link","sanctions_or_penalty_list","external-unqualified",""
"VG","VGB","British Virgin Islands","Financial Investigation Agency British Virgin Islands (FIA)","Financial intelligence","identity-confirmed","http://fiabvi.vg/","reachable","https://fiabvi.vg/Supervision-Enforcement","Legal Obligation|https://fiabvi.vg/Analysis-Investigation/Section-4-Notices/Legal-Obligation|unqualified-candidate|unqualified; Enforcement|https://fiabvi.vg/Analysis-Investigation/Section-4-Notices/Enforcement|unqualified-candidate|unqualified; Supervision & Enforcement|https://fiabvi.vg/Supervision-Enforcement|authority-owned-qualified-route|approved-for-human-contract; What is an NPO?|https://fiabvi.vg/Supervision-Enforcement/NPO/What-is-an-NPO|unqualified-candidate|unqualified; NPO Obligations|https://fiabvi.vg/Supervision-Enforcement/NPO/NPO-Obligations|unqualified-candidate|unqualified; Designated Persons|https://fiabvi.vg/Supervision-Enforcement/NPO/Designated-Persons|unqualified-candidate|unqualified; Supervision by the Agency|https://fiabvi.vg/Supervision-Enforcement/NPO/Supervision-by-the-Agency|unqualified-candidate|unqualified; Relevant Legislation|https://fiabvi.vg/Supervision-Enforcement/NPO/Relevant-Legislation|unqualified-candidate|unqualified; What is a DNFBP?|https://fiabvi.vg/Supervision-Enforcement/DNFBPs/What-is-a-DNFBP|unqualified-candidate|unqualified; DNFBP Obligations|https://fiabvi.vg/Supervision-Enforcement/DNFBPs/DNFBP-Obligations|unqualified-candidate|unqualified; Registration|https://fiabvi.vg/Supervision-Enforcement/DNFBPs/Registration|unqualified-candidate|unqualified; Supervision by the Agency|https://fiabvi.vg/Supervision-Enforcement/DNFBPs/Supervision-by-the-Agency|unqualified-candidate|unqualified; Relevant Legislation|https://fiabvi.vg/Supervision-Enforcement/DNFBPs/Relevant-Legislation|unqualified-candidate|unqualified; Registered DNFBPs|https://fiabvi.vg/Supervision-Enforcement/DNFBPs/Registered-DNFBPs|unqualified-candidate|unqualified; Examinations - What are they?|https://fiabvi.vg/Supervision-Enforcement/Examinations-What-are-they|unqualified-candidate|unqualified; What is money laundering?|https://fiabvi.vg/Supervision-Enforcement/What-is-money-laundering|unqualified-candidate|unqualified; What is terrorist financing?|https://fiabvi.vg/Supervision-Enforcement/What-is-terrorist-financing|unqualified-candidate|unqualified; What is proliferation financing?|https://fiabvi.vg/Supervision-Enforcement/What-is-proliferation-financing|unqualified-candidate|unqualified; Documents and Forms|https://fiabvi.vg/Supervision-Enforcement/Documents-and-Forms|unqualified-candidate|unqualified; View Guidance Note|https://fiabvi.vg/Supervision-Enforcement/Documents-and-Forms/Guidance-Documents|unqualified-candidate|unqualified","","Supervision & Enforcement|https://fiabvi.vg/Supervision-Enforcement","","enforcement","EGMONT","https://egmontgroup.org/members-by-region/","2026-08-20T12:09:41.497Z","2026-08-20T12:10:41.904Z","2026-08-20T12:11:07.553Z","unknown","provisional-first-page-scan","automated-first-page-date-scan","2024-01","2026-08","2026-08-20","month","first-page-only-unvalidated","0","","","","strong-official-publication-candidate","enforcement_archive","authority-owned",""
"VG","VGB","British Virgin Islands","Financial Services Commission","Prudential supervision; Securities; Insurance","identity-confirmed","http://www.bvifsc.vg/","challenge-protected","","","","","","unknown","BIS; IOSCO; IAIS","https://www.bis.org/regauth.htm; https://www.iosco.org/v2/about/?subsection=membership&memid=1&page=2; https://www.iais.org/about-the-iais/iais-members/","2026-08-20T12:09:41.497Z","2026-08-20T12:10:41.904Z","2026-08-20T12:10:41.904Z","unknown","provisional-first-page-scan","automated-first-page-date-scan","2024-01","2026-08","2026-08-20","month","first-page-only-unvalidated","0","","","","","","",""
"TC","TCA","Turks and Caicos Islands","Financial Intelligence Agency of the Turks and Caicos Islands (FIA-TCI)","Financial intelligence","identity-confirmed","http://www.tcipolice.tc/index.php/financial-intelligence-unit/200-fiu-overview","http-error","https://www.tcipolice.tc/traffic-enforcement-unit/","Traffic Enforcement Unit|https://www.tcipolice.tc/traffic-enforcement-unit/|authority-owned-qualified-route|approved-for-human-contract","","Traffic Enforcement Unit|https://www.tcipolice.tc/traffic-enforcement-unit/","","enforcement","EGMONT","https://egmontgroup.org/members-by-region/","2026-08-20T12:09:41.497Z","2026-08-20T12:10:41.904Z","2026-08-20T12:11:07.553Z","unknown","provisional-first-page-scan","automated-first-page-date-scan","2024-01","2026-08","2026-08-20","month","first-page-only-unvalidated","0","","","","strong-official-publication-candidate","enforcement_archive","authority-owned",""
"TC","TCA","Turks and Caicos Islands","Financial Services Commission","Prudential supervision; Securities","identity-confirmed","http://www.tcifsc.tc/","reachable","https://www.tcifsc.tc/sanctions","More Notices|https://www.tcifsc.tc/notices|unqualified-candidate|unqualified; Notices|https://www.tcifsc.tc/business-name-notices|unqualified-candidate|unqualified; Notices|https://www.tcifsc.tc/trademarks-and-patents-notices|unqualified-candidate|unqualified; Enforcement|https://www.tcifsc.tc/enforcement|unqualified-candidate|unqualified; AML/CFT Enforcement Actions|https://www.tcifsc.tc/aml-cft-enforcement-actions|unqualified-candidate|unqualified; More Sanctions|https://www.tcifsc.tc/sanctions|unqualified-candidate|manual-review-required; Sanctions Regimes|https://www.tcifsc.tc/sanctions-regimes|unqualified-candidate|unqualified; Financial Sanctions Search Tool|https://www.tcifsc.tc/financial-sanctions-search-tool|unqualified-candidate|unqualified; Sanctions Guidance|https://www.tcifsc.tc/sanctions-guidance|unqualified-candidate|unqualified; Financial Sanctions Notices|https://www.tcifsc.tc/financial-sanctions-notices|unqualified-candidate|unqualified; FSC Notices|https://www.tcifsc.tc/fsc-notices|unqualified-candidate|unqualified; Notices|https://www.tcifsc.tc/notice|unqualified-candidate|unqualified; FSC ADVISES OF SCHEDULED KREGISTRY PLATFORM MAINTENANCE|https://www.tcifsc.tc/notices/fsc-advises-of-scheduled-kregistry-platform-maintenance|unqualified-candidate|unqualified; Financial Sanction Notice 61 of 2026|https://www.tcifsc.tc/notices/financial-sanction-notice-60-of-2026-2|unqualified-candidate|unqualified; OFFICE CLOSURE: PROVIDENCIALES LOCATION|https://www.tcifsc.tc/notices/office-closure-providenciales-location|unqualified-candidate|unqualified; Financial Sanction Notice 60 of 2026|https://www.tcifsc.tc/notices/financial-sanction-notice-60-of-2026|unqualified-candidate|unqualified; Financial Sanction Notice 59 of 2026|https://www.tcifsc.tc/notices/financial-sanction-notice-59-of-2026|unqualified-candidate|unqualified; Financial Sanction Notice 58 of 2026|https://www.tcifsc.tc/notices/financial-sanction-notice-58-of-2026|unqualified-candidate|unqualified; Financial Sanction Notice 57 of 2026|https://www.tcifsc.tc/notices/financial-sanction-notice-57-of-2026|unqualified-candidate|unqualified; Financial Sanction Notice 56 of 2026|https://www.tcifsc.tc/notices/financial-sanction-notice-56-of-2026|unqualified-candidate|unqualified","","","","enforcement","BIS; IOSCO","https://www.bis.org/regauth.htm; https://www.iosco.org/v2/about/?subsection=membership&memid=1&page=7","2026-08-20T12:09:41.497Z","2026-08-20T12:10:41.904Z","2026-08-20T12:11:07.553Z","unknown","provisional-first-page-scan","automated-first-page-date-scan","2024-01","2026-08","2026-08-20","month","first-page-only-unvalidated","0","","","","strong-official-publication-candidate","sanctions_or_penalty_list","external-unqualified",""
"TC","TCA","Turks and Caicos Islands","Financial Services Commission","Insurance","identity-confirmed","","no-public-website","","","","","","unknown","IAIS","https://www.iais.org/about-the-iais/iais-members/","2026-08-20T12:09:41.497Z","2026-08-20T12:10:41.904Z","2026-08-20T12:10:41.904Z","unknown","provisional-first-page-scan","automated-first-page-date-scan","2024-01","2026-08","2026-08-20","month","first-page-only-unvalidated","0","","","","","","",""
"AI","AIA","Anguilla","Eastern Caribbean Central Bank","Central bank; Prudential supervision","identity-confirmed","http://www.eccb-centralbank.org/","reachable","","","","","","unknown","BIS","https://www.bis.org/cbanks.htm; https://www.bis.org/regauth.htm","2026-08-20T12:09:41.497Z","2026-08-20T12:10:41.904Z","2026-08-20T12:10:41.904Z","unknown","provisional-first-page-scan","automated-first-page-date-scan","2024-01","2026-08","2026-08-20","month","first-page-only-unvalidated","0","","","","","","",""
"AI","AIA","Anguilla","Financial Services Commission","Prudential supervision; Financial intelligence","identity-confirmed","http://www.fsc.org.ai/","reachable","http://www.fsc.org.ai/enforcementaction.php","Enforcement Action|http://www.fsc.org.ai/enforcementaction.php|authority-owned-qualified-route|approved-for-human-contract; International Sanctions|http://www.fsc.org.ai/internationalsanctions.php|unqualified-candidate|unqualified","","Enforcement Action|http://www.fsc.org.ai/enforcementaction.php","","enforcement","BIS; EGMONT","https://www.bis.org/regauth.htm; https://egmontgroup.org/members-by-region/","2026-08-20T12:09:41.497Z","2026-08-20T12:10:41.904Z","2026-08-20T12:11:07.553Z","unknown","provisional-first-page-scan","automated-first-page-date-scan","2024-01","2026-08","2026-08-20","month","first-page-only-unvalidated","0","","","","strong-official-publication-candidate","enforcement_archive","authority-owned",""
"MS","MSR","Montserrat","Eastern Caribbean Central Bank","Central bank; Prudential supervision","identity-confirmed","http://www.eccb-centralbank.org/","reachable","","","","","","unknown","BIS","https://www.bis.org/cbanks.htm; https://www.bis.org/regauth.htm","2026-08-20T12:09:41.497Z","2026-08-20T12:10:41.904Z","2026-08-20T12:10:41.904Z","unknown","provisional-first-page-scan","automated-first-page-date-scan","2024-01","2026-08","2026-08-20","month","first-page-only-unvalidated","0","","","","","","",""
"MS","MSR","Montserrat","Financial Services Commission","Prudential supervision","identity-confirmed","http://www.fscmontserrat.org/","reachable","https://www.fscmontserrat.org/sanctions/","Notices|https://www.fscmontserrat.org/notices/|unqualified-candidate|unqualified; Enforcement Measures|https://www.fscmontserrat.org/enforcement-measures/|unqualified-candidate|unqualified; Sanctions|https://www.fscmontserrat.org/sanctions/|authority-owned-qualified-route|approved-for-human-contract","","Sanctions|https://www.fscmontserrat.org/sanctions/","","enforcement","BIS","https://www.bis.org/regauth.htm","2026-08-20T12:09:41.497Z","2026-08-20T12:10:41.904Z","2026-08-20T12:11:07.553Z","unknown","provisional-first-page-scan","automated-first-page-date-scan","2024-01","2026-08","2026-08-20","month","first-page-only-unvalidated","0","","","","strong-official-publication-candidate","sanctions_or_penalty_list","authority-owned",""
"AS","ASM","American Samoa","Office of the Insurance Commissioner","Insurance","identity-confirmed","https://www.americansamoa.gov/insurance","challenge-protected","https://www.americansamoa.gov/notices","NOTICES|https://www.americansamoa.gov/notices|unqualified-candidate|browser-review-required","","","","unknown","OFFICIAL_NATIONAL","https://www.americansamoa.gov/insurance","2026-08-20T12:09:41.497Z","2026-08-20T12:10:41.904Z","2026-08-20T12:11:07.553Z","unknown","provisional-first-page-scan","automated-first-page-date-scan","2024-01","2026-08","2026-08-20","month","first-page-only-unvalidated","0","","","","not-observable","not-observable","not-observable",""
"GU","GUM","Guam","Banking and Insurance Board","Prudential supervision","identity-confirmed","https://www.guamtax.com/bib/","reachable","https://www.guamtax.com/about/enforcement.html","Sep. 14, 2017 Board Meeting Minutes|https://www.guamtax.com/bib/9.14.17Minutesamended4.5.18.pdf|unqualified-candidate|unqualified; Tax Enforcement Division|https://www.guamtax.com/about/enforcement.html|authority-owned-qualified-route|approved-for-human-contract","","Tax Enforcement Division|https://www.guamtax.com/about/enforcement.html","","enforcement","OFFICIAL_NATIONAL","https://www.guamtax.com/bib/","2026-08-20T12:09:41.497Z","2026-08-20T12:10:41.904Z","2026-08-20T12:11:07.553Z","unknown","provisional-first-page-scan","automated-first-page-date-scan","2024-01","2026-08","2026-08-20","month","first-page-only-unvalidated","0","","","","strong-official-publication-candidate","enforcement_archive","authority-owned",""
"AW","ABW","Aruba","Central Bank of Aruba","Central bank; Prudential supervision; Insurance","identity-confirmed","http://www.cbaruba.org/","reachable","https://www.cbaruba.org/financial-sanctions-regulations/","Monetary policy decisions|https://www.cbaruba.org/monetary-policy-decisions/|unqualified-candidate|unqualified; Enforcement|https://www.cbaruba.org/integrity-supervision-enforcement/|unqualified-candidate|unqualified; Financial sanctions regulations|https://www.cbaruba.org/financial-sanctions-regulations/|authority-owned-qualified-route|approved-for-human-contract","","Financial sanctions regulations|https://www.cbaruba.org/financial-sanctions-regulations/","","enforcement","BIS; IAIS","https://www.bis.org/cbanks.htm; https://www.bis.org/regauth.htm; https://www.iais.org/about-the-iais/iais-members/","2026-08-20T12:09:41.497Z","2026-08-20T12:10:41.904Z","2026-08-20T12:11:07.553Z","unknown","provisional-first-page-scan","automated-first-page-date-scan","2024-01","2026-08","2026-08-20","month","first-page-only-unvalidated","0","","","","strong-official-publication-candidate","sanctions_or_penalty_list","authority-owned",""
"AW","ABW","Aruba","Financial Intelligence Unit of Aruba (FIU-Aruba)","Financial intelligence","identity-confirmed","https://www.fiu-aruba.com/","reachable","https://www.fiu-aruba.com/legislation/sanctions-regime/","Sanctions List|https://www.fiu-aruba.com/legislation/sanctions-regime/|authority-owned-qualified-route|approved-for-human-contract; Update to Aruba’s Interim National Decree on Priority Sanctions Regimes: Zimbabwe No Longer Subject to Targeted Financial Sanctions|https://www.fiu-aruba.com/2026/07/01/update-to-arubas-interim-national-decree-on-priority-sanctions-regimes-zimbabwe-no-longer-subject-to-targeted-financial-sanctions/|unqualified-candidate|unqualified; FIU-Aruba Publishes Guidance on the Reinstatement of Iran-Related UN Sanctions and Reporting Obligations|https://www.fiu-aruba.com/2026/06/12/fiu-aruba-publishes-guidance-on-the-reinstatement-of-iran-related-un-sanctions-and-reporting-obligations/|unqualified-candidate|unqualified","","Sanctions List|https://www.fiu-aruba.com/legislation/sanctions-regime/","","enforcement","EGMONT","https://egmontgroup.org/members-by-region/","2026-08-20T12:09:41.497Z","2026-08-20T12:10:41.904Z","2026-08-20T12:11:07.553Z","unknown","provisional-first-page-scan","automated-first-page-date-scan","2024-01","2026-08","2026-08-20","month","first-page-only-unvalidated","0","","","","strong-official-publication-candidate","sanctions_or_penalty_list","authority-owned",""
"CW","CUW","Curaçao","Central Bank of Curaçao and Sint Maarten","Central bank; Prudential supervision; Insurance","identity-confirmed","http://www.centralbank.cw/","challenge-protected","","","","","","unknown","BIS; IAIS","https://www.bis.org/cbanks.htm; https://www.bis.org/regauth.htm; https://www.iais.org/about-the-iais/iais-members/","2026-08-20T12:09:41.497Z","2026-08-20T12:10:41.904Z","2026-08-20T12:10:41.904Z","unknown","provisional-first-page-scan","automated-first-page-date-scan","2024-01","2026-08","2026-08-20","month","first-page-only-unvalidated","0","","","","","","",""
"CW","CUW","Curaçao","Intelligence Unit – Curaçao (FIU -  Curaçao)","Financial intelligence","identity-confirmed","http://mot.cw/web/motweb/motweb.nsf/web/home?opendocument","network-error","","","","","","unknown","EGMONT","https://egmontgroup.org/members-by-region/","2026-08-20T12:09:41.497Z","2026-08-20T12:10:41.904Z","2026-08-20T12:10:41.904Z","unknown","provisional-first-page-scan","automated-first-page-date-scan","2024-01","2026-08","2026-08-20","month","first-page-only-unvalidated","0","","","","","","",""
"SX","SXM","Sint Maarten","Centrale Bank van Curacao en sint Maarten","Insurance","identity-confirmed","http://www.centralbank.cw/","challenge-protected","","","","","","unknown","IAIS","https://www.iais.org/about-the-iais/iais-members/","2026-08-20T12:09:41.497Z","2026-08-20T12:10:41.904Z","2026-08-20T12:10:41.904Z","unknown","provisional-first-page-scan","automated-first-page-date-scan","2024-01","2026-08","2026-08-20","month","first-page-only-unvalidated","0","","","","","","",""
"SX","SXM","Sint Maarten","Reporting Center for Unusual Transactions (MOT Sint Maarten)","Financial intelligence","identity-confirmed","http://www.fiu-sxm.net/","reachable","http://www.fiu-sxm.net/web/082B268FDAD380EB04257E90004F645A","UN and EU Sanctions|http://www.fiu-sxm.net/web/082B268FDAD380EB04257E90004F645A|unqualified-candidate|transport-follow-up-required; IMPORTANT NOTICE DNFBP|http://www.fiu-sxm.net/web/401D02EF3A33D2C70425792F006B8044|unqualified-candidate|unqualified","","","","unknown","EGMONT","https://egmontgroup.org/members-by-region/","2026-08-20T12:09:41.497Z","2026-08-20T12:10:41.904Z","2026-08-20T12:11:07.553Z","unknown","provisional-first-page-scan","automated-first-page-date-scan","2024-01","2026-08","2026-08-20","month","first-page-only-unvalidated","0","","","","not-observable","not-observable","not-observable",""
"BS","BHS","Bahamas","Central Bank of The Bahamas","Central bank; Prudential supervision","identity-confirmed","http://www.centralbankbahamas.com/","reachable","https://www.centralbankbahamas.com/bank-supervision/us-ofac-sanctions","Warning Notices|https://www.centralbankbahamas.com/bank-supervision/warning-notices|unqualified-candidate|unqualified; Exchange Control Notices / Guidance Notes for Licensees|https://www.centralbankbahamas.com/exchange-control-notes-and-guidelines/exchange-control-notices|unqualified-candidate|unqualified; General Notices|https://www.centralbankbahamas.com/bank-supervision/general-notices|unqualified-candidate|unqualified; Enforcement Actions: Administrative Penalties|https://www.centralbankbahamas.com/bank-supervision/enforcement-actions-administrative-penalties|unqualified-candidate|unqualified; AML/CFT/CPF Related Notices|https://www.centralbankbahamas.com/bank-supervision/aml-cft-cpf-related-notices|unqualified-candidate|unqualified; US/OFAC Sanctions|https://www.centralbankbahamas.com/bank-supervision/us-ofac-sanctions|authority-owned-qualified-route|approved-for-human-contract; UN Security Council Sanctions Notices|https://www.centralbankbahamas.com/bank-supervision/un-security-council-sanctions-notices|unqualified-candidate|unqualified; More News|https://www.centralbankbahamas.com/news/public-notices|unqualified-candidate|unqualified; Public Notice: Unauthorised Reproduction of Bahamian Ba...|https://www.centralbankbahamas.com/news/public-notices/public-notice-unauthorized-reproduction-of-bahamian-banknotes-and-coins|unqualified-candidate|unqualified; Market Notice: Bahamas Securities Portal|https://www.centralbankbahamas.com/news/public-notices/market-notice-bahamas-securities-portal|unqualified-candidate|unqualified; Public Notice: Fraudulent Claims of Licensing and Regis...|https://www.centralbankbahamas.com/news/public-notices/public-notice-fraudulent-claims-of-licensing-and-registration|unqualified-candidate|unqualified; https://www.centralbankbahamas.com/viewPDF/documents/2026-08-19-12-46-27-Public-Notice---Security-Council-ISIL-Daesh-and-Al-Qaida-Sanctions-Committee-Amends-21-Entries-on-Its-Sanctions-List-18-Aug-2026.pdf|https://www.centralbankbahamas.com/viewPDF/documents/2026-08-19-12-46-27-Public-Notice---Security-Council-ISIL-Daesh-and-Al-Qaida-Sanctions-Committee-Amends-21-Entries-on-Its-Sanctions-List-18-Aug-2026.pdf|unqualified-candidate|unqualified; Public Notice: Security Council ISIL (Da’esh) and Al-Qaida Sanctions Commit...|https://www.centralbankbahamas.com/bank-supervision/un-security-council-sanctions-notices/public-notice-security-council-isil-da-esh-and-al-qaida-sanctions-committee-amends-21-entries-on-its-sanctions-list|unqualified-candidate|unqualified; https://www.centralbankbahamas.com/viewPDF/documents/2026-08-18-12-58-09-Security-Council-ISIL-Daesh-and-Al---Qaida-Sanctions-Committe-Amends-Four-Entries-on-Its-Sanctions-List-Public-Notice.pdf|https://www.centralbankbahamas.com/viewPDF/documents/2026-08-18-12-58-09-Security-Council-ISIL-Daesh-and-Al---Qaida-Sanctions-Committe-Amends-Four-Entries-on-Its-Sanctions-List-Public-Notice.pdf|unqualified-candidate|unqualified; Security Council ISIL (Da’esh) and Al – Qaida Sanctions Committee Amends Fo...|https://www.centralbankbahamas.com/bank-supervision/un-security-council-sanctions-notices/security-council-isil-da-esh-and-al-qaida-sanctions-committee-amends-four-entries-names-on-its-sanctions-list-1|unqualified-candidate|unqualified; https://www.centralbankbahamas.com/viewPDF/documents/2026-08-14-14-41-30-Security-Council-ISIL-Daesh-and-Al---Qaida-Sanctions-Committe-Amends-Four-Entries-on-Its-Sanctions-List-Public-Notice.pdf|https://www.centralbankbahamas.com/viewPDF/documents/2026-08-14-14-41-30-Security-Council-ISIL-Daesh-and-Al---Qaida-Sanctions-Committe-Amends-Four-Entries-on-Its-Sanctions-List-Public-Notice.pdf|unqualified-candidate|unqualified; Security Council ISIL (Da’esh) and Al – Qaida Sanctions Committee Amends Fo...|https://www.centralbankbahamas.com/bank-supervision/un-security-council-sanctions-notices/security-council-isil-da-esh-and-al-qaida-sanctions-committee-amends-four-entries-names-on-its-sanctions-list|unqualified-candidate|unqualified","","US/OFAC Sanctions|https://www.centralbankbahamas.com/bank-supervision/us-ofac-sanctions","","enforcement","BIS","https://www.bis.org/cbanks.htm; https://www.bis.org/regauth.htm","2026-08-20T12:09:41.497Z","2026-08-20T12:10:41.904Z","2026-08-20T12:11:07.553Z","unknown","provisional-first-page-scan","automated-first-page-date-scan","2024-01","2026-08","2026-08-20","month","first-page-only-unvalidated","0","","","","strong-official-publication-candidate","sanctions_or_penalty_list","authority-owned",""
"BS","BHS","Bahamas","Financial Intelligence Unit Bahamas (FIU-Bahamas)","Financial intelligence","identity-confirmed","https://www.fiubahamas.org.bs/","reachable","https://www.fiubahamas.org.bs/category/notices/","Notices|https://www.fiubahamas.org.bs/category/notices/|unqualified-candidate|manual-review-required","","","","regulatory-update","EGMONT","https://egmontgroup.org/members-by-region/","2026-08-20T12:09:41.497Z","2026-08-20T12:10:41.904Z","2026-08-20T12:11:07.553Z","unknown","provisional-first-page-scan","automated-first-page-date-scan","2024-01","2026-08","2026-08-20","month","first-page-only-unvalidated","0","","","","generic-or-ambiguous-link","news_or_notice","authority-owned",""
"BS","BHS","Bahamas","Securities Commission of The Bahamas*","Securities","enforcement-visible","http://www.scb.gov.bs/","reachable","https://scb.gov.bs/enforcement/judgements/","Judgements and Rulings|https://scb.gov.bs/enforcement/judgements/|authority-owned-qualified-route|approved-for-human-contract; Disciplinary Decisions|https://scb.gov.bs/enforcement/disciplinary-decisions/|unqualified-candidate|unqualified; Investor Alerts and Notices|https://scb.gov.bs/investor-centre/investor-alerts-and-notices/|unqualified-candidate|unqualified; Industry Notices|https://scb.gov.bs/media/newsroom/industry-notices/|unqualified-candidate|unqualified; Understand what SCB’s examination priorities are.|https://scb.gov.bs/wp-content/uploads/2021/05/SCB-2021-Examinations-Supervisory-and-Enforcement-Priorities.pdf|unqualified-candidate|unqualified; NOTICE Re: Issuance of the Guidance Note on Travel Rule Compliance and Return|https://scb.gov.bs/wp-content/uploads/2026/08/Industry-Notice-Travel-Rule-Guidance-and-Return-f12Aug26.pdf|unqualified-candidate|unqualified; NOTICE Re: Issuance of Guidance Note on Self-Risk Assessments and Companion Tools|https://scb.gov.bs/wp-content/uploads/2026/08/SCB-Industry-Notice-Issuance-of-SRA-Guidance-Note-and-Companion-Tools-f12Aug26.pdf|unqualified-candidate|unqualified","","Judgements and Rulings|https://scb.gov.bs/enforcement/judgements/","","enforcement","IOSCO","https://www.iosco.org/v2/about/?subsection=membership&memid=1&page=1; https://www.iosco.org/v2/about/?subsection=membership&memid=1&page=8; https://www.iosco.org/v2/about/?subsection=membership&memid=1&page=9; https://www.iosco.org/v2/about/?subsection=membership&memid=1&page=10; https://www.iosco.org/v2/about/?subsection=membership&memid=1&page=11; https://www.iosco.org/v2/about/?subsection=membership&memid=1&page=12","2026-08-20T12:09:41.497Z","2026-08-20T12:10:41.904Z","2026-08-20T12:11:07.553Z","low-frequency","provisional-first-page-scan","automated-first-page-date-scan","2024-01","2026-08","2026-08-20","month","first-page-only-unvalidated","2","2025-11; 2026-08","2026-08","month","strong-official-publication-candidate","enforcement_archive","authority-owned",""
"BS","BHS","Bahamas","The Insurance Commission of The Bahamas","Insurance; Pensions","identity-confirmed","http://www.icb.gov.bs/","reachable","https://www.icb.gov.bs/enforcement/","Announcements & Notices|https://www.icb.gov.bs/legal/announcements-notices/|unqualified-candidate|unqualified; Public Notices|https://www.icb.gov.bs/legal/public-notices/|unqualified-candidate|unqualified; Enforcement|https://www.icb.gov.bs/enforcement/|authority-owned-qualified-route|approved-for-human-contract; Alerts & Warnings|https://www.icb.gov.bs/enforcement/alerts-warnings/|unqualified-candidate|unqualified; Arbitration|https://www.icb.gov.bs/enforcement/arbitration/|unqualified-candidate|unqualified; Court Judgements & Proceedings|https://www.icb.gov.bs/enforcement/court-judgements-proceedings/|unqualified-candidate|unqualified","","Enforcement|https://www.icb.gov.bs/enforcement/","","enforcement","IAIS; IOPS","https://www.iais.org/about-the-iais/iais-members/; https://www.iopsweb.org/en/membership/iops-members-and-observers.html","2026-08-20T12:09:41.497Z","2026-08-20T12:10:41.904Z","2026-08-20T12:11:07.553Z","unknown","provisional-first-page-scan","automated-first-page-date-scan","2024-01","2026-08","2026-08-20","month","first-page-only-unvalidated","0","","","","strong-official-publication-candidate","enforcement_archive","authority-owned",""
"BB","BRB","Barbados","Barbados Financial Intelligence Unit (FIU-Barbados)","Financial intelligence","identity-confirmed","http://www.barbadosfiu.gov.bb/","reachable","","","","","","unknown","EGMONT","https://egmontgroup.org/members-by-region/","2026-08-20T12:09:41.497Z","2026-08-20T12:10:41.904Z","2026-08-20T12:10:41.904Z","unknown","provisional-first-page-scan","automated-first-page-date-scan","2024-01","2026-08","2026-08-20","month","first-page-only-unvalidated","0","","","","","","",""
"BB","BRB","Barbados","Central Bank of Barbados","Central bank; Prudential supervision","identity-confirmed","http://www.centralbank.org.bb/","reachable","https://www.centralbank.org.bb/financial-stability-and-financial-regulation/united-nations-security-council-sanctions","United Nations Security Council Sanctions|https://www.centralbank.org.bb/financial-stability-and-financial-regulation/united-nations-security-council-sanctions|authority-owned-qualified-route|approved-for-human-contract","","United Nations Security Council Sanctions|https://www.centralbank.org.bb/financial-stability-and-financial-regulation/united-nations-security-council-sanctions","","enforcement","BIS","https://www.bis.org/cbanks.htm; https://www.bis.org/regauth.htm","2026-08-20T12:09:41.497Z","2026-08-20T12:10:41.904Z","2026-08-20T12:11:07.553Z","unknown","provisional-first-page-scan","automated-first-page-date-scan","2024-01","2026-08","2026-08-20","month","first-page-only-unvalidated","0","","","","strong-official-publication-candidate","sanctions_or_penalty_list","authority-owned",""
"BB","BRB","Barbados","Financial Services Commission","Securities","identity-confirmed","http://www.fsc.gov.bb/","reachable","https://www.fsc.gov.bb/enforcement","Read More|https://www.fsc.gov.bb/enforcement|authority-owned-qualified-route|approved-for-human-contract; Regulatory Notices|https://www.fsc.gov.bb/regulatory-notices|unqualified-candidate|unqualified; Read the Notice|https://www.fsc.gov.bb/progressive-co-operative-credit-union-limited|unqualified-candidate|unqualified; Read More|https://www.fsc.gov.bb/publication/public-notices/public-advisory-notice-unauthorised-individual-conducting-financial-services-business|unqualified-candidate|unqualified; VIEW ALL PUBLICATIONS|https://www.fsc.gov.bb/publication/public-notices|unqualified-candidate|unqualified; https://www.fsc.gov.bb/publication/public-notices/request-for-information-virtual-asset-service-providers|https://www.fsc.gov.bb/publication/public-notices/request-for-information-virtual-asset-service-providers|unqualified-candidate|unqualified; https://www.fsc.gov.bb/publication/public-notices/remote-working-notice-friday-may-29-2026|https://www.fsc.gov.bb/publication/public-notices/remote-working-notice-friday-may-29-2026|unqualified-candidate|unqualified; https://www.fsc.gov.bb/publication/public-notices/update-on-progressive-cooperative-credit-union-member-payout-process|https://www.fsc.gov.bb/publication/public-notices/update-on-progressive-cooperative-credit-union-member-payout-process|unqualified-candidate|unqualified; Privacy Policy|https://www.fsc.gov.bb/privacy-notice|unqualified-candidate|unqualified","","Read More|https://www.fsc.gov.bb/enforcement","","enforcement","IOSCO","https://www.iosco.org/v2/about/?subsection=membership&memid=1&page=1; https://www.iosco.org/v2/about/?subsection=membership&memid=1&page=8; https://www.iosco.org/v2/about/?subsection=membership&memid=1&page=9; https://www.iosco.org/v2/about/?subsection=membership&memid=1&page=10; https://www.iosco.org/v2/about/?subsection=membership&memid=1&page=11; https://www.iosco.org/v2/about/?subsection=membership&memid=1&page=12","2026-08-20T12:09:41.497Z","2026-08-20T12:10:41.904Z","2026-08-20T12:11:07.553Z","unknown","provisional-first-page-scan","automated-first-page-date-scan","2024-01","2026-08","2026-08-20","month","first-page-only-unvalidated","0","","","","strong-official-publication-candidate","enforcement_archive","authority-owned",""
"BB","BRB","Barbados","Financial Services Commission of Barbados","Insurance","identity-confirmed","","no-public-website","","","","","","unknown","IAIS","https://www.iais.org/about-the-iais/iais-members/","2026-08-20T12:09:41.497Z","2026-08-20T12:10:41.904Z","2026-08-20T12:10:41.904Z","unknown","provisional-first-page-scan","automated-first-page-date-scan","2024-01","2026-08","2026-08-20","month","first-page-only-unvalidated","0","","","","","","",""
"AG","ATG","Antigua and Barbuda","Eastern Caribbean Central Bank","Central bank; Prudential supervision","identity-confirmed","http://www.eccb-centralbank.org/","reachable","","","","","","unknown","BIS","https://www.bis.org/cbanks.htm; https://www.bis.org/regauth.htm","2026-08-20T12:09:41.497Z","2026-08-20T12:10:41.904Z","2026-08-20T12:10:41.904Z","unknown","provisional-first-page-scan","automated-first-page-date-scan","2024-01","2026-08","2026-08-20","month","first-page-only-unvalidated","0","","","","","","",""
"AG","ATG","Antigua and Barbuda","Office of National Drug and Money Laundering Control Policy (ONDCP)","Financial intelligence","enforcement-visible","http://ondcp.gov.ag/","reachable","https://ondcp.gov.ag/","Enforcement|https://ondcp.gov.ag/|authority-owned-qualified-route|approved-for-human-contract; Drug Enforcement|https://ondcp.gov.ag/enforcement/drug-enforcement|unqualified-candidate|unqualified; Investigations|https://ondcp.gov.ag/enforcement/investigations-department|unqualified-candidate|unqualified; Threats|https://ondcp.gov.ag/enforcement/threats|unqualified-candidate|unqualified; Drug Enforcement|https://ondcp.gov.ag/enforcement/drug-enforcement/|unqualified-candidate|unqualified; United Nations Security Council Sanctions List for IS'IL & Al Qaida|https://www.un.org/securitycouncil/sanctions/1267/aq_sanctions_list|unqualified-candidate|unqualified; United Nations Security Council Sanctions List|https://www.un.org/securitycouncil/sanctions/information|unqualified-candidate|unqualified","","Enforcement|https://ondcp.gov.ag/","","enforcement","EGMONT","https://egmontgroup.org/members-by-region/","2026-08-20T12:09:41.497Z","2026-08-20T12:10:41.904Z","2026-08-20T12:11:07.553Z","recent","provisional-first-page-scan","automated-first-page-date-scan","2024-01","2026-08","2026-08-20","month","first-page-only-unvalidated","9","2024-10; 2025-03; 2025-06; 2025-07; 2025-08; 2025-10; 2025-12; 2026-02; 2026-06","2026-06","month","strong-official-publication-candidate","enforcement_archive","authority-owned",""
